Access Control,Alcohol Notalcohol,Area Type1,A Crash,A People,Basetypedesc,Begin Node Dsc,Belted Unbelted,Bikeage,Bikegen,Bikeinjurytype,Bikevehiclenumber,Bike Nonbike,BMP,B Crash,B People,Carspeedlimit,Collision Type,Comm Cargo Body Type Cd,Comm Vehicle Body Type Cd,Cotedrouteid,Coted Mp,Count App,CRASH_DT (copy),Crash Dt,Crash Event Type Dsc,Crash Military Tm,Crash Severity,Crash Year,Curbgutterdesc,C Crash,C People,Juris Name Used,Area Type Used,First Harmful Event of Entire Crash,MAINLINE,Time Slicing Used,Phy_Juris_Nm,Offset-Ft,Intersection Analysis,Clear,Calculation_9640323132123359,Day Of Week,Deer Nodeer,Direction Of Travel Cd,Distracted Notdistracted,VSP,TOTAL CRASH,Document Nbr,Driverage,Drivergen,Driverinjurytype,Drivervehiclenumber,Driver Action Type Cd,Driver Airbag Deployment,Driver Alcohol Test Type Cd,Driver Condition Type Cd,Driver Distraction Type Cd,Driver Drinking Type Cd,Driver Drug Use Cd,Driver Ejected From Vehicle,Driver Ems Transport Ind,Driver Fled Scene Ind,Driver Safety Equip Used,Driver Vis Obscured Type Cd,Drowsy Notdrowsy,Drug Nodrug,EMP,End Node,End Node Dsc,End Offset,Facility,FAC,First Crash Event Cd,First Harmful Event,Fourth Crash Event Cd,Functionalclass,FUN,Govcondesc,Gr Nogr,Hitrun Not Hitrun,Initial Veh Impact Area Cd,Injury Crashes,Intersection Type,Int Doc,Jurtype,K_CRASH,K People,LAT (copy),LAT,Leftshoulderwidth,Length,Lgtruck Nonlgtruck,Light Condition,Located Unlocated,LON (copy),LON,MAINLINE (group),Mainline Yn,Medianleftshoulderwidth,Medianrightshoulderwidth,Mediantypedesc,Medianwidthmax,Medianwidthmin,Median Type,Most Harmful Crash Event Cd,Motor Nonmotor,Node,Node Info,Node Totaadt2011,Node Totaadt2012,Node Totaadt2013,Node Totaadt2014,Node Totaadt2015,Numberoflane,Number of Records,Offset,Ownership,Passage,Passgen,Passinjurytype,Passvehiclenumber,Pass Airbag Deployment,Pass Ejected From Vehicle,Pass Ems Transport Ind,Pass Safety Equip Used,Pavementconditionvalue,Pavementroughnessvalue,Pavementwidth,Pdo Crash,Total People Killed & Injured,Pedage,Pedestrians Injured,Pedestrians Killed,Pedgen,Pedinjurytype,Pednumber,Ped Action,Ped Al Test,Ped Cond,Ped Drink,Ped Drug,Ped Nonped,Ped Rflct,Persons Injured,Persons Killed,Physical Juris Nm,PJR,VSP_Used,Rd Type,Relation To Roadway,Rightshoulderwidth,RNS_MP (0.25 mi bin),Rns Mp,Roadway Alignment,Roadway Defect,Roadway Description,Roadway Surface Cond,Roadway Surface Type,Route Or Street Nm,Rte Category Cd,Rte Cat,Rte Nm,Ruralurbandesc,School Zone,Second Crash Event Cd,Segtotaadt2011,Segtotaadt2012,Segtotaadt2013,Segtotaadt2014,Segtotaadt2015,Senior Notsenior,Sidewalkdesc,Speed Before,Speed Max Safe,Speed Notspeed,Speed Posted,Start Node,Start Offset,Summons Issued Cd,Surfacedesc,Third Crash Event Cd,Time Slicing,Total Crashes including Property Damage Only,Total Crash,Traffic Control Type,Trfc Ctrl Status Type,Truckcommr,Vehiclenumber,Vehicle Body Type Cd,Vehicle Make Nm,Vehicle Maneuver Type Cd,Vehicle Model Nm,Vehicle Year Nbr,District,District_Used ,Weather Condition,Work Zone Location,Work Zone Related,Work Zone Type,Young Notyoung
No Access Control,Not ALCIHOL,Urban,0,0,Portland Cement Concrete,RAMP TO RT 464(L)/RAMP FROM RT 464(R)/,Not UNBELTED,21,Male,B,2,BIKE,40.96,1,1,,4. Sideswipe - Same Direction,"2. Bus (Seats For 16 People or More, Including Driver),Not Provided","4. Bus (Seats for 16 People or More, Including Driver),Not Provided",US00013,41.406,4,4/14/2011,4/14/2011,22. Bicycle,727,B.Visiible Injury,2011,None,0,0,Chesapeake,Urban,22. Bicycle,MAIN,6AM TO 9AM,131.Chesapeake,180,Intersection,Reset Filters,VDOT_OTHER,Thursday,Not DEER,"East,East",DISTRACTED,5,1,111120615,51,Male,"PDO,B","1,2","9. Other Improper Passing,1. No Improper Action","2. Not Deployed,3. Unavailable/Not Applicable","Not Applicable,Not Applicable","1. No Defects,3. Hearing Defective","Not Applicable,5. Radio/CD, etc.","1. Had Not Been Drinking,1. Had Not Been Drinking","2. No,2. No","1. Not Ejected,1. Not Ejected","No,No","No,No","3. Lap and Shoulder Belt,8. No Restraint Used","1. Not Obscured,1. Not Obscured",,,41,483029,131-08763(B)/CAMPOSTELLA RD,0,1,"1.Divided, no control of access","22,20",1. On Roadway,"0,0",E,E.Urban Other Principle Arterials; Connecting Links of Other Rural Principal Arterial,Urban Extensions - Primary Routes,Not GUARDRAIL,Not HIT_RUN,"2,11",1,1. Not at Intersection,111120615,C,0,0,36.777965,36.777965,6,0.48,Not LRTRUCK,2. Daylight,LOCATED,-76.267779,-76.267779,MAINLINE,MAIN,2,2,Grass/Unprotected,16,4,Divided Roadway,"22,39",Not MOTORCYCLE,483029,483029.  US00013       US00013      13108763      13108763,30072,29406,29573,32984,33639,4,1,0.034,PRI_URBAN,,,,,,,,,0,155,44,0,1,,0,0,,,,,,,,,Not PED,,1,0,Chesapeake,131,5,NOT-RD,8. Non-Intersection,6,41.25,41.44,1. Straight - Level,1. No Defects,"2. Two-Way, Divided, Unprotected Median",1. Dry,"2. Blacktop, Asphalt, Bituminous",RT 13 S,USPRI,US,R-VA   US00013NB,"Urbanized (Population 200,000 and over)",3. No,"0,39",19520,19088,19196,22628,23078,Not SENIOR,None,"10,5","5,5",Not SPEED,"45,45",483030,0,"2. No,2. No",0,"0,0",6AM TO 9AM,1,1,6. Traffic Lanes Marked,1. Yes - Working,Not a Parkway - Trucks and Commercial Vehicles Allowed,"1,2","14. Bus - City Transit Bus/Privately Owned Church Bus,9. Bicycle","Chevrolet,GARY FISHE","1. Going Straight Ahead,1. Going Straight Ahead","BUS,BICYCLE",20021998,5,5.Hampton Roads,1. No Adverse Condition (Clear/Cloudy),Not Provided,2. No,Not Provided,Not YOUNG
No Access Control,Not ALCIHOL,Urban,1,1,Bituminous Concrete (Black Base),OLNEY ROAD(B)/,Not UNBELTED,52,Male,A,2,BIKE,0.82,0,0,,12. Ped,"Not Provided,Not Provided","Not Provided,Not Provided",12208575,0.838,4,4/15/2011,4/15/2011,22. Bicycle,1512,A.Ambulatory Injury,2011,Left and Right sides,0,0,Norfolk,Urban,22. Bicycle,MAIN,3PM TO 6PM,122.Norfolk,591,Intersection,Reset Filters,VDOT_OTHER,Friday,Not DEER,"North,Not Provided",,5,1,111400003,,Male,"PDO,A","1,2","1. No Improper Action,11. Did Not Have Right-of-Way","2. Not Deployed,3. Unavailable/Not Applicable","Not Applicable,Not Applicable","1. No Defects,Not Applicable","Not Applicable,Not Applicable","1. Had Not Been Drinking,1. Had Not Been Drinking","Not Applicable,Not Applicable","1. Not Ejected,3. Totally Ejected","No,Yes","No,No","3. Lap and Shoulder Belt,9. Not Applicable","1. Not Obscured,1. Not Obscured",,,1,485314,NICHOLSON STREET(L)/,0,1,"1.Divided, no control of access","22,22",1. On Roadway,"0,0",H,H.Urban Minor Arterial,Other City or Town Streets (not state maintained),Not GUARDRAIL,Not HIT_RUN,"12,0",1,4. Four Approaches,111400003,C,0,0,36.854365,36.854365,0,0.05,Not LRTRUCK,2. Daylight,LOCATED,-76.27965,-76.27965,MAINLINE,MAIN,0,0,Curbed Grass,24,16,Divided Roadway,"22,22",Not MOTORCYCLE,483130,483130.  US00058       US00058      12208575      12208575,28072,28948,29216,28155,29787,4,1,0.112,SEC_URBAN,,,,,,,,,0,0,52,0,1,,0,0,,,,,,,,,Not PED,,1,0,Norfolk,122,5,NOT-RD,9. Within Intersection,0,0.75,0.84,1. Straight - Level,1. No Defects,"3. Two-Way, Divided, Positive Median Barrier",1. Dry,"2. Blacktop, Asphalt, Bituminous",700 CHURCH ST,URB,UR,R-VA122UR08575NB,"Urbanized (Population 200,000 and over)",3. No,"0,0",16328,13996,14125,13613,15450,Not SENIOR,Left and Right sides,"25,0","0,0",SPEED,"0,0",485313,0,"2. No,2. No",0,"0,0",3PM TO 6PM,1,1,1. No Traffic Control,6. No Traffic Control Device Present,Not a Parkway - Trucks and Commercial Vehicles Allowed,"1,2","1. Passenger car,9. Bicycle","CHEV,BICYCLE","1. Going Straight Ahead,1. Going Straight Ahead",MONTE CARLO,2000,5,5.Hampton Roads,1. No Adverse Condition (Clear/Cloudy),Not Provided,2. No,Not Provided,Not YOUNG
No Access Control,Not ALCIHOL,Urban,0,0,Bituminous Concrete (Black Base),SR-00165(L)/,Not UNBELTED,50,Female,B,2,BIKE,10.27,1,1,,2. Angle,"Not Provided,Not Provided","Not Provided,Not Provided",C1SR00168,10.27,3,4/17/2011,4/17/2011,22. Bicycle,1129,B.Visiible Injury,2011,Left and Right sides,0,0,Chesapeake,Urban,22. Bicycle,MAIN,9AM TO 12PM,131.Chesapeake,0,Intersection,Reset Filters,VDOT_OTHER,Sunday,Not DEER,"West,North",,5,1,111380512,52,Female,"PDO,B","1,2","1. No Improper Action,21. Disregarded Traffic Signal","2. Not Deployed,3. Unavailable/Not Applicable","4. No Test,4. No Test","1. No Defects,1. No Defects","Not Applicable,Not Applicable","1. Had Not Been Drinking,1. Had Not Been Drinking","2. No,2. No","1. Not Ejected,1. Not Ejected","No,Yes","No,No","3. Lap and Shoulder Belt,9. Not Applicable","11. Moving Vehicle(s),11. Moving Vehicle(s)",,,10,483448,131-08648(L)/ALBEMARLE DR,0,0,"0.Two-way, non-divided","22,20",1. On Roadway,"0,0",H,H.Urban Minor Arterial,Urban Extensions - Primary Routes,Not GUARDRAIL,Not HIT_RUN,"11,12",1,4. Four Approaches,111380512,C,0,0,36.716338,36.716338,0,0.14,Not LRTRUCK,2. Daylight,LOCATED,-76.239178,-76.239178,MAINLINE,MAIN,0,0,0,0,0,Undivided Roadway,"22,20",Not MOTORCYCLE,483341,483341.  SR00165     C1SR00168     C1SR00168,42899,41949,42187,45906,46818,4,1,0,PRI_URBAN,,,,,,,,,3.2,0,64,0,1,,0,0,,,,,,,,,Not PED,,1,0,Chesapeake,131,5,NOT-RD,10. Intersection Related - Within 150 Feet,0,10.25,10.27,1. Straight - Level,1. No Defects,"1. Two-Way, Not Divided",1. Dry,"2. Blacktop, Asphalt, Bituminous",BATTLEFIELD BL S,STPRI,SR,R-VA   SR00168SBBUS001,"Urbanized (Population 200,000 and over)",3. No,"0,0",33333,32595,32779,35599,36306,Not SENIOR,Left and Right sides,"25,5","35,30",Not SPEED,"35,30",483341,0,"2. No,1. Yes",0,"0,0",9AM TO 12PM,1,1,3. Traffic Signal,1. Yes - Working,Not a Parkway - Trucks and Commercial Vehicles Allowed,"1,2","2. Truck - Pick-up/Passenger Truck,9. Bicycle","Dodge,MONGOOS","1. Going Straight Ahead,1. Going Straight Ahead","Ram 1500,21 SPEED",1998,5,5.Hampton Roads,1. No Adverse Condition (Clear/Cloudy),Not Provided,2. No,Not Provided,Not YOUNG
,Not ALCIHOL,Urban,1,1,,,Not UNBELTED,14,Male,A,2,BIKE,,0,0,,2. Angle,"Not Provided,Not Provided","Not Provided,Not Provided",,,,4/17/2011,4/17/2011,22. Bicycle,1500,A.Ambulatory Injury,2011,,0,0,Hampton,Urban,22. Bicycle,MAIN,12PM TO 3PM,114.Hampton,,Not Intersection,Reset Filters,VDOT_OTHER,Sunday,Not DEER,"South,East",DISTRACTED,5,1,111380500,33,Female,"PDO,A","1,2","11. Did Not Have Right-of-Way,1. No Improper Action","2. Not Deployed,Not Provided","4. No Test,4. No Test","1. No Defects,1. No Defects","11. Other,Not Applicable","1. Had Not Been Drinking,1. Had Not Been Drinking","2. No,2. No","1. Not Ejected,Not Provided","No,Yes","No,No","3. Lap and Shoulder Belt,9. Not Applicable","1. Not Obscured,1. Not Obscured",,,,,,,,,"22,20",1. On Roadway,"0,0",,,,Not GUARDRAIL,Not HIT_RUN,"1,11",1,3. Three Approaches,,C,0,0,37.039019,37.039019,,,Not LRTRUCK,2. Daylight,UNLOCATED,-76.413801,-76.413801,MAINLINE,,,,,,,,"22,20",Not MOTORCYCLE,,.,,,,,,,1,,SEC_URBAN,,,,,,,,,,,,0,1,,0,0,,,,,,,,,Not PED,,1,0,Hampton,114,5,NOT-RD,9. Within Intersection,,,,2. Curve - Level,1. No Defects,"1. Two-Way, Not Divided",1. Dry,"2. Blacktop, Asphalt, Bituminous",WINCHESTER DR,UNKWN,SC,U-VA114SC99999UK,,3. No,"0,0",,,,,,Not SENIOR,,"10,1","25,40",Not SPEED,"25,40",,,"1. Yes,2. No",,"0,0",12PM TO 3PM,1,1,3. Traffic Signal,1. Yes - Working,,"1,2","3. Van,9. Bicycle","Kia,CHAOS","2. Making Right Turn,1. Going Straight Ahead",VAN,2011,5,5.Hampton Roads,1. No Adverse Condition (Clear/Cloudy),Not Provided,2. No,Not Provided,Not YOUNG
,Not ALCIHOL,Urban,0,0,,,Not UNBELTED,13,Male,C,1,BIKE,,0,0,,2. Angle,"Not Provided,Not Provided","Not Provided,Not Provided",,,,4/20/2011,4/20/2011,22. Bicycle,1642,C.Non-Visible Injury,2011,,1,1,Suffolk,Urban,22. Bicycle,MAIN,3PM TO 6PM,133.Suffolk,,Not Intersection,Reset Filters,VDOT_OTHER,Wednesday,Not DEER,"South,West",,5,1,111800588,20,Male,"C,PDO","1,2","15. Improper Turn - Cut Corner on Left Turn,1. No Improper Action","3. Unavailable/Not Applicable,2. Not Deployed","4. No Test,4. No Test","1. No Defects,1. No Defects","Not Applicable,Not Applicable","1. Had Not Been Drinking,1. Had Not Been Drinking","2. No,2. No","1. Not Ejected,1. Not Ejected","Yes,No","No,No","Not Provided,3. Lap and Shoulder Belt","1. Not Obscured,1. Not Obscured",,,,,,,,,"22,22",1. On Roadway,"0,0",,,,Not GUARDRAIL,Not HIT_RUN,"9,12",1,3. Three Approaches,,C,0,0,36.726925,36.726925,,,Not LRTRUCK,2. Daylight,UNLOCATED,-76.586829,-76.586829,MAINLINE,,,,,,,,"22,22",Not MOTORCYCLE,,.,,,,,,,1,,SEC_URBAN,,,,,,,,,,,,0,1,,0,0,,,,,,,,,Not PED,,1,0,Suffolk,133,5,NOT-RD,10. Intersection Related - Within 150 Feet,,,,1. Straight - Level,1. No Defects,"1. Two-Way, Not Divided",1. Dry,"2. Blacktop, Asphalt, Bituminous",400 SMITH ST,UNKWN,SC,U-VA133SC99999UK,,3. No,"0,0",,,,,,Not SENIOR,,"0,20","0,25",Not SPEED,"0,25",,,"Not Provided,1. Yes",,"0,0",3PM TO 6PM,1,1,4. Stop Sign,1. Yes - Working,,"1,2","9. Bicycle,1. Passenger car",HONDA,"3. Making Left Turn,1. Going Straight Ahead",4DR,1995,5,5.Hampton Roads,1. No Adverse Condition (Clear/Cloudy),Not Provided,2. No,Not Provided,YOUNG
No Access Control,Not ALCIHOL,Urban,0,0,Bituminous Concrete (Black Base),JB-75-64-122-134/PRINCESS ANNE-NORFOLK CL/ECL,Not UNBELTED,18,Male,C,1,BIKE,497.86,0,0,55,16. Other,"Not Provided,Not Provided","Not Provided,Not Provided",US00058,498.78,4,4/21/2011,4/21/2011,20. Motor Vehicle In Transport,1806,C.Non-Visible Injury,2011,Left and Right sides,1,1,Virginia Beach,Urban,20. Motor Vehicle In Transport,MAIN,6PM TO 9PM,134.Virginia Beach,"1,637",Intersection,Reset Filters,VDOT_OTHER,Thursday,Not DEER,"West,North",DISTRACTED,5,1,111515275,37,Male,"C,PDO","1,2","37. Other,1. No Improper Action","3. Unavailable/Not Applicable,2. Not Deployed","4. No Test,4. No Test","1. No Defects,1. No Defects","11. Other,11. Other","1. Had Not Been Drinking,1. Had Not Been Drinking","2. No,2. No","1. Not Ejected,1. Not Ejected","Yes,No","No,No","8. No Restraint Used,3. Lap and Shoulder Belt","1. Not Obscured,1. Not Obscured",,,499,541088,SR-00190(B)/,0,1,"1.Divided, no control of access","20,22",1. On Roadway,"0,0",E,E.Urban Other Principle Arterials; Connecting Links of Other Rural Principal Arterial,Urban Extensions - Primary Routes,Not GUARDRAIL,Not HIT_RUN,"12,1",1,1. Not at Intersection,111515275,C,0,0,36.847347,36.847347,0,1.23,Not LRTRUCK,2. Daylight,LOCATED,-76.161121,-76.161121,MAINLINE,MAIN,0,0,Curbed Grass,16,4,Divided Roadway,"20,22",Not MOTORCYCLE,541088,541088.  SR00190       SR00190       US00058       US00058,66613,65287,61214,59003,55773,8,1,0.31,PRI_URBAN,,,,,,,,,0,196,99,0,1,,0,0,,,,,,,,,Not PED,,1,0,Virginia Beach,134,5,NOT-RD,8. Non-Intersection,0,498.75,498.89,1. Straight - Level,1. No Defects,"2. Two-Way, Divided, Unprotected Median",1. Dry,1. Concrete,VIRGINIA BEACH BLVD,USPRI,US,R-VA   US00058EB,"Urbanized (Population 200,000 and over)",3. No,"0,0",35706,41303,41684,40171,35829,Not SENIOR,Left and Right sides,"2,1",,Not SPEED,,50669,0.1,"Not Provided,2. No",0,"0,0",6PM TO 9PM,1,1,6. Traffic Lanes Marked,1. Yes - Working,Not a Parkway - Trucks and Commercial Vehicles Allowed,"1,2","9. Bicycle,3. Van","SILVER,Dodge","1. Going Straight Ahead,2. Making Right Turn","BIKE,Caravan",20052003,5,5.Hampton Roads,1. No Adverse Condition (Clear/Cloudy),Not Provided,2. No,Not Provided,YOUNG
,Not ALCIHOL,Urban,1,1,,,Not UNBELTED,10,Male,A,2,BIKE,,0,0,,2. Angle,"Not Provided,Not Provided","Not Provided,Not Provided",,,,4/23/2011,4/23/2011,19. Ped,1631,A.Ambulatory Injury,2011,,0,0,Newport News,Urban,19. Ped,MAIN,3PM TO 6PM,121.Newport News,,Not Intersection,Reset Filters,VDOT_OTHER,Saturday,Not DEER,"North,North",DISTRACTED,5,1,111940229,29,Male,"PDO,A","1,2","1. No Improper Action,8. Cutting In","2. Not Deployed,2. Not Deployed","4. No Test,4. No Test","1. No Defects,1. No Defects","Not Applicable,11. Other","1. Had Not Been Drinking,1. Had Not Been Drinking","2. No,2. No","1. Not Ejected,1. Not Ejected","No,No","No,No","3. Lap and Shoulder Belt,8. No Restraint Used","1. Not Obscured,1. Not Obscured",,,,,,,,,"19,19",1. On Roadway,"0,0",,,,Not GUARDRAIL,Not HIT_RUN,"2,11",1,3. Three Approaches,,C,0,0,37.155378,37.155378,,,Not LRTRUCK,2. Daylight,UNLOCATED,-76.512551,-76.512551,MAINLINE,,,,,,,,"19,19",Not MOTORCYCLE,,.,,,,,,,1,,SEC_URBAN,,,,,,,,,,,,0,1,,0,0,,,,,,,,,Not PED,,1,0,Newport News,121,5,NOT-RD,1. Main-Line Roadway,,,,1. Straight - Level,1. No Defects,"2. Two-Way, Divided, Unprotected Median",1. Dry,"2. Blacktop, Asphalt, Bituminous",BELVOIR CIR,UNKWN,SC,U-VA121SC99999UK,,3. No,"0,0",,,,,,Not SENIOR,,"20,0","25,0",Not SPEED,"25,0",,,"2. No,2. No",,"0,0",3PM TO 6PM,1,1,1. No Traffic Control,6. No Traffic Control Device Present,,"1,2","1. Passenger car,9. Bicycle",CHEV,"1. Going Straight Ahead,3. Making Left Turn",IMPALA,2001,5,5.Hampton Roads,1. No Adverse Condition (Clear/Cloudy),Not Provided,2. No,Not Provided,Not YOUNG
No Access Control,Not ALCIHOL,Urban,0,0,Bituminous Concrete (Black Base),134-00012(B)/134-08717(L)/Gap Terminus/LYNNHA,Not UNBELTED,49,Not Provided,B,2,BIKE,0,1,1,,2. Angle,"Not Provided,Not Provided","Not Provided,Not Provided",13400014,0.008,4,4/23/2011,4/23/2011,20. Motor Vehicle In Transport,1803,B.Visiible Injury,2011,Left and Right sides,0,0,Virginia Beach,Urban,20. Motor Vehicle In Transport,MAIN,6PM TO 9PM,134.Virginia Beach,42,Intersection,Reset Filters,VDOT_OTHER,Saturday,Not DEER,"North,North",DISTRACTED,5,1,111600232,,Not Provided,"PDO,B","1,2","34. Hit and Run,11. Did Not Have Right-of-Way","Not Provided,3. Unavailable/Not Applicable","Not Applicable,Not Applicable","9. Unknown,1. No Defects","11. Other,11. Other","6. Unknown,1. Had Not Been Drinking","3. Unknown,2. No","Not Provided,3. Totally Ejected","NotProvided,Yes","Yes,No","Not Provided,9. Not Applicable","1. Not Obscured,1. Not Obscured",,,0,541302,134-08828(L)/RIVERBEND RD,0,1,"1.Divided, no control of access","22,20",1. On Roadway,"0,0",H,H.Urban Minor Arterial,Other City or Town Streets (not state maintained),Not GUARDRAIL,HIT_RUN,"12,9",1,4. Four Approaches,111600232,C,0,0,36.800259,36.800259,0,0.3,Not LRTRUCK,2. Daylight,LOCATED,-76.085759,-76.085759,MAINLINE,MAIN,0,0,Curbed Grass,22,4,Divided Roadway,"22,20",Not MOTORCYCLE,541275,541275. 13400012      13400012      13400014      13408717,57323,59152,59698,57532,59080,4,1,0.008,SEC_URBAN,,,,,,,,,0,0,52,0,1,,0,0,,,,,,,,,Not PED,,1,0,Virginia Beach,134,5,NOT-RD,9. Within Intersection,0,0,0,1. Straight - Level,1. No Defects,"2. Two-Way, Divided, Unprotected Median",1. Dry,"2. Blacktop, Asphalt, Bituminous",LYNNHAVEN PKWY,URB,UR,R-VA134UR00014NB,"Urbanized (Population 200,000 and over)",3. No,"0,0",35877,31969,32264,31093,33335,Not SENIOR,Left and Right sides,"45,5","45,45",Not SPEED,"45,45",541275,0,"3. Pending,2. No",0,"0,0",6PM TO 9PM,1,1,3. Traffic Signal,1. Yes - Working,Not a Parkway - Trucks and Commercial Vehicles Allowed,"1,2","1. Passenger car,9. Bicycle","CHRYSLER,BICYCLE","1. Going Straight Ahead,1. Going Straight Ahead",SEBRING,,5,5.Hampton Roads,1. No Adverse Condition (Clear/Cloudy),Not Provided,2. No,Not Provided,Not YOUNG
No Access Control,Not ALCIHOL,Urban,0,0,"N/A, Unknown, or Unstabilized",134-08669(B)/,Not UNBELTED,16,Male,B,2,BIKE,4.5,1,1,,2. Angle,"Not Provided,Not Provided","Not Provided,Not Provided",13408688,4.538,4,4/24/2011,4/24/2011,20. Motor Vehicle In Transport,1955,B.Visiible Injury,2011,Left and Right sides,0,0,Virginia Beach,Urban,20. Motor Vehicle In Transport,MAIN,6PM TO 9PM,134.Virginia Beach,201,Intersection,Reset Filters,VDOT_OTHER,Sunday,Not DEER,"West,East",DISTRACTED,5,1,111430145,61,Male,"PDO,B","1,2","1. No Improper Action,23. Driver Distraction","2. Not Deployed,3. Unavailable/Not Applicable","Not Applicable,Not Applicable","1. No Defects,1. No Defects","Not Applicable,6. Cell Phone","Not Applicable,Not Applicable","Not Applicable,Not Applicable","1. Not Ejected,1. Not Ejected","No,Yes","No,No","3. Lap and Shoulder Belt,9. Not Applicable","1. Not Obscured,1. Not Obscured",,,5,541475,134-08669(B)/,0.09,1,"1.Divided, no control of access","22,20",1. On Roadway,"0,0",I,I.Urban Collector,Other City or Town Streets (not state maintained),Not GUARDRAIL,Not HIT_RUN,"10,12",1,3. Three Approaches,111430145,C,0,0,36.786248,36.786248,0,0.09,Not LRTRUCK,4. Darkness - Road Lighted,LOCATED,-75.998349,-75.998349,MAINLINE,MAIN,4,4,Curbed Grass,14,4,Divided Roadway,"22,20",Not MOTORCYCLE,541475,541475. 13408669      13408669      13408688      13408688,64316,56978,57505,55417,55342,6,1,0.038,SEC_URBAN,,,,,,,,,0,0,78,0,1,,0,0,,,,,,,,,Not PED,,1,0,Virginia Beach,134,5,NOT-RD,"13. Driveway, Alley-Access - Related",0,4.5,4.54,1. Straight - Level,1. No Defects,"2. Two-Way, Divided, Unprotected Median",1. Dry,"2. Blacktop, Asphalt, Bituminous",1600 GENERAL BOOTH BLVD,URB,UR,R-VA134UR08688WB,"Urbanized (Population 200,000 and over)",3. No,"0,0",17204,16861,17017,16399,14538,Not SENIOR,Left and Right sides,"15,5","45,5",Not SPEED,"45,45",541475,0,"2. No,2. No",0,"0,0",6PM TO 9PM,1,1,6. Traffic Lanes Marked,1. Yes - Working,Not a Parkway - Trucks and Commercial Vehicles Allowed,"1,2","22. Truck - Sport Utility Vehicle (SUV),9. Bicycle","TOYOTA,MOUNTAIN B","2. Making Right Turn,1. Going Straight Ahead","4RUNNER,MOUNTAIN BIKE",19981993,5,5.Hampton Roads,1. No Adverse Condition (Clear/Cloudy),Not Provided,2. No,Not Provided,YOUNG
No Access Control,Not ALCIHOL,Urban,0,0,Dual Type,134-08723(B)/BIRDNECK RD,Not UNBELTED,48,Female,B,2,BIKE,3.08,1,1,,2. Angle,"Not Provided,Not Provided","Not Provided,Not Provided",C7US00058,3.099,4,4/24/2011,4/24/2011,20. Motor Vehicle In Transport,1250,B.Visiible Injury,2011,None,0,0,Virginia Beach,Urban,20. Motor Vehicle In Transport,MAIN,12PM TO 3PM,134.Virginia Beach,"1,579",Intersection,Reset Filters,VDOT_OTHER,Sunday,Not DEER,"West,South",DISTRACTED,5,1,111245074,68,Female,"PDO,B","1,2","1. No Improper Action,42. Improper or Unsafe Lane Change","2. Not Deployed,3. Unavailable/Not Applicable","4. No Test,4. No Test","1. No Defects,1. No Defects","Not Applicable,6. Cell Phone","1. Had Not Been Drinking,1. Had Not Been Drinking","2. No,2. No","1. Not Ejected,3. Totally Ejected","No,Yes","No,No","3. Lap and Shoulder Belt,6. Other","1. Not Obscured,1. Not Obscured",,,3,541093,134-08723(B)/BIRDNECK RD,0.38,0,"0.Two-way, non-divided","22,20",1. On Roadway,"0,0",H,H.Urban Minor Arterial,Urban Extensions - Primary Routes,Not GUARDRAIL,Not HIT_RUN,"2,12",1,1. Not at Intersection,111245074,C,0,0,36.842506,36.842506,4,0.1,Not LRTRUCK,2. Daylight,LOCATED,-75.990822,-75.990822,MAINLINE,MAIN,0,0,0,0,0,Undivided Roadway,"22,20",Not MOTORCYCLE,541093,541093. 13408723      13408723     C7US00058     C7US00058,31884,31906,32201,31032,32535,4,1,0.299,PRI_URBAN,,,,,,,,,0,0,40,0,1,,0,0,,,,,,,,,Not PED,,1,0,Virginia Beach,134,5,NOT-RD,8. Non-Intersection,2,3,3.03,1. Straight - Level,1. No Defects,"1. Two-Way, Not Divided",1. Dry,"2. Blacktop, Asphalt, Bituminous",900 BLOCK OF VIRGINIA BEACH BLVD,USPRI,US,R-VA   US00058EBBUS007,"Urbanized (Population 200,000 and over)",3. No,"0,0",12948,11505,11611,11190,10783,SENIOR,Right side,"30,5","35,35",Not SPEED,"35,35",541093,0.28,"3. Pending,2. No",0,"0,0",12PM TO 3PM,1,1,1. No Traffic Control,6. No Traffic Control Device Present,Not a Parkway - Trucks and Commercial Vehicles Allowed,"1,2","1. Passenger car,9. Bicycle","TOYOTA,RALEIGH","1. Going Straight Ahead,15. Other","COROLLA,MOUNTAIN SCOUT",20062006,5,5.Hampton Roads,1. No Adverse Condition (Clear/Cloudy),Not Provided,2. No,Not Provided,Not YOUNG