Access Control,Alcohol Notalcohol,Area Type1,A Crash,A People,Basetypedesc,Begin Node Dsc,Belted Unbelted,Bikeage,Bikegen,Bikeinjurytype,Bikevehiclenumber,Bike Nonbike,BMP,B Crash,B People,Carspeedlimit,Collision Type,Comm Cargo Body Type Cd,Comm Vehicle Body Type Cd,Cotedrouteid,Coted Mp,Count App,CRASH_DT (copy),Crash Dt,Crash Event Type Dsc,Crash Military Tm,Crash Severity,Crash Year,Curbgutterdesc,C Crash,C People,Juris Name Used,Area Type Used,First Harmful Event of Entire Crash,MAINLINE,Time Slicing Used,Phy_Juris_Nm,Offset-Ft,Intersection Analysis,Clear,Calculation_9640323132123359,Day Of Week,Deer Nodeer,Direction Of Travel Cd,Distracted Notdistracted,VSP,TOTAL CRASH,Document Nbr,Driverage,Drivergen,Driverinjurytype,Drivervehiclenumber,Driver Action Type Cd,Driver Airbag Deployment,Driver Alcohol Test Type Cd,Driver Condition Type Cd,Driver Distraction Type Cd,Driver Drinking Type Cd,Driver Drug Use Cd,Driver Ejected From Vehicle,Driver Ems Transport Ind,Driver Fled Scene Ind,Driver Safety Equip Used,Driver Vis Obscured Type Cd,Drowsy Notdrowsy,Drug Nodrug,EMP,End Node,End Node Dsc,End Offset,Facility,FAC,First Crash Event Cd,First Harmful Event,Fourth Crash Event Cd,Functionalclass,FUN,Govcondesc,Gr Nogr,Hitrun Not Hitrun,Initial Veh Impact Area Cd,Injury Crashes,Intersection Type,Int Doc,Jurtype,K_CRASH,K People,LAT (copy),LAT,Leftshoulderwidth,Length,Lgtruck Nonlgtruck,Light Condition,Located Unlocated,LON (copy),LON,MAINLINE (group),Mainline Yn,Medianleftshoulderwidth,Medianrightshoulderwidth,Mediantypedesc,Medianwidthmax,Medianwidthmin,Median Type,Most Harmful Crash Event Cd,Motor Nonmotor,Node,Node Info,Node Totaadt2011,Node Totaadt2012,Node Totaadt2013,Node Totaadt2014,Node Totaadt2015,Numberoflane,Number of Records,Offset,Ownership,Passage,Passgen,Passinjurytype,Passvehiclenumber,Pass Airbag Deployment,Pass Ejected From Vehicle,Pass Ems Transport Ind,Pass Safety Equip Used,Pavementconditionvalue,Pavementroughnessvalue,Pavementwidth,Pdo Crash,Total People Killed & Injured,Pedage,Pedestrians Injured,Pedestrians Killed,Pedgen,Pedinjurytype,Pednumber,Ped Action,Ped Al Test,Ped Cond,Ped Drink,Ped Drug,Ped Nonped,Ped Rflct,Persons Injured,Persons Killed,Physical Juris Nm,PJR,VSP_Used,Rd Type,Relation To Roadway,Rightshoulderwidth,RNS_MP (0.25 mi bin),Rns Mp,Roadway Alignment,Roadway Defect,Roadway Description,Roadway Surface Cond,Roadway Surface Type,Route Or Street Nm,Rte Category Cd,Rte Cat,Rte Nm,Ruralurbandesc,School Zone,Second Crash Event Cd,Segtotaadt2011,Segtotaadt2012,Segtotaadt2013,Segtotaadt2014,Segtotaadt2015,Senior Notsenior,Sidewalkdesc,Speed Before,Speed Max Safe,Speed Notspeed,Speed Posted,Start Node,Start Offset,Summons Issued Cd,Surfacedesc,Third Crash Event Cd,Time Slicing,Total Crashes including Property Damage Only,Total Crash,Traffic Control Type,Trfc Ctrl Status Type,Truckcommr,Vehiclenumber,Vehicle Body Type Cd,Vehicle Make Nm,Vehicle Maneuver Type Cd,Vehicle Model Nm,Vehicle Year Nbr,District,District_Used ,Weather Condition,Work Zone Location,Work Zone Related,Work Zone Type,Young Notyoung
No Access Control,Not ALCIHOL,Urban,0,0,Bituminous Concrete (Black Base),MULLER LANE(L)/ONNES DRIVE(R)/,Not UNBELTED,20,Female,B,1,BIKE,16.58,1,1,,2. Angle,"Not Provided,Not Provided","Not Provided,Not Provided",SR00143,16.581,3,4/26/2011,4/26/2011,22. Bicycle,1650,B.Visiible Injury,2011,Left and Right sides,0,0,Newport News,Urban,22. Bicycle,MAIN,3PM TO 6PM,121.Newport News,533,Intersection,Reset Filters,VDOT_OTHER,Tuesday,Not DEER,"North,East",,5,1,111940252,24,Female,"B,PDO","1,2","10. Wrong Side Of Road - Not Overtaking,11. Did Not Have Right-of-Way","3. Unavailable/Not Applicable,2. Not Deployed","Not Applicable,Not Applicable","1. No Defects,1. No Defects","Not Applicable,Not Applicable","6. Unknown,Not Applicable","Not Applicable,Not Applicable","1. Not Ejected,1. Not Ejected","No,No","No,No","9. Not Applicable,3. Lap and Shoulder Belt","1. Not Obscured,1. Not Obscured",,,17,730745,BELL KING RD(L)/,0,1,"1.Divided, no control of access","20,2",1. On Roadway,"0,0",E,E.Urban Other Principle Arterials; Connecting Links of Other Rural Principal Arterial,Urban Extensions - Primary Routes,Not GUARDRAIL,Not HIT_RUN,"9,2",1,3. Three Approaches,111940252,C,0,0,37.091197,37.091197,0,0.24,Not LRTRUCK,2. Daylight,LOCATED,-76.485712,-76.485712,MAINLINE,MAIN,0,0,Curbed Grass,16,4,Divided Roadway,"20,22",Not MOTORCYCLE,716547,716547.  SR00143       SR00143      12100017,58285,60200,43681,43504,45153,6,1,0.101,PRI_URBAN,,,,,,,,,0,112,76,0,1,,0,0,,,,,,,,,Not PED,,1,0,Newport News,121,5,NOT-RD,9. Within Intersection,0,16.5,16.58,1. Straight - Level,1. No Defects,"2. Two-Way, Divided, Unprotected Median",1. Dry,"2. Blacktop, Asphalt, Bituminous",JEFFERSON AVE,STPRI,SR,R-VA   SR00143SB,"Urbanized (Population 200,000 and over)",3. No,"39,0",56137,58185,47499,47447,49321,Not SENIOR,Left and Right sides,"5,5","5,5",Not SPEED,"5,5",730746,0,"2. No,2. No",0,"0,0",3PM TO 6PM,1,1,3. Traffic Signal,1. Yes - Working,Not a Parkway - Trucks and Commercial Vehicles Allowed,"1,2","9. Bicycle,1. Passenger car",HONDA,"1. Going Straight Ahead,2. Making Right Turn",PRELUDE,1998,5,5.Hampton Roads,1. No Adverse Condition (Clear/Cloudy),Not Provided,2. No,Not Provided,YOUNG
No Access Control,Not ALCIHOL,Urban,0,0,"N/A, Unknown, or Unstabilized",19TH ST(L)/,Not UNBELTED,15,Male,B,2,BIKE,0.14,1,1,,2. Angle,"Not Provided,Not Provided","Not Provided,Not Provided",13408719,0.14,3,4/26/2011,4/26/2011,20. Motor Vehicle In Transport,1615,B.Visiible Injury,2011,Left and Right sides,0,0,Virginia Beach,Urban,20. Motor Vehicle In Transport,MAIN,3PM TO 6PM,134.Virginia Beach,739,Intersection,Reset Filters,VDOT_OTHER,Tuesday,Not DEER,"East,North",,5,1,111450104,44,Male,"PDO,B","1,2","1. No Improper Action,21. Disregarded Traffic Signal","2. Not Deployed,3. Unavailable/Not Applicable","4. No Test,4. No Test","1. No Defects,1. No Defects","Not Applicable,Not Applicable","1. Had Not Been Drinking,1. Had Not Been Drinking","2. No,2. No","1. Not Ejected,3. Totally Ejected","No,Yes","No,No","3. Lap and Shoulder Belt,8. No Restraint Used","1. Not Obscured,1. Not Obscured",,,0,541962,20TH ST(L)/,0,0,"0.Two-way, non-divided","22,20",1. On Roadway,"0,0",I,I.Urban Collector,Other City or Town Streets (not state maintained),Not GUARDRAIL,Not HIT_RUN,"3,12",1,3. Three Approaches,111450104,C,0,0,36.847386,36.847386,0,0.07,Not LRTRUCK,2. Daylight,LOCATED,-75.974731,-75.974731,MAINLINE,MAIN,0,0,0,0,0,Undivided Roadway,"22,20",Not MOTORCYCLE,541659,541659. 13408684      13408719      13408719,11035,8682,8762,8444,8560,2,1,0.14,SEC_URBAN,,,,,,,,,0,0,50,0,1,,0,0,,,,,,,,,Not PED,,1,0,Virginia Beach,134,5,NOT-RD,9. Within Intersection,0,0,0.14,1. Straight - Level,1. No Defects,"1. Two-Way, Not Divided",1. Dry,"2. Blacktop, Asphalt, Bituminous",1900 ATLANTIC AVE,URB,UR,R-VA134UR08719SB,"Urbanized (Population 200,000 and over)",3. No,"0,0",9020,6158,6215,5989,6539,Not SENIOR,Left and Right sides,"10,10","25,25",Not SPEED,"25,25",541961,0,"2. No,2. No",0,"0,0",3PM TO 6PM,1,1,3. Traffic Signal,1. Yes - Working,Not a Parkway - Trucks and Commercial Vehicles Allowed,"1,2","1. Passenger car,9. Bicycle","TOYOTA,SM","1. Going Straight Ahead,1. Going Straight Ahead","CAMRY,BICYCLE",20052000,5,5.Hampton Roads,1. No Adverse Condition (Clear/Cloudy),Not Provided,2. No,Not Provided,YOUNG
,Not ALCIHOL,Urban,0,0,,,Not UNBELTED,15,Female,C,2,BIKE,,0,0,,2. Angle,"Not Provided,Not Provided","Not Provided,Not Provided",,,,4/26/2011,4/26/2011,22. Bicycle,1540,C.Non-Visible Injury,2011,,1,1,Virginia Beach,Urban,22. Bicycle,MAIN,3PM TO 6PM,134.Virginia Beach,,Not Intersection,Reset Filters,VDOT_OTHER,Tuesday,Not DEER,"North,West",DISTRACTED,5,1,111680037,42,Female,"PDO,C","1,2","1. No Improper Action,37. Other","2. Not Deployed,3. Unavailable/Not Applicable","Not Applicable,Not Applicable","1. No Defects,1. No Defects","Not Applicable,11. Other","1. Had Not Been Drinking,1. Had Not Been Drinking","2. No,2. No","1. Not Ejected,3. Totally Ejected","No,Yes","No,No","2. Shoulder Belt Only,8. No Restraint Used","6. Building,6. Building",,,,,,,,,"22,20",1. On Roadway,"0,0",,,,Not GUARDRAIL,Not HIT_RUN,"11,12",1,1. Not at Intersection,,C,0,0,36.784192,36.784192,,,Not LRTRUCK,2. Daylight,UNLOCATED,-76.143049,-76.143049,MAINLINE,,,,,,,,"22,20",Not MOTORCYCLE,,.,,,,,,,1,,SEC_URBAN,,,,,,,,,,,,0,1,,0,0,,,,,,,,,Not PED,,1,0,Virginia Beach,134,5,NOT-RD,8. Non-Intersection,,,,1. Straight - Level,1. No Defects,"1. Two-Way, Not Divided",1. Dry,1. Concrete,1993 SUNDEVIL DR,UNKWN,SC,U-VA134SC99999UK,,2. Yes - With School Activity,"0,0",,,,,,Not SENIOR,,"5,15","25,25",Not SPEED,"25,25",,,"2. No,3. Pending",,"0,0",3PM TO 6PM,1,1,1. No Traffic Control,6. No Traffic Control Device Present,,"1,2","22. Truck - Sport Utility Vehicle (SUV),9. Bicycle","Nissan,MIRRACO","3. Making Left Turn,1. Going Straight Ahead","Xterra,UNK",2001,5,5.Hampton Roads,1. No Adverse Condition (Clear/Cloudy),Not Provided,2. No,Not Provided,YOUNG
No Access Control,Not ALCIHOL,Urban,0,0,Bituminous Concrete (Black Base),26TH BAY STREET(B)/,Not UNBELTED,51,Female,B,1,BIKE,1.4,1,1,,4. Sideswipe - Same Direction,"Not Provided,Not Provided","Not Provided,Not Provided",12208766,1.42,4,4/27/2011,4/27/2011,22. Bicycle,1208,B.Visiible Injury,2011,Left and Right sides,0,0,Norfolk,Urban,22. Bicycle,MAIN,12PM TO 3PM,122.Norfolk,"1,267",Intersection,Reset Filters,VDOT_OTHER,Wednesday,Not DEER,"West,West",,5,1,111600247,41,Female,"B,PDO","1,2","13. Fail to Signal or Improper Signal,1. No Improper Action","3. Unavailable/Not Applicable,2. Not Deployed","4. No Test,4. No Test","1. No Defects,1. No Defects","Not Applicable,Not Applicable","1. Had Not Been Drinking,1. Had Not Been Drinking","2. No,2. No","1. Not Ejected,1. Not Ejected","No,No","No,No","9. Not Applicable,3. Lap and Shoulder Belt","1. Not Obscured,1. Not Obscured",,,1,724461,27TH BAY STREET(B)/,0,0,"0.Two-way, non-divided","20,22",1. On Roadway,"0,0",I,I.Urban Collector,Other City or Town Streets (not state maintained),Not GUARDRAIL,Not HIT_RUN,"5,12",1,4. Four Approaches,111600247,C,0,0,36.927798,36.927798,0,0.06,Not LRTRUCK,2. Daylight,LOCATED,-76.186875,-76.186875,MAINLINE,MAIN,0,0,0,0,0,Undivided Roadway,"20,22",Not MOTORCYCLE,483165,483165.  US00060       US00060      12208766      12208766,23824,23027,23239,22396,24436,4,1,0.24,SEC_URBAN,,,,,,,,,0,0,44,0,1,,0,0,,,,,,,,,Not PED,,1,0,Norfolk,122,5,NOT-RD,9. Within Intersection,0,1.25,1.42,1. Straight - Level,1. No Defects,"1. Two-Way, Not Divided",1. Dry,"2. Blacktop, Asphalt, Bituminous",4600 PLEASANT AV,URB,UR,R-VA122UR08766EB,"Urbanized (Population 200,000 and over)",3. No,"0,0",1182,1314,1326,1278,1336,Not SENIOR,Left and Right sides,"0,15","25,25",Not SPEED,"25,25",724458,0,"1. Yes,2. No",0,"0,0",12PM TO 3PM,1,1,1. No Traffic Control,5. Yes - Missing,Not a Parkway - Trucks and Commercial Vehicles Allowed,"1,2","9. Bicycle,1. Passenger car","Huffy,Chevy","3. Making Left Turn,13. Passing",Uplander,2006,5,5.Hampton Roads,1. No Adverse Condition (Clear/Cloudy),Not Provided,2. No,Not Provided,Not YOUNG
,Not ALCIHOL,Urban,0,0,,,Not UNBELTED,19,Male,B,2,BIKE,,1,1,,2. Angle,"Not Provided,Not Provided","Not Provided,Not Provided",,,,4/28/2011,4/28/2011,22. Bicycle,1200,B.Visiible Injury,2011,,0,0,Chesapeake,Urban,22. Bicycle,MAIN,9AM TO 12PM,131.Chesapeake,,Not Intersection,Reset Filters,VDOT_OTHER,Thursday,Not DEER,"East,North",,5,1,111440026,,Not Provided,"PDO,B","1,2","21. Disregarded Traffic Signal,1. No Improper Action","Not Provided,2. Not Deployed","Not Applicable,Not Applicable","9. Unknown,1. No Defects","Not Applicable,Not Applicable","6. Unknown,1. Had Not Been Drinking","3. Unknown,2. No","Not Provided,1. Not Ejected","NotProvided,No","Yes,No","Not Provided,9. Not Applicable","1. Not Obscured,1. Not Obscured",,,,,,,,,"22,20",1. On Roadway,"0,0",,,,Not GUARDRAIL,HIT_RUN,"12,6",1,4. Four Approaches,,C,0,0,36.806834,36.806834,,,Not LRTRUCK,2. Daylight,UNLOCATED,-76.228345,-76.228345,MAINLINE,,,,,,,,"22,39",Not MOTORCYCLE,,.,,,,,,,1,,SEC_URBAN,,,,,,,,,,,,0,1,,0,0,,,,,,,,,Not PED,,1,0,Chesapeake,131,5,NOT-RD,9. Within Intersection,,,,1. Straight - Level,1. No Defects,"1. Two-Way, Not Divided",1. Dry,"2. Blacktop, Asphalt, Bituminous",ROKEBY AVE,UNKWN,SC,U-VA131SC99999UK,,3. No,"0,39",,,,,,Not SENIOR,,"0,3","0,0",Not SPEED,"25,25",,,"3. Pending,2. No",,"0,0",9AM TO 12PM,1,1,14. Ped Crosswalk,1. Yes - Working,,"1,2","Not Applicable,9. Bicycle",UNK,"1. Going Straight Ahead,1. Going Straight Ahead",BICYCLE,,5,5.Hampton Roads,1. No Adverse Condition (Clear/Cloudy),Not Provided,2. No,Not Provided,YOUNG
,Not ALCIHOL,Urban,0,0,,,Not UNBELTED,10,Male,B,2,BIKE,,1,1,,2. Angle,"Not Provided,Not Provided","Not Provided,Not Provided",,,,4/29/2011,4/29/2011,22. Bicycle,1715,B.Visiible Injury,2011,,0,0,Virginia Beach,Urban,22. Bicycle,MAIN,3PM TO 6PM,134.Virginia Beach,,Not Intersection,Reset Filters,VDOT_OTHER,Friday,Not DEER,"East,North",DISTRACTED,5,1,111235003,85,Male,"PDO,B","1,2","1. No Improper Action,11. Did Not Have Right-of-Way","2. Not Deployed,3. Unavailable/Not Applicable","Not Applicable,Not Applicable","1. No Defects,1. No Defects","Not Applicable,11. Other","1. Had Not Been Drinking,1. Had Not Been Drinking","2. No,2. No","1. Not Ejected,1. Not Ejected","No,Yes","No,No","3. Lap and Shoulder Belt,9. Not Applicable","1. Not Obscured,1. Not Obscured",,,,,,,,,"22,20",1. On Roadway,"0,0",,,,Not GUARDRAIL,Not HIT_RUN,"12,10",1,3. Three Approaches,,C,0,0,36.83407,36.83407,,,Not LRTRUCK,2. Daylight,UNLOCATED,-76.182511,-76.182511,MAINLINE,,,,,,,,"22,20",Not MOTORCYCLE,,.,,,,,,,1,,SEC_URBAN,,,,,,,,,,,,0,1,,0,0,,,,,,,,,Not PED,,1,0,Virginia Beach,134,5,NOT-RD,9. Within Intersection,,,,1. Straight - Level,1. No Defects,"1. Two-Way, Not Divided",1. Dry,"2. Blacktop, Asphalt, Bituminous",MIAMI RD,UNKWN,SC,U-VA134SC99999UK,,3. No,"0,0",,,,,,SENIOR,,"20,10","30,30",Not SPEED,"30,30",,,"2. No,2. No",,"0,0",3PM TO 6PM,1,1,1. No Traffic Control,6. No Traffic Control Device Present,,"1,2","1. Passenger car,9. Bicycle","Buick,THRUSTER","1. Going Straight Ahead,1. Going Straight Ahead","Regal,CHAOS",20022011,5,5.Hampton Roads,1. No Adverse Condition (Clear/Cloudy),Not Provided,2. No,Not Provided,Not YOUNG
No Access Control,ALCOHOL,Urban,1,1,"N/A, Unknown, or Unstabilized",RESERVOIR AVE(B)/,Not UNBELTED,49,Not Provided,A,2,BIKE,398.7,0,0,,12. Ped,"Not Provided,Not Provided","Not Provided,Not Provided",US00460,398.867,4,4/29/2011,4/29/2011,19. Ped,1340,A.Ambulatory Injury,2011,Left and Right sides,0,0,Norfolk,Urban,19. Ped,MAIN,12PM TO 3PM,122.Norfolk,597,Intersection,Reset Filters,VDOT_OTHER,Friday,Not DEER,"Not Provided,Not Provided",DISTRACTED,5,1,111440134,,Not Provided,"PDO,A","1,2","1. No Improper Action,11. Did Not Have Right-of-Way","Not Provided,3. Unavailable/Not Applicable","Not Applicable,4. No Test","1. No Defects,8. Other","Not Applicable,11. Other","6. Unknown,2. Drinking - Obviously Drunk","3. Unknown,3. Unknown","Not Provided,3. Totally Ejected","NotProvided,Yes","Yes,No","Not Provided,9. Not Applicable","1. Not Obscured,1. Not Obscured",,,399,483764,RESERVOIR AVE(B)/,0.23,1,"1.Divided, no control of access","19,0",1. On Roadway,"0,0",E,E.Urban Other Principle Arterials; Connecting Links of Other Rural Principal Arterial,Urban Extensions - Primary Routes,Not GUARDRAIL,HIT_RUN,"12,0",1,1. Not at Intersection,111440134,C,0,0,36.848926,36.848926,0,0.23,LRTRUCK,2. Daylight,LOCATED,-76.274498,-76.274498,MAINLINE,MAIN,0,0,0,4,4,Divided Roadway,"19,0",Not MOTORCYCLE,483415,483415.  SR00168       SR00337       US00460       US00460,55523,52794,53072,51146,61117,4,1,0.113,PRI_URBAN,,,,,,,,,0,94,48,0,1,,0,0,,,,,,,,,Not PED,,1,0,Norfolk,122,5,NOT-RD,8. Non-Intersection,0,398.75,398.87,1. Straight - Level,1. No Defects,"2. Two-Way, Divided, Unprotected Median",1. Dry,"2. Blacktop, Asphalt, Bituminous",BRAMBLETON AV,USPRI,US,R-VA   US00460WB,"Urbanized (Population 200,000 and over)",3. No,"0,0",29346,29847,30123,29029,34351,Not SENIOR,None,"0,0","0,0",Not SPEED,"0,0",483764,0,"Not Provided,2. No",0,"0,0",12PM TO 3PM,1,1,6. Traffic Lanes Marked,1. Yes - Working,Truck Access System,"1,2","23. Truck - Single Unit Truck (3 Axles or More),9. Bicycle",BICYCLE,"1. Going Straight Ahead,15. Other",,,5,5.Hampton Roads,1. No Adverse Condition (Clear/Cloudy),Not Provided,2. No,Not Provided,Not YOUNG
No Access Control,Not ALCIHOL,Urban,0,0,"N/A, Unknown, or Unstabilized",122-08569(L)/GRANBY ST,Not UNBELTED,21,Male,B,2,BIKE,400.97,1,1,,2. Angle,"Not Provided,Not Provided","Not Provided,Not Provided",US00460,401.015,3,5/1/2011,5/1/2011,20. Motor Vehicle In Transport,1425,B.Visiible Injury,2011,Left and Right sides,0,0,Norfolk,Urban,20. Motor Vehicle In Transport,MAIN,12PM TO 3PM,122.Norfolk,238,Intersection,Reset Filters,VDOT_OTHER,Sunday,Not DEER,"Not Provided,Not Provided",DISTRACTED,5,1,111460056,52,Male,"PDO,B","1,2","37. Other,1. No Improper Action","2. Not Deployed,2. Not Deployed","4. No Test,4. No Test","1. No Defects,1. No Defects","11. Other,11. Other","1. Had Not Been Drinking,1. Had Not Been Drinking","3. Unknown,3. Unknown","1. Not Ejected,3. Totally Ejected","No,No","No,No","3. Lap and Shoulder Belt,8. No Restraint Used","1. Not Obscured,1. Not Obscured",,,401,483755,122-08791(L)/35TH ST,0,0,"0.Two-way, non-divided","20,20",1. On Roadway,"0,0",E,E.Urban Other Principle Arterials; Connecting Links of Other Rural Principal Arterial,Urban Extensions - Primary Routes,Not GUARDRAIL,Not HIT_RUN,"1,12",1,4. Four Approaches,111460056,C,0,0,36.875951,36.875951,0,0.13,Not LRTRUCK,2. Daylight,LOCATED,-76.281848,-76.281848,MAINLINE,MAIN,0,0,0,0,0,Undivided Roadway,"20,20",Not MOTORCYCLE,483756,483756.  US00460       US00460      12208569,28798,29598,29791,28879,27777,4,1,0.045,PRI_URBAN,,,,,,,,,0,300,58,0,1,,0,0,,,,,,,,,Not PED,,1,0,Norfolk,122,5,NOT-RD,9. Within Intersection,0,401,401.02,1. Straight - Level,1. No Defects,"2. Two-Way, Divided, Unprotected Median",1. Dry,"2. Blacktop, Asphalt, Bituminous",3200 GRANBY ST,USPRI,US,R-VA   US00460WB,"Urbanized (Population 200,000 and over)",3. No,"0,0",24297,25185,25418,24495,24278,Not SENIOR,None,"5,0","10,0",Not SPEED,"10,0",483756,0,"1. Yes,2. No",0,"0,0",12PM TO 3PM,1,1,4. Stop Sign,1. Yes - Working,Not a Parkway - Trucks and Commercial Vehicles Allowed,"1,2","1. Passenger car,9. Bicycle","MITSUBISHI,GITANE","2. Making Right Turn,1. Going Straight Ahead","GALANT,GRAND SPORT DEL",1996,5,5.Hampton Roads,1. No Adverse Condition (Clear/Cloudy),Not Provided,2. No,Not Provided,Not YOUNG
No Access Control,Not ALCIHOL,Urban,0,0,"Stabilized with Selected Material (Soil,Gravel,Stone,etc.)",134-08590(L)/(8673-NEW BRIDGE RD/8590-INDIAN,Not UNBELTED,20,Male,C,2,BIKE,11.63,0,0,,2. Angle,"Not Provided,Not Provided","Not Provided,Not Provided",13408673,12.561,3,5/3/2011,5/3/2011,22. Bicycle,2000,C.Non-Visible Injury,2011,None,1,1,Virginia Beach,Urban,22. Bicycle,MAIN,6PM TO 9PM,134.Virginia Beach,840,Intersection,Reset Filters,VDOT_OTHER,Tuesday,Not DEER,"South,South",,5,1,111795252,24,Male,"PDO,C","1,2","1. No Improper Action,41. Improper Passing","2. Not Deployed,3. Unavailable/Not Applicable","4. No Test,4. No Test","1. No Defects,1. No Defects","Not Applicable,Not Applicable","1. Had Not Been Drinking,1. Had Not Been Drinking","2. No,2. No","1. Not Ejected,1. Not Ejected","No,No","No,No","2. Shoulder Belt Only,5. Helmet","1. Not Obscured,16. Stopped Vehicle(s)",,,13,541544,134-08783(L)/(8783-LOTUS DR/8673-SANDBRIDGE R,0,0,"0.Two-way, non-divided","22,20",1. On Roadway,"0,0",I,I.Urban Collector,Other City or Town Streets (not state maintained),Not GUARDRAIL,Not HIT_RUN,"8,12",1,1. Not at Intersection,111795252,C,0,0,36.730081,36.730081,2,1.09,Not LRTRUCK,3. Dusk,LOCATED,-75.98711,-75.98711,MAINLINE,MAIN,0,0,0,0,0,Undivided Roadway,"22,20",Not MOTORCYCLE,541544,541544. 13408673      13408673      13408783,5565,6488,6548,6310,6298,2,1,0.159,SEC_URBAN,,,,,,,,,0,0,20,0,1,,0,0,,,,,,,,,Not PED,,1,0,Virginia Beach,134,5,NOT-RD,8. Non-Intersection,2,12.5,12.72,1. Straight - Level,1. No Defects,"1. Two-Way, Not Divided",1. Dry,"2. Blacktop, Asphalt, Bituminous",NEW BRIDGE RD,URB,UR,R-VA134UR08673SB,"Urbanized (Population 200,000 and over)",3. No,"0,0",1989,2446,2469,2379,2321,Not SENIOR,None,"3,15","25,25",Not SPEED,"25,25",541330,0.19,"3. Pending,2. No",0,"0,0",6PM TO 9PM,1,1,1. No Traffic Control,6. No Traffic Control Device Present,Not a Parkway - Trucks and Commercial Vehicles Allowed,"1,2","1. Passenger car,9. Bicycle","Subaru,TREK","3. Making Left Turn,13. Passing","Legacy Sedan,BICYCLE",20002010,5,5.Hampton Roads,1. No Adverse Condition (Clear/Cloudy),Not Provided,2. No,Not Provided,YOUNG
No Access Control,Not ALCIHOL,Urban,1,1,Dual Type,WEST GATE - OCEANS NAVAL,Not UNBELTED,55,Not Provided,A,2,BIKE,295.89,0,0,,4. Sideswipe - Same Direction,"Not Provided,Not Provided","Not Provided,Not Provided",US00060,296.573,3,5/3/2011,5/3/2011,22. Bicycle,1725,A.Ambulatory Injury,2011,None,0,0,Virginia Beach,Urban,22. Bicycle,MAIN,3PM TO 6PM,134.Virginia Beach,"10,914",Intersection,Reset Filters,VDOT_OTHER,Tuesday,Not DEER,"West,West",,5,1,111375213,,Not Provided,"PDO,A","1,2","34. Hit and Run,1. No Improper Action","Not Provided,3. Unavailable/Not Applicable","Not Applicable,Not Applicable","9. Unknown,1. No Defects","Not Applicable,Not Applicable","6. Unknown,1. Had Not Been Drinking","3. Unknown,2. No","Not Provided,3. Totally Ejected","NotProvided,Yes","Yes,No","Not Provided,5. Helmet","Not Applicable,1. Not Obscured",,,297,728562,WEST GATE - OCEANS NAVAL,1.7,1,"1.Divided, no control of access","22,20",1. On Roadway,"0,0",E,E.Urban Other Principle Arterials; Connecting Links of Other Rural Principal Arterial,Urban Extensions - Primary Routes,Not GUARDRAIL,HIT_RUN,"1,9",1,1. Not at Intersection,111375213,C,0,0,36.919956,36.919956,6,1.38,Not LRTRUCK,2. Daylight,LOCATED,-76.025898,-76.025898,MAINLINE,MAIN,1,1,Grass/Unprotected,36,36,Divided Roadway,"22,20",Not MOTORCYCLE,541117,541117.  US00060       US00060      13408669,14676,13328,13276,13148,13017,4,1,2.067,PRI_URBAN,,,,,,,,,0,108,46,0,1,,0,0,,,,,,,,,Not PED,,1,0,Virginia Beach,134,5,NOT-RD,8. Non-Intersection,6,296.75,296.84,1. Straight - Level,1. No Defects,"2. Two-Way, Divided, Unprotected Median",1. Dry,"2. Blacktop, Asphalt, Bituminous",1600 BLK. SHORE DR.,USPRI,US,R-VA   US00060WB,"Urbanized (Population 200,000 and over)",3. No,"0,0",10944,10246,10186,10128,9226,Not SENIOR,None,25,55,Not SPEED,55,728562,0.32,"Not Provided,2. No",0,"0,0",3PM TO 6PM,1,1,6. Traffic Lanes Marked,1. Yes - Working,Not a Parkway - Trucks and Commercial Vehicles Allowed,"1,2","2. Truck - Pick-up/Passenger Truck,9. Bicycle",MOTOBECANE,"1. Going Straight Ahead,1. Going Straight Ahead",BICYCLE,2009,5,5.Hampton Roads,1. No Adverse Condition (Clear/Cloudy),Not Provided,2. No,Not Provided,Not YOUNG
,Not ALCIHOL,Urban,0,0,,,Not UNBELTED,7,Female,B,1,BIKE,,1,1,,5. Sideswipe - Opposite Direction,"Not Provided,Not Provided","Not Provided,Not Provided",,,,5/5/2011,5/5/2011,20. Motor Vehicle In Transport,1729,B.Visiible Injury,2011,,0,0,Chesapeake,Urban,20. Motor Vehicle In Transport,MAIN,3PM TO 6PM,131.Chesapeake,,Not Intersection,Reset Filters,VDOT_OTHER,Thursday,Not DEER,"North,South",DISTRACTED,5,1,111570027,58,Female,"B,PDO","1,2","42. Improper or Unsafe Lane Change,1. No Improper Action","Not Provided,2. Not Deployed","4. No Test,4. No Test","1. No Defects,1. No Defects","7. Eyes Not on Road,11. Other","1. Had Not Been Drinking,1. Had Not Been Drinking","2. No,2. No","Not Provided,1. Not Ejected","No,NotProvided","No,No","Not Provided,3. Lap and Shoulder Belt","1. Not Obscured,1. Not Obscured",,,,,,,,,"20,22",1. On Roadway,"0,0",,,,Not GUARDRAIL,Not HIT_RUN,"11,11",1,1. Not at Intersection,,C,0,0,36.631087,36.631087,,,Not LRTRUCK,2. Daylight,UNLOCATED,-76.162215,-76.162215,MAINLINE,,,,,,,,"20,22",Not MOTORCYCLE,,.,,,,,,,1,,SEC_URBAN,,,,,,,,,,,,0,1,,0,0,,,,,,,,,Not PED,,1,0,Chesapeake,131,5,RD-UNKNOWN,8. Non-Intersection,,,,1. Straight - Level,1. No Defects,"2. Two-Way, Divided, Unprotected Median",1. Dry,"2. Blacktop, Asphalt, Bituminous",2220 LONG RIDGE RD,UNKWN,SC,U-VA131SC99999UK,,3. No,"0,0",,,,,,Not SENIOR,,"1,5","35,35",Not SPEED,"35,35",,,"2. No,2. No",,"0,0",3PM TO 6PM,1,1,6. Traffic Lanes Marked,6. No Traffic Control Device Present,,"1,2","9. Bicycle,1. Passenger car","NEXT,TOYOTA","14. Changing Lanes,1. Going Straight Ahead","BICYCLE,SUV",20112008,5,5.Hampton Roads,1. No Adverse Condition (Clear/Cloudy),Not Provided,2. No,Not Provided,Not YOUNG