Access Control,Alcohol Notalcohol,Area Type1,A Crash,A People,Basetypedesc,Begin Node Dsc,Belted Unbelted,Bikeage,Bikegen,Bikeinjurytype,Bikevehiclenumber,Bike Nonbike,BMP,B Crash,B People,Carspeedlimit,Collision Type,Comm Cargo Body Type Cd,Comm Vehicle Body Type Cd,Cotedrouteid,Coted Mp,Count App,CRASH_DT (copy),Crash Dt,Crash Event Type Dsc,Crash Military Tm,Crash Severity,Crash Year,Curbgutterdesc,C Crash,C People,Juris Name Used,Area Type Used,First Harmful Event of Entire Crash,MAINLINE,Time Slicing Used,Phy_Juris_Nm,Offset-Ft,Intersection Analysis,Clear,Calculation_9640323132123359,Day Of Week,Deer Nodeer,Direction Of Travel Cd,Distracted Notdistracted,VSP,TOTAL CRASH,Document Nbr,Driverage,Drivergen,Driverinjurytype,Drivervehiclenumber,Driver Action Type Cd,Driver Airbag Deployment,Driver Alcohol Test Type Cd,Driver Condition Type Cd,Driver Distraction Type Cd,Driver Drinking Type Cd,Driver Drug Use Cd,Driver Ejected From Vehicle,Driver Ems Transport Ind,Driver Fled Scene Ind,Driver Safety Equip Used,Driver Vis Obscured Type Cd,Drowsy Notdrowsy,Drug Nodrug,EMP,End Node,End Node Dsc,End Offset,Facility,FAC,First Crash Event Cd,First Harmful Event,Fourth Crash Event Cd,Functionalclass,FUN,Govcondesc,Gr Nogr,Hitrun Not Hitrun,Initial Veh Impact Area Cd,Injury Crashes,Intersection Type,Int Doc,Jurtype,K_CRASH,K People,LAT (copy),LAT,Leftshoulderwidth,Length,Lgtruck Nonlgtruck,Light Condition,Located Unlocated,LON (copy),LON,MAINLINE (group),Mainline Yn,Medianleftshoulderwidth,Medianrightshoulderwidth,Mediantypedesc,Medianwidthmax,Medianwidthmin,Median Type,Most Harmful Crash Event Cd,Motor Nonmotor,Node,Node Info,Node Totaadt2011,Node Totaadt2012,Node Totaadt2013,Node Totaadt2014,Node Totaadt2015,Numberoflane,Number of Records,Offset,Ownership,Passage,Passgen,Passinjurytype,Passvehiclenumber,Pass Airbag Deployment,Pass Ejected From Vehicle,Pass Ems Transport Ind,Pass Safety Equip Used,Pavementconditionvalue,Pavementroughnessvalue,Pavementwidth,Pdo Crash,Total People Killed & Injured,Pedage,Pedestrians Injured,Pedestrians Killed,Pedgen,Pedinjurytype,Pednumber,Ped Action,Ped Al Test,Ped Cond,Ped Drink,Ped Drug,Ped Nonped,Ped Rflct,Persons Injured,Persons Killed,Physical Juris Nm,PJR,VSP_Used,Rd Type,Relation To Roadway,Rightshoulderwidth,RNS_MP (0.25 mi bin),Rns Mp,Roadway Alignment,Roadway Defect,Roadway Description,Roadway Surface Cond,Roadway Surface Type,Route Or Street Nm,Rte Category Cd,Rte Cat,Rte Nm,Ruralurbandesc,School Zone,Second Crash Event Cd,Segtotaadt2011,Segtotaadt2012,Segtotaadt2013,Segtotaadt2014,Segtotaadt2015,Senior Notsenior,Sidewalkdesc,Speed Before,Speed Max Safe,Speed Notspeed,Speed Posted,Start Node,Start Offset,Summons Issued Cd,Surfacedesc,Third Crash Event Cd,Time Slicing,Total Crashes including Property Damage Only,Total Crash,Traffic Control Type,Trfc Ctrl Status Type,Truckcommr,Vehiclenumber,Vehicle Body Type Cd,Vehicle Make Nm,Vehicle Maneuver Type Cd,Vehicle Model Nm,Vehicle Year Nbr,District,District_Used ,Weather Condition,Work Zone Location,Work Zone Related,Work Zone Type,Young Notyoung
No Access Control,Not ALCIHOL,Urban,0,0,Bituminous Concrete (Black Base),134-08723(B)/BIRDNECK RD,Not UNBELTED,24,Male,B,2,BIKE,2.8,1,2,,2. Angle,"Not Provided,Not Provided","Not Provided,Not Provided",C7US00058,2.806,4,5/20/2011,5/20/2011,22. Bicycle,1830,B.Visiible Injury,2011,Left and Right sides,0,1,Virginia Beach,Urban,22. Bicycle,MAIN,6PM TO 9PM,134.Virginia Beach,32,Intersection,Reset Filters,VDOT_OTHER,Friday,Not DEER,"South,North",,5,1,111895114,45,Female,"C,B","1,2","11. Did Not Have Right-of-Way,1. No Improper Action","2. Not Deployed,3. Unavailable/Not Applicable","4. No Test,4. No Test","1. No Defects,1. No Defects","Not Applicable,Not Applicable","1. Had Not Been Drinking,1. Had Not Been Drinking","2. No,2. No","1. Not Ejected,1. Not Ejected","Yes,Yes","No,No","3. Lap and Shoulder Belt,9. Not Applicable","1. Not Obscured,1. Not Obscured",,,3,541093,134-08723(B)/BIRDNECK RD,0.1,1,"1.Divided, no control of access","22,22",1. On Roadway,"0,0",H,H.Urban Minor Arterial,Urban Extensions - Primary Routes,Not GUARDRAIL,Not HIT_RUN,"12,9",1,4. Four Approaches,111895114,C,0,0,36.841753,36.841753,0,0.1,Not LRTRUCK,2. Daylight,LOCATED,-75.995906,-75.995906,MAINLINE,MAIN,0,0,Curbed Grass,16,4,Divided Roadway,"22,22",Not MOTORCYCLE,541093,541093. 13408723      13408723     C7US00058     C7US00058,31884,31906,32201,31032,32535,4,1,0.006,PRI_URBAN,2,Male,B,1,2. Not Deployed,1. Not Ejected,No,3. Lap and Shoulder Belt,0,96,54,0,3,,0,0,,,,,,,,,Not PED,,3,0,Virginia Beach,134,5,NOT-RD,9. Within Intersection,0,2.75,2.81,1. Straight - Level,1. No Defects,"3. Two-Way, Divided, Positive Median Barrier",1. Dry,"2. Blacktop, Asphalt, Bituminous",VIRGINIA BEACH BLVD,USPRI,US,R-VA   US00058EBBUS007,"Urbanized (Population 200,000 and over)",3. No,"0,0",12948,11505,11611,11190,10783,Not SENIOR,Left and Right sides,20,"35,35",Not SPEED,"35,35",541093,0,"1. Yes,2. No",0,"0,0",6PM TO 9PM,1,1,3. Traffic Signal,1. Yes - Working,Not a Parkway - Trucks and Commercial Vehicles Allowed,"1,2","1. Passenger car,9. Bicycle","Chevrolet,UNK","3. Making Left Turn,1. Going Straight Ahead","Camaro,BICYCLE",2002,5,5.Hampton Roads,1. No Adverse Condition (Clear/Cloudy),Not Provided,2. No,Not Provided,Not YOUNG
No Access Control,Not ALCIHOL,Urban,0,0,Bituminous Concrete (Black Base),5TH ST(R)/WINSTON SALEM AVE(L)/,Not UNBELTED,20,0,B,1,BIKE,22.26,1,1,,2. Angle,"Not Provided,Not Provided","Not Provided,Not Provided",13408669,22.26,4,5/20/2011,5/20/2011,20. Motor Vehicle In Transport,1928,B.Visiible Injury,2011,Left and Right sides,0,0,Virginia Beach,Urban,20. Motor Vehicle In Transport,MAIN,6PM TO 9PM,134.Virginia Beach,"1,426",Intersection,Reset Filters,VDOT_OTHER,Friday,Not DEER,"North,East",,5,1,111815189,45,Male,"B,PDO","1,2","40. Fail to Maintain Proper Control,1. No Improper Action","2. Not Deployed,2. Not Deployed","4. No Test,4. No Test","1. No Defects,1. No Defects","Not Applicable,Not Applicable","1. Had Not Been Drinking,1. Had Not Been Drinking","2. No,2. No","2. Partially Ejected,1. Not Ejected","Yes,No","No,No","8. No Restraint Used,3. Lap and Shoulder Belt","1. Not Obscured,14. Blind Spot",,,22,541490,6TH ST(R)/,0,0,"0.Two-way, non-divided","20,20",1. On Roadway,"0,0",H,H.Urban Minor Arterial,Other City or Town Streets (not state maintained),Not GUARDRAIL,Not HIT_RUN,"12,2",1,4. Four Approaches,111815189,C,0,0,36.83354905,36.83354905,0,0.07,Not LRTRUCK,2. Daylight,LOCATED,-75.97229034,-75.97229034,MAINLINE,MAIN,0,0,0,0,0,Undivided Roadway,"20,20",Not MOTORCYCLE,541493,541493. 13408669      13408669      13408724      13408724,26452,23305,23520,22666,22386,4,1,0.27,SEC_URBAN,,,,,,,,,0,0,59,0,1,,0,0,,,,,,,,,Not PED,,1,0,Virginia Beach,134,5,NOT-RD,9. Within Intersection,0,22.25,22.26,1. Straight - Level,1. No Defects,"1. Two-Way, Not Divided",1. Dry,"2. Blacktop, Asphalt, Bituminous",500 BLOCK PACIFIC AVENUE,URB,UR,R-VA134UR08669NB,"Urbanized (Population 200,000 and over)",3. No,"0,0",21904,18728,18901,18215,18120,Not SENIOR,Right side,"20,5","35,35",Not SPEED,"35,35",541489,0,"2. No,2. No",0,"0,0",6PM TO 9PM,1,1,3. Traffic Signal,1. Yes - Working,Not a Parkway - Trucks and Commercial Vehicles Allowed,"1,2","9. Bicycle,2. Truck - Pick-up/Passenger Truck","FUJI,Ford","1. Going Straight Ahead,2. Making Right Turn","CAPE MAY,F-150",20092005,5,5.Hampton Roads,1. No Adverse Condition (Clear/Cloudy),Not Provided,2. No,Not Provided,YOUNG
,Not ALCIHOL,Urban,0,0,,,Not UNBELTED,13,Male,B,1,BIKE,,1,1,,2. Angle,"Not Provided,Not Provided","Not Provided,Not Provided",,,,5/21/2011,5/21/2011,20. Motor Vehicle In Transport,1835,B.Visiible Injury,2011,,0,0,Virginia Beach,Urban,20. Motor Vehicle In Transport,MAIN,6PM TO 9PM,134.Virginia Beach,,Not Intersection,Reset Filters,VDOT_OTHER,Saturday,Not DEER,"West,North",DISTRACTED,5,1,111655059,57,Male,"B,PDO","1,2","11. Did Not Have Right-of-Way,1. No Improper Action","3. Unavailable/Not Applicable,2. Not Deployed","4. No Test,4. No Test","1. No Defects,1. No Defects","11. Other,Not Applicable","1. Had Not Been Drinking,1. Had Not Been Drinking","Not Applicable,Not Applicable","1. Not Ejected,1. Not Ejected","No,No","No,No","8. No Restraint Used,3. Lap and Shoulder Belt","1. Not Obscured,1. Not Obscured",,,,,,,,,"20,20",1. On Roadway,"0,0",,,,Not GUARDRAIL,Not HIT_RUN,"12,2",1,4. Four Approaches,,C,0,0,36.78275,36.78275,,,Not LRTRUCK,2. Daylight,UNLOCATED,-75.99444,-75.99444,MAINLINE,,,,,,,,"20,20",Not MOTORCYCLE,,.,,,,,,,1,,SEC_URBAN,,,,,,,,,,,,0,1,,0,0,,,,,,,,,Not PED,,1,0,Virginia Beach,134,5,NOT-RD,9. Within Intersection,,,,2. Curve - Level,1. No Defects,"2. Two-Way, Divided, Unprotected Median",1. Dry,"2. Blacktop, Asphalt, Bituminous",UPTON DR,UNKWN,SC,U-VA134SC99999UK,,3. No,"0,0",,,,,,Not SENIOR,,"1,35","35,35",Not SPEED,"35,35",,,"2. No,2. No",,"0,0",6PM TO 9PM,1,1,4. Stop Sign,1. Yes - Working,,"1,2","9. Bicycle,2. Truck - Pick-up/Passenger Truck","HUFFY,Ford","1. Going Straight Ahead,1. Going Straight Ahead","BICYCLE,F-150",20051998,5,5.Hampton Roads,1. No Adverse Condition (Clear/Cloudy),Not Provided,2. No,Not Provided,Not YOUNG
,Not ALCIHOL,Urban,0,0,,,Not UNBELTED,7,Female,C,2,BIKE,,0,0,,2. Angle,"Not Provided,Not Provided","Not Provided,Not Provided",,,,5/22/2011,5/22/2011,20. Motor Vehicle In Transport,1309,C.Non-Visible Injury,2011,,1,1,Norfolk,Urban,20. Motor Vehicle In Transport,MAIN,12PM TO 3PM,122.Norfolk,,Not Intersection,Reset Filters,VDOT_OTHER,Sunday,Not DEER,"West,North",,5,1,111570587,51,Female,"PDO,C","1,2","1. No Improper Action,11. Did Not Have Right-of-Way","2. Not Deployed,Not Provided","Not Applicable,Not Applicable","1. No Defects,1. No Defects","Not Applicable,Not Applicable","1. Had Not Been Drinking,1. Had Not Been Drinking","2. No,2. No","1. Not Ejected,Not Provided","No,No","No,No","3. Lap and Shoulder Belt,8. No Restraint Used","1. Not Obscured,1. Not Obscured",,,,,,,,,"22,0",1. On Roadway,"0,0",,,,Not GUARDRAIL,Not HIT_RUN,"10,12",1,4. Four Approaches,,C,0,0,36.870149,36.870149,,,Not LRTRUCK,2. Daylight,UNLOCATED,-76.236433,-76.236433,MAINLINE,,,,,,,,"22,0",Not MOTORCYCLE,,.,,,,,,,1,,SEC_URBAN,,,,,,,,,,,,0,1,,0,0,,,,,,,,,Not PED,,1,0,Norfolk,122,5,NOT-RD,9. Within Intersection,,,,1. Straight - Level,1. No Defects,"1. Two-Way, Not Divided",1. Dry,"2. Blacktop, Asphalt, Bituminous",4500 DENVER AVE,UNKWN,SC,U-VA122SC99999UK,,3. No,"0,0",,,,,,Not SENIOR,,"1,0","10,0",Not SPEED,"25,0",,,"2. No,2. No",,"0,0",12PM TO 3PM,1,1,4. Stop Sign,3. Yes - Not Working,,"1,2","1. Passenger car,9. Bicycle","SHRSLER,BMX","3. Making Left Turn,1. Going Straight Ahead","300,BiCYCLE",2006,5,5.Hampton Roads,1. No Adverse Condition (Clear/Cloudy),Not Provided,2. No,Not Provided,Not YOUNG
,Not ALCIHOL,Urban,0,0,,,Not UNBELTED,18,Not Provided,B,2,BIKE,,1,1,,1. Rear End,"Not Provided,Not Provided","Not Provided,Not Provided",,,,5/24/2011,5/24/2011,22. Bicycle,1235,B.Visiible Injury,2011,,0,0,Norfolk,Urban,22. Bicycle,MAIN,12PM TO 3PM,122.Norfolk,,Not Intersection,Reset Filters,VDOT_OTHER,Tuesday,Not DEER,"North,North",,5,1,111600047,,Not Provided,"PDO,B","1,2","34. Hit and Run,1. No Improper Action","Not Provided,Not Provided","Not Applicable,Not Applicable","9. Unknown,1. No Defects","Not Applicable,Not Applicable","6. Unknown,1. Had Not Been Drinking","3. Unknown,2. No","Not Provided,Not Provided","NotProvided,No","Yes,No","Not Provided,3. Lap and Shoulder Belt","1. Not Obscured,1. Not Obscured",,,,,,,,,"22,20",1. On Roadway,"0,0",,,,Not GUARDRAIL,HIT_RUN,"12,6",1,4. Four Approaches,,C,0,0,36.920266,36.920266,,,Not LRTRUCK,2. Daylight,UNLOCATED,-76.238303,-76.238303,MAINLINE,,,,,,,,"22,20",Not MOTORCYCLE,,.,,,,,,,1,,SEC_URBAN,,,,,,,,,,,,0,1,,0,0,,,,,,,,,Not PED,,1,0,Norfolk,122,5,NOT-RD,9. Within Intersection,,,,1. Straight - Level,1. No Defects,"1. Two-Way, Not Divided",1. Dry,"2. Blacktop, Asphalt, Bituminous",8000 blk carlton st,UNKWN,SC,U-VA122SC99999UK,,3. No,"0,0",,,,,,Not SENIOR,,"0,0","0,0",Not SPEED,"0,0",,,"Not Provided,2. No",,"0,0",12PM TO 3PM,1,1,1. No Traffic Control,5. Yes - Missing,,"1,2","22. Truck - Sport Utility Vehicle (SUV),9. Bicycle",,"1. Going Straight Ahead,2. Making Right Turn",bicycle,,5,5.Hampton Roads,1. No Adverse Condition (Clear/Cloudy),Not Provided,2. No,Not Provided,YOUNG
No Access Control,Not ALCIHOL,Urban,1,1,"N/A, Unknown, or Unstabilized",SR-00143(B)/LASALLE AV,Not UNBELTED,18,Male,A,2,BIKE,2.9,0,0,,2. Angle,"Not Provided,Not Provided","Not Provided,Not Provided",11407035,2.902,4,5/25/2011,5/25/2011,22. Bicycle,1954,A.Ambulatory Injury,2011,Left and Right sides,0,0,Hampton,Urban,22. Bicycle,MAIN,6PM TO 9PM,114.Hampton,11,Intersection,Reset Filters,VDOT_OTHER,Wednesday,Not DEER,"South,East",,5,1,111870025,21,Male,"PDO,A","1,2","1. No Improper Action,21. Disregarded Traffic Signal","2. Not Deployed,3. Unavailable/Not Applicable","4. No Test,4. No Test","1. No Defects,1. No Defects","Not Applicable,Not Applicable","1. Had Not Been Drinking,1. Had Not Been Drinking","2. No,2. No","1. Not Ejected,3. Totally Ejected","No,NotProvided","No,No","8. No Restraint Used,8. No Restraint Used","1. Not Obscured,16. Stopped Vehicle(s)",,,3,731436,ERVIN ST(B)/,0,0,"0.Two-way, non-divided","22,20",1. On Roadway,"0,0",H,H.Urban Minor Arterial,Other City or Town Streets (not state maintained),Not GUARDRAIL,Not HIT_RUN,"1,9",1,4. Four Approaches,111870025,C,0,0,37.016494,37.016494,0,0.07,Not LRTRUCK,3. Dusk,LOCATED,-76.361003,-76.361003,MAINLINE,MAIN,0,0,0,0,0,Undivided Roadway,"22,20",Not MOTORCYCLE,253045,253045.  SR00143       SR00143      11407035      11407035,16273,15913,13396,12917,13179,2,1,0.002,SEC_URBAN,,,,,,,,,0,0,54,0,1,,0,0,,,,,,,,,Not PED,,1,0,Hampton,114,5,NOT-RD,9. Within Intersection,0,2.75,2.9,1. Straight - Level,1. No Defects,"2. Two-Way, Divided, Unprotected Median",1. Dry,"2. Blacktop, Asphalt, Bituminous",LaSALLE AVE,URB,UR,R-VA114UR07035EB,"Urbanized (Population 200,000 and over)",3. No,"0,0",17239,16858,12812,12356,12606,Not SENIOR,Left and Right sides,"35,5","35,35",Not SPEED,"35,35",253045,0,"2. No,1. Yes",0,"0,0",6PM TO 9PM,1,1,3. Traffic Signal,1. Yes - Working,Not a Parkway - Trucks and Commercial Vehicles Allowed,"1,2","12. Emergency Vehicle (Regardless of Veh Type),9. Bicycle","FORD,BICYCLE","1. Going Straight Ahead,1. Going Straight Ahead",CROWN VIC,2000,5,5.Hampton Roads,1. No Adverse Condition (Clear/Cloudy),Not Provided,2. No,Not Provided,YOUNG
No Access Control,Not ALCIHOL,Urban,0,0,Bituminous Concrete (Black Base),BONAIRE DRIVE(L)/,Not UNBELTED,13,Male,C,1,BIKE,2.37,0,0,,2. Angle,"Not Provided,Not Provided","Not Provided,Not Provided",11407049,2.612,3,5/27/2011,5/27/2011,22. Bicycle,805,C.Non-Visible Injury,2011,Left and Right sides,1,1,Hampton,Urban,22. Bicycle,MAIN,6AM TO 9AM,114.Hampton,42,Intersection,Reset Filters,VDOT_OTHER,Friday,Not DEER,"South,West",,5,1,111870037,45,Male,"C,PDO","1,2","11. Did Not Have Right-of-Way,1. No Improper Action","2. Not Deployed,2. Not Deployed","Not Applicable,Not Applicable","1. No Defects,1. No Defects","Not Applicable,Not Applicable","Not Applicable,Not Applicable","2. No,2. No","3. Totally Ejected,1. Not Ejected","Yes,No","No,No","9. Not Applicable,3. Lap and Shoulder Belt","1. Not Obscured,1. Not Obscured",,,3,253114,SR-00169(B)/WOODLAND RD,0,0,"0.Two-way, non-divided","20,22",1. On Roadway,"0,0",H,H.Urban Minor Arterial,Other City or Town Streets (not state maintained),Not GUARDRAIL,Not HIT_RUN,"9,12",1,3. Three Approaches,111870037,C,0,0,37.058832,37.058832,0,0.25,Not LRTRUCK,2. Daylight,LOCATED,-76.317487,-76.317487,MAINLINE,MAIN,0,0,0,0,0,Undivided Roadway,"20,22",Not MOTORCYCLE,253114,253114.  SR00169       SR00169      11407049,21354,20881,20063,19348,19741,4,1,0.008,SEC_URBAN,,,,,,,,,0,0,44,0,1,,0,0,,,,,,,,,Not PED,,1,0,Hampton,114,5,NOT-RD,9. Within Intersection,0,2.5,2.61,1. Straight - Level,1. No Defects,"2. Two-Way, Divided, Unprotected Median",1. Dry,"2. Blacktop, Asphalt, Bituminous",WOODLAND ROAD,URB,UR,R-VA114UR07049NB,"Urbanized (Population 200,000 and over)",3. No,"0,0",8689,8496,8356,8058,8222,Not SENIOR,Left and Right sides,"5,3","35,35",Not SPEED,"35,35",253509,0,"2. No,2. No",0,"0,0",6AM TO 9AM,1,1,3. Traffic Signal,1. Yes - Working,Not a Parkway - Trucks and Commercial Vehicles Allowed,"1,2","9. Bicycle,1. Passenger car","MONGOOSE,LINCOLN","Not Applicable,2. Making Right Turn","BYCLE,TOWN CAR",20101994,5,5.Hampton Roads,1. No Adverse Condition (Clear/Cloudy),Not Provided,2. No,Not Provided,Not YOUNG
No Access Control,Not ALCIHOL,Urban,0,0,Bituminous Concrete (Black Base),WALMART WAY(R)/,Not UNBELTED,20,Male,B,2,BIKE,14.03,1,1,,3. Head On,"Not Provided,Not Provided","Not Provided,Not Provided",C1SR00168,14.048,3,5/28/2011,5/28/2011,22. Bicycle,1922,B.Visiible Injury,2011,None,0,0,Chesapeake,Urban,22. Bicycle,MAIN,6PM TO 9PM,131.Chesapeake,253,Intersection,Reset Filters,VDOT_OTHER,Saturday,Not DEER,"North,South",,5,1,111650437,23,Male,"PDO,B","1,2","1. No Improper Action,11. Did Not Have Right-of-Way","2. Not Deployed,3. Unavailable/Not Applicable","Not Applicable,Not Applicable","1. No Defects,1. No Defects","Not Applicable,Not Applicable","1. Had Not Been Drinking,1. Had Not Been Drinking","3. Unknown,2. No","1. Not Ejected,Not Provided","No,Yes","No,No","3. Lap and Shoulder Belt,8. No Restraint Used","1. Not Obscured,1. Not Obscured",,,14,726473,WALMART WAY(R)/,0.06,1,"1.Divided, no control of access","22,20",1. On Roadway,"0,0",E,E.Urban Other Principle Arterials; Connecting Links of Other Rural Principal Arterial,Urban Extensions - Primary Routes,Not GUARDRAIL,Not HIT_RUN,"12,12",1,4. Four Approaches,111650437,C,0,0,36.768717,36.768717,4,0.06,Not LRTRUCK,2. Daylight,LOCATED,-76.252092,-76.252092,MAINLINE,MAIN,0,0,Curbed Grass,16,4,Divided Roadway,"22,20",Not MOTORCYCLE,483859,483859.  FR00144     C1SR00168     C1SR00168,58100,56826,57144,66658,67970,6,1,0.048,PRI_URBAN,,,,,,,,,0,132,72,0,1,,0,0,,,,,,,,,Not PED,,1,0,Chesapeake,131,5,NOT-RD,9. Within Intersection,4,14,14.05,1. Straight - Level,1. No Defects,"3. Two-Way, Divided, Positive Median Barrier",1. Dry,"2. Blacktop, Asphalt, Bituminous",ROUTE 168 N,STPRI,SR,R-VA   SR00168SBBUS001,"Urbanized (Population 200,000 and over)",3. No,"0,0",57512,56238,56556,66070,67382,Not SENIOR,None,"15,5","45,45",Not SPEED,"45,45",726473,0,"2. No,2. No",0,"0,0",6PM TO 9PM,1,1,3. Traffic Signal,1. Yes - Working,Not a Parkway - Trucks and Commercial Vehicles Allowed,"1,2","1. Passenger car,9. Bicycle","AUDI,MURRY","2. Making Right Turn,1. Going Straight Ahead","A8,BICYCLE",20012010,5,5.Hampton Roads,1. No Adverse Condition (Clear/Cloudy),Not Provided,2. No,Not Provided,YOUNG
No Access Control,Not ALCIHOL,Urban,1,1,Bituminous Concrete (Black Base),MCNEAL AVE(L)ENGLISH AVE(R)/,Not UNBELTED,55,Male,A,2,BIKE,2.06,0,0,,1. Rear End,"Not Provided,Not Provided","Not Provided,Not Provided",13108640,2.062,4,5/28/2011,5/28/2011,22. Bicycle,545,A.Ambulatory Injury,2011,Left and Right sides,0,0,Chesapeake,Urban,22. Bicycle,MAIN,3AM TO 6AM,131.Chesapeake,729,Intersection,Reset Filters,VDOT_OTHER,Saturday,Not DEER,"West,Not Provided",,5,1,111590060,18,Male,"PDO,A","1,2","34. Hit and Run,1. No Improper Action","2. Not Deployed,3. Unavailable/Not Applicable","Not Applicable,Not Applicable","7. Apparently Asleep,1. No Defects","Not Applicable,Not Applicable","1. Had Not Been Drinking,1. Had Not Been Drinking","2. No,2. No","1. Not Ejected,1. Not Ejected","No,Yes","Yes,No","3. Lap and Shoulder Belt,5. Helmet","1. Not Obscured,1. Not Obscured",DROWSY,,2,484711,ENGLE AVE(R)/,0,1,"1.Divided, no control of access","22,0",1. On Roadway,"0,0",H,H.Urban Minor Arterial,Other City or Town Streets (not state maintained),Not GUARDRAIL,HIT_RUN,"12,0",1,1. Not at Intersection,111590060,C,0,0,36.807759,36.807759,0,0.04,Not LRTRUCK,1. Dawn,LOCATED,-76.227223,-76.227223,MAINLINE,MAIN,0,0,0,4,4,Divided Roadway,"22,0",Not MOTORCYCLE,484713,484713. 13108640      13108640      13108645      13108645,23308,22792,22921,20893,21310,4,1,0.138,SEC_URBAN,,,,,,,,,0,0,50,0,1,,0,0,,,,,,,,,Not PED,,1,0,Chesapeake,131,5,NOT-RD,8. Non-Intersection,0,2,2.06,1. Straight - Level,1. No Defects,"3. Two-Way, Divided, Positive Median Barrier",1. Dry,"2. Blacktop, Asphalt, Bituminous",PROVIDENCE RD,URB,UR,R-VA131UR08640WB,"Urbanized (Population 200,000 and over)",3. No,"0,0",16435,16071,16162,14282,14566,Not SENIOR,Left and Right sides,"40,35","40,40",Not SPEED,"40,40",484710,0,"1. Yes,2. No",0,"0,0",3AM TO 6AM,1,1,6. Traffic Lanes Marked,1. Yes - Working,Not a Parkway - Trucks and Commercial Vehicles Allowed,"1,2","1. Passenger car,9. Bicycle","DODGE,SED0NA","1. Going Straight Ahead,Not Applicable","CHARGER,BIKE",20102011,5,5.Hampton Roads,1. No Adverse Condition (Clear/Cloudy),Not Provided,2. No,Not Provided,YOUNG
,Not ALCIHOL,Rural,1,1,,,Not UNBELTED,15,Male,A,2,BIKE,,0,0,,2. Angle,"Not Provided,Not Provided","Not Provided,Not Provided",,,,5/29/2011,5/29/2011,22. Bicycle,1823,A.Ambulatory Injury,2011,,0,0,Chincoteaque,Rural,22. Bicycle,MAIN,6PM TO 9PM,190.Chincoteaque,,Not Intersection,Reset Filters,VDOT_OTHER,Sunday,Not DEER,"East,South",DISTRACTED,5,1,112015240,29,0,"PDO,A","1,2","1. No Improper Action,42. Improper or Unsafe Lane Change","2. Not Deployed,3. Unavailable/Not Applicable","4. No Test,4. No Test","1. No Defects,1. No Defects","4. Passenger(s),11. Other","1. Had Not Been Drinking,1. Had Not Been Drinking","2. No,2. No","1. Not Ejected,Not Provided","No,Yes","No,No","3. Lap and Shoulder Belt,9. Not Applicable","1. Not Obscured,11. Moving Vehicle(s)",,,,,,,,,"22,20",1. On Roadway,"0,0",,,,Not GUARDRAIL,Not HIT_RUN,"1,5",1,1. Not at Intersection,,T,0,0,37.92742184,37.92742184,,,Not LRTRUCK,2. Daylight,UNLOCATED,-75.35519305,-75.35519305,MAINLINE,,,,,,,,"22,20",Not MOTORCYCLE,,.,,,,,,,1,,VDOT_SEC,,,,,,,,,,,,0,1,,0,0,,,,,,,,,Not PED,,1,0,Chincoteaque,190,5,NOT-RD,1. Main-Line Roadway,,,,1. Straight - Level,1. No Defects,"1. Two-Way, Not Divided",1. Dry,"2. Blacktop, Asphalt, Bituminous",7100 MADDOX BOULEVARD,UNKWN,SC,U-VA190SC99999UK,,3. No,"0,0",,,,,,Not SENIOR,,10,25,Not SPEED,25,,,"2. No,2. No",,"0,0",6PM TO 9PM,1,1,6. Traffic Lanes Marked,1. Yes - Working,,"1,2","1. Passenger car,9. Bicycle",TOYOTA,"1. Going Straight Ahead,14. Changing Lanes",CAMRY,2009,5,5.Hampton Roads,1. No Adverse Condition (Clear/Cloudy),Not Provided,2. No,Not Provided,YOUNG
,Not ALCIHOL,Urban,0,0,,,Not UNBELTED,44,Male,B,1,BIKE,,1,1,,2. Angle,"Not Provided,Not Provided","Not Provided,Not Provided",,,,6/1/2011,6/1/2011,20. Motor Vehicle In Transport,2120,B.Visiible Injury,2011,,0,0,Virginia Beach,Urban,20. Motor Vehicle In Transport,MAIN,9PM TO 12AM,134.Virginia Beach,,Not Intersection,Reset Filters,VDOT_OTHER,Wednesday,Not DEER,"East,North",,5,1,111535043,23,Male,"B,PDO","1,2","37. Other,1. No Improper Action","3. Unavailable/Not Applicable,2. Not Deployed","4. No Test,4. No Test","1. No Defects,1. No Defects","Not Applicable,Not Applicable","1. Had Not Been Drinking,1. Had Not Been Drinking","2. No,2. No","1. Not Ejected,1. Not Ejected","Yes,NotProvided","No,No","5. Helmet,3. Lap and Shoulder Belt","1. Not Obscured,1. Not Obscured",,,,,,,,,"20,22",1. On Roadway,"0,0",,,,Not GUARDRAIL,Not HIT_RUN,"1,11",1,4. Four Approaches,,C,0,0,36.843249,36.843249,,,Not LRTRUCK,4. Darkness - Road Lighted,UNLOCATED,-76.126598,-76.126598,MAINLINE,,,,,,,,"20,22",Not MOTORCYCLE,,.,,,,,,,1,,SEC_URBAN,,,,,,,,,,,,0,1,,0,0,,,,,,,,,Not PED,,1,0,Virginia Beach,134,5,NOT-RD,9. Within Intersection,,,,1. Straight - Level,1. No Defects,"3. Two-Way, Divided, Positive Median Barrier",1. Dry,"2. Blacktop, Asphalt, Bituminous",4401 VIRGINIA BEACH BOULEVARD,UNKWN,SC,U-VA134SC99999UK,,3. No,"0,0",,,,,,Not SENIOR,,"5,20","45,45",Not SPEED,"45,45",,,"2. No,2. No",,"0,0",9PM TO 12AM,1,1,3. Traffic Signal,1. Yes - Working,,"1,2","9. Bicycle,1. Passenger car","BICYCLE,DODG","1. Going Straight Ahead,2. Making Right Turn","BICYCLE,STRATUS",20112003,5,5.Hampton Roads,1. No Adverse Condition (Clear/Cloudy),Not Provided,2. No,Not Provided,Not YOUNG