Access Control,Alcohol Notalcohol,Area Type1,A Crash,A People,Basetypedesc,Begin Node Dsc,Belted Unbelted,Bikeage,Bikegen,Bikeinjurytype,Bikevehiclenumber,Bike Nonbike,BMP,B Crash,B People,Carspeedlimit,Collision Type,Comm Cargo Body Type Cd,Comm Vehicle Body Type Cd,Cotedrouteid,Coted Mp,Count App,CRASH_DT (copy),Crash Dt,Crash Event Type Dsc,Crash Military Tm,Crash Severity,Crash Year,Curbgutterdesc,C Crash,C People,Juris Name Used,Area Type Used,First Harmful Event of Entire Crash,MAINLINE,Time Slicing Used,Phy_Juris_Nm,Offset-Ft,Intersection Analysis,Clear,Calculation_9640323132123359,Day Of Week,Deer Nodeer,Direction Of Travel Cd,Distracted Notdistracted,VSP,TOTAL CRASH,Document Nbr,Driverage,Drivergen,Driverinjurytype,Drivervehiclenumber,Driver Action Type Cd,Driver Airbag Deployment,Driver Alcohol Test Type Cd,Driver Condition Type Cd,Driver Distraction Type Cd,Driver Drinking Type Cd,Driver Drug Use Cd,Driver Ejected From Vehicle,Driver Ems Transport Ind,Driver Fled Scene Ind,Driver Safety Equip Used,Driver Vis Obscured Type Cd,Drowsy Notdrowsy,Drug Nodrug,EMP,End Node,End Node Dsc,End Offset,Facility,FAC,First Crash Event Cd,First Harmful Event,Fourth Crash Event Cd,Functionalclass,FUN,Govcondesc,Gr Nogr,Hitrun Not Hitrun,Initial Veh Impact Area Cd,Injury Crashes,Intersection Type,Int Doc,Jurtype,K_CRASH,K People,LAT (copy),LAT,Leftshoulderwidth,Length,Lgtruck Nonlgtruck,Light Condition,Located Unlocated,LON (copy),LON,MAINLINE (group),Mainline Yn,Medianleftshoulderwidth,Medianrightshoulderwidth,Mediantypedesc,Medianwidthmax,Medianwidthmin,Median Type,Most Harmful Crash Event Cd,Motor Nonmotor,Node,Node Info,Node Totaadt2011,Node Totaadt2012,Node Totaadt2013,Node Totaadt2014,Node Totaadt2015,Numberoflane,Number of Records,Offset,Ownership,Passage,Passgen,Passinjurytype,Passvehiclenumber,Pass Airbag Deployment,Pass Ejected From Vehicle,Pass Ems Transport Ind,Pass Safety Equip Used,Pavementconditionvalue,Pavementroughnessvalue,Pavementwidth,Pdo Crash,Total People Killed & Injured,Pedage,Pedestrians Injured,Pedestrians Killed,Pedgen,Pedinjurytype,Pednumber,Ped Action,Ped Al Test,Ped Cond,Ped Drink,Ped Drug,Ped Nonped,Ped Rflct,Persons Injured,Persons Killed,Physical Juris Nm,PJR,VSP_Used,Rd Type,Relation To Roadway,Rightshoulderwidth,RNS_MP (0.25 mi bin),Rns Mp,Roadway Alignment,Roadway Defect,Roadway Description,Roadway Surface Cond,Roadway Surface Type,Route Or Street Nm,Rte Category Cd,Rte Cat,Rte Nm,Ruralurbandesc,School Zone,Second Crash Event Cd,Segtotaadt2011,Segtotaadt2012,Segtotaadt2013,Segtotaadt2014,Segtotaadt2015,Senior Notsenior,Sidewalkdesc,Speed Before,Speed Max Safe,Speed Notspeed,Speed Posted,Start Node,Start Offset,Summons Issued Cd,Surfacedesc,Third Crash Event Cd,Time Slicing,Total Crashes including Property Damage Only,Total Crash,Traffic Control Type,Trfc Ctrl Status Type,Truckcommr,Vehiclenumber,Vehicle Body Type Cd,Vehicle Make Nm,Vehicle Maneuver Type Cd,Vehicle Model Nm,Vehicle Year Nbr,District,District_Used ,Weather Condition,Work Zone Location,Work Zone Related,Work Zone Type,Young Notyoung
No Access Control,Not ALCIHOL,Urban,1,1,Bituminous Concrete (Black Base),SR-00171(R)/121-00004(L)/OYSTER PT RD,Not UNBELTED,19,Male,A,1,BIKE,17.77,0,0,,2. Angle,"Not Provided,Not Provided","Not Provided,Not Provided",SR00143,17.788,4,8/18/2011,8/18/2011,22. Bicycle,2237,A.Ambulatory Injury,2011,Left and Right sides,0,0,Newport News,Urban,22. Bicycle,MAIN,9PM TO 12AM,121.Newport News,95,Intersection,Reset Filters,VDOT_OTHER,Thursday,Not DEER,"East,North",,5,1,112690118,52,Male,"A,PDO","1,2","28. Driving Without Lights,1. No Improper Action","3. Unavailable/Not Applicable,2. Not Deployed","Not Applicable,4. No Test","1. No Defects,1. No Defects","Not Applicable,Not Applicable","1. Had Not Been Drinking,1. Had Not Been Drinking","2. No,2. No","1. Not Ejected,1. Not Ejected","No,No","No,No","9. Not Applicable,3. Lap and Shoulder Belt","1. Not Obscured,1. Not Obscured",,,18,730748,ENT TO SHOP CENT(B)/,0,1,"1.Divided, no control of access","20,22",1. On Roadway,"0,0",E,E.Urban Other Principle Arterials; Connecting Links of Other Rural Principal Arterial,Urban Extensions - Primary Routes,Not GUARDRAIL,Not HIT_RUN,"5,12",1,4. Four Approaches,112690118,C,0,0,37.105075,37.105075,0,0.23,Not LRTRUCK,4. Darkness - Road Lighted,LOCATED,-76.493742,-76.493742,MAINLINE,MAIN,0,0,Curbed Grass,16,4,Divided Roadway,"20,22",Not MOTORCYCLE,646114,646114.  SR00143       SR00143       SR00171      12100004,101086,102166,92808,91207,94005,6,1,0.018,PRI_URBAN,,,,,,,,,0,112,76,0,1,,0,0,,,,,,,,,Not PED,,1,0,Newport News,121,5,NOT-RD,9. Within Intersection,0,17.75,17.79,1. Straight - Level,1. No Defects,"3. Two-Way, Divided, Positive Median Barrier",1. Dry,"2. Blacktop, Asphalt, Bituminous",JEFFERSON AVE,STPRI,SR,R-VA   SR00143NB,"Urbanized (Population 200,000 and over)",3. No,"0,0",57046,59128,51315,51258,53283,Not SENIOR,Left and Right sides,"2,45","0,0",SPEED,"0,45",646114,0,"2. No,2. No",0,"0,0",9PM TO 12AM,1,1,3. Traffic Signal,1. Yes - Working,Not a Parkway - Trucks and Commercial Vehicles Allowed,"1,2","9. Bicycle,1. Passenger car",PONTIAC,"1. Going Straight Ahead,1. Going Straight Ahead",G6,2008,5,5.Hampton Roads,1. No Adverse Condition (Clear/Cloudy),Not Provided,2. No,Not Provided,YOUNG
No Access Control,Not ALCIHOL,Urban,0,0,"N/A, Unknown, or Unstabilized",SR-00168(R)/,Not UNBELTED,24,Not Provided,B,2,BIKE,281.31,1,1,,12. Ped,"Not Provided,Not Provided","Not Provided,Not Provided",US00060,281.533,3,8/18/2011,8/18/2011,19. Ped,2326,B.Visiible Injury,2011,Left and Right sides,0,0,Norfolk,Urban,19. Ped,MAIN,9PM TO 12AM,122.Norfolk,"1,177",Intersection,Reset Filters,VDOT_OTHER,Thursday,Not DEER,"West,South",,5,1,112870068,,Not Provided,"PDO,B","1,2","34. Hit and Run,1. No Improper Action","Not Provided,5. Unknown","Not Applicable,Not Applicable","9. Unknown,1. No Defects","Not Applicable,Not Applicable","6. Unknown,1. Had Not Been Drinking","3. Unknown,2. No","Not Provided,Not Provided","NotProvided,No","Yes,No","Not Provided,Not Provided","Not Applicable,1. Not Obscured",,,282,483440,SR-00168(R)/,0.24,1,"1.Divided, no control of access","13,0",4. Roadside,"0,0",E,E.Urban Other Principle Arterials; Connecting Links of Other Rural Principal Arterial,Urban Extensions - Primary Routes,Not GUARDRAIL,HIT_RUN,"1,0",1,1. Not at Intersection,112870068,C,0,0,36.958218,36.958218,0,0.24,Not LRTRUCK,4. Darkness - Road Lighted,LOCATED,-76.256708,-76.256708,MAINLINE,MAIN,0,0,Curbed Grass,14,4,Divided Roadway,"0,0",Not MOTORCYCLE,483440,483440.  SR00168       US00060       US00060,17303,17366,17526,16890,18420,4,1,0.223,PRI_URBAN,,,,,,,,,0,200,78,0,1,,0,0,,,,,,,,,Not PED,,1,0,Norfolk,122,5,RD-UNKNOWN,1. Main-Line Roadway,0,281.5,281.53,2. Curve - Level,1. No Defects,"3. Two-Way, Divided, Positive Median Barrier",1. Dry,"2. Blacktop, Asphalt, Bituminous",300 W OCEAN VIEW AVE,USPRI,US,R-VA   US00060WB,"Urbanized (Population 200,000 and over)",3. No,"19,0",14288,13386,13510,13019,14231,Not SENIOR,Left and Right sides,"0,0","0,0",Not SPEED,"0,0",483440,0,"Not Provided,Not Provided",0,"0,0",9PM TO 12AM,1,1,6. Traffic Lanes Marked,1. Yes - Working,Not a Parkway - Trucks and Commercial Vehicles Allowed,"1,2","1. Passenger car,9. Bicycle",,"9. Ran Off Road - Right,1. Going Straight Ahead",,,5,5.Hampton Roads,1. No Adverse Condition (Clear/Cloudy),Not Provided,2. No,Not Provided,Not YOUNG
No Access Control,Not ALCIHOL,Urban,1,1,Bituminous Concrete (Black Base),GOVERNORS WAY(L)/,Not UNBELTED,33,Male,A,2,BIKE,1.14,0,0,,2. Angle,"Not Provided,Not Provided","Not Provided,Not Provided",13400012,1.462,3,8/19/2011,8/19/2011,22. Bicycle,1209,A.Ambulatory Injury,2011,Left and Right sides,0,0,Virginia Beach,Urban,22. Bicycle,MAIN,12PM TO 3PM,134.Virginia Beach,95,Intersection,Reset Filters,VDOT_OTHER,Friday,Not DEER,"South,West",,5,1,113025278,37,Male,"PDO,A","1,2","1. No Improper Action,37. Other","2. Not Deployed,3. Unavailable/Not Applicable","4. No Test,4. No Test","1. No Defects,1. No Defects","Not Applicable,Not Applicable","1. Had Not Been Drinking,1. Had Not Been Drinking","2. No,2. No","1. Not Ejected,1. Not Ejected","No,Yes","No,No","3. Lap and Shoulder Belt,9. Not Applicable","1. Not Obscured,1. Not Obscured",,,1,541271,134-08830(R)/CHIMNEY HILL PKWY,0,1,"1.Divided, no control of access","22,22",1. On Roadway,"0,0",H,H.Urban Minor Arterial,Other City or Town Streets (not state maintained),Not GUARDRAIL,Not HIT_RUN,"12,3",1,4. Four Approaches,113025278,C,0,0,36.814374,36.814374,0,0.34,Not LRTRUCK,2. Daylight,LOCATED,-76.10224,-76.10224,MAINLINE,MAIN,0,0,Curbed Grass,16,4,Divided Roadway,"22,22",Not MOTORCYCLE,541271,541271. 13400012      13400012      13408830,36018,36382,36717,35385,36098,4,1,0.018,SEC_URBAN,,,,,,,,,0,0,52,0,1,,0,0,,,,,,,,,Not PED,,1,0,Virginia Beach,134,5,NOT-RD,10. Intersection Related - Within 150 Feet,0,1.25,1.48,1. Straight - Level,1. No Defects,"2. Two-Way, Divided, Unprotected Median",1. Dry,"2. Blacktop, Asphalt, Bituminous",HOLLAND ROAD,URB,UR,R-VA134UR00012EB,"Urbanized (Population 200,000 and over)",3. No,"0,0",32876,33512,33821,32594,33183,Not SENIOR,Left and Right sides,30,35,Not SPEED,35,734989,0,"2. No,Not Provided",0,"0,0",12PM TO 3PM,1,1,3. Traffic Signal,1. Yes - Working,Not a Parkway - Trucks and Commercial Vehicles Allowed,"1,2","3. Van,9. Bicycle","DODGE,UNK","1. Going Straight Ahead,15. Other","VAN,UNK",1987,5,5.Hampton Roads,1. No Adverse Condition (Clear/Cloudy),Not Provided,2. No,Not Provided,Not YOUNG
No Access Control,Not ALCIHOL,Urban,0,0,Bituminous Concrete (Black Base),WIDGEON ROAD(R)/,Not UNBELTED,37,Female,B,2,BIKE,27.13,1,1,,2. Angle,"Not Provided,Not Provided","Not Provided,Not Provided",SR00168,27.14,3,8/19/2011,8/19/2011,22. Bicycle,2045,B.Visiible Injury,2011,Left and Right sides,0,0,Norfolk,Urban,22. Bicycle,MAIN,6PM TO 9PM,122.Norfolk,317,Intersection,Reset Filters,VDOT_OTHER,Friday,Not DEER,"North,South",,5,1,112660156,64,Female,"PDO,B","1,2","1. No Improper Action,10. Wrong Side Of Road - Not Overtaking","2. Not Deployed,3. Unavailable/Not Applicable","Not Applicable,Not Applicable","1. No Defects,1. No Defects","Not Applicable,Not Applicable","1. Had Not Been Drinking,1. Had Not Been Drinking","2. No,2. No","1. Not Ejected,1. Not Ejected","No,Yes","No,No","3. Lap and Shoulder Belt,8. No Restraint Used","1. Not Obscured,1. Not Obscured",,,27,729348,WIDGEON ROAD(R)/,0.05,1,"1.Divided, no control of access","22,20",1. On Roadway,"0,0",E,E.Urban Other Principle Arterials; Connecting Links of Other Rural Principal Arterial,Urban Extensions - Primary Routes,Not GUARDRAIL,Not HIT_RUN,"11,0",1,3. Three Approaches,112660156,C,0,0,36.901697,36.901697,0,0.05,Not LRTRUCK,4. Darkness - Road Lighted,LOCATED,-76.256369,-76.256369,MAINLINE,MAIN,0,0,Curbed (solid raised),14,4,Divided Roadway,"22,20",Not MOTORCYCLE,483423,483423.  SR00168       SR00168       SR00168N026A,36019,36314,36900,36136,40914,6,1,0.06,PRI_URBAN,,,,,,,,,0,147,76,0,1,,0,0,,,,,,,,,Not PED,,1,0,Norfolk,122,5,NOT-RD,9. Within Intersection,0,27,27.14,1. Straight - Level,1. No Defects,"2. Two-Way, Divided, Unprotected Median",1. Dry,"2. Blacktop, Asphalt, Bituminous",6900 BLK TIDEWATER DRIVE,STPRI,SR,R-VA   SR00168NB,"Urbanized (Population 200,000 and over)",3. No,"0,0",36019,33744,34330,33566,38344,Not SENIOR,Left side,"5,0","35,0",Not SPEED,"35,0",729348,0,"2. No,2. No",0,"0,0",6PM TO 9PM,1,1,3. Traffic Signal,1. Yes - Working,Not a Parkway - Trucks and Commercial Vehicles Allowed,"1,2","1. Passenger car,9. Bicycle","TOYOTA,BICYCLE","2. Making Right Turn,1. Going Straight Ahead",PRIUS,2010,5,5.Hampton Roads,1. No Adverse Condition (Clear/Cloudy),Not Provided,2. No,Not Provided,Not YOUNG
No Access Control,Not ALCIHOL,Urban,0,0,Penetration Macadam and Water Bound Macadam,US-00058(B)/,Not UNBELTED,26,Male,B,2,BIKE,0.59,1,1,,2. Angle,"Not Provided,Not Provided","Not Provided,Not Provided",13400009,0.709,4,8/21/2011,8/21/2011,20. Motor Vehicle In Transport,1310,B.Visiible Injury,2011,Left and Right sides,0,0,Virginia Beach,Urban,20. Motor Vehicle In Transport,MAIN,12PM TO 3PM,134.Virginia Beach,628,Intersection,Reset Filters,VDOT_OTHER,Sunday,Not DEER,"West,South",,5,1,112355124,44,Male,"PDO,B","1,2","11. Did Not Have Right-of-Way,1. No Improper Action","2. Not Deployed,3. Unavailable/Not Applicable","Not Applicable,Not Applicable","1. No Defects,1. No Defects","Not Applicable,Not Applicable","1. Had Not Been Drinking,1. Had Not Been Drinking","2. No,2. No","1. Not Ejected,1. Not Ejected","No,No","No,No","3. Lap and Shoulder Belt,8. No Restraint Used","1. Not Obscured,1. Not Obscured",,,1,734938,REPUBLIC ROAD(L)/LAUREL LANE(R)/,0,1,"1.Divided, no control of access","22,20",1. On Roadway,"0,0",H,H.Urban Minor Arterial,Other City or Town Streets (not state maintained),Not GUARDRAIL,Not HIT_RUN,"12,9",1,1. Not at Intersection,112355124,C,0,0,36.852546,36.852546,0,0.17,Not LRTRUCK,2. Daylight,LOCATED,-76.022407,-76.022407,MAINLINE,MAIN,0,0,Curbed Grass,16,4,Divided Roadway,"22,20",Not MOTORCYCLE,541066,541066.  US00058       US00058      13400009      13400009,63023,61504,62556,60804,62575,4,1,0.119,SEC_URBAN,,,,,,,,,0,0,52,0,1,,0,0,,,,,,,,,Not PED,,1,0,Virginia Beach,134,5,NOT-RD,"13. Driveway, Alley-Access - Related",0,0.5,0.72,1. Straight - Level,1. No Defects,"2. Two-Way, Divided, Unprotected Median",1. Dry,"2. Blacktop, Asphalt, Bituminous",754 FIRST COLONIAL RD,URB,UR,R-VA134UR00009NB,"Urbanized (Population 200,000 and over)",3. No,"0,0",36525,34557,34876,33610,35142,Not SENIOR,Left and Right sides,"1,5","35,35",Not SPEED,"35,35",541066,0,"1. Yes,2. No",0,"0,0",12PM TO 3PM,1,1,4. Stop Sign,1. Yes - Working,Not a Parkway - Trucks and Commercial Vehicles Allowed,"1,2","1. Passenger car,9. Bicycle","FORD,UNK","2. Making Right Turn,1. Going Straight Ahead","TAURUS,BICYCLE",2003,5,5.Hampton Roads,1. No Adverse Condition (Clear/Cloudy),Not Provided,2. No,Not Provided,Not YOUNG
,ALCOHOL,Urban,0,0,,,Not UNBELTED,48,Male,B,1,BIKE,,1,1,,2. Angle,"Not Provided,Not Provided","Not Provided,Not Provided",,,,8/22/2011,8/22/2011,22. Bicycle,2212,B.Visiible Injury,2011,,0,0,Newport News,Urban,22. Bicycle,MAIN,9PM TO 12AM,121.Newport News,,Not Intersection,Reset Filters,VDOT_OTHER,Monday,Not DEER,"West,South",,5,1,112910044,32,Male,"B,PDO","1,2","28. Driving Without Lights,1. No Improper Action","3. Unavailable/Not Applicable,2. Not Deployed","4. No Test,Not Applicable","8. Other,1. No Defects","Not Applicable,Not Applicable","4. Drinking - Ability Not Impaired,1. Had Not Been Drinking","3. Unknown,Not Applicable","3. Totally Ejected,1. Not Ejected","No,No","No,No","9. Not Applicable,3. Lap and Shoulder Belt","1. Not Obscured,1. Not Obscured",,,,,,,,,"20,22",1. On Roadway,"0,0",,,,Not GUARDRAIL,Not HIT_RUN,"3,1",1,3. Three Approaches,,C,0,0,36.99486,36.99486,,,Not LRTRUCK,4. Darkness - Road Lighted,UNLOCATED,-76.419527,-76.419527,MAINLINE,,,,,,,,"20,22",Not MOTORCYCLE,,.,,,,,,,1,,SEC_URBAN,,,,,,,,,,,,0,1,,0,0,,,,,,,,,Not PED,,1,0,Newport News,121,5,NOT-RD,9. Within Intersection,,,,1. Straight - Level,1. No Defects,"1. Two-Way, Not Divided",1. Dry,"2. Blacktop, Asphalt, Bituminous",41ST ST,UNKWN,SC,U-VA121SC99999UK,,3. No,"0,0",,,,,,Not SENIOR,,"8,10","25,25",Not SPEED,"25,25",,,"1. Yes,2. No",,"0,0",9PM TO 12AM,1,1,8. Yield Sign,1. Yes - Working,,"1,2","9. Bicycle,1. Passenger car",FORD,"1. Going Straight Ahead,2. Making Right Turn",VICTORIA,1998,5,5.Hampton Roads,1. No Adverse Condition (Clear/Cloudy),Not Provided,2. No,Not Provided,Not YOUNG
No Access Control,Not ALCIHOL,Urban,0,0,"N/A, Unknown, or Unstabilized",LUDWICK LN(R)/,Not UNBELTED,41,Male,B,2,BIKE,0.22,1,1,,2. Angle,"Not Provided,Not Provided","Not Provided,Not Provided",13408750,0.249,3,8/23/2011,8/23/2011,22. Bicycle,723,B.Visiible Injury,2011,Left and Right sides,0,0,Virginia Beach,Urban,22. Bicycle,MAIN,6AM TO 9AM,134.Virginia Beach,"1,315",Intersection,Reset Filters,VDOT_OTHER,Tuesday,Not DEER,"North,West",,5,1,112385052,55,Male,"PDO,B","1,2","11. Did Not Have Right-of-Way,1. No Improper Action","2. Not Deployed,3. Unavailable/Not Applicable","4. No Test,4. No Test","1. No Defects,1. No Defects","Not Applicable,Not Applicable","6. Unknown,6. Unknown","3. Unknown,3. Unknown","1. Not Ejected,2. Partially Ejected","No,No","No,No","3. Lap and Shoulder Belt,5. Helmet","12. Sun or Headlight Glare,1. Not Obscured",,,0,542345,CASSADY AVE(L)/,0,0,"0.Two-way, non-divided","22,20",1. On Roadway,"0,0",I,I.Urban Collector,Other City or Town Streets (not state maintained),Not GUARDRAIL,Not HIT_RUN,"8,11",1,2. Two Approaches,112385052,C,0,0,36.827427,36.827427,0,0.03,Not LRTRUCK,2. Daylight,LOCATED,-76.091244,-76.091244,MAINLINE,MAIN,0,0,0,0,0,Undivided Roadway,"22,20",Not MOTORCYCLE,541287,541287. 13400013      13400013      13408750,33447,32468,32768,31579,31017,2,1,0.249,SEC_URBAN,,,,,,,,,0,0,34,0,1,,0,0,,,,,,,,,Not PED,,1,0,Virginia Beach,134,5,NOT-RD,9. Within Intersection,0,0,0.25,1. Straight - Level,1. No Defects,"1. Two-Way, Not Divided",1. Dry,"2. Blacktop, Asphalt, Bituminous",SILINA DR,URB,UR,R-VA134UR08750WB,"Urbanized (Population 200,000 and over)",3. No,"0,0",7941,7379,7447,7177,6982,Not SENIOR,Left and Right sides,"5,20","25,25",Not SPEED,"25,25",542344,0,"2. No,2. No",0,"0,0",6AM TO 9AM,1,1,6. Traffic Lanes Marked,1. Yes - Working,Not a Parkway - Trucks and Commercial Vehicles Allowed,"1,2","2. Truck - Pick-up/Passenger Truck,9. Bicycle","DODG,SIENA","3. Making Left Turn,1. Going Straight Ahead","RAM,LITESPEED",20072001,5,5.Hampton Roads,1. No Adverse Condition (Clear/Cloudy),Not Provided,2. No,Not Provided,Not YOUNG
No Access Control,Not ALCIHOL,Urban,0,0,"N/A, Unknown, or Unstabilized",Dead End/,Not UNBELTED,10,Female,C,2,BIKE,0,0,0,,2. Angle,"Not Provided,Not Provided","Not Provided,Not Provided",13408827,0,4,8/24/2011,8/24/2011,20. Motor Vehicle In Transport,1803,C.Non-Visible Injury,2011,Left and Right sides,1,1,Virginia Beach,Urban,20. Motor Vehicle In Transport,MAIN,6PM TO 9PM,134.Virginia Beach,"2,798",Intersection,Reset Filters,VDOT_OTHER,Wednesday,Not DEER,"East,North",,5,1,112375030,,Not Provided,"PDO,C","1,2","34. Hit and Run,1. No Improper Action","5. Unknown,3. Unavailable/Not Applicable","Not Applicable,Not Applicable","9. Unknown,1. No Defects","Not Applicable,Not Applicable","6. Unknown,1. Had Not Been Drinking","3. Unknown,2. No","1. Not Ejected,1. Not Ejected","No,No","Yes,Yes","6. Other,6. Other","1. Not Obscured,1. Not Obscured",,,0,542551,NORTHWOOD DR(B)/,0,0,"0.Two-way, non-divided","22,20",1. On Roadway,"0,0",I,I.Urban Collector,Other City or Town Streets (not state maintained),Not GUARDRAIL,HIT_RUN,"12,9",1,4. Four Approaches,112375030,C,0,0,36.805558,36.805558,0,0.08,Not LRTRUCK,2. Daylight,LOCATED,-76.100533,-76.100533,MAINLINE,MAIN,0,0,0,0,0,Undivided Roadway,"22,20",Not MOTORCYCLE,541273,541273. 13400012      13400012      13408827      13408827,31213,32050,32346,31172,30976,2,1,0.53,SEC_URBAN,,,,,,,,,0,0,36,0,1,,0,0,,,,,,,,,Not PED,,1,0,Virginia Beach,134,5,NOT-RD,9. Within Intersection,0,0,0,1. Straight - Level,1. No Defects,"1. Two-Way, Not Divided",1. Dry,"2. Blacktop, Asphalt, Bituminous",3500 BLK CAMPION AVE,URB,UR,R-VA134UR08827WB,"Urbanized (Population 200,000 and over)",3. No,"0,0",1932,1218,1229,1185,1110,Not SENIOR,Left and Right sides,,"25,25",Not SPEED,"25,25",542550,0,"3. Pending,2. No",0,"0,0",6PM TO 9PM,1,1,4. Stop Sign,1. Yes - Working,Not a Parkway - Trucks and Commercial Vehicles Allowed,"1,2","1. Passenger car,9. Bicycle",TOYOTA,"1. Going Straight Ahead,1. Going Straight Ahead",,,5,5.Hampton Roads,1. No Adverse Condition (Clear/Cloudy),Not Provided,2. No,Not Provided,Not YOUNG
No Access Control,Not ALCIHOL,Urban,0,0,Dual Type,JB-137/NCL WILLIAMSBURG/,Not UNBELTED,48,Female,C,2,BIKE,236.75,0,0,,2. Angle,"Not Provided,Not Provided","Not Provided,Not Provided",US00060,236.962,3,8/25/2011,8/25/2011,22. Bicycle,1232,C.Non-Visible Injury,2011,Right side,1,1,Williamsburg,Urban,22. Bicycle,MAIN,12PM TO 3PM,137.Williamsburg,"2,281",Intersection,Reset Filters,VDOT_OTHER,Thursday,Not DEER,"East,North",DISTRACTED,5,1,112570485,61,Female,"PDO,C","1,2","37. Other,37. Other","2. Not Deployed,5. Unknown","4. No Test,Not Applicable","1. No Defects,1. No Defects","11. Other,Not Applicable","1. Had Not Been Drinking,6. Unknown","2. No,3. Unknown","1. Not Ejected,Not Provided","No,Yes","No,No","3. Lap and Shoulder Belt,9. Not Applicable","1. Not Obscured,1. Not Obscured",,,237,398769,JB-137/NCL WILLIAMSBURG/,0.44,1,"1.Divided, no control of access","22,0",1. On Roadway,"0,0",E,E.Urban Other Principle Arterials; Connecting Links of Other Rural Principal Arterial,Urban Extensions - Primary Routes,Not GUARDRAIL,Not HIT_RUN,"12,0",1,3. Three Approaches,112570485,C,0,0,37.306718,37.306718,6,0.41,Not LRTRUCK,2. Daylight,LOCATED,-76.729945,-76.729945,MAINLINE,MAIN,3,3,Grass/Unprotected,120,42,Divided Roadway,"22,0",Not MOTORCYCLE,398129,398129.  4700645       US00060       US00060,24206,23710,21917,21201,21594,4,1,0.432,PRI_URBAN,,,,,,,,,0,82,56,0,1,,0,0,,,,,,,,,Not PED,,1,0,Williamsburg,137,5,NOT-RD,9. Within Intersection,0,236.75,236.96,1. Straight - Level,1. No Defects,"1. Two-Way, Not Divided",1. Dry,"2. Blacktop, Asphalt, Bituminous",PATRIOT LANE,USPRI,US,R-VA   US00060EB,"Urbanized (Population 200,000 and over)",3. No,"0,0",22422,21926,20109,19393,19786,Not SENIOR,Right side,"5,5","35,35",Not SPEED,"35,35",398769,0.03,"3. Pending,3. Pending",0,"0,0",12PM TO 3PM,1,1,4. Stop Sign,1. Yes - Working,Not a Parkway - Trucks and Commercial Vehicles Allowed,"1,2","1. Passenger car,9. Bicycle","BMW,DIAMONDBAC","2. Making Right Turn,1. Going Straight Ahead","328I,WILDWOOD CITI",2008,5,5.Hampton Roads,1. No Adverse Condition (Clear/Cloudy),Not Provided,2. No,Not Provided,Not YOUNG
,Not ALCIHOL,Urban,0,0,,,Not UNBELTED,14,Female,C,2,BIKE,,0,0,,16. Other,"Not Provided,Not Provided","Not Provided,Not Provided",,,,8/25/2011,8/25/2011,22. Bicycle,1840,C.Non-Visible Injury,2011,,1,1,Virginia Beach,Urban,22. Bicycle,MAIN,6PM TO 9PM,134.Virginia Beach,,Not Intersection,Reset Filters,VDOT_OTHER,Thursday,Not DEER,"West,North",DISTRACTED,5,1,112425163,36,Female,"PDO,C","1,2","1. No Improper Action,22. Disregarded Stop or Yield Sign","2. Not Deployed,3. Unavailable/Not Applicable","Not Applicable,Not Applicable","1. No Defects,1. No Defects","Not Applicable,5. Radio/CD, etc.","1. Had Not Been Drinking,1. Had Not Been Drinking","2. No,2. No","1. Not Ejected,3. Totally Ejected","No,Yes","No,No","3. Lap and Shoulder Belt,9. Not Applicable","1. Not Obscured,1. Not Obscured",,,,,,,,,"22,20",1. On Roadway,"0,0",,,,Not GUARDRAIL,Not HIT_RUN,"10,12",1,4. Four Approaches,,C,0,0,36.817963,36.817963,,,Not LRTRUCK,2. Daylight,UNLOCATED,-76.096141,-76.096141,MAINLINE,,,,,,,,"22,20",Not MOTORCYCLE,,.,,,,,,,1,,SEC_URBAN,,,,,,,,,,,,0,1,,0,0,,,,,,,,,Not PED,,1,0,Virginia Beach,134,5,NOT-RD,9. Within Intersection,,,,1. Straight - Level,1. No Defects,"1. Two-Way, Not Divided",1. Dry,"2. Blacktop, Asphalt, Bituminous",GARFIELD AVENUE,UNKWN,SC,U-VA134SC99999UK,,3. No,"0,0",,,,,,Not SENIOR,,15,"25,25",Not SPEED,"25,25",,,"2. No,1. Yes",,"0,0",6PM TO 9PM,1,1,4. Stop Sign,1. Yes - Working,,"1,2","1. Passenger car,9. Bicycle","Honda,UNK","1. Going Straight Ahead,1. Going Straight Ahead","Civic,BICYLCE",2003,5,5.Hampton Roads,1. No Adverse Condition (Clear/Cloudy),Not Provided,2. No,Not Provided,Not YOUNG