Access Control,Alcohol Notalcohol,Area Type1,A Crash,A People,Basetypedesc,Begin Node Dsc,Belted Unbelted,Bikeage,Bikegen,Bikeinjurytype,Bikevehiclenumber,Bike Nonbike,BMP,B Crash,B People,Carspeedlimit,Collision Type,Comm Cargo Body Type Cd,Comm Vehicle Body Type Cd,Cotedrouteid,Coted Mp,Count App,CRASH_DT (copy),Crash Dt,Crash Event Type Dsc,Crash Military Tm,Crash Severity,Crash Year,Curbgutterdesc,C Crash,C People,Juris Name Used,Area Type Used,First Harmful Event of Entire Crash,MAINLINE,Time Slicing Used,Phy_Juris_Nm,Offset-Ft,Intersection Analysis,Clear,Calculation_9640323132123359,Day Of Week,Deer Nodeer,Direction Of Travel Cd,Distracted Notdistracted,VSP,TOTAL CRASH,Document Nbr,Driverage,Drivergen,Driverinjurytype,Drivervehiclenumber,Driver Action Type Cd,Driver Airbag Deployment,Driver Alcohol Test Type Cd,Driver Condition Type Cd,Driver Distraction Type Cd,Driver Drinking Type Cd,Driver Drug Use Cd,Driver Ejected From Vehicle,Driver Ems Transport Ind,Driver Fled Scene Ind,Driver Safety Equip Used,Driver Vis Obscured Type Cd,Drowsy Notdrowsy,Drug Nodrug,EMP,End Node,End Node Dsc,End Offset,Facility,FAC,First Crash Event Cd,First Harmful Event,Fourth Crash Event Cd,Functionalclass,FUN,Govcondesc,Gr Nogr,Hitrun Not Hitrun,Initial Veh Impact Area Cd,Injury Crashes,Intersection Type,Int Doc,Jurtype,K_CRASH,K People,LAT (copy),LAT,Leftshoulderwidth,Length,Lgtruck Nonlgtruck,Light Condition,Located Unlocated,LON (copy),LON,MAINLINE (group),Mainline Yn,Medianleftshoulderwidth,Medianrightshoulderwidth,Mediantypedesc,Medianwidthmax,Medianwidthmin,Median Type,Most Harmful Crash Event Cd,Motor Nonmotor,Node,Node Info,Node Totaadt2011,Node Totaadt2012,Node Totaadt2013,Node Totaadt2014,Node Totaadt2015,Numberoflane,Number of Records,Offset,Ownership,Passage,Passgen,Passinjurytype,Passvehiclenumber,Pass Airbag Deployment,Pass Ejected From Vehicle,Pass Ems Transport Ind,Pass Safety Equip Used,Pavementconditionvalue,Pavementroughnessvalue,Pavementwidth,Pdo Crash,Total People Killed & Injured,Pedage,Pedestrians Injured,Pedestrians Killed,Pedgen,Pedinjurytype,Pednumber,Ped Action,Ped Al Test,Ped Cond,Ped Drink,Ped Drug,Ped Nonped,Ped Rflct,Persons Injured,Persons Killed,Physical Juris Nm,PJR,VSP_Used,Rd Type,Relation To Roadway,Rightshoulderwidth,RNS_MP (0.25 mi bin),Rns Mp,Roadway Alignment,Roadway Defect,Roadway Description,Roadway Surface Cond,Roadway Surface Type,Route Or Street Nm,Rte Category Cd,Rte Cat,Rte Nm,Ruralurbandesc,School Zone,Second Crash Event Cd,Segtotaadt2011,Segtotaadt2012,Segtotaadt2013,Segtotaadt2014,Segtotaadt2015,Senior Notsenior,Sidewalkdesc,Speed Before,Speed Max Safe,Speed Notspeed,Speed Posted,Start Node,Start Offset,Summons Issued Cd,Surfacedesc,Third Crash Event Cd,Time Slicing,Total Crashes including Property Damage Only,Total Crash,Traffic Control Type,Trfc Ctrl Status Type,Truckcommr,Vehiclenumber,Vehicle Body Type Cd,Vehicle Make Nm,Vehicle Maneuver Type Cd,Vehicle Model Nm,Vehicle Year Nbr,District,District_Used ,Weather Condition,Work Zone Location,Work Zone Related,Work Zone Type,Young Notyoung
No Access Control,Not ALCIHOL,Urban,0,0,Dual Type,47-00658(R)/,Not UNBELTED,24,Male,C,2,BIKE,236.3,0,0,45,2. Angle,"Not Provided,Not Provided","Not Provided,Not Provided",US00060,236.379,3,11/7/2011,11/7/2011,22. Bicycle,810,C.Non-Visible Injury,2011,None,1,2,James City,Urban,22. Bicycle,MAIN,6AM TO 9AM,47.James City,470,Intersection,Reset Filters,VDOT_OTHER,Monday,Not DEER,"East,West",,5,1,120060031,77,Male,"C,C","1,2","11. Did Not Have Right-of-Way,Not Applicable","2. Not Deployed,5. Unknown","4. No Test,4. No Test","1. No Defects,1. No Defects","Not Applicable,Not Applicable","1. Had Not Been Drinking,1. Had Not Been Drinking","2. No,Not Applicable","1. Not Ejected,1. Not Ejected","No,No","No,Yes","3. Lap and Shoulder Belt,9. Not Applicable","13. Other,Not Applicable",,,237,398129,47-00645(L)/,0,1,"1.Divided, no control of access","22,22",1. On Roadway,"0,0",E,E.Urban Other Principle Arterials; Connecting Links of Other Rural Principal Arterial,State Primary and Interstate,Not GUARDRAIL,HIT_RUN,"2,7",1,1. Not at Intersection,120060031,N,0,0,37.314683,37.314683,6,0.23,Not LRTRUCK,2. Daylight,LOCATED,-76.733364,-76.733364,MAINLINE,MAIN,4,4,Grass/Unprotected,120,42,Divided Roadway,"22,22",Not MOTORCYCLE,398156,398156.  4700658       US00060       US00060,22859,22354,21158,20404,20818,4,1,0.089,VDOT_PRI,,,,,,,,,0,92,42,0,2,,0,0,,,,,,,,,Not PED,,2,0,James City,47,5,NOT-RD,"13. Driveway, Alley-Access - Related",6,236.25,236.38,1. Straight - Level,1. No Defects,"1. Two-Way, Not Divided",1. Dry,"2. Blacktop, Asphalt, Bituminous",5521 RICHMON ROAD,USPRI,US,R-VA   US00060EB,"Urbanized (Population 200,000 and over)",3. No,"0,0",22422,21926,20109,19393,19786,SENIOR,None,"5,0","25,0",Not SPEED,"25,0",398156,0.01,"2. No,2. No",0,"0,0",6AM TO 9AM,1,1,4. Stop Sign,1. Yes - Working,Not a Parkway - Trucks and Commercial Vehicles Allowed,"1,2","1. Passenger car,9. Bicycle",BUIC,"16. Entering Street From Parking Lot,1. Going Straight Ahead",4DR,1999,5,5.Hampton Roads,1. No Adverse Condition (Clear/Cloudy),Not Provided,2. No,Not Provided,Not YOUNG
,Not ALCIHOL,Urban,0,0,,,Not UNBELTED,54,Male,C,2,BIKE,,0,0,,2. Angle,"Not Provided,Not Provided","Not Provided,Not Provided",,,,11/7/2011,11/7/2011,22. Bicycle,1155,C.Non-Visible Injury,2011,,1,1,Virginia Beach,Urban,22. Bicycle,MAIN,9AM TO 12PM,134.Virginia Beach,,Not Intersection,Reset Filters,VDOT_OTHER,Monday,Not DEER,"North,South",DISTRACTED,5,1,113125037,49,Male,"PDO,C","1,2","37. Other,1. No Improper Action","2. Not Deployed,3. Unavailable/Not Applicable","Not Applicable,Not Applicable","1. No Defects,1. No Defects","11. Other,Not Applicable","1. Had Not Been Drinking,1. Had Not Been Drinking","Not Applicable,Not Applicable","1. Not Ejected,1. Not Ejected","NotProvided,Yes","No,No","3. Lap and Shoulder Belt,8. No Restraint Used","1. Not Obscured,1. Not Obscured",,,,,,,,,"22,20",1. On Roadway,"0,0",,,,Not GUARDRAIL,Not HIT_RUN,"12,9",1,3. Three Approaches,,C,0,0,36.804973,36.804973,,,Not LRTRUCK,2. Daylight,UNLOCATED,-76.081803,-76.081803,MAINLINE,,,,,,,,"22,20",Not MOTORCYCLE,,.,,,,,,,1,,SEC_URBAN,,,,,,,,,,,,0,1,,0,0,,,,,,,,,Not PED,,1,0,Virginia Beach,134,5,NOT-RD,9. Within Intersection,,,,1. Straight - Level,1. No Defects,"3. Two-Way, Divided, Positive Median Barrier",1. Dry,"2. Blacktop, Asphalt, Bituminous",800 FERN RIDGE RD,UNKWN,SC,U-VA134SC99999UK,,3. No,"0,0",,,,,,Not SENIOR,,"5,10","45,45",Not SPEED,"45,45",,,"1. Yes,2. No",,"0,0",9AM TO 12PM,1,1,4. Stop Sign,1. Yes - Working,,"1,2","3. Van,9. Bicycle","TOYOTA,ROADMASTER","2. Making Right Turn,1. Going Straight Ahead","SIENNA,10SPD MOUNTAIN BIKE",20041995,5,5.Hampton Roads,1. No Adverse Condition (Clear/Cloudy),Not Provided,2. No,Not Provided,Not YOUNG
,ALCOHOL,Urban,0,0,,,Not UNBELTED,45,Female,C,2,BIKE,,0,0,,2. Angle,"Not Provided,Not Provided","Not Provided,Not Provided",,,,11/7/2011,11/7/2011,20. Motor Vehicle In Transport,1300,C.Non-Visible Injury,2011,,1,1,Virginia Beach,Urban,20. Motor Vehicle In Transport,MAIN,12PM TO 3PM,134.Virginia Beach,,Not Intersection,Reset Filters,VDOT_OTHER,Monday,Not DEER,"South,West",DISTRACTED,5,1,113125032,27,Female,"PDO,C","1,2","1. No Improper Action,1. No Improper Action","2. Not Deployed,3. Unavailable/Not Applicable","4. No Test,4. No Test","1. No Defects,1. No Defects","11. Other,11. Other","1. Had Not Been Drinking,5. Drinking - Not Known Whether Impaired","2. No,2. No","1. Not Ejected,1. Not Ejected","No,Yes","No,No","3. Lap and Shoulder Belt,9. Not Applicable","1. Not Obscured,1. Not Obscured",,,,,,,,,"20,22",1. On Roadway,"0,0",,,,Not GUARDRAIL,Not HIT_RUN,"10,12",1,3. Three Approaches,,C,0,0,36.850494,36.850494,,,Not LRTRUCK,2. Daylight,UNLOCATED,-76.160794,-76.160794,MAINLINE,,,,,,,,"20,20",Not MOTORCYCLE,,.,,,,,,,1,,SEC_URBAN,,,,,,,,,,,,0,1,,0,0,,,,,,,,,Not PED,,1,0,Virginia Beach,134,5,NOT-RD,9. Within Intersection,,,,1. Straight - Level,1. No Defects,"1. Two-Way, Not Divided",1. Dry,"2. Blacktop, Asphalt, Bituminous",420 PERRIGRINE ST,UNKWN,SC,U-VA134SC99999UK,,3. No,"0,20",,,,,,Not SENIOR,,"25,5","25,25",Not SPEED,"25,25",,,"2. No,2. No",,"0,0",12PM TO 3PM,1,1,4. Stop Sign,1. Yes - Working,,"1,2","1. Passenger car,9. Bicycle","Chrysler,HUFFY","1. Going Straight Ahead,1. Going Straight Ahead","PT Cruiser,MOUNTAIN BIKE",20082004,5,5.Hampton Roads,1. No Adverse Condition (Clear/Cloudy),Not Provided,2. No,Not Provided,Not YOUNG
No Access Control,Not ALCIHOL,Urban,0,0,Bituminous Concrete (Black Base),US-00460(B)/SUBURBAN PKWY,Not UNBELTED,47,Female,C,2,BIKE,0,0,0,,2. Angle,"Not Provided,Not Provided","Not Provided,Not Provided",12208625,0,3,11/8/2011,11/8/2011,22. Bicycle,1341,C.Non-Visible Injury,2011,Left and Right sides,1,1,Norfolk,Urban,22. Bicycle,MAIN,12PM TO 3PM,122.Norfolk,0,Intersection,Reset Filters,VDOT_OTHER,Tuesday,Not DEER,"North,South",,5,1,120180645,49,Female,"PDO,C","1,2","22. Disregarded Stop or Yield Sign,1. No Improper Action","2. Not Deployed,5. Unknown","Not Applicable,Not Applicable","1. No Defects,1. No Defects","Not Applicable,Not Applicable","Not Applicable,Not Applicable","Not Applicable,Not Applicable","1. Not Ejected,1. Not Ejected","No,No","No,No","3. Lap and Shoulder Belt,9. Not Applicable","1. Not Obscured,1. Not Obscured",,,0,485643,MIDFIELD STREET(R)/,0,0,"0.Two-way, non-divided","22,20",1. On Roadway,"0,0",I,I.Urban Collector,Other City or Town Streets (not state maintained),Not GUARDRAIL,Not HIT_RUN,"2,9",1,3. Three Approaches,120180645,C,0,0,36.911979,36.911979,0,0.14,Not LRTRUCK,2. Daylight,LOCATED,-76.273719,-76.273719,MAINLINE,MAIN,0,0,0,0,0,Undivided Roadway,"22,20",Not MOTORCYCLE,483746,483746.  US00460       US00460      12208625,29344,32531,32831,31640,29031,2,1,0,SEC_URBAN,,,,,,,,,0,0,30,0,1,,0,0,,,,,,,,,Not PED,,1,0,Norfolk,122,5,NOT-RD,1. Main-Line Roadway,0,0,0,1. Straight - Level,1. No Defects,5. Unknown,1. Dry,"2. Blacktop, Asphalt, Bituminous",110 suburban pkwyu,URB,UR,R-VA122UR08625WB,"Urbanized (Population 200,000 and over)",3. No,"0,0",1601,1519,1533,1477,1211,Not SENIOR,Left and Right sides,"10,2","25,25",Not SPEED,"25,25",483746,0,"1. Yes,2. No",0,"0,0",12PM TO 3PM,1,1,4. Stop Sign,1. Yes - Working,Not a Parkway - Trucks and Commercial Vehicles Allowed,"1,2","1. Passenger car,9. Bicycle","infiniti,next","2. Making Right Turn,1. Going Straight Ahead","g2,mountain bike",19992001,5,5.Hampton Roads,1. No Adverse Condition (Clear/Cloudy),Not Provided,2. No,Not Provided,Not YOUNG
No Access Control,Not ALCIHOL,Urban,1,1,Bituminous Concrete (Black Base),TULIP DRIVE(L)/,Not UNBELTED,55,Male,A,1,BIKE,1.56,0,0,,2. Angle,"Not Provided,Not Provided","Not Provided,Not Provided",SR00173,1.592,4,5/23/2012,5/23/2012,19. Ped,1512,A.Ambulatory Injury,2012,Left and Right sides,0,0,Newport News,Urban,19. Ped,MAIN,3PM TO 6PM,121.Newport News,"1,204",Intersection,Reset Filters,VDOT_OTHER,Wednesday,Not DEER,"South,West",,5,1,122510052,41,Male,"A,PDO","1,2","6. Overtaking at Intersection,1. No Improper Action","3. Unavailable/Not Applicable,2. Not Deployed","Not Applicable,Not Applicable","1. No Defects,1. No Defects","Not Applicable,Not Applicable","1. Had Not Been Drinking,1. Had Not Been Drinking","2. No,2. No","3. Totally Ejected,1. Not Ejected","Yes,No","No,No","8. No Restraint Used,3. Lap and Shoulder Belt","1. Not Obscured,1. Not Obscured",,,2,646152,TULIP DRIVE(L)/,0.05,0,"0.Two-way, non-divided","20,19",1. On Roadway,"0,0",I,I.Urban Collector,Urban Extensions - Primary Routes,Not GUARDRAIL,Not HIT_RUN,"8,11",1,1. Not at Intersection,122510052,C,0,0,37.127648,37.127648,0,0.05,Not LRTRUCK,2. Daylight,LOCATED,-76.540092,-76.540092,MAINLINE,MAIN,0,0,0,0,0,Undivided Roadway,"20,19",Not MOTORCYCLE,646057,646057.  SR00173       SR00173       US00060       US00060,59440,58071,60855,59198,60434,4,1,0.228,PRI_URBAN,,,,,,,,,3.2,0,52,0,1,,0,0,,,,,,,,,Not PED,,1,0,Newport News,121,5,NOT-RD,11. Intersection Related - Outside 150 Feet,0,1.5,1.59,1. Straight - Level,1. No Defects,"1. Two-Way, Not Divided",1. Dry,"2. Blacktop, Asphalt, Bituminous",DENBIGH BLVD,STPRI,SR,R-VA   SR00173EB,"Urbanized (Population 200,000 and over)",3. No,"0,0",17541,17153,15561,15007,15311,Not SENIOR,Left and Right sides,"0,35","0,35",Not SPEED,"0,35",646152,0,"1. Yes,2. No",0,"0,0",3PM TO 6PM,1,1,3. Traffic Signal,1. Yes - Working,Not a Parkway - Trucks and Commercial Vehicles Allowed,"1,2","9. Bicycle,1. Passenger car",LINCOLN,"16. Entering Street From Parking Lot,1. Going Straight Ahead",MARK VII,1993,5,5.Hampton Roads,1. No Adverse Condition (Clear/Cloudy),Not Provided,2. No,Not Provided,Not YOUNG
No Access Control,Not ALCIHOL,Urban,0,0,"N/A, Unknown, or Unstabilized",134-00011(B)/EDWIN DR,Not UNBELTED,44,Male,B,1,BIKE,1.73,1,1,,2. Angle,"Not Provided,Not Provided","Not Provided,Not Provided",13408737,1.751,4,5/23/2012,5/23/2012,22. Bicycle,2015,B.Visiible Injury,2012,Left and Right sides,0,0,Virginia Beach,Urban,22. Bicycle,MAIN,6PM TO 9PM,134.Virginia Beach,111,Intersection,Reset Filters,VDOT_OTHER,Wednesday,Not DEER,"South,West",DISTRACTED,5,1,121475142,,Male,"B,PDO","1,2","1. No Improper Action,11. Did Not Have Right-of-Way","3. Unavailable/Not Applicable,Not Provided","4. No Test,4. No Test","1. No Defects,1. No Defects","Not Applicable,6. Cell Phone","1. Had Not Been Drinking,6. Unknown","2. No,3. Unknown","1. Not Ejected,Not Provided","No,NotProvided","No,Yes","6. Other,Not Provided","1. Not Obscured,1. Not Obscured",,,2,542222,MT TRASHMORE PK(R)/,0,1,"1.Divided, no control of access","20,22",1. On Roadway,"0,0",I,I.Urban Collector,Other City or Town Streets (not state maintained),Not GUARDRAIL,HIT_RUN,"9,12",1,4. Four Approaches,121475142,C,0,0,36.826486,36.826486,0,0.3,Not LRTRUCK,4. Darkness - Road Lighted,LOCATED,-76.13089,-76.13089,MAINLINE,MAIN,0,0,Grass/Unprotected,6,3,Divided Roadway,"20,22",Not MOTORCYCLE,541267,541267. 13400011      13400011      13408737      13408737,81124,79622,80357,77440,82422,4,1,0.021,SEC_URBAN,,,,,,,,,0,0,48,0,1,,0,0,,,,,,,,,Not PED,,1,0,Virginia Beach,134,5,NOT-RD,9. Within Intersection,0,1.75,1.75,1. Straight - Level,1. No Defects,"2. Two-Way, Divided, Unprotected Median",1. Dry,"2. Blacktop, Asphalt, Bituminous",498 INDEPENDENCE BL S,URB,UR,R-VA134UR08737NB,"Urbanized (Population 200,000 and over)",3. No,"0,42",4774,6469,6529,6292,6167,Not SENIOR,None,5,"45,45",Not SPEED,"45,45",541267,0,"2. No,3. Pending",0,"0,0",6PM TO 9PM,1,1,3. Traffic Signal,1. Yes - Working,Not a Parkway - Trucks and Commercial Vehicles Allowed,"1,2","9. Bicycle,22. Truck - Sport Utility Vehicle (SUV)","HUFFY,JEEP","1. Going Straight Ahead,2. Making Right Turn","PROSPECT,WRANGLER",20101997,5,5.Hampton Roads,1. No Adverse Condition (Clear/Cloudy),Not Provided,2. No,Not Provided,Not YOUNG
,Not ALCIHOL,Urban,0,0,,,Not UNBELTED,18,Male,B,2,BIKE,,1,1,,2. Angle,"Not Provided,Not Provided","Not Provided,Not Provided",,,,5/24/2012,5/24/2012,22. Bicycle,930,B.Visiible Injury,2012,,0,0,Virginia Beach,Urban,22. Bicycle,MAIN,9AM TO 12PM,134.Virginia Beach,,Not Intersection,Reset Filters,VDOT_OTHER,Thursday,Not DEER,"South,East",,5,1,121505027,54,Male,"PDO,B","1,2","1. No Improper Action,37. Other","2. Not Deployed,3. Unavailable/Not Applicable","4. No Test,4. No Test","1. No Defects,1. No Defects","Not Applicable,Not Applicable","1. Had Not Been Drinking,1. Had Not Been Drinking","2. No,2. No","1. Not Ejected,3. Totally Ejected","NotProvided,Yes","No,No","3. Lap and Shoulder Belt,9. Not Applicable","13. Other,13. Other",,,,,,,,,"22,20",1. On Roadway,"0,0",,,,Not GUARDRAIL,Not HIT_RUN,"12,9",1,3. Three Approaches,,C,0,0,36.773884,36.773884,,,Not LRTRUCK,2. Daylight,UNLOCATED,-75.978516,-75.978516,MAINLINE,,,,,,,,"22,20",Not MOTORCYCLE,,.,,,,,,,1,,SEC_URBAN,,,,,,,,,,,,0,1,,0,0,,,,,,,,,Not PED,,1,0,Virginia Beach,134,5,NOT-RD,9. Within Intersection,,,,1. Straight - Level,1. No Defects,"1. Two-Way, Not Divided",1. Dry,"2. Blacktop, Asphalt, Bituminous",1798 CHAKA LANE,UNKWN,SC,U-VA134SC99999UK,,3. No,"0,0",,,,,,Not SENIOR,,"10,1","25,25",Not SPEED,"25,25",,,"2. No,2. No",,"0,0",9AM TO 12PM,1,1,4. Stop Sign,1. Yes - Working,,"1,2","22. Truck - Sport Utility Vehicle (SUV),9. Bicycle","FORD,UNKNOWN","2. Making Right Turn,15. Other","EXPLORER,BICYCLE",2000,5,5.Hampton Roads,1. No Adverse Condition (Clear/Cloudy),Not Provided,2. No,Not Provided,YOUNG
No Access Control,Not ALCIHOL,Urban,0,0,"N/A, Unknown, or Unstabilized",122-08620(R)/SHEPPARD AV,Not UNBELTED,11,Female,B,2,BIKE,28.62,1,1,,4. Sideswipe - Same Direction,"Not Provided,Not Provided","Not Provided,Not Provided",SR00168,28.666,3,5/25/2012,5/25/2012,19. Ped,1718,B.Visiible Injury,2012,Left and Right sides,0,0,Norfolk,Urban,19. Ped,MAIN,3PM TO 6PM,122.Norfolk,243,Intersection,Reset Filters,VDOT_OTHER,Friday,Not DEER,"South,Not Provided",DISTRACTED,5,1,122350197,36,Female,"PDO,B","1,2","1. No Improper Action,10. Wrong Side Of Road - Not Overtaking","2. Not Deployed,Not Provided","4. No Test,Not Applicable","Not Applicable,1. No Defects","3. Looking at Scenery,3. Looking at Scenery","1. Had Not Been Drinking,Not Applicable","2. No,2. No","1. Not Ejected,Not Provided","No,Yes","No,No","3. Lap and Shoulder Belt,9. Not Applicable","1. Not Obscured,1. Not Obscured",,,29,483436,122-08618(B)/BAYVIEW BLVD,0,0,"0.Two-way, non-divided","19,0",1. On Roadway,"0,0",H,H.Urban Minor Arterial,Urban Extensions - Primary Routes,Not GUARDRAIL,Not HIT_RUN,"1,0",1,1. Not at Intersection,122350197,C,0,0,36.923383,36.923383,0,0.81,Not LRTRUCK,2. Daylight,LOCATED,-76.252672,-76.252672,MAINLINE,MAIN,0,0,0,0,0,Undivided Roadway,"19,0",Not MOTORCYCLE,483435,483435.  SR00168       SR00168      12208620,18378,18353,18523,17850,15821,4,1,0.046,PRI_URBAN,,,,,,,,,0,241,52,0,1,,0,0,,,,,,,,,Not PED,,1,0,Norfolk,122,5,NOT-RD,8. Non-Intersection,0,28.5,28.67,1. Straight - Level,1. No Defects,"2. Two-Way, Divided, Unprotected Median",1. Dry,1. Concrete,8300 TIDEWATER DR,STPRI,SR,R-VA   SR00168SB,"Urbanized (Population 200,000 and over)",3. No,"0,0",17747,17777,17941,17290,15319,Not SENIOR,None,"40,2","40,3",Not SPEED,"40,40",483435,0,"2. No,2. No",0,"0,0",3PM TO 6PM,1,1,6. Traffic Lanes Marked,6. No Traffic Control Device Present,Not a Parkway - Trucks and Commercial Vehicles Allowed,"1,2","1. Passenger car,9. Bicycle","MITS,BICYCLE","1. Going Straight Ahead,1. Going Straight Ahead",DIAMANTE,2001,5,5.Hampton Roads,1. No Adverse Condition (Clear/Cloudy),Not Provided,2. No,Not Provided,Not YOUNG
No Access Control,Not ALCIHOL,Urban,1,1,"N/A, Unknown, or Unstabilized",114-07039(L)/NORTH KING STREET(R)/KING ST,Not UNBELTED,43,Male,A,1,BIKE,5.82,0,0,,4. Sideswipe - Same Direction,"Not Provided,Not Provided","Not Provided,Not Provided",SR00351,5.922,3,5/26/2012,5/26/2012,6. Parked Vehicle,716,A.Ambulatory Injury,2012,Left and Right sides,0,0,Hampton,Urban,6. Parked Vehicle,MAIN,6AM TO 9AM,114.Hampton,"1,172",Intersection,Reset Filters,VDOT_OTHER,Saturday,Not DEER,"West,Not Provided",DISTRACTED,5,1,122410072,,Male,"A,PDO","1,2","40. Fail to Maintain Proper Control,Not Applicable","3. Unavailable/Not Applicable,Not Provided","4. No Test,Not Applicable","1. No Defects,Not Applicable","7. Eyes Not on Road,Not Applicable","1. Had Not Been Drinking,Not Applicable","2. No,Not Applicable","3. Totally Ejected,Not Provided","Yes,NotProvided","No,No","9. Not Applicable,Not Provided","1. Not Obscured,Not Applicable",,,6,253173,114-07039(L)/NORTH KING STREET(R)/KING ST,0.34,1,"1.Divided, no control of access","6,22",1. On Roadway,"0,0",H,H.Urban Minor Arterial,Urban Extensions - Primary Routes,Not GUARDRAIL,Not HIT_RUN,"0,9",1,1. Not at Intersection,122410072,C,0,0,37.031002,37.031002,0,0.22,Not LRTRUCK,2. Daylight,LOCATED,-76.341727,-76.341727,MAINLINE,MAIN,0,0,Curbed Grass,22,8,Divided Roadway,"6,22",Not MOTORCYCLE,253173,253173.  SR00351       SR00351      11407039,13796,13491,12764,12310,12559,2,1,0.222,PRI_URBAN,,,,,,,,,0,96,48,0,1,,0,0,,,,,,,,,Not PED,,1,0,Hampton,114,5,NOT-RD,8. Non-Intersection,0,5.75,5.92,1. Straight - Level,1. No Defects,"3. Two-Way, Divided, Positive Median Barrier",1. Dry,1. Concrete,309 E PEMBROKE AVE,STPRI,SR,R-VA   SR00351WB,"Urbanized (Population 200,000 and over)",3. No,"0,0",9904,9685,9052,8730,8907,Not SENIOR,Left and Right sides,"17,0","35,35",Not SPEED,"35,35",253173,0.12,"1. Yes,Not Provided",0,"0,0",6AM TO 9AM,1,1,1. No Traffic Control,6. No Traffic Control Device Present,Not a Parkway - Trucks and Commercial Vehicles Allowed,"1,2","9. Bicycle,1. Passenger car","CON,DODGE","1. Going Straight Ahead,11. Parked","CA09 BIKE,NEON",1999,5,5.Hampton Roads,1. No Adverse Condition (Clear/Cloudy),Not Provided,2. No,Not Provided,Not YOUNG
No Access Control,Not ALCIHOL,Rural,0,0,"Stabilized with Selected Material (Soil,Gravel,Stone,etc.)",01-00795(R)/,Not UNBELTED,20,Female,B,2,BIKE,3.21,1,1,,2. Angle,"Not Provided,Not Provided","Not Provided,Not Provided",100679,3.213,3,5/26/2012,5/26/2012,20. Motor Vehicle In Transport,1330,B.Visiible Injury,2012,None,0,0,Accomack,Rural,20. Motor Vehicle In Transport,MAIN,12PM TO 3PM,1.Accomack,16,Intersection,Reset Filters,VDOT_OTHER,Saturday,Not DEER,"East,South",DISTRACTED,5,1,121495080,51,Female,"PDO,B","1,2","1. No Improper Action,40. Fail to Maintain Proper Control","2. Not Deployed,3. Unavailable/Not Applicable","4. No Test,4. No Test","1. No Defects,1. No Defects","14. No Driver Distraction,7. Eyes Not on Road","1. Had Not Been Drinking,1. Had Not Been Drinking","2. No,2. No","1. Not Ejected,Not Provided","No,Yes","No,No","3. Lap and Shoulder Belt,9. Not Applicable","1. Not Obscured,1. Not Obscured",,,4,105346,SR-00187(B)/,0,0,"0.Two-way, non-divided","22,20",1. On Roadway,"0,0",4,4.Rural Major Collector,State Secondary,Not GUARDRAIL,Not HIT_RUN,"11,12",1,1. Not at Intersection,121495080,N,0,0,37.795415,37.795415,3,1.26,Not LRTRUCK,2. Daylight,LOCATED,-75.581249,-75.581249,MAINLINE,MAIN,0,0,0,0,0,Undivided Roadway,"22,20",Not MOTORCYCLE,105345,105345.  0100679       0100679       0100795,436,439,443,414,417,2,1,0.003,VDOT_SEC,,,,,,,,,0,0,0,0,1,,0,0,,,,,,,,,Not PED,,1,0,Accomack,1,5,NOT-RD,"13. Driveway, Alley-Access - Related",3,3,3.21,1. Straight - Level,1. No Defects,"1. Two-Way, Not Divided",1. Dry,"2. Blacktop, Asphalt, Bituminous",ROUTE 795,SEC,SC,R-VA001SC00679NB,Rural,3. No,"0,0",371,374,378,349,352,Not SENIOR,None,"25,10","25,25",Not SPEED,"25,25",105345,0,"2. No,1. Yes",Paved (unofficial definition),"0,0",12PM TO 3PM,1,1,1. No Traffic Control,6. No Traffic Control Device Present,Not a Parkway - Trucks and Commercial Vehicles Allowed,"1,2","1. Passenger car,9. Bicycle","Chrysler,HUFFY","1. Going Straight Ahead,6. Merging Into Traffic Lane","300-Series,BICYCLE",2007,5,5.Hampton Roads,1. No Adverse Condition (Clear/Cloudy),Not Provided,2. No,Not Provided,YOUNG