Access Control,Alcohol Notalcohol,Area Type1,A Crash,A People,Basetypedesc,Begin Node Dsc,Belted Unbelted,Bikeage,Bikegen,Bikeinjurytype,Bikevehiclenumber,Bike Nonbike,BMP,B Crash,B People,Carspeedlimit,Collision Type,Comm Cargo Body Type Cd,Comm Vehicle Body Type Cd,Cotedrouteid,Coted Mp,Count App,CRASH_DT (copy),Crash Dt,Crash Event Type Dsc,Crash Military Tm,Crash Severity,Crash Year,Curbgutterdesc,C Crash,C People,Juris Name Used,Area Type Used,First Harmful Event of Entire Crash,MAINLINE,Time Slicing Used,Phy_Juris_Nm,Offset-Ft,Intersection Analysis,Clear,Calculation_9640323132123359,Day Of Week,Deer Nodeer,Direction Of Travel Cd,Distracted Notdistracted,VSP,TOTAL CRASH,Document Nbr,Driverage,Drivergen,Driverinjurytype,Drivervehiclenumber,Driver Action Type Cd,Driver Airbag Deployment,Driver Alcohol Test Type Cd,Driver Condition Type Cd,Driver Distraction Type Cd,Driver Drinking Type Cd,Driver Drug Use Cd,Driver Ejected From Vehicle,Driver Ems Transport Ind,Driver Fled Scene Ind,Driver Safety Equip Used,Driver Vis Obscured Type Cd,Drowsy Notdrowsy,Drug Nodrug,EMP,End Node,End Node Dsc,End Offset,Facility,FAC,First Crash Event Cd,First Harmful Event,Fourth Crash Event Cd,Functionalclass,FUN,Govcondesc,Gr Nogr,Hitrun Not Hitrun,Initial Veh Impact Area Cd,Injury Crashes,Intersection Type,Int Doc,Jurtype,K_CRASH,K People,LAT (copy),LAT,Leftshoulderwidth,Length,Lgtruck Nonlgtruck,Light Condition,Located Unlocated,LON (copy),LON,MAINLINE (group),Mainline Yn,Medianleftshoulderwidth,Medianrightshoulderwidth,Mediantypedesc,Medianwidthmax,Medianwidthmin,Median Type,Most Harmful Crash Event Cd,Motor Nonmotor,Node,Node Info,Node Totaadt2011,Node Totaadt2012,Node Totaadt2013,Node Totaadt2014,Node Totaadt2015,Numberoflane,Number of Records,Offset,Ownership,Passage,Passgen,Passinjurytype,Passvehiclenumber,Pass Airbag Deployment,Pass Ejected From Vehicle,Pass Ems Transport Ind,Pass Safety Equip Used,Pavementconditionvalue,Pavementroughnessvalue,Pavementwidth,Pdo Crash,Total People Killed & Injured,Pedage,Pedestrians Injured,Pedestrians Killed,Pedgen,Pedinjurytype,Pednumber,Ped Action,Ped Al Test,Ped Cond,Ped Drink,Ped Drug,Ped Nonped,Ped Rflct,Persons Injured,Persons Killed,Physical Juris Nm,PJR,VSP_Used,Rd Type,Relation To Roadway,Rightshoulderwidth,RNS_MP (0.25 mi bin),Rns Mp,Roadway Alignment,Roadway Defect,Roadway Description,Roadway Surface Cond,Roadway Surface Type,Route Or Street Nm,Rte Category Cd,Rte Cat,Rte Nm,Ruralurbandesc,School Zone,Second Crash Event Cd,Segtotaadt2011,Segtotaadt2012,Segtotaadt2013,Segtotaadt2014,Segtotaadt2015,Senior Notsenior,Sidewalkdesc,Speed Before,Speed Max Safe,Speed Notspeed,Speed Posted,Start Node,Start Offset,Summons Issued Cd,Surfacedesc,Third Crash Event Cd,Time Slicing,Total Crashes including Property Damage Only,Total Crash,Traffic Control Type,Trfc Ctrl Status Type,Truckcommr,Vehiclenumber,Vehicle Body Type Cd,Vehicle Make Nm,Vehicle Maneuver Type Cd,Vehicle Model Nm,Vehicle Year Nbr,District,District_Used ,Weather Condition,Work Zone Location,Work Zone Related,Work Zone Type,Young Notyoung
No Access Control,ALCOHOL,Urban,1,1,Bituminous Concrete (Black Base),FOUNDRY LANE(R)/,Not UNBELTED,43,Male,A,2,BIKE,504.16,0,0,55,2. Angle,"Not Provided,Not Provided","Not Provided,Not Provided",US00058,504.712,4,5/26/2012,5/26/2012,20. Motor Vehicle In Transport,2142,A.Ambulatory Injury,2012,Left and Right sides,0,0,Virginia Beach,Urban,20. Motor Vehicle In Transport,MAIN,9PM TO 12AM,134.Virginia Beach,"2,682",Intersection,Reset Filters,VDOT_OTHER,Saturday,Not DEER,"West,South",,5,1,121535180,36,Male,"PDO,A","1,2","1. No Improper Action,11. Did Not Have Right-of-Way","2. Not Deployed,Not Provided","2. Breath,4. No Test","1. No Defects,1. No Defects","14. No Driver Distraction,14. No Driver Distraction","3. Drinking - Ability Impaired,2. Drinking - Obviously Drunk","2. No,2. No","1. Not Ejected,Not Provided","No,Yes","No,No","3. Lap and Shoulder Belt,Not Provided","9. Hillcrest,9. Hillcrest",,,505,541073,SR-00279(L)/134-08685(R)/GR NECK RD,0,1,"1.Divided, no control of access","22,20",1. On Roadway,"0,0",E,E.Urban Other Principle Arterials; Connecting Links of Other Rural Principal Arterial,Urban Extensions - Primary Routes,Not GUARDRAIL,Not HIT_RUN,"12,9",1,1. Not at Intersection,121535180,C,0,0,36.841267,36.841267,0,1.06,Not LRTRUCK,4. Darkness - Road Lighted,LOCATED,-76.057259,-76.057259,MAINLINE,MAIN,0,0,Curbed Grass,28,4,Divided Roadway,"22,20",Not MOTORCYCLE,541073,541073.  SR00279       US00058       US00058      13408685,72812,72157,72823,70180,68463,8,1,0.508,PRI_URBAN,,,,,,,,,0,151,99,0,1,,0,0,,,,,,,,,Not PED,,1,0,Virginia Beach,134,5,NOT-RD,8. Non-Intersection,0,504.75,504.8,5. Hillcrest - Straight,1. No Defects,"2. Two-Way, Divided, Unprotected Median",1. Dry,1. Concrete,2501 VIRGINIA BEACH BLVD,USPRI,US,R-VA   US00058WB,"Urbanized (Population 200,000 and over)",3. No,"0,0",48198,41600,41984,40460,41278,Not SENIOR,Left and Right sides,"40,5","45,45",Not SPEED,"45,45",541074,0,"1. Yes,2. No",0,"0,0",9PM TO 12AM,1,1,6. Traffic Lanes Marked,1. Yes - Working,Not a Parkway - Trucks and Commercial Vehicles Allowed,"1,2","1. Passenger car,9. Bicycle",Chevrolet,"1. Going Straight Ahead,15. Other","Impala,BICYCLE",2009,5,5.Hampton Roads,1. No Adverse Condition (Clear/Cloudy),Not Provided,2. No,Not Provided,Not YOUNG
No Access Control,ALCOHOL,Urban,0,0,"N/A, Unknown, or Unstabilized",LION AVE(R)/,Not UNBELTED,40,Not Provided,B,2,BIKE,35.93,1,1,,2. Angle,"Not Provided,Not Provided","Not Provided,Not Provided",SR00165,35.975,4,5/26/2012,5/26/2012,22. Bicycle,117,B.Visiible Injury,2012,Left and Right sides,0,0,Norfolk,Urban,22. Bicycle,MAIN,0AM TO 3AM,122.Norfolk,26,Intersection,Reset Filters,VDOT_OTHER,Saturday,Not DEER,"West,South",,5,1,121800116,,Not Provided,"PDO,B","1,2","15. Improper Turn - Cut Corner on Left Turn,11. Did Not Have Right-of-Way","5. Unknown,3. Unavailable/Not Applicable","Not Applicable,Not Applicable","9. Unknown,Not Applicable","Not Applicable,Not Applicable","6. Unknown,2. Drinking - Obviously Drunk","3. Unknown,2. No","1. Not Ejected,3. Totally Ejected","NotProvided,No","Yes,No","Not Provided,9. Not Applicable","5. Trees, Crops, etc.,5. Trees, Crops, etc.",,,36,483312,SR-00194(B)/,0,0,"0.Two-way, non-divided","22,20",1. On Roadway,"0,0",E,E.Urban Other Principle Arterials; Connecting Links of Other Rural Principal Arterial,Urban Extensions - Primary Routes,Not GUARDRAIL,HIT_RUN,"1,0",1,4. Four Approaches,121800116,C,0,0,36.914904,36.914904,0,0.05,Not LRTRUCK,4. Darkness - Road Lighted,LOCATED,-76.240682,-76.240682,MAINLINE,MAIN,0,0,0,0,0,Undivided Roadway,"22,20",Not MOTORCYCLE,483312,483312.  SR00165       SR00165       SR00194       SR00194,54568,54224,54243,53437,51772,4,1,0.005,PRI_URBAN,,,,,,,,,0,171,54,0,1,,0,0,,,,,,,,,Not PED,,1,0,Norfolk,122,5,NOT-RD,10. Intersection Related - Within 150 Feet,0,35.75,35.98,1. Straight - Level,1. No Defects,"1. Two-Way, Not Divided",1. Dry,"2. Blacktop, Asphalt, Bituminous",1010 EAST OCEAN VIEW AVE,STPRI,SR,R-VA   SR00165NB,"Urbanized (Population 200,000 and over)",3. No,"0,0",35425,34414,34173,34281,33607,Not SENIOR,Left and Right sides,5,"0,35",Not SPEED,"0,35",730700,0,"2. No,2. No",0,"0,0",0AM TO 3AM,1,1,3. Traffic Signal,1. Yes - Working,Not a Parkway - Trucks and Commercial Vehicles Allowed,"1,2","1. Passenger car,9. Bicycle",,"1. Going Straight Ahead,16. Entering Street From Parking Lot",,,5,5.Hampton Roads,1. No Adverse Condition (Clear/Cloudy),Not Provided,2. No,Not Provided,Not YOUNG
,Not ALCIHOL,Urban,0,0,,,Not UNBELTED,11,Female,C,2,BIKE,,0,0,,2. Angle,"Not Provided,Not Provided","Not Provided,Not Provided",,,,5/28/2012,5/28/2012,22. Bicycle,1530,C.Non-Visible Injury,2012,,1,1,Norfolk,Urban,22. Bicycle,MAIN,3PM TO 6PM,122.Norfolk,,Not Intersection,Reset Filters,VDOT_OTHER,Monday,Not DEER,"West,South",,5,1,121810034,55,Female,"PDO,C","1,2","1. No Improper Action,22. Disregarded Stop or Yield Sign","2. Not Deployed,3. Unavailable/Not Applicable","Not Applicable,Not Applicable","1. No Defects,1. No Defects","Not Applicable,Not Applicable","1. Had Not Been Drinking,1. Had Not Been Drinking","2. No,2. No","1. Not Ejected,1. Not Ejected","No,Yes","No,No","3. Lap and Shoulder Belt,8. No Restraint Used","1. Not Obscured,1. Not Obscured",,,,,,,,,"22,20",1. On Roadway,"0,0",,,,Not GUARDRAIL,Not HIT_RUN,"4,12",1,3. Three Approaches,,C,0,0,36.86544,36.86544,,,Not LRTRUCK,2. Daylight,UNLOCATED,-76.244445,-76.244445,MAINLINE,,,,,,,,"22,20",Not MOTORCYCLE,,.,,,,,,,1,,SEC_URBAN,,,,,,,,,,,,0,1,,0,0,,,,,,,,,Not PED,,1,0,Norfolk,122,5,NOT-RD,9. Within Intersection,,,,1. Straight - Level,1. No Defects,"1. Two-Way, Not Divided",1. Dry,"2. Blacktop, Asphalt, Bituminous",3400 cape henry ave,UNKWN,SC,U-VA122SC99999UK,,3. No,"0,0",,,,,,Not SENIOR,,20,"25,25",Not SPEED,"25,25",,,"2. No,2. No",,"0,0",3PM TO 6PM,1,1,4. Stop Sign,1. Yes - Working,,"1,2","1. Passenger car,9. Bicycle","BUICK,HUFFY","1. Going Straight Ahead,1. Going Straight Ahead","CENTRY,WIND SPRINT",1998,5,5.Hampton Roads,1. No Adverse Condition (Clear/Cloudy),Not Provided,2. No,Not Provided,Not YOUNG
No Access Control,Not ALCIHOL,Urban,0,0,Bituminous Concrete (Black Base),NIMMO PKWY(B)/,Not UNBELTED,14,Female,B,2,BIKE,16.76,1,1,,16. Other,"Not Provided,Not Provided","Not Provided,Not Provided",13408669,17.012,3,11/10/2011,11/10/2011,22. Bicycle,1255,B.Visiible Injury,2011,Left and Right sides,0,0,Virginia Beach,Urban,22. Bicycle,MAIN,12PM TO 3PM,134.Virginia Beach,"2,862",Intersection,Reset Filters,VDOT_OTHER,Thursday,Not DEER,"West,North",,5,1,113205084,47,Female,"PDO,B","1,2","1. No Improper Action,1. No Improper Action","2. Not Deployed,3. Unavailable/Not Applicable","4. No Test,4. No Test","1. No Defects,1. No Defects","Not Applicable,Not Applicable","1. Had Not Been Drinking,1. Had Not Been Drinking","2. No,2. No","1. Not Ejected,1. Not Ejected","NotProvided,No","No,No","3. Lap and Shoulder Belt,9. Not Applicable","1. Not Obscured,1. Not Obscured",,,17,742541,RED MILL BLVD(R)/LONDON BRIDGE ROAD(L)/,0,1,"1.Divided, no control of access","22,20",1. On Roadway,"0,0",E,E.Urban Other Principle Arterials; Connecting Links of Other Rural Principal Arterial,Other City or Town Streets (not state maintained),Not GUARDRAIL,Not HIT_RUN,"12,11",1,2. Two Approaches,113205084,C,0,0,36.766777,36.766777,0,0.38,Not LRTRUCK,2. Daylight,LOCATED,-76.013905,-76.013905,MAINLINE,MAIN,0,0,Curbed Grass,40,16,Divided Roadway,"22,20",Not MOTORCYCLE,541141,541141.  SR00149      13408669      13408669,44046,39106,39467,38035,31486,4,1,0.542,SEC_URBAN,,,,,,,,,0,0,52,0,1,,0,0,,,,,,,,,Not PED,,1,0,Virginia Beach,134,5,NOT-RD,9. Within Intersection,0,17,17.01,1. Straight - Level,1. No Defects,"1. Two-Way, Not Divided",1. Dry,"2. Blacktop, Asphalt, Bituminous",2129 GENERAL BOOTH BLVD.,URB,UR,R-VA134UR08669NB,"Urbanized (Population 200,000 and over)",3. No,"0,0",45628,37263,37607,36242,34903,Not SENIOR,Left and Right sides,"3,1","15,45",Not SPEED,"15,45",736637,0,"2. No,2. No",0,"0,0",12PM TO 3PM,1,1,4. Stop Sign,1. Yes - Working,Not a Parkway - Trucks and Commercial Vehicles Allowed,"1,2","3. Van,9. Bicycle","Toyota,HUFFY","2. Making Right Turn,1. Going Straight Ahead","Sienna,BICYCLE",20042000,5,5.Hampton Roads,1. No Adverse Condition (Clear/Cloudy),Not Provided,2. No,Not Provided,Not YOUNG
No Access Control,Not ALCIHOL,Urban,1,1,Bituminous Concrete (Black Base),134-00010(L)/134-08640(R)/Gap Terminus/PROVID,Not UNBELTED,11,Male,A,2,BIKE,11.13,0,0,,2. Angle,"Not Provided,Not Provided","Not Provided,Not Provided",SR00190,11.256,4,11/12/2011,11/12/2011,20. Motor Vehicle In Transport,1620,A.Ambulatory Injury,2011,Left and Right sides,0,0,Virginia Beach,Urban,20. Motor Vehicle In Transport,MAIN,3PM TO 6PM,134.Virginia Beach,665,Intersection,Reset Filters,VDOT_OTHER,Saturday,Not DEER,"South,South",,5,1,113235201,74,Female,"PDO,A","1,2","1. No Improper Action,11. Did Not Have Right-of-Way","2. Not Deployed,3. Unavailable/Not Applicable","Not Applicable,Not Applicable","1. No Defects,1. No Defects","Not Applicable,Not Applicable","1. Had Not Been Drinking,1. Had Not Been Drinking","2. No,2. No","1. Not Ejected,1. Not Ejected","No,Yes","No,No","3. Lap and Shoulder Belt,9. Not Applicable","1. Not Obscured,1. Not Obscured",,,11,541175,LOCKE LANE(B)/,0,1,"1.Divided, no control of access","22,20",1. On Roadway,"0,0",H,H.Urban Minor Arterial,Urban Extensions - Primary Routes,Not GUARDRAIL,Not HIT_RUN,"12,3",1,3. Three Approaches,113235201,C,0,0,36.814895,36.814895,0,0.27,Not LRTRUCK,2. Daylight,LOCATED,-76.164745,-76.164745,MAINLINE,MAIN,0,0,Curbed Grass,16,4,Divided Roadway,"22,20",Not MOTORCYCLE,541174,541174.  SR00190       SR00190      13400010      13408640,48566,44998,45413,43765,44158,4,1,0.126,PRI_URBAN,,,,,,,,,0,265,54,0,1,,0,0,,,,,,,,,Not PED,,1,0,Virginia Beach,134,5,NOT-RD,9. Within Intersection,0,11.25,11.26,1. Straight - Level,1. No Defects,"2. Two-Way, Divided, Unprotected Median",1. Dry,"2. Blacktop, Asphalt, Bituminous",840 KEMPSVILLE RD,STPRI,SR,R-VA   SR00190WB,"Urbanized (Population 200,000 and over)",3. No,"0,0",31529,29632,29906,28820,27832,SENIOR,Left and Right sides,"33,5","35,35",Not SPEED,"35,35",541174,0,"2. No,2. No",0,"0,0",3PM TO 6PM,1,1,4. Stop Sign,1. Yes - Working,Not a Parkway - Trucks and Commercial Vehicles Allowed,"1,2","1. Passenger car,9. Bicycle","Toyota,NEXT","1. Going Straight Ahead,1. Going Straight Ahead","Prius,MOUNTAIN BIKE",2004,5,5.Hampton Roads,1. No Adverse Condition (Clear/Cloudy),Not Provided,2. No,Not Provided,Not YOUNG
No Access Control,Not ALCIHOL,Urban,1,1,Portland Cement Concrete,RUGBY ROAD(L)/,Not UNBELTED,56,Male,A,2,BIKE,1,0,0,,2. Angle,"Not Provided,Not Provided","Not Provided,Not Provided",SR00312,1.105,4,11/13/2011,11/13/2011,22. Bicycle,929,A.Ambulatory Injury,2011,Left and Right sides,0,0,Newport News,Urban,22. Bicycle,MAIN,9AM TO 12PM,121.Newport News,26,Intersection,Reset Filters,VDOT_OTHER,Sunday,Not DEER,"West,South",,5,1,113500145,21,Male,"PDO,A","1,2","11. Did Not Have Right-of-Way,1. No Improper Action","2. Not Deployed,3. Unavailable/Not Applicable","4. No Test,4. No Test","1. No Defects,1. No Defects","Not Applicable,Not Applicable","1. Had Not Been Drinking,1. Had Not Been Drinking","3. Unknown,3. Unknown","1. Not Ejected,3. Totally Ejected","No,Yes","No,No","3. Lap and Shoulder Belt,9. Not Applicable","1. Not Obscured,1. Not Obscured",,,1,646005,SR-00143(L)/US-00017(B)/,0,1,"1.Divided, no control of access","22,20",1. On Roadway,"0,0",H,H.Urban Minor Arterial,Urban Extensions - Primary Routes,Not GUARDRAIL,Not HIT_RUN,"4,9",1,4. Four Approaches,113500145,C,0,0,37.073899,37.073899,0,0.11,Not LRTRUCK,2. Daylight,LOCATED,-76.4748,-76.4748,MAINLINE,MAIN,0,0,Curbed Grass,14,4,Divided Roadway,"22,20",Not MOTORCYCLE,646005,646005.  SR00143       SR00312       US00017       US00017,83301,84795,76597,76106,77259,4,1,0.005,PRI_URBAN,,,,,,,,,0,152,64,0,1,,0,0,,,,,,,,,Not PED,,1,0,Newport News,121,5,NOT-RD,1. Main-Line Roadway,0,1,1.11,1. Straight - Level,1. No Defects,"2. Two-Way, Divided, Unprotected Median",1. Dry,1. Concrete,J CLYDE MORRIS BLVD,STPRI,SR,R-VA   SR00312EB,"Urbanized (Population 200,000 and over)",3. No,"0,0",32657,31934,35771,34497,35196,Not SENIOR,Left and Right sides,"10,15","15,45",Not SPEED,"45,45",646168,0,"2. No,2. No",0,"0,0",9AM TO 12PM,1,1,3. Traffic Signal,1. Yes - Working,Not a Parkway - Trucks and Commercial Vehicles Allowed,"1,2","1. Passenger car,9. Bicycle",MERCURY,"2. Making Right Turn,1. Going Straight Ahead",SABLE,2001,5,5.Hampton Roads,1. No Adverse Condition (Clear/Cloudy),Not Provided,2. No,Not Provided,Not YOUNG
No Access Control,Not ALCIHOL,Urban,0,0,"N/A, Unknown, or Unstabilized",HARRINGTON AVE(L)20TH ST(R)/,Not UNBELTED,19,Female,B,2,BIKE,0.94,1,1,,2. Angle,"Not Provided,Not Provided","Not Provided,Not Provided",12208563,0.94,4,11/14/2011,11/14/2011,22. Bicycle,1510,B.Visiible Injury,2011,Left and Right sides,0,0,Norfolk,Urban,22. Bicycle,MAIN,3PM TO 6PM,122.Norfolk,211,Intersection,Reset Filters,VDOT_OTHER,Monday,Not DEER,"South,West",,5,1,113620022,23,Female,"PDO,B","1,2","1. No Improper Action,37. Other","2. Not Deployed,2. Not Deployed","Not Applicable,Not Applicable","1. No Defects,1. No Defects","Not Applicable,Not Applicable","1. Had Not Been Drinking,1. Had Not Been Drinking","2. No,2. No","1. Not Ejected,2. Partially Ejected","NotProvided,No","No,No","3. Lap and Shoulder Belt,9. Not Applicable","1. Not Obscured,11. Moving Vehicle(s)",,,1,485086,122-08572(B)/COLLEY AVE,0,0,"0.Two-way, non-divided","22,20",1. On Roadway,"0,0",H,H.Urban Minor Arterial,Other City or Town Streets (not state maintained),Not GUARDRAIL,Not HIT_RUN,"12,2",1,4. Four Approaches,113620022,C,0,0,36.870334,36.870334,0,0.04,Not LRTRUCK,2. Daylight,LOCATED,-76.296536,-76.296536,MAINLINE,MAIN,0,0,0,0,0,Undivided Roadway,"22,20",Not MOTORCYCLE,485086,485086. 12208563      12208563      12208572      12208572,26250,26219,26461,25501,22565,6,1,0.04,SEC_URBAN,,,,,,,,,0,0,68,0,1,,0,0,,,,,,,,,Not PED,,1,0,Norfolk,122,5,NOT-RD,9. Within Intersection,0,0.75,0.94,1. Straight - Level,1. No Defects,"2. Two-Way, Divided, Unprotected Median",1. Dry,"2. Blacktop, Asphalt, Bituminous",2000 blk colley ave,URB,UR,R-VA122UR08563NB,"Urbanized (Population 200,000 and over)",3. No,"0,0",14868,14836,14973,14430,12692,Not SENIOR,Left and Right sides,"25,0","25,0",Not SPEED,"25,0",485085,0,"2. No,1. Yes",0,"0,0",3PM TO 6PM,1,1,4. Stop Sign,1. Yes - Working,Not a Parkway - Trucks and Commercial Vehicles Allowed,"1,2","3. Van,9. Bicycle","dodge,bicycle","1. Going Straight Ahead,1. Going Straight Ahead","caravan,giant",1999,5,5.Hampton Roads,1. No Adverse Condition (Clear/Cloudy),Not Provided,2. No,Not Provided,YOUNG
No Access Control,Not ALCIHOL,Urban,0,0,"Stabilized with Selected Material (Soil,Gravel,Stone,etc.)",47-01052(L)/47-01062(L)/,Not UNBELTED,9,Female,C,1,BIKE,0.73,0,0,25,2. Angle,"Not Provided,Not Provided","Not Provided,Not Provided",4701050,0.73,3,5/31/2012,5/31/2012,20. Motor Vehicle In Transport,1721,C.Non-Visible Injury,2012,Left and Right sides,1,1,James City,Urban,20. Motor Vehicle In Transport,MAIN,3PM TO 6PM,47.James City,0,Intersection,Reset Filters,VDOT_OTHER,Thursday,Not DEER,"West,South",,5,1,121785174,70,Female,"C,PDO","1,2","11. Did Not Have Right-of-Way,1. No Improper Action","3. Unavailable/Not Applicable,2. Not Deployed","4. No Test,4. No Test","1. No Defects,1. No Defects","Not Applicable,Not Applicable","1. Had Not Been Drinking,1. Had Not Been Drinking","2. No,3. Unknown","1. Not Ejected,1. Not Ejected","No,No","No,No","5. Helmet,3. Lap and Shoulder Belt","1. Not Obscured,1. Not Obscured",,,1,734199,47-01051(L)/47-01061(R)/,0,0,"0.Two-way, non-divided","20,22",1. On Roadway,"0,0",J,J.Urban Local,State Secondary,Not GUARDRAIL,Not HIT_RUN,"12,10",1,4. Four Approaches,121785174,N,0,0,37.329707,37.329707,0,0.05,Not LRTRUCK,2. Daylight,LOCATED,-76.74789,-76.74789,MAINLINE,MAIN,0,0,0,10,10,Undivided Roadway,"20,22",Not MOTORCYCLE,734198,734198.  4701050       4701050       4701052,1278,1278,1457,1457,1457,2,1,0,VDOT_SEC,,,,,,,,,0,0,38,0,1,,0,0,,,,,,,,,Not PED,,1,0,James City,47,5,NOT-RD,9. Within Intersection,0,0.5,0.73,1. Straight - Level,1. No Defects,"3. Two-Way, Divided, Positive Median Barrier",1. Dry,"2. Blacktop, Asphalt, Bituminous",WELLESLEY BLVD,SEC,SC,R-VA047SC01050EB,"Urbanized (Population 200,000 and over)",3. No,"0,0",1210,1210,1248,1248,1248,SENIOR,Right side,"5,25","0,25",SPEED,"0,25",734198,0,"2. No,2. No",Paved (unofficial definition),"0,0",3PM TO 6PM,1,1,4. Stop Sign,1. Yes - Working,Not a Parkway - Trucks and Commercial Vehicles Allowed,"1,2","9. Bicycle,1. Passenger car",BUIC,"3. Making Left Turn,1. Going Straight Ahead",LACROSSE,,5,5.Hampton Roads,1. No Adverse Condition (Clear/Cloudy),Not Provided,2. No,Not Provided,Not YOUNG
No Access Control,Not ALCIHOL,Urban,0,0,Bituminous Concrete (Black Base),ENGLE AVE(R)/,Not UNBELTED,22,Male,B,2,BIKE,2.1,1,1,,2. Angle,"Not Provided,Not Provided","Not Provided,Not Provided",13108640,2.1,4,6/1/2012,6/1/2012,20. Motor Vehicle In Transport,1111,B.Visiible Injury,2012,Left and Right sides,0,0,Chesapeake,Urban,20. Motor Vehicle In Transport,MAIN,9AM TO 12PM,131.Chesapeake,528,Intersection,Reset Filters,VDOT_OTHER,Friday,Not DEER,"North,West",,5,1,121780134,53,Male,"PDO,B","1,2","1. No Improper Action,37. Other","2. Not Deployed,Not Provided","Not Applicable,Not Applicable","1. No Defects,1. No Defects","14. No Driver Distraction,14. No Driver Distraction","1. Had Not Been Drinking,1. Had Not Been Drinking","2. No,2. No","1. Not Ejected,Not Provided","No,Yes","No,No","3. Lap and Shoulder Belt,6. Other","1. Not Obscured,1. Not Obscured",,,2,484712,LOCKARD AVE(R)/,0,1,"1.Divided, no control of access","22,20",1. On Roadway,"0,0",H,H.Urban Minor Arterial,Other City or Town Streets (not state maintained),Not GUARDRAIL,Not HIT_RUN,"1,11",1,3. Three Approaches,121780134,C,0,0,36.80809943,36.80809943,0,0.05,Not LRTRUCK,2. Daylight,LOCATED,-76.22649297,-76.22649297,MAINLINE,MAIN,0,0,0,4,4,Divided Roadway,"22,20",Not MOTORCYCLE,484713,484713. 13108640      13108640      13108645      13108645,23308,22792,22921,20893,21310,4,1,0.1,SEC_URBAN,,,,,,,,,0,0,50,0,1,,0,0,,,,,,,,,Not PED,,1,0,Chesapeake,131,5,NOT-RD,9. Within Intersection,0,2,2.1,1. Straight - Level,1. No Defects,"1. Two-Way, Not Divided",1. Dry,"2. Blacktop, Asphalt, Bituminous",ENGLE AVE,URB,UR,R-VA131UR08640EB,"Urbanized (Population 200,000 and over)",3. No,"0,0",16435,16071,16162,14282,14566,Not SENIOR,Left and Right sides,"5,0","45,45",Not SPEED,"45,45",484711,0,"2. No,3. Pending",0,"0,0",9AM TO 12PM,1,1,4. Stop Sign,1. Yes - Working,Not a Parkway - Trucks and Commercial Vehicles Allowed,"1,2","2. Truck - Pick-up/Passenger Truck,9. Bicycle","Ford,ROADMASTER","2. Making Right Turn,1. Going Straight Ahead","F150,MT FURY",20002003,5,5.Hampton Roads,1. No Adverse Condition (Clear/Cloudy),Not Provided,2. No,Not Provided,Not YOUNG
No Access Control,ALCOHOL,Urban,0,0,"N/A, Unknown, or Unstabilized",134-08723(B)/SOUTHERN BLVD(U)/,Not UNBELTED,37,Male,B,1,BIKE,0,1,1,,16. Other,"Not Provided,Not Provided","Not Provided,Not Provided",13408724,0.01,3,6/1/2012,6/1/2012,22. Bicycle,2005,B.Visiible Injury,2012,Left and Right sides,0,0,Virginia Beach,Urban,22. Bicycle,MAIN,6PM TO 9PM,134.Virginia Beach,53,Intersection,Reset Filters,VDOT_OTHER,Friday,Not DEER,"South,West",DISTRACTED,5,1,121565222,36,Male,"B,PDO","1,2","11. Did Not Have Right-of-Way,1. No Improper Action","3. Unavailable/Not Applicable,2. Not Deployed","Not Applicable,Not Applicable","8. Other,1. No Defects","7. Eyes Not on Road,11. Other","5. Drinking - Not Known Whether Impaired,1. Had Not Been Drinking","Not Applicable,Not Applicable","3. Totally Ejected,1. Not Ejected","Yes,No","No,No","6. Other,3. Lap and Shoulder Belt","1. Not Obscured,1. Not Obscured",,,0,715445,BURFORD AVE.(R)/,0,0,"0.Two-way, non-divided","20,22",1. On Roadway,"0,0",I,I.Urban Collector,Other City or Town Streets (not state maintained),Not GUARDRAIL,Not HIT_RUN,"9,12",1,4. Four Approaches,121565222,C,0,0,36.838124,36.838124,0,0.11,Not LRTRUCK,3. Dusk,LOCATED,-75.998432,-75.998432,MAINLINE,MAIN,0,0,0,0,0,Undivided Roadway,"20,22",Not MOTORCYCLE,542019,542019. 13408723      13408723      13408724,17300,19878,20062,19334,19644,2,1,0.01,SEC_URBAN,,,,,,,,,0,0,36,0,1,,0,0,,,,,,,,,Not PED,,1,0,Virginia Beach,134,5,NOT-RD,9. Within Intersection,0,0,0.01,1. Straight - Level,1. No Defects,"2. Two-Way, Divided, Unprotected Median",1. Dry,"2. Blacktop, Asphalt, Bituminous",100 S. BIRDNECK RD,URB,UR,R-VA134UR08724WB,"Urbanized (Population 200,000 and over)",3. No,"0,0",11311,11846,11955,11521,11747,Not SENIOR,Right side,"5,6","35,35",Not SPEED,"35,35",542019,0,"1. Yes,2. No",0,"0,0",6PM TO 9PM,1,1,3. Traffic Signal,1. Yes - Working,Not a Parkway - Trucks and Commercial Vehicles Allowed,"1,2","9. Bicycle,2. Truck - Pick-up/Passenger Truck","KENT,DODGE","1. Going Straight Ahead,2. Making Right Turn","BICYCLE,RAM",20052005,5,5.Hampton Roads,1. No Adverse Condition (Clear/Cloudy),Not Provided,2. No,Not Provided,Not YOUNG