Access Control,Alcohol Notalcohol,Area Type1,A Crash,A People,Basetypedesc,Begin Node Dsc,Belted Unbelted,Bikeage,Bikegen,Bikeinjurytype,Bikevehiclenumber,Bike Nonbike,BMP,B Crash,B People,Carspeedlimit,Collision Type,Comm Cargo Body Type Cd,Comm Vehicle Body Type Cd,Cotedrouteid,Coted Mp,Count App,CRASH_DT (copy),Crash Dt,Crash Event Type Dsc,Crash Military Tm,Crash Severity,Crash Year,Curbgutterdesc,C Crash,C People,Juris Name Used,Area Type Used,First Harmful Event of Entire Crash,MAINLINE,Time Slicing Used,Phy_Juris_Nm,Offset-Ft,Intersection Analysis,Clear,Calculation_9640323132123359,Day Of Week,Deer Nodeer,Direction Of Travel Cd,Distracted Notdistracted,VSP,TOTAL CRASH,Document Nbr,Driverage,Drivergen,Driverinjurytype,Drivervehiclenumber,Driver Action Type Cd,Driver Airbag Deployment,Driver Alcohol Test Type Cd,Driver Condition Type Cd,Driver Distraction Type Cd,Driver Drinking Type Cd,Driver Drug Use Cd,Driver Ejected From Vehicle,Driver Ems Transport Ind,Driver Fled Scene Ind,Driver Safety Equip Used,Driver Vis Obscured Type Cd,Drowsy Notdrowsy,Drug Nodrug,EMP,End Node,End Node Dsc,End Offset,Facility,FAC,First Crash Event Cd,First Harmful Event,Fourth Crash Event Cd,Functionalclass,FUN,Govcondesc,Gr Nogr,Hitrun Not Hitrun,Initial Veh Impact Area Cd,Injury Crashes,Intersection Type,Int Doc,Jurtype,K_CRASH,K People,LAT (copy),LAT,Leftshoulderwidth,Length,Lgtruck Nonlgtruck,Light Condition,Located Unlocated,LON (copy),LON,MAINLINE (group),Mainline Yn,Medianleftshoulderwidth,Medianrightshoulderwidth,Mediantypedesc,Medianwidthmax,Medianwidthmin,Median Type,Most Harmful Crash Event Cd,Motor Nonmotor,Node,Node Info,Node Totaadt2011,Node Totaadt2012,Node Totaadt2013,Node Totaadt2014,Node Totaadt2015,Numberoflane,Number of Records,Offset,Ownership,Passage,Passgen,Passinjurytype,Passvehiclenumber,Pass Airbag Deployment,Pass Ejected From Vehicle,Pass Ems Transport Ind,Pass Safety Equip Used,Pavementconditionvalue,Pavementroughnessvalue,Pavementwidth,Pdo Crash,Total People Killed & Injured,Pedage,Pedestrians Injured,Pedestrians Killed,Pedgen,Pedinjurytype,Pednumber,Ped Action,Ped Al Test,Ped Cond,Ped Drink,Ped Drug,Ped Nonped,Ped Rflct,Persons Injured,Persons Killed,Physical Juris Nm,PJR,VSP_Used,Rd Type,Relation To Roadway,Rightshoulderwidth,RNS_MP (0.25 mi bin),Rns Mp,Roadway Alignment,Roadway Defect,Roadway Description,Roadway Surface Cond,Roadway Surface Type,Route Or Street Nm,Rte Category Cd,Rte Cat,Rte Nm,Ruralurbandesc,School Zone,Second Crash Event Cd,Segtotaadt2011,Segtotaadt2012,Segtotaadt2013,Segtotaadt2014,Segtotaadt2015,Senior Notsenior,Sidewalkdesc,Speed Before,Speed Max Safe,Speed Notspeed,Speed Posted,Start Node,Start Offset,Summons Issued Cd,Surfacedesc,Third Crash Event Cd,Time Slicing,Total Crashes including Property Damage Only,Total Crash,Traffic Control Type,Trfc Ctrl Status Type,Truckcommr,Vehiclenumber,Vehicle Body Type Cd,Vehicle Make Nm,Vehicle Maneuver Type Cd,Vehicle Model Nm,Vehicle Year Nbr,District,District_Used ,Weather Condition,Work Zone Location,Work Zone Related,Work Zone Type,Young Notyoung
,Not ALCIHOL,Urban,1,1,,,Not UNBELTED,17,Male,A,1,BIKE,,0,0,,16. Other,"Not Provided,Not Provided","Not Provided,Not Provided",,,,6/8/2012,6/8/2012,20. Motor Vehicle In Transport,1546,A.Ambulatory Injury,2012,,0,0,Virginia Beach,Urban,20. Motor Vehicle In Transport,MAIN,3PM TO 6PM,134.Virginia Beach,,Not Intersection,Reset Filters,VDOT_OTHER,Friday,Not DEER,"East,North",,5,1,121615192,62,Male,"A,PDO","1,2","37. Other,1. No Improper Action","3. Unavailable/Not Applicable,2. Not Deployed","4. No Test,4. No Test","1. No Defects,1. No Defects","14. No Driver Distraction,14. No Driver Distraction","1. Had Not Been Drinking,1. Had Not Been Drinking","2. No,2. No","1. Not Ejected,1. Not Ejected","Yes,No","No,No","8. No Restraint Used,3. Lap and Shoulder Belt","16. Stopped Vehicle(s),16. Stopped Vehicle(s)",,,,,,,,,"20,22",1. On Roadway,"0,0",,,,Not GUARDRAIL,Not HIT_RUN,"12,12",1,4. Four Approaches,,C,0,0,36.90667,36.90667,,,Not LRTRUCK,2. Daylight,UNLOCATED,-76.134701,-76.134701,MAINLINE,,,,,,,,"20,22",Not MOTORCYCLE,,.,,,,,,,1,,SEC_URBAN,,,,,,,,,,,,0,1,,0,0,,,,,,,,,Not PED,,1,0,Virginia Beach,134,5,NOT-RD,9. Within Intersection,,,,1. Straight - Level,1. No Defects,"1. Two-Way, Not Divided",1. Dry,"2. Blacktop, Asphalt, Bituminous",2200  PLEASURE  HOUSE  ROAD,URB,UR,R-VA134UR08681SB,,3. No,"0,0",,,,,,Not SENIOR,,"5,30","35,35",Not SPEED,"35,35",,,"2. No,2. No",,"0,0",3PM TO 6PM,1,1,6. Traffic Lanes Marked,1. Yes - Working,,"1,2","9. Bicycle,1. Passenger car","3G,HYUN","15. Other,1. Going Straight Ahead","BICYCLE,SONATA",20102010,5,5.Hampton Roads,1. No Adverse Condition (Clear/Cloudy),Not Provided,2. No,Not Provided,YOUNG
No Access Control,Not ALCIHOL,Urban,0,0,"N/A, Unknown, or Unstabilized",122-08565(B)/COLONIAL AV,Not UNBELTED,65,Male,C,2,BIKE,0.63,0,0,,2. Angle,"Not Provided,Not Provided","Not Provided,Not Provided",SR00247,0.727,4,6/9/2012,6/9/2012,19. Ped,1053,C.Non-Visible Injury,2012,Left and Right sides,1,1,Norfolk,Urban,19. Ped,MAIN,9AM TO 12PM,122.Norfolk,16,Intersection,Reset Filters,VDOT_OTHER,Saturday,Not DEER,"East,North",DISTRACTED,5,1,122080052,41,Male,"PDO,C","1,2","17. Other Improper Turn,23. Driver Distraction","2. Not Deployed,Not Provided","4. No Test,4. No Test","1. No Defects,1. No Defects","Not Applicable,7. Eyes Not on Road","1. Had Not Been Drinking,6. Unknown","3. Unknown,3. Unknown","1. Not Ejected,Not Provided","No,Yes","No,No","3. Lap and Shoulder Belt,Not Provided","1. Not Obscured,1. Not Obscured",,,1,483541,122-08567(B)/LLEWELLYN AV,0,4,"4.One-way, part of a one-way system","19,20",1. On Roadway,"0,0",H,H.Urban Minor Arterial,Urban Extensions - Primary Routes,Not GUARDRAIL,Not HIT_RUN,"12,9",1,3. Three Approaches,122080052,C,0,0,36.872035,36.872035,0,0.1,Not LRTRUCK,2. Daylight,LOCATED,-76.287109,-76.287109,MAINLINE,MAIN,0,0,0,0,0,Divided Roadway,"19,20",Not MOTORCYCLE,483541,483541.  SR00247       SR00247      12208567      12208567,15540,15999,16146,15560,16459,3,1,0.003,PRI_URBAN,,,,,,,,,0,231,33,0,1,,0,0,,,,,,,,,Not PED,,1,0,Norfolk,122,5,NOT-RD,9. Within Intersection,0,0.5,0.73,1. Straight - Level,1. No Defects,"4. One-Way, Not Divided",1. Dry,"2. Blacktop, Asphalt, Bituminous",200 26TH ST,STPRI,SR,R-VA   SR00247EB,"Urbanized (Population 200,000 and over)",3. No,"0,0",7417,8922,9004,8678,9539,SENIOR,Left and Right sides,5,"25,0",Not SPEED,"25,0",483540,0,"2. No,2. No",0,"0,0",9AM TO 12PM,1,1,14. Ped Crosswalk,1. Yes - Working,Not a Parkway - Trucks and Commercial Vehicles Allowed,"1,2","22. Truck - Sport Utility Vehicle (SUV),9. Bicycle",CADI,"2. Making Right Turn,1. Going Straight Ahead",EXC,2004,5,5.Hampton Roads,1. No Adverse Condition (Clear/Cloudy),Not Provided,2. No,Not Provided,Not YOUNG
No Access Control,Not ALCIHOL,Urban,0,0,Bituminous Concrete (Black Base),US-00258-W059B(L)/US-00017-S051A(L)/RAMP TO U,Not UNBELTED,14,Male,C,1,BIKE,51.19,0,0,,3. Head On,"Not Provided,Not Provided","Not Provided,Not Provided",US00017,51.288,3,6/10/2012,6/10/2012,19. Ped,2110,C.Non-Visible Injury,2012,Left and Right sides,1,1,Newport News,Urban,19. Ped,MAIN,9PM TO 12AM,121.Newport News,517,Intersection,Reset Filters,VDOT_OTHER,Sunday,Not DEER,"South,North",,5,1,122890117,21,Male,"C,PDO","1,2","14. Improper Turn - Wide Right Turn,11. Did Not Have Right-of-Way","3. Unavailable/Not Applicable,2. Not Deployed","4. No Test,4. No Test","1. No Defects,1. No Defects","Not Applicable,Not Applicable","1. Had Not Been Drinking,1. Had Not Been Drinking","2. No,2. No","1. Not Ejected,1. Not Ejected","No,No","No,No","9. Not Applicable,3. Lap and Shoulder Belt","1. Not Obscured,1. Not Obscured",,,52,646009,CENTER AV,0,1,"1.Divided, no control of access","20,19",1. On Roadway,"0,0",E,E.Urban Other Principle Arterials; Connecting Links of Other Rural Principal Arterial,Urban Extensions - Primary Routes,Not GUARDRAIL,Not HIT_RUN,"12,11",1,4. Four Approaches,122890117,C,0,0,37.021888,37.021888,0,0.5,Not LRTRUCK,4. Darkness - Road Lighted,LOCATED,-76.445934,-76.445934,MAINLINE,MAIN,0,0,Curbed Grass,14,4,Divided Roadway,"20,19",Not MOTORCYCLE,756246,756246.  US00017       US00017       US00258W059B,40702,41593,39530,39683,39836,6,1,0.098,PRI_URBAN,,,,,,,,,0,179,72,0,1,,0,0,,,,,,,,,Not PED,,1,0,Newport News,121,5,RD-UNKNOWN,2. Acceleration/Deceleration Lanes,0,51.25,51.29,1. Straight - Level,1. No Defects,"1. Two-Way, Not Divided",1. Dry,"2. Blacktop, Asphalt, Bituminous",JEFFERSON AVE,USPRI,US,R-VA   US00017NB,"Urbanized (Population 200,000 and over)",3. No,"0,0",40702,41593,39530,39683,39836,Not SENIOR,Left and Right sides,"3,25","45,45",Not SPEED,"45,45",756246,0,"1. Yes,2. No",0,"0,0",9PM TO 12AM,1,1,1. No Traffic Control,1. Yes - Working,Designated Truck Route - D2,"1,2","9. Bicycle,1. Passenger car",VOLKSWAG,"1. Going Straight Ahead,4. Making U-Turn","State,GBEETLE",2000,5,5.Hampton Roads,1. No Adverse Condition (Clear/Cloudy),Not Provided,2. No,Not Provided,Not YOUNG
,Not ALCIHOL,Urban,0,0,,,Not UNBELTED,28,Male,C,1,BIKE,,0,0,,5. Sideswipe - Opposite Direction,"Not Provided,Not Provided","Not Provided,Not Provided",,,,11/22/2011,11/22/2011,20. Motor Vehicle In Transport,1658,C.Non-Visible Injury,2011,,1,1,Virginia Beach,Urban,20. Motor Vehicle In Transport,MAIN,3PM TO 6PM,134.Virginia Beach,,Not Intersection,Reset Filters,VDOT_OTHER,Tuesday,Not DEER,"North,East",,5,1,113285150,40,Male,"C,PDO","1,2","11. Did Not Have Right-of-Way,1. No Improper Action","3. Unavailable/Not Applicable,2. Not Deployed","4. No Test,4. No Test","1. No Defects,1. No Defects","Not Applicable,Not Applicable","1. Had Not Been Drinking,1. Had Not Been Drinking","2. No,2. No","2. Partially Ejected,1. Not Ejected","Yes,No","No,No","8. No Restraint Used,3. Lap and Shoulder Belt","1. Not Obscured,1. Not Obscured",,,,,,,,,"20,22",1. On Roadway,"0,0",,,,Not GUARDRAIL,Not HIT_RUN,"9,12",1,3. Three Approaches,,C,0,0,36.857808,36.857808,,,Not LRTRUCK,3. Dusk,UNLOCATED,-76.176702,-76.176702,MAINLINE,,,,,,,,"20,22",Not MOTORCYCLE,,.,,,,,,,1,,SEC_URBAN,,,,,,,,,,,,0,1,,0,0,,,,,,,,,Not PED,,1,0,Virginia Beach,134,5,NOT-RD,9. Within Intersection,,,,1. Straight - Level,1. No Defects,"1. Two-Way, Not Divided",1. Dry,1. Concrete,501 LAKE EDWARD,UNKWN,SC,U-VA134SC99999UK,,3. No,"0,0",,,,,,Not SENIOR,,"1,3","0,0",Not SPEED,"35,35",,,"3. Pending,2. No",,"0,0",3PM TO 6PM,1,1,6. Traffic Lanes Marked,1. Yes - Working,,"1,2","9. Bicycle,1. Passenger car","MONGOOSE,TOYO","1. Going Straight Ahead,2. Making Right Turn","MOUNTAIN BIKE,SALERO",20112002,5,5.Hampton Roads,1. No Adverse Condition (Clear/Cloudy),Not Provided,2. No,Not Provided,Not YOUNG
,Not ALCIHOL,Urban,0,0,,,Not UNBELTED,18,Male,B,2,BIKE,,1,1,,2. Angle,"Not Provided,Not Provided","Not Provided,Not Provided",,,,10/3/2013,10/3/2013,22. Bicycle,920,B.Visiible Injury,2013,,0,0,Virginia Beach,Urban,22. Bicycle,MAIN,9AM TO 12PM,134.Virginia Beach,,Not Intersection,Reset Filters,VDOT_OTHER,Thursday,Not DEER,"West,South",,5,1,132785038,,0,"PDO,B","1,2","11. Did Not Have Right-of-Way,37. Other","2. Not Deployed,3. Unavailable/Not Applicable","Not Applicable,Not Applicable","1. No Defects,1. No Defects","14. No Driver Distraction,14. No Driver Distraction","1. Had Not Been Drinking,1. Had Not Been Drinking","2. No,2. No","1. Not Ejected,1. Not Ejected","No,Yes","No,No","3. Lap and Shoulder Belt,8. No Restraint Used","1. Not Obscured,1. Not Obscured",,,,,,,,,"22,20",1. On Roadway,"0,0",,,,Not GUARDRAIL,Not HIT_RUN,"1,12",1,4. Four Approaches,,C,0,0,36.779317,36.779317,,,Not LRTRUCK,2. Daylight,UNLOCATED,-76.096572,-76.096572,MAINLINE,,,,,,,,"22,20",Not MOTORCYCLE,,.,,,,,,,1,,SEC_URBAN,,,,,,,,,,,,0,1,,0,0,,,,,,,,,Not PED,,1,0,Virginia Beach,134,5,NOT-RD,9. Within Intersection,,,,1. Straight - Level,1. No Defects,"2. Two-Way, Divided, Unprotected Median",1. Dry,"2. Blacktop, Asphalt, Bituminous",CONCERT DR,UNKWN,SC,U-VA134SC99999UK,,1. Yes,"0,0",,,,,,Not SENIOR,,"5,5","25,25",Not SPEED,"25,25",,,"1. Yes,2. No",,"0,0",9AM TO 12PM,1,1,3. Traffic Signal,1. Yes - Working,,"1,2","1. Passenger car,9. Bicycle","Mercury,UNK","2. Making Right Turn,15. Other","Sable,BICYCLE",2000,5,5.Hampton Roads,1. No Adverse Condition (Clear/Cloudy),Not Provided,2. No,Not Provided,YOUNG
No Access Control,Not ALCIHOL,Urban,0,0,"N/A, Unknown, or Unstabilized",122-08618(B)/BAYVIEW BLVD,Not UNBELTED,14,Male,B,1,BIKE,29.43,1,1,,2. Angle,"Not Provided,Not Provided","Not Provided,Not Provided",SR00168,29.639,4,10/3/2013,10/3/2013,20. Motor Vehicle In Transport,1720,B.Visiible Injury,2013,Left and Right sides,0,0,Norfolk,Urban,20. Motor Vehicle In Transport,MAIN,3PM TO 6PM,122.Norfolk,"1,104",Intersection,Reset Filters,VDOT_OTHER,Thursday,Not DEER,"East,North",DISTRACTED,5,1,140350272,21,Female,"B,PDO","1,2","11. Did Not Have Right-of-Way,2. Exceeded Speed Limit","3. Unavailable/Not Applicable,2. Not Deployed","4. No Test,4. No Test","1. No Defects,1. No Defects","11. Other,11. Other","1. Had Not Been Drinking,1. Had Not Been Drinking","2. No,2. No","2. Partially Ejected,1. Not Ejected","NotProvided,NotProvided","No,No","8. No Restraint Used,3. Lap and Shoulder Belt","1. Not Obscured,1. Not Obscured",,,30,483437,122-08621(R)/OLD OCEAN VIEW RD,0,0,"0.Two-way, non-divided","20,22",1. On Roadway,"0,0",H,H.Urban Minor Arterial,Urban Extensions - Primary Routes,Not GUARDRAIL,Not HIT_RUN,"12,10",1,4. Four Approaches,140350272,C,0,0,36.93646,36.93646,0,0.5,Not LRTRUCK,2. Daylight,LOCATED,-76.254209,-76.254209,MAINLINE,MAIN,0,0,0,0,0,Undivided Roadway,"20,22",Not MOTORCYCLE,483436,483436.  SR00168       SR00168      12208618      12208618,24893,24346,24571,23679,22191,4,1,0.209,PRI_URBAN,,,,,,,,,0,241,52,0,1,,0,0,,,,,,,,,Not PED,,1,0,Norfolk,122,5,NOT-RD,9. Within Intersection,0,29.5,29.64,1. Straight - Level,1. No Defects,"2. Two-Way, Divided, Unprotected Median",1. Dry,"2. Blacktop, Asphalt, Bituminous",8700 BLK TIDEWATER DR,STPRI,SR,R-VA   SR00168NB,"Urbanized (Population 200,000 and over)",3. No,"20,22",12034,12149,12261,11816,11223,Not SENIOR,None,"2,45","0,40",SPEED,"25,40",483436,0,"2. No,2. No",0,"0,0",3PM TO 6PM,1,1,4. Stop Sign,1. Yes - Working,Not a Parkway - Trucks and Commercial Vehicles Allowed,"1,2","9. Bicycle,1. Passenger car",NISSAN,"1. Going Straight Ahead,1. Going Straight Ahead","BMX BIKE,ALTIMA",2008,5,5.Hampton Roads,1. No Adverse Condition (Clear/Cloudy),Not Provided,2. No,Not Provided,Not YOUNG
No Access Control,Not ALCIHOL,Urban,0,0,Penetration Macadam and Water Bound Macadam,134-08817(L)/OLD DOMINION PKWY,Not UNBELTED,58,0,B,1,BIKE,1.7,1,1,,16. Other,"Not Provided,Not Provided","Not Provided,Not Provided",13400009,1.703,3,10/4/2013,10/4/2013,20. Motor Vehicle In Transport,1437,B.Visiible Injury,2013,Left and Right sides,0,0,Virginia Beach,Urban,20. Motor Vehicle In Transport,MAIN,12PM TO 3PM,134.Virginia Beach,16,Intersection,Reset Filters,VDOT_OTHER,Friday,Not DEER,"South,East",,5,1,132785116,61,Male,"B,PDO","1,2","11. Did Not Have Right-of-Way,1. No Improper Action","3. Unavailable/Not Applicable,2. Not Deployed","4. No Test,4. No Test","1. No Defects,1. No Defects","14. No Driver Distraction,14. No Driver Distraction","1. Had Not Been Drinking,1. Had Not Been Drinking","2. No,2. No","1. Not Ejected,1. Not Ejected","No,No","No,No","9. Not Applicable,3. Lap and Shoulder Belt","1. Not Obscured,1. Not Obscured",,,2,734946,CAMELOT DRIVE(R)/,0,1,"1.Divided, no control of access","20,22",1. On Roadway,"0,0",H,H.Urban Minor Arterial,Other City or Town Streets (not state maintained),Not GUARDRAIL,Not HIT_RUN,"12,10",1,4. Four Approaches,132785116,C,0,0,36.865522,36.865522,0,0.11,Not LRTRUCK,2. Daylight,LOCATED,-76.029223,-76.029223,MAINLINE,MAIN,0,0,Curbed Grass,16,4,Divided Roadway,"20,22",Not MOTORCYCLE,541256,541256. 13400009      13400009      13408817,39677,37941,38291,36901,38313,4,1,0.003,SEC_URBAN,,,,,,,,,0,0,52,0,1,,0,0,,,,,,,,,Not PED,,1,0,Virginia Beach,134,5,NOT-RD,9. Within Intersection,0,1.5,1.7,1. Straight - Level,1. No Defects,"3. Two-Way, Divided, Positive Median Barrier",1. Dry,"2. Blacktop, Asphalt, Bituminous",1100 FIRST COLONIAL RD,URB,UR,R-VA134UR00009SB,"Urbanized (Population 200,000 and over)",3. No,"0,0",36525,34557,34876,33610,35142,Not SENIOR,Left and Right sides,"1,20","35,35",Not SPEED,"35,35",541256,0,"1. Yes,2. No",0,"0,0",12PM TO 3PM,1,1,3. Traffic Signal,1. Yes - Working,Not a Parkway - Trucks and Commercial Vehicles Allowed,"1,2","9. Bicycle,1. Passenger car","BICYCLE,Kia","1. Going Straight Ahead,1. Going Straight Ahead","BICYCLE,Rondo",20132008,5,5.Hampton Roads,1. No Adverse Condition (Clear/Cloudy),Not Provided,2. No,Not Provided,Not YOUNG
No Access Control,Not ALCIHOL,Urban,0,0,"N/A, Unknown, or Unstabilized",HAVENWOOD COURT(L)/,Not UNBELTED,26,Female,B,2,BIKE,0.3,1,1,,2. Angle,"Not Provided,Not Provided","Not Provided,Not Provided",13108524,0.301,4,10/5/2013,10/5/2013,22. Bicycle,1040,B.Visiible Injury,2013,Left side,0,0,Chesapeake,Urban,22. Bicycle,MAIN,9AM TO 12PM,131.Chesapeake,"1,420",Intersection,Reset Filters,VDOT_OTHER,Saturday,Not DEER,"South,East",,5,1,132785095,31,0,"PDO,B","1,2","1. No Improper Action,10. Wrong Side Of Road - Not Overtaking","2. Not Deployed,Not Provided","Not Applicable,Not Applicable","1. No Defects,1. No Defects","Not Applicable,Not Applicable","1. Had Not Been Drinking,1. Had Not Been Drinking","Not Applicable,Not Applicable","1. Not Ejected,Not Provided","NotProvided,Yes","No,No","3. Lap and Shoulder Belt,Not Provided","1. Not Obscured,1. Not Obscured",,,0,484507,JOYCE COURT(L)/,0,0,"0.Two-way, non-divided","22,20",1. On Roadway,"0,0",H,H.Urban Minor Arterial,Other City or Town Streets (not state maintained),Not GUARDRAIL,Not HIT_RUN,"12,10",1,3. Three Approaches,132785095,C,0,0,36.865673,36.865673,0,0.1,Not LRTRUCK,2. Daylight,LOCATED,-76.40446,-76.40446,MAINLINE,MAIN,0,0,0,0,0,Undivided Roadway,"22,20",Not MOTORCYCLE,484508,484508. 13100001      13108524      13108524      13108797,24645,24098,24235,24288,24772,2,1,0.269,SEC_URBAN,,,,,,,,,0,0,32,0,1,,0,0,,,,,,,,,Not PED,,1,0,Chesapeake,131,5,NOT-RD,9. Within Intersection,6,0.25,0.3,1. Straight - Level,1. No Defects,"1. Two-Way, Not Divided",1. Dry,"2. Blacktop, Asphalt, Bituminous",CHURCHLAND BL,URB,UR,R-VA131UR08524EB,"Urbanized (Population 200,000 and over)",3. No,"0,0",6533,6388,6424,5954,6072,Not SENIOR,None,"5,5","25,25",Not SPEED,"25,25",484505,0,"Not Provided,Not Provided",0,"0,0",9AM TO 12PM,1,1,4. Stop Sign,1. Yes - Working,Not a Parkway - Trucks and Commercial Vehicles Allowed,"1,2","1. Passenger car,9. Bicycle","HONDA,ECHO","3. Making Left Turn,1. Going Straight Ahead","CIVIC,28""",2012,5,5.Hampton Roads,1. No Adverse Condition (Clear/Cloudy),Not Provided,2. No,Not Provided,Not YOUNG
No Access Control,Not ALCIHOL,Urban,0,0,"N/A, Unknown, or Unstabilized",WYTHE PARKWAY(B)/,Not UNBELTED,26,Not Provided,B,2,BIKE,270.7,1,1,,2. Angle,"Not Provided,Not Provided","Not Provided,Not Provided",US00060,270.828,4,10/6/2013,10/6/2013,22. Bicycle,1618,B.Visiible Injury,2013,Left and Right sides,0,0,Hampton,Urban,22. Bicycle,MAIN,3PM TO 6PM,114.Hampton,327,Intersection,Reset Filters,VDOT_OTHER,Sunday,Not DEER,"South,Not Provided",,5,1,140350469,,0,"PDO,B","1,2","34. Hit and Run,1. No Improper Action","Not Provided,3. Unavailable/Not Applicable","Not Applicable,4. No Test","9. Unknown,1. No Defects","Not Applicable,Not Applicable","6. Unknown,1. Had Not Been Drinking","Not Applicable,Not Applicable","Not Provided,3. Totally Ejected","NotProvided,No","Yes,No","Not Provided,5. Helmet","Not Applicable,1. Not Obscured",,,271,253014,POCAHONTAS PLACE(B)/,0,0,"0.Two-way, non-divided","22,20",1. On Roadway,"0,0",H,H.Urban Minor Arterial,Urban Extensions - Primary Routes,Not GUARDRAIL,HIT_RUN,"12,9",1,4. Four Approaches,140350469,C,0,0,37.003163,37.003163,0,0.13,Not LRTRUCK,2. Daylight,LOCATED,-76.377612,-76.377612,MAINLINE,MAIN,0,0,0,0,0,Undivided Roadway,"22,20",Not MOTORCYCLE,253013,253013.  US00060       US00060      11407059      11407059,8135,7956,7765,7489,7640,4,1,0.062,PRI_URBAN,,,,,,,,,0,275,44,0,1,,0,0,,,,,,,,,Not PED,,1,0,Hampton,114,5,NOT-RD,9. Within Intersection,0,270.75,270.83,1. Straight - Level,1. No Defects,"1. Two-Way, Not Divided",1. Dry,"2. Blacktop, Asphalt, Bituminous",KECOUGHTAN RD,USPRI,US,R-VA   US00060EB,"Urbanized (Population 200,000 and over)",3. No,"0,0",5191,5076,4675,4508,4600,Not SENIOR,Left and Right sides,25,"0,35",Not SPEED,"0,35",253015,0,"Not Provided,2. No",0,"0,0",3PM TO 6PM,1,1,4. Stop Sign,1. Yes - Working,Not a Parkway - Trucks and Commercial Vehicles Allowed,"1,2","22. Truck - Sport Utility Vehicle (SUV),9. Bicycle",,"1. Going Straight Ahead,1. Going Straight Ahead",,,5,5.Hampton Roads,1. No Adverse Condition (Clear/Cloudy),Not Provided,2. No,Not Provided,Not YOUNG
,Not ALCIHOL,Urban,0,0,,,Not UNBELTED,8,Female,B,2,BIKE,,1,1,,15. Backed Into,"Not Provided,Not Provided","Not Provided,Not Provided",,,,10/6/2013,10/6/2013,22. Bicycle,1743,B.Visiible Injury,2013,,0,1,Chesapeake,Urban,22. Bicycle,MAIN,3PM TO 6PM,131.Chesapeake,,Not Intersection,Reset Filters,VDOT_OTHER,Sunday,Not DEER,"West,Not Provided",DISTRACTED,5,1,132795219,44,0,"C,B","1,2","18. Improper Backing,1. No Improper Action","2. Not Deployed,3. Unavailable/Not Applicable","Not Applicable,Not Applicable","1. No Defects,1. No Defects","7. Eyes Not on Road,14. No Driver Distraction","1. Had Not Been Drinking,1. Had Not Been Drinking","2. No,2. No","1. Not Ejected,2. Partially Ejected","No,No","No,No","3. Lap and Shoulder Belt,5. Helmet","14. Blind Spot,1. Not Obscured",,,,,,,,,"22,20",1. On Roadway,"0,0",,,,Not GUARDRAIL,Not HIT_RUN,"6,0",1,1. Not at Intersection,,C,0,0,36.843991,36.843991,,,Not LRTRUCK,2. Daylight,UNLOCATED,-76.42143,-76.42143,MAINLINE,,,,,,,,"22,20",Not MOTORCYCLE,,.,,,,,,,1,,SEC_URBAN,,,,,,,,,,,,0,2,,0,0,,,,,,,,,Not PED,,2,0,Chesapeake,131,5,NOT-RD,"13. Driveway, Alley-Access - Related",,,,1. Straight - Level,1. No Defects,"1. Two-Way, Not Divided",1. Dry,"2. Blacktop, Asphalt, Bituminous",3256 DUQUESNE DRIVE,UNKWN,SC,U-VA131SC99999UK,,3. No,"0,0",,,,,,Not SENIOR,,"3,3","0,0",Not SPEED,"25,25",,,"1. Yes,Not Provided",,"0,0",3PM TO 6PM,1,1,1. No Traffic Control,6. No Traffic Control Device Present,,"1,2","3. Van,9. Bicycle","Nissan,BEACH CRUISER","12. Backing,1. Going Straight Ahead","Quest,BICYCLE",20042010,5,5.Hampton Roads,1. No Adverse Condition (Clear/Cloudy),Not Provided,2. No,Not Provided,Not YOUNG