Access Control,Alcohol Notalcohol,Area Type1,A Crash,A People,Basetypedesc,Begin Node Dsc,Belted Unbelted,Bikeage,Bikegen,Bikeinjurytype,Bikevehiclenumber,Bike Nonbike,BMP,B Crash,B People,Carspeedlimit,Collision Type,Comm Cargo Body Type Cd,Comm Vehicle Body Type Cd,Cotedrouteid,Coted Mp,Count App,CRASH_DT (copy),Crash Dt,Crash Event Type Dsc,Crash Military Tm,Crash Severity,Crash Year,Curbgutterdesc,C Crash,C People,Juris Name Used,Area Type Used,First Harmful Event of Entire Crash,MAINLINE,Time Slicing Used,Phy_Juris_Nm,Offset-Ft,Intersection Analysis,Clear,Calculation_9640323132123359,Day Of Week,Deer Nodeer,Direction Of Travel Cd,Distracted Notdistracted,VSP,TOTAL CRASH,Document Nbr,Driverage,Drivergen,Driverinjurytype,Drivervehiclenumber,Driver Action Type Cd,Driver Airbag Deployment,Driver Alcohol Test Type Cd,Driver Condition Type Cd,Driver Distraction Type Cd,Driver Drinking Type Cd,Driver Drug Use Cd,Driver Ejected From Vehicle,Driver Ems Transport Ind,Driver Fled Scene Ind,Driver Safety Equip Used,Driver Vis Obscured Type Cd,Drowsy Notdrowsy,Drug Nodrug,EMP,End Node,End Node Dsc,End Offset,Facility,FAC,First Crash Event Cd,First Harmful Event,Fourth Crash Event Cd,Functionalclass,FUN,Govcondesc,Gr Nogr,Hitrun Not Hitrun,Initial Veh Impact Area Cd,Injury Crashes,Intersection Type,Int Doc,Jurtype,K_CRASH,K People,LAT (copy),LAT,Leftshoulderwidth,Length,Lgtruck Nonlgtruck,Light Condition,Located Unlocated,LON (copy),LON,MAINLINE (group),Mainline Yn,Medianleftshoulderwidth,Medianrightshoulderwidth,Mediantypedesc,Medianwidthmax,Medianwidthmin,Median Type,Most Harmful Crash Event Cd,Motor Nonmotor,Node,Node Info,Node Totaadt2011,Node Totaadt2012,Node Totaadt2013,Node Totaadt2014,Node Totaadt2015,Numberoflane,Number of Records,Offset,Ownership,Passage,Passgen,Passinjurytype,Passvehiclenumber,Pass Airbag Deployment,Pass Ejected From Vehicle,Pass Ems Transport Ind,Pass Safety Equip Used,Pavementconditionvalue,Pavementroughnessvalue,Pavementwidth,Pdo Crash,Total People Killed & Injured,Pedage,Pedestrians Injured,Pedestrians Killed,Pedgen,Pedinjurytype,Pednumber,Ped Action,Ped Al Test,Ped Cond,Ped Drink,Ped Drug,Ped Nonped,Ped Rflct,Persons Injured,Persons Killed,Physical Juris Nm,PJR,VSP_Used,Rd Type,Relation To Roadway,Rightshoulderwidth,RNS_MP (0.25 mi bin),Rns Mp,Roadway Alignment,Roadway Defect,Roadway Description,Roadway Surface Cond,Roadway Surface Type,Route Or Street Nm,Rte Category Cd,Rte Cat,Rte Nm,Ruralurbandesc,School Zone,Second Crash Event Cd,Segtotaadt2011,Segtotaadt2012,Segtotaadt2013,Segtotaadt2014,Segtotaadt2015,Senior Notsenior,Sidewalkdesc,Speed Before,Speed Max Safe,Speed Notspeed,Speed Posted,Start Node,Start Offset,Summons Issued Cd,Surfacedesc,Third Crash Event Cd,Time Slicing,Total Crashes including Property Damage Only,Total Crash,Traffic Control Type,Trfc Ctrl Status Type,Truckcommr,Vehiclenumber,Vehicle Body Type Cd,Vehicle Make Nm,Vehicle Maneuver Type Cd,Vehicle Model Nm,Vehicle Year Nbr,District,District_Used ,Weather Condition,Work Zone Location,Work Zone Related,Work Zone Type,Young Notyoung
No Access Control,Not ALCIHOL,Urban,1,1,"N/A, Unknown, or Unstabilized",CEDAR ROAD(R)/,Not UNBELTED,28,Male,A,2,BIKE,1.08,0,0,,4. Sideswipe - Same Direction,"Not Provided,Not Provided","Not Provided,Not Provided",14707046,1.09,3,6/25/2012,6/25/2012,20. Motor Vehicle In Transport,1855,A.Ambulatory Injury,2012,None,0,0,Poquoson,Urban,20. Motor Vehicle In Transport,MAIN,6PM TO 9PM,147.Poquoson,"2,429",Intersection,Reset Filters,VDOT_OTHER,Monday,Not DEER,"South,South",DISTRACTED,5,1,122155074,48,Male,"PDO,A","1,2","Not Applicable,41. Improper Passing","2. Not Deployed,3. Unavailable/Not Applicable","4. No Test,4. No Test","1. No Defects,1. No Defects","14. No Driver Distraction,11. Other","1. Had Not Been Drinking,1. Had Not Been Drinking","2. No,2. No","1. Not Ejected,3. Totally Ejected","NotProvided,No","No,No","3. Lap and Shoulder Belt,9. Not Applicable","1. Not Obscured,1. Not Obscured",,,1,672413,FORREST ROAD(L)/,0,0,"0.Two-way, non-divided","20,20",1. On Roadway,"0,0",I,I.Urban Collector,Other City or Town Streets (not state maintained),Not GUARDRAIL,Not HIT_RUN,"3,10",1,1. Not at Intersection,122155074,C,0,0,37.132083,37.132083,3,0.22,Not LRTRUCK,2. Daylight,LOCATED,-76.374074,-76.374074,MAINLINE,MAIN,0,0,0,0,0,Undivided Roadway,"20,20",Not MOTORCYCLE,672315,672315.  SR00171       SR00171      14707046,8968,8769,8640,8333,8501,2,1,0.46,SEC_URBAN,,,,,,,,,0,0,20,0,1,,0,0,,,,,,,,,Not PED,,1,0,Poquoson,147,5,NOT-RD,8. Non-Intersection,3,1,1.08,1. Straight - Level,1. No Defects,"1. Two-Way, Not Divided",1. Dry,"2. Blacktop, Asphalt, Bituminous",CEDER ROAD,URB,UR,R-VA147UR07046WB,"Urbanized (Population 200,000 and over)",3. No,"0,0",3303,3230,2396,2311,2357,Not SENIOR,None,25,"30,30",Not SPEED,"30,30",672412,0,"2. No,2. No",0,"0,0",6PM TO 9PM,1,1,1. No Traffic Control,6. No Traffic Control Device Present,Not a Parkway - Trucks and Commercial Vehicles Allowed,"1,2","1. Passenger car,9. Bicycle","Toyota,DIAMOND BACK","2. Making Right Turn,1. Going Straight Ahead","Yaris,10 SPEED RACING BIKE",20072001,5,5.Hampton Roads,1. No Adverse Condition (Clear/Cloudy),Not Provided,2. No,Not Provided,Not YOUNG
No Access Control,Not ALCIHOL,Urban,1,1,Bituminous Concrete (Black Base),US-00258(B)/RAMP TO RTE. 167,Not UNBELTED,30,Male,A,2,BIKE,0,0,0,,2. Angle,"Not Provided,Not Provided","Not Provided,Not Provided",US00258W064C,0.027,2,6/26/2012,6/26/2012,20. Motor Vehicle In Transport,1529,A.Ambulatory Injury,2012,None,0,0,Hampton,Urban,20. Motor Vehicle In Transport,RAMP,3PM TO 6PM,114.Hampton,143,Intersection,Reset Filters,VDOT_OTHER,Tuesday,Not DEER,"North,North",,5,1,122840063,49,Male,"PDO,A","1,2","1. No Improper Action,11. Did Not Have Right-of-Way","2. Not Deployed,3. Unavailable/Not Applicable","Not Applicable,Not Applicable","1. No Defects,1. No Defects","Not Applicable,Not Applicable","1. Had Not Been Drinking,1. Had Not Been Drinking","Not Applicable,Not Applicable","1. Not Ejected,1. Not Ejected","No,No","No,No","3. Lap and Shoulder Belt,8. No Restraint Used","1. Not Obscured,1. Not Obscured",,,0,253096,114-07035(B)/RAMP FROM RTE. 258,0,4,"4.One-way, part of a one-way system","22,20",1. On Roadway,"0,0",H,H.Urban Minor Arterial,State Primary and Interstate,Not GUARDRAIL,Not HIT_RUN,"4,12",1,1. Not at Intersection,122840063,X,0,0,37.04409,37.04409,6,0.09,Not LRTRUCK,2. Daylight,LOCATED,-76.362547,-76.362547,RAMP,NOT_MAIN,0,0,0,0,0,Divided Roadway,"22,20",Not MOTORCYCLE,253141,253141.  US00258       US00258,57533,56260,55536,53558,54644,1,1,0.027,PRI_URBAN,,,,,,,,,0,0,0,0,1,,0,0,,,,,,,,,Not PED,,1,0,Hampton,114,5,NOT-RD,5. On Entrance/Exit Ramp,6,0,0,4. Grade - Curve,1. No Defects,"4. One-Way, Not Divided",1. Dry,"2. Blacktop, Asphalt, Bituminous",LASALLE AVE,RMP,US,R-VA   US00258WB      RMP064.00C,"Urbanized (Population 200,000 and over)",3. No,"0,0",,,,,,Not SENIOR,None,"15,5","55,55",Not SPEED,"55,55",253141,0,"2. No,1. Yes",0,"0,0",3PM TO 6PM,1,1,6. Traffic Lanes Marked,1. Yes - Working,Not a Parkway - Trucks and Commercial Vehicles Allowed,"1,2","1. Passenger car,9. Bicycle","BMW,BICYCLE","1. Going Straight Ahead,3. Making Left Turn",318TI,1996,5,5.Hampton Roads,1. No Adverse Condition (Clear/Cloudy),Not Provided,2. No,Not Provided,Not YOUNG
No Access Control,Not ALCIHOL,Urban,1,1,"N/A, Unknown, or Unstabilized",UPPER BRANDON PLACE(B)/,Not UNBELTED,23,Male,A,2,BIKE,0.43,0,0,,2. Angle,"Not Provided,Not Provided","Not Provided,Not Provided",12208561,0.432,4,6/26/2012,6/26/2012,22. Bicycle,1844,A.Ambulatory Injury,2012,Left and Right sides,0,0,Norfolk,Urban,22. Bicycle,MAIN,6PM TO 9PM,122.Norfolk,253,Intersection,Reset Filters,VDOT_OTHER,Tuesday,Not DEER,"North,West",,5,1,122410007,20,Male,"PDO,A","1,2","1. No Improper Action,11. Did Not Have Right-of-Way","2. Not Deployed,Not Provided","Not Applicable,Not Applicable","1. No Defects,1. No Defects","Not Applicable,Not Applicable","1. Had Not Been Drinking,1. Had Not Been Drinking","Not Applicable,Not Applicable","1. Not Ejected,Not Provided","No,Yes","No,No","3. Lap and Shoulder Belt,Not Provided","13. Other,13. Other",,,0,483652,SR-00337(B)/BOLLING AV,0,0,"0.Two-way, non-divided","2,20",1. On Roadway,"0,0",I,I.Urban Collector,Other City or Town Streets (not state maintained),Not GUARDRAIL,Not HIT_RUN,"1,11",1,4. Four Approaches,122410007,C,0,0,36.891096,36.891096,0,0.05,Not LRTRUCK,2. Daylight,LOCATED,-76.304901,-76.304901,MAINLINE,MAIN,0,0,0,0,0,Undivided Roadway,"22,20",Not MOTORCYCLE,483652,483652.  SR00337       SR00337      12208561      12208561,38006,36461,35644,33591,33137,2,1,0.048,SEC_URBAN,,,,,,,,,4.7,0,40,0,1,,0,0,,,,,,,,,Not PED,,1,0,Norfolk,122,5,RD-UNKNOWN,9. Within Intersection,0,0.25,0.43,1. Straight - Level,1. No Defects,"1. Two-Way, Not Divided",1. Dry,"2. Blacktop, Asphalt, Bituminous",5300 BLK BLUESTONE AVE,URB,UR,R-VA122UR08561EB,"Urbanized (Population 200,000 and over)",3. No,"0,0",2328,2158,2178,2099,2011,Not SENIOR,Left and Right sides,3,"25,0",Not SPEED,"25,0",485054,0,"2. No,2. No",0,"0,0",6PM TO 9PM,1,1,4. Stop Sign,1. Yes - Working,Not a Parkway - Trucks and Commercial Vehicles Allowed,"1,2","1. Passenger car,9. Bicycle","FORD,BICYCLE","1. Going Straight Ahead,6. Merging Into Traffic Lane",THUNDERBIRD,1996,5,5.Hampton Roads,1. No Adverse Condition (Clear/Cloudy),Not Provided,2. No,Not Provided,YOUNG
Partial Access Control,Not ALCIHOL,Urban,0,0,Dual Type,134-08727(L)/LINWOOD DR,Not UNBELTED,43,Female,B,2,BIKE,507.35,1,1,,2. Angle,"Not Provided,Not Provided","Not Provided,Not Provided",US00058,507.35,3,6/26/2012,6/26/2012,20. Motor Vehicle In Transport,1215,B.Visiible Injury,2012,None,0,0,Virginia Beach,Urban,20. Motor Vehicle In Transport,MAIN,12PM TO 3PM,134.Virginia Beach,0,Intersection,Reset Filters,VDOT_OTHER,Tuesday,Not DEER,"West,East",,5,1,122015132,66,Female,"PDO,B","1,2","1. No Improper Action,11. Did Not Have Right-of-Way","2. Not Deployed,3. Unavailable/Not Applicable","4. No Test,4. No Test","1. No Defects,1. No Defects","14. No Driver Distraction,14. No Driver Distraction","1. Had Not Been Drinking,1. Had Not Been Drinking","2. No,2. No","1. Not Ejected,1. Not Ejected","No,Yes","No,No","3. Lap and Shoulder Belt,5. Helmet","16. Stopped Vehicle(s),16. Stopped Vehicle(s)",,,508,541065,134-08727(L)/LINWOOD DR,0.2,2,"2.Divided, partial control of access","20,22",1. On Roadway,"0,0",E,E.Urban Other Principle Arterials; Connecting Links of Other Rural Principal Arterial,Urban Extensions - Primary Routes,Not GUARDRAIL,Not HIT_RUN,"10,12",1,4. Four Approaches,122015132,C,0,0,36.851355,36.851355,3,0.2,Not LRTRUCK,2. Daylight,LOCATED,-76.012652,-76.012652,MAINLINE,MAIN,0,0,Curbed Grass,34,14,Divided Roadway,"20,22",Not MOTORCYCLE,541065,541065.  US00058       US00058      13408727,28598,29198,29947,29375,28113,4,1,0,PRI_URBAN,,,,,,,,,0,187,44,0,1,,0,0,,,,,,,,,Not PED,,1,0,Virginia Beach,134,5,NOT-RD,9. Within Intersection,3,507.25,507.35,1. Straight - Level,1. No Defects,"1. Two-Way, Not Divided",1. Dry,"2. Blacktop, Asphalt, Bituminous",1400 LASKIN RD,USPRI,US,R-VA   US00058WB,"Urbanized (Population 200,000 and over)",3. No,"0,0",28196,28746,29491,28936,27742,SENIOR,None,"10,15","25,25",Not SPEED,"25,25",541065,0,"2. No,2. No",0,"0,0",12PM TO 3PM,1,1,4. Stop Sign,1. Yes - Working,Not a Parkway - Trucks and Commercial Vehicles Allowed,"1,2","1. Passenger car,9. Bicycle","Toyota,BICYCLE","2. Making Right Turn,1. Going Straight Ahead","Avalon,LIGHTSPEED",20052004,5,5.Hampton Roads,1. No Adverse Condition (Clear/Cloudy),Not Provided,2. No,Not Provided,Not YOUNG
No Access Control,Not ALCIHOL,Urban,0,0,Bituminous Concrete (Black Base),131-08663(B)/HANBURY RD,Not UNBELTED,15,Male,C,1,BIKE,0,1,1,,8. Non-Collision,"Not Provided,Not Provided,Not Provided","Not Provided,Not Provided,Not Provided",13108802,0.095,3,6/26/2012,6/26/2012,42. Other Non-Collision,1700,B.Visiible Injury,2012,None,0,2,Chesapeake,Urban,42. Other Non-Collision,MAIN,3PM TO 6PM,131.Chesapeake,502,Intersection,Reset Filters,VDOT_OTHER,Tuesday,Not DEER,"West,East,West",,5,1,122090045,2154,FemaleFemale,"C,C,B","1,2,3","10. Wrong Side Of Road - Not Overtaking,31. Avoiding Other Vehicle,1. No Improper Action","5. Unknown,2. Not Deployed,5. Unknown","4. No Test,4. No Test,4. No Test","1. No Defects,1. No Defects,1. No Defects","Not Applicable,14. No Driver Distraction,14. No Driver Distraction","1. Had Not Been Drinking,1. Had Not Been Drinking,1. Had Not Been Drinking","2. No,2. No,2. No","Not Provided,1. Not Ejected,1. Not Ejected","No,No,No","No,No,No","9. Not Applicable,3. Lap and Shoulder Belt,5. Helmet","1. Not Obscured,1. Not Obscured,1. Not Obscured",,,0,731312,STARDALE DRIVE(L)/,0,0,"0.Two-way, non-divided","42,42,42",1. On Roadway,"0,0,0",H,H.Urban Minor Arterial,Other City or Town Streets (not state maintained),Not GUARDRAIL,Not HIT_RUN,"0,0,10",1,1. Not at Intersection,122090045,C,0,0,36.69462,36.69462,4,0.15,Not LRTRUCK,2. Daylight,LOCATED,-76.245226,-76.245226,MAINLINE,MAIN,0,0,0,0,0,Undivided Roadway,"42,42,42",MOTORCYCLE,484853,484853. 13108663      13108663      13108802,7439,7275,7316,7752,7906,2,1,0.095,SEC_URBAN,,,,,,,,,0,0,24,0,3,,0,0,,,,,,,,,Not PED,,3,0,Chesapeake,131,5,NOT-RD,8. Non-Intersection,4,0,0.15,1. Straight - Level,1. No Defects,"1. Two-Way, Not Divided",1. Dry,"2. Blacktop, Asphalt, Bituminous",HANBURY ROAD,URB,UR,R-VA131UR08802WB,"Urbanized (Population 200,000 and over)",3. No,"0,0,0",8454,8267,8314,8882,9058,Not SENIOR,Left side,"5,35,35","35,35,35",Not SPEED,"35,35,35",484853,0,"2. No,2. No,2. No",0,"0,0,0",3PM TO 6PM,1,1,6. Traffic Lanes Marked,1. Yes - Working,Not a Parkway - Trucks and Commercial Vehicles Allowed,"1,2,3","9. Bicycle,1. Passenger car,11. Motorcycle","TOYOTA,HARLEY","1. Going Straight Ahead,15. Other,1. Going Straight Ahead","CAMRY,MOTORCYCLE",20002004,5,5.Hampton Roads,1. No Adverse Condition (Clear/Cloudy),Not Provided,2. No,Not Provided,YOUNG
,Not ALCIHOL,Urban,0,0,,,Not UNBELTED,15,Not Provided,B,2,BIKE,,1,1,,2. Angle,"Not Provided,Not Provided","Not Provided,Not Provided",,,,6/26/2012,6/26/2012,22. Bicycle,1401,B.Visiible Injury,2012,,0,0,Virginia Beach,Urban,22. Bicycle,MAIN,12PM TO 3PM,134.Virginia Beach,,Not Intersection,Reset Filters,VDOT_OTHER,Tuesday,Not DEER,"West,West",,5,1,121815060,,Not Provided,"PDO,B","1,2","34. Hit and Run,1. No Improper Action","Not Provided,Not Provided","Not Applicable,Not Applicable","9. Unknown,1. No Defects","Not Applicable,Not Applicable","6. Unknown,1. Had Not Been Drinking","3. Unknown,2. No","Not Provided,3. Totally Ejected","NotProvided,Yes","Yes,No","Not Provided,9. Not Applicable","Not Applicable,1. Not Obscured",,,,,,,,,"22,20",1. On Roadway,"0,0",,,,Not GUARDRAIL,HIT_RUN,"2,0",1,1. Not at Intersection,,C,0,0,36.793289,36.793289,,,Not LRTRUCK,2. Daylight,UNLOCATED,-76.157352,-76.157352,MAINLINE,,,,,,,,"22,20",Not MOTORCYCLE,,.,,,,,,,1,,SEC_URBAN,,,,,,,,,,,,0,1,,0,0,,,,,,,,,Not PED,,1,0,Virginia Beach,134,5,NOT-RD,8. Non-Intersection,,,,1. Straight - Level,1. No Defects,"1. Two-Way, Not Divided",1. Dry,"2. Blacktop, Asphalt, Bituminous",HALIFAX DRIVE,UNKWN,SC,U-VA134SC99999UK,,3. No,"0,0",,,,,,Not SENIOR,,4,"25,25",Not SPEED,"25,25",,,"Not Provided,Not Provided",,"0,0",12PM TO 3PM,1,1,1. No Traffic Control,6. No Traffic Control Device Present,,"1,2","1. Passenger car,9. Bicycle",,"1. Going Straight Ahead,15. Other",,,5,5.Hampton Roads,1. No Adverse Condition (Clear/Cloudy),Not Provided,2. No,Not Provided,YOUNG
No Access Control,Not ALCIHOL,Urban,0,0,"N/A, Unknown, or Unstabilized",25TH STREET(R)/,Not UNBELTED,21,Female,B,2,BIKE,302.44,1,1,,2. Angle,"Not Provided,Not Provided","Not Provided,Not Provided",US00060,302.442,4,6/27/2012,6/27/2012,22. Bicycle,1730,B.Visiible Injury,2012,Left and Right sides,0,1,Virginia Beach,Urban,22. Bicycle,MAIN,3PM TO 6PM,134.Virginia Beach,"1,257",Intersection,Reset Filters,VDOT_OTHER,Wednesday,Not DEER,"South,North",,5,1,121825078,22,0,"C,B","1,2","Not Applicable,Not Applicable","2. Not Deployed,3. Unavailable/Not Applicable","Not Applicable,Not Applicable","1. No Defects,1. No Defects","14. No Driver Distraction,14. No Driver Distraction","1. Had Not Been Drinking,1. Had Not Been Drinking","2. No,2. No","1. Not Ejected,3. Totally Ejected","No,Yes","No,No","3. Lap and Shoulder Belt,8. No Restraint Used","1. Not Obscured,1. Not Obscured",,,302,541109,25TH STREET(R)/,0.05,1,"1.Divided, no control of access","22,20",1. On Roadway,"0,0",E,E.Urban Other Principle Arterials; Connecting Links of Other Rural Principal Arterial,Urban Extensions - Primary Routes,Not GUARDRAIL,Not HIT_RUN,"12,9",1,4. Four Approaches,121825078,C,0,0,36.853316,36.853316,0,0.05,Not LRTRUCK,2. Daylight,LOCATED,-75.977571,-75.977571,MAINLINE,MAIN,0,0,0,0,0,Divided Roadway,"22,20",Not MOTORCYCLE,541108,541108.  US00060       US00060      13408722      13408722,25340,24166,24141,23764,24222,4,1,0.238,PRI_URBAN,,,,,,,,,0,334,52,0,2,,0,0,,,,,,,,,Not PED,,2,0,Virginia Beach,134,5,NOT-RD,9. Within Intersection,0,23.5,23.66,1. Straight - Level,1. No Defects,"2. Two-Way, Divided, Unprotected Median",1. Dry,"2. Blacktop, Asphalt, Bituminous",2500 BLOCK PACIFIC AVENUE,USPRI,US,R-VA   US00060EB,"Urbanized (Population 200,000 and over)",3. No,"0,0",16522,15296,15206,15119,15239,Not SENIOR,Left and Right sides,"5,5","25,25",Not SPEED,"25,25",541109,0,"2. No,2. No",0,"0,0",3PM TO 6PM,1,1,3. Traffic Signal,1. Yes - Working,Not a Parkway - Trucks and Commercial Vehicles Allowed,"1,2","1. Passenger car,9. Bicycle","Infiniti,MAGNA","2. Making Right Turn,1. Going Straight Ahead","G20,BEACH CRUISER",20022010,5,5.Hampton Roads,1. No Adverse Condition (Clear/Cloudy),Not Provided,2. No,Not Provided,Not YOUNG
No Access Control,Not ALCIHOL,Urban,0,0,"Stabilized with Selected Material (Soil,Gravel,Stone,etc.)",47-01523(L)/,Not UNBELTED,9,Female,C,2,BIKE,0.2,0,0,,2. Angle,"Not Provided,Not Provided","Not Provided,Not Provided",4701521,0.357,3,6/27/2012,6/27/2012,22. Bicycle,1028,C.Non-Visible Injury,2012,None,1,1,James City,Urban,22. Bicycle,MAIN,9AM TO 12PM,47.James City,280,Intersection,Reset Filters,VDOT_OTHER,Wednesday,Not DEER,"South,East",,5,1,121805094,53,Female,"PDO,C","1,2","1. No Improper Action,24. Fail to Stop at Through Highway - No Sign","2. Not Deployed,3. Unavailable/Not Applicable","4. No Test,4. No Test","1. No Defects,1. No Defects","Not Applicable,Not Applicable","1. Had Not Been Drinking,1. Had Not Been Drinking","2. No,2. No","1. Not Ejected,2. Partially Ejected","No,Yes","No,No","3. Lap and Shoulder Belt,5. Helmet","1. Not Obscured,1. Not Obscured",,,0,398503,47-01516(R)/,0,0,"0.Two-way, non-divided","42,31",1. On Roadway,"0,0",J,J.Urban Local,State Secondary,Not GUARDRAIL,Not HIT_RUN,"12,1",1,3. Three Approaches,121805094,N,0,0,37.305299,37.305299,8,0.21,Not LRTRUCK,2. Daylight,LOCATED,-76.760754,-76.760754,MAINLINE,MAIN,0,0,0,0,0,Undivided Roadway,"22,20",Not MOTORCYCLE,398503,398503.  4701516       4701521       4701521,482,482,507,507,507,2,1,0.053,VDOT_SEC,,,,,,,,,0,0,0,0,1,,0,0,,,,,,,,,Not PED,,1,0,James City,47,5,NOT-RD,9. Within Intersection,8,0.25,0.36,3. Grade - Straight,1. No Defects,"1. Two-Way, Not Divided",1. Dry,"2. Blacktop, Asphalt, Bituminous",BUFORD RD,SEC,SC,R-VA047SC01521NB,"Urbanized (Population 200,000 and over)",3. No,"22,20",402,402,423,423,423,Not SENIOR,None,"5,15","25,25",Not SPEED,"25,25",398519,0,"2. No,2. No",Paved (unofficial definition),"0,0",9AM TO 12PM,1,1,1. No Traffic Control,6. No Traffic Control Device Present,Not a Parkway - Trucks and Commercial Vehicles Allowed,"1,2","22. Truck - Sport Utility Vehicle (SUV),9. Bicycle",KIA,"1. Going Straight Ahead,1. Going Straight Ahead",SPORTAGE,,5,5.Hampton Roads,1. No Adverse Condition (Clear/Cloudy),Not Provided,2. No,Not Provided,Not YOUNG
,Not ALCIHOL,Urban,1,1,,,Not UNBELTED,9,Female,A,1,BIKE,,0,0,,2. Angle,"Not Provided,Not Provided","Not Provided,Not Provided",,,,6/27/2012,6/27/2012,22. Bicycle,1715,A.Ambulatory Injury,2012,,0,0,Newport News,Urban,22. Bicycle,MAIN,3PM TO 6PM,121.Newport News,,Not Intersection,Reset Filters,VDOT_OTHER,Wednesday,Not DEER,"South,East",DISTRACTED,5,1,122690061,61,Female,"A,PDO","1,2","11. Did Not Have Right-of-Way,1. No Improper Action","3. Unavailable/Not Applicable,2. Not Deployed","4. No Test,4. No Test","8. Other,1. No Defects","11. Other,Not Applicable","1. Had Not Been Drinking,1. Had Not Been Drinking","2. No,2. No","3. Totally Ejected,1. Not Ejected","Yes,No","No,No","8. No Restraint Used,3. Lap and Shoulder Belt","1. Not Obscured,1. Not Obscured",,,,,,,,,"20,22",1. On Roadway,"0,0",,,,Not GUARDRAIL,Not HIT_RUN,"5,1",1,1. Not at Intersection,,C,0,0,36.993901,36.993901,,,Not LRTRUCK,2. Daylight,UNLOCATED,-76.425765,-76.425765,MAINLINE,,,,,,,,"20,22",Not MOTORCYCLE,,.,,,,,,,1,,SEC_URBAN,,,,,,,,,,,,0,1,,0,0,,,,,,,,,Not PED,,1,0,Newport News,121,5,NOT-RD,10. Intersection Related - Within 150 Feet,,,,1. Straight - Level,1. No Defects,"1. Two-Way, Not Divided",1. Dry,"2. Blacktop, Asphalt, Bituminous",BLK OF 43RD ST,UNKWN,SC,U-VA121SC99999UK,,3. No,"0,0",,,,,,Not SENIOR,,"5,15","25,25",Not SPEED,"25,25",,,"2. No,2. No",,"0,0",3PM TO 6PM,1,1,1. No Traffic Control,6. No Traffic Control Device Present,,"1,2","9. Bicycle,1. Passenger car",NISSAN,"3. Making Left Turn,1. Going Straight Ahead",ALTIMA,2012,5,5.Hampton Roads,1. No Adverse Condition (Clear/Cloudy),Not Provided,2. No,Not Provided,Not YOUNG
,Not ALCIHOL,Urban,1,1,,,Not UNBELTED,12,Male,A,2,BIKE,,0,0,,12. Ped,"Not Provided,Not Provided","Not Provided,Not Provided",,,,6/28/2012,6/28/2012,19. Ped,1400,A.Ambulatory Injury,2012,,0,0,Norfolk,Urban,19. Ped,MAIN,12PM TO 3PM,122.Norfolk,,Not Intersection,Reset Filters,VDOT_OTHER,Thursday,Not DEER,"Not Provided,Not Provided",,5,1,122410219,24,Male,"PDO,A","1,2","1. No Improper Action,1. No Improper Action","2. Not Deployed,2. Not Deployed","Not Applicable,Not Applicable","1. No Defects,1. No Defects","Not Applicable,Not Applicable","1. Had Not Been Drinking,1. Had Not Been Drinking","2. No,2. No","1. Not Ejected,1. Not Ejected","No,Yes","No,No","3. Lap and Shoulder Belt,9. Not Applicable","11. Moving Vehicle(s),11. Moving Vehicle(s)",,,,,,,,,"19,20",1. On Roadway,"0,0",,,,Not GUARDRAIL,Not HIT_RUN,"12,11",1,1. Not at Intersection,,C,0,0,36.866954,36.866954,,,Not LRTRUCK,2. Daylight,UNLOCATED,-76.256495,-76.256495,MAINLINE,,,,,,,,"19,20",Not MOTORCYCLE,,.,,,,,,,1,,SEC_URBAN,,,,,,,,,,,,0,1,,0,0,,,,,,,,,Not PED,,1,0,Norfolk,122,5,NOT-RD,8. Non-Intersection,,,,1. Straight - Level,4. Under Repair,"1. Two-Way, Not Divided",1. Dry,"2. Blacktop, Asphalt, Bituminous",2835 TAIT TERRACE,UNKWN,SC,U-VA122SC99999UK,,3. No,"0,0",,,,,,Not SENIOR,,5,"25,0",Not SPEED,"25,0",,,"2. No,2. No",,"0,0",12PM TO 3PM,1,1,1. No Traffic Control,6. No Traffic Control Device Present,,"1,2","1. Passenger car,9. Bicycle","CHEV,MONGOOSE","15. Other,15. Other","IMPALA,20 BOYS BICYCLE",2003,5,5.Hampton Roads,1. No Adverse Condition (Clear/Cloudy),Not Provided,2. No,Not Provided,Not YOUNG