Access Control,Alcohol Notalcohol,Area Type1,A Crash,A People,Basetypedesc,Begin Node Dsc,Belted Unbelted,Bikeage,Bikegen,Bikeinjurytype,Bikevehiclenumber,Bike Nonbike,BMP,B Crash,B People,Carspeedlimit,Collision Type,Comm Cargo Body Type Cd,Comm Vehicle Body Type Cd,Cotedrouteid,Coted Mp,Count App,CRASH_DT (copy),Crash Dt,Crash Event Type Dsc,Crash Military Tm,Crash Severity,Crash Year,Curbgutterdesc,C Crash,C People,Juris Name Used,Area Type Used,First Harmful Event of Entire Crash,MAINLINE,Time Slicing Used,Phy_Juris_Nm,Offset-Ft,Intersection Analysis,Clear,Calculation_9640323132123359,Day Of Week,Deer Nodeer,Direction Of Travel Cd,Distracted Notdistracted,VSP,TOTAL CRASH,Document Nbr,Driverage,Drivergen,Driverinjurytype,Drivervehiclenumber,Driver Action Type Cd,Driver Airbag Deployment,Driver Alcohol Test Type Cd,Driver Condition Type Cd,Driver Distraction Type Cd,Driver Drinking Type Cd,Driver Drug Use Cd,Driver Ejected From Vehicle,Driver Ems Transport Ind,Driver Fled Scene Ind,Driver Safety Equip Used,Driver Vis Obscured Type Cd,Drowsy Notdrowsy,Drug Nodrug,EMP,End Node,End Node Dsc,End Offset,Facility,FAC,First Crash Event Cd,First Harmful Event,Fourth Crash Event Cd,Functionalclass,FUN,Govcondesc,Gr Nogr,Hitrun Not Hitrun,Initial Veh Impact Area Cd,Injury Crashes,Intersection Type,Int Doc,Jurtype,K_CRASH,K People,LAT (copy),LAT,Leftshoulderwidth,Length,Lgtruck Nonlgtruck,Light Condition,Located Unlocated,LON (copy),LON,MAINLINE (group),Mainline Yn,Medianleftshoulderwidth,Medianrightshoulderwidth,Mediantypedesc,Medianwidthmax,Medianwidthmin,Median Type,Most Harmful Crash Event Cd,Motor Nonmotor,Node,Node Info,Node Totaadt2011,Node Totaadt2012,Node Totaadt2013,Node Totaadt2014,Node Totaadt2015,Numberoflane,Number of Records,Offset,Ownership,Passage,Passgen,Passinjurytype,Passvehiclenumber,Pass Airbag Deployment,Pass Ejected From Vehicle,Pass Ems Transport Ind,Pass Safety Equip Used,Pavementconditionvalue,Pavementroughnessvalue,Pavementwidth,Pdo Crash,Total People Killed & Injured,Pedage,Pedestrians Injured,Pedestrians Killed,Pedgen,Pedinjurytype,Pednumber,Ped Action,Ped Al Test,Ped Cond,Ped Drink,Ped Drug,Ped Nonped,Ped Rflct,Persons Injured,Persons Killed,Physical Juris Nm,PJR,VSP_Used,Rd Type,Relation To Roadway,Rightshoulderwidth,RNS_MP (0.25 mi bin),Rns Mp,Roadway Alignment,Roadway Defect,Roadway Description,Roadway Surface Cond,Roadway Surface Type,Route Or Street Nm,Rte Category Cd,Rte Cat,Rte Nm,Ruralurbandesc,School Zone,Second Crash Event Cd,Segtotaadt2011,Segtotaadt2012,Segtotaadt2013,Segtotaadt2014,Segtotaadt2015,Senior Notsenior,Sidewalkdesc,Speed Before,Speed Max Safe,Speed Notspeed,Speed Posted,Start Node,Start Offset,Summons Issued Cd,Surfacedesc,Third Crash Event Cd,Time Slicing,Total Crashes including Property Damage Only,Total Crash,Traffic Control Type,Trfc Ctrl Status Type,Truckcommr,Vehiclenumber,Vehicle Body Type Cd,Vehicle Make Nm,Vehicle Maneuver Type Cd,Vehicle Model Nm,Vehicle Year Nbr,District,District_Used ,Weather Condition,Work Zone Location,Work Zone Related,Work Zone Type,Young Notyoung
No Access Control,Not ALCIHOL,Urban,1,1,Bituminous Concrete (Black Base),121-00019(B)/RICHNECK RD,Not UNBELTED,21,Male,A,1,BIKE,21.33,0,0,,2. Angle,"Not Provided,Not Provided","Not Provided,Not Provided",SR00143,22.668,3,6/28/2012,6/28/2012,22. Bicycle,1837,A.Ambulatory Injury,2012,Left and Right sides,0,0,Newport News,Urban,22. Bicycle,MAIN,6PM TO 9PM,121.Newport News,"3,812",Intersection,Reset Filters,VDOT_OTHER,Thursday,Not DEER,"West,North",DISTRACTED,5,1,123120036,,Male,"A,PDO","1,2","Not Applicable,1. No Improper Action","3. Unavailable/Not Applicable,2. Not Deployed","Not Applicable,Not Applicable","1. No Defects,1. No Defects","11. Other,Not Applicable","1. Had Not Been Drinking,1. Had Not Been Drinking","Not Applicable,Not Applicable","1. Not Ejected,1. Not Ejected","No,No","No,No","9. Not Applicable,3. Lap and Shoulder Belt","1. Not Obscured,1. Not Obscured",,,23,646117,121-00019(B)/RICHNECK RD,1.53,0,"0.Two-way, non-divided","20,22",1. On Roadway,"0,0",E,E.Urban Other Principle Arterials; Connecting Links of Other Rural Principal Arterial,Urban Extensions - Primary Routes,Not GUARDRAIL,Not HIT_RUN,"3,12",1,4. Four Approaches,123120036,C,0,0,37.164964,37.164964,0,1.53,Not LRTRUCK,2. Daylight,LOCATED,-76.540684,-76.540684,MAINLINE,MAIN,0,0,0,0,0,Undivided Roadway,"20,22",Not MOTORCYCLE,756243,756243.  IS00064W250C  SR00143       SR00143,29814,30902,27151,27121,28192,4,1,0.722,PRI_URBAN,,,,,,,,,0,178,60,0,1,,0,0,,,,,,,,,Not PED,,1,0,Newport News,121,5,NOT-RD,9. Within Intersection,0,22.5,22.67,1. Straight - Level,1. No Defects,"2. Two-Way, Divided, Unprotected Median",1. Dry,"2. Blacktop, Asphalt, Bituminous",JEFFERSON AVE,STPRI,SR,R-VA   SR00143NB,"Urbanized (Population 200,000 and over)",3. No,"0,0",29814,30902,27151,27121,28192,Not SENIOR,None,"5,30","25,45",Not SPEED,"25,45",646117,0,"2. No,2. No",0,"0,0",6PM TO 9PM,1,1,3. Traffic Signal,1. Yes - Working,Not a Parkway - Trucks and Commercial Vehicles Allowed,"1,2","9. Bicycle,1. Passenger car",HONDA,"1. Going Straight Ahead,1. Going Straight Ahead",CIVIC,1998,5,5.Hampton Roads,1. No Adverse Condition (Clear/Cloudy),Not Provided,2. No,Not Provided,Not YOUNG
,Not ALCIHOL,Urban,0,0,,,Not UNBELTED,21,Male,C,2,BIKE,,0,0,,2. Angle,"Not Provided,Not Provided","Not Provided,Not Provided",,,,10/15/2013,10/15/2013,22. Bicycle,757,C.Non-Visible Injury,2013,,1,1,Norfolk,Urban,22. Bicycle,MAIN,6AM TO 9AM,122.Norfolk,,Not Intersection,Reset Filters,VDOT_OTHER,Tuesday,Not DEER,"West,South",,5,1,140370340,40,Female,"PDO,C","1,2","1. No Improper Action,10. Wrong Side Of Road - Not Overtaking","2. Not Deployed,3. Unavailable/Not Applicable","Not Applicable,Not Applicable","1. No Defects,1. No Defects","Not Applicable,Not Applicable","1. Had Not Been Drinking,1. Had Not Been Drinking","2. No,2. No","1. Not Ejected,1. Not Ejected","No,No","No,No","3. Lap and Shoulder Belt,9. Not Applicable","6. Building,6. Building",,,,,,,,,"22,20",1. On Roadway,"0,0",,,,Not GUARDRAIL,Not HIT_RUN,"12,7",1,3. Three Approaches,,C,0,0,36.886745,36.886745,,,Not LRTRUCK,2. Daylight,UNLOCATED,-76.236511,-76.236511,MAINLINE,,,,,,,,"22,20",Not MOTORCYCLE,,.,,,,,,,1,,SEC_URBAN,,,,,,,,,,,,0,1,,0,0,,,,,,,,,Not PED,,1,0,Norfolk,122,5,NOT-RD,9. Within Intersection,,,,1. Straight - Level,1. No Defects,"1. Two-Way, Not Divided",1. Dry,"2. Blacktop, Asphalt, Bituminous",3600 BLK SEWELLS POOINT ROAD,UNKWN,SC,U-VA122SC99999UK,,3. No,"0,0",,,,,,Not SENIOR,,"5,7","35,35",Not SPEED,"35,35",,,"2. No,2. No",,"0,0",6AM TO 9AM,1,1,4. Stop Sign,1. Yes - Working,,"1,2","22. Truck - Sport Utility Vehicle (SUV),9. Bicycle","Buick,Schwinn","2. Making Right Turn,1. Going Straight Ahead","Enclave,Riverside",2008,5,5.Hampton Roads,1. No Adverse Condition (Clear/Cloudy),Not Provided,2. No,Not Provided,Not YOUNG
No Access Control,Not ALCIHOL,Urban,1,1,Dual Type,JB-99-47-137/ECL WILLIAMSBURG/YORK - JAMES CI,Not UNBELTED,27,Male,A,2,BIKE,238.5,0,0,45,2. Angle,"Not Provided,Not Provided","Not Provided,Not Provided",US00060,238.572,3,6/29/2012,6/29/2012,22. Bicycle,1700,A.Ambulatory Injury,2012,Left and Right sides,0,0,York,Urban,22. Bicycle,MAIN,3PM TO 6PM,99.York,623,Intersection,Reset Filters,VDOT_OTHER,Friday,Not DEER,"West,West",,5,1,121825139,33,Female,"PDO,A","1,2","11. Did Not Have Right-of-Way,1. No Improper Action","2. Not Deployed,3. Unavailable/Not Applicable","Not Applicable,Not Applicable","1. No Defects,1. No Defects","14. No Driver Distraction,14. No Driver Distraction","1. Had Not Been Drinking,1. Had Not Been Drinking","2. No,2. No","1. Not Ejected,Not Provided","No,Yes","No,No","3. Lap and Shoulder Belt,9. Not Applicable","14. Blind Spot,1. Not Obscured",,,239,50641,JB-99-47-137/ECL WILLIAMSBURG/YORK - JAMES CI,0.09,1,"1.Divided, no control of access","22,20",1. On Roadway,"0,0",E,E.Urban Other Principle Arterials; Connecting Links of Other Rural Principal Arterial,State Primary and Interstate,Not GUARDRAIL,Not HIT_RUN,"12,6",1,1. Not at Intersection,121825139,N,0,0,37.28596,37.28596,0,0.09,Not LRTRUCK,2. Daylight,LOCATED,-76.719003,-76.719003,MAINLINE,MAIN,0,0,Curbed (solid raised),4,4,Divided Roadway,"22,20",Not MOTORCYCLE,671351,671351.  9900713       US00060       US00060,27426,26819,24814,23929,24415,4,1,0.118,VDOT_PRI,,,,,,,,,0,299,52,0,1,,0,0,,,,,,,,,Not PED,,1,0,York,99,5,NOT-RD,"13. Driveway, Alley-Access - Related",0,238.5,238.57,1. Straight - Level,1. No Defects,"2. Two-Way, Divided, Unprotected Median",1. Dry,"2. Blacktop, Asphalt, Bituminous",ROUTE 60 BYPASS ROAD,USPRI,US,R-VA   US00060WB,"Urbanized (Population 200,000 and over)",3. No,"0,0",25269,24710,22783,21971,22417,Not SENIOR,Left and Right sides,"5,3","0,45",Not SPEED,"25,45",50641,0,"2. No,Not Provided",0,"0,0",3PM TO 6PM,1,1,6. Traffic Lanes Marked,1. Yes - Working,Not a Parkway - Trucks and Commercial Vehicles Allowed,"1,2","3. Van,9. Bicycle","Dodge,MAGNUM","6. Merging Into Traffic Lane,1. Going Straight Ahead","Grand Caravan,MOUNTAIN BIKE",20072012,5,5.Hampton Roads,1. No Adverse Condition (Clear/Cloudy),Not Provided,2. No,Not Provided,Not YOUNG
No Access Control,Not ALCIHOL,Urban,0,0,Portland Cement Concrete,134-08723(B)/BIRDNECK RD,Not UNBELTED,12,Female,B,1,BIKE,3.18,1,1,,2. Angle,"Not Provided,Not Provided","Not Provided,Not Provided",C7US00058,3.332,3,6/29/2012,6/29/2012,20. Motor Vehicle In Transport,1230,B.Visiible Injury,2012,Left and Right sides,0,1,Virginia Beach,Urban,20. Motor Vehicle In Transport,MAIN,12PM TO 3PM,134.Virginia Beach,"2,207",Intersection,Reset Filters,VDOT_OTHER,Friday,Not DEER,"North,West",,5,1,122035103,41,Female,"B,C","1,2","11. Did Not Have Right-of-Way,1. No Improper Action","Not Provided,2. Not Deployed","Not Applicable,Not Applicable","1. No Defects,1. No Defects","14. No Driver Distraction,14. No Driver Distraction","Not Applicable,Not Applicable","Not Applicable,Not Applicable","Not Provided,1. Not Ejected","Yes,No","No,No","Not Provided,5. Helmet","11. Moving Vehicle(s),11. Moving Vehicle(s)",,,3,541092,PARKS AVE(L)/,0,0,"0.Two-way, non-divided","20,20",1. On Roadway,"0,0",H,H.Urban Minor Arterial,Urban Extensions - Primary Routes,Not GUARDRAIL,Not HIT_RUN,"5,12",1,4. Four Approaches,122035103,C,0,0,36.843226,36.843226,0,0.26,Not LRTRUCK,2. Daylight,LOCATED,-75.986694,-75.986694,MAINLINE,MAIN,0,0,0,0,0,Undivided Roadway,"20,20",MOTORCYCLE,541091,541091. 13408721     C7US00058     C7US00058,16876,14747,14883,14343,11893,4,1,0.418,PRI_URBAN,,,,,,,,,0,0,40,0,2,,0,0,,,,,,,,,Not PED,,2,0,Virginia Beach,134,5,NOT-RD,9. Within Intersection,0,3.25,3.33,1. Straight - Level,1. No Defects,"1. Two-Way, Not Divided",1. Dry,"2. Blacktop, Asphalt, Bituminous",VIRGINIA BEACH BLVD.,USPRI,US,R-VA   US00058EBBUS007,"Urbanized (Population 200,000 and over)",3. No,"0,0",12948,11505,11611,11190,10783,Not SENIOR,Right side,"2,25","25,25",Not SPEED,"25,25",541093,0.38,"2. No,2. No",0,"0,0",12PM TO 3PM,1,1,6. Traffic Lanes Marked,1. Yes - Working,Not a Parkway - Trucks and Commercial Vehicles Allowed,"1,2","9. Bicycle,11. Motorcycle","MONGOOSE,TRIUMPH","1. Going Straight Ahead,1. Going Straight Ahead","BMX,TR6",20101965,5,5.Hampton Roads,1. No Adverse Condition (Clear/Cloudy),Not Provided,2. No,Not Provided,Not YOUNG
No Access Control,Not ALCIHOL,Urban,0,0,"N/A, Unknown, or Unstabilized",US-00060(B)/21ST ST,Not UNBELTED,19,Male,PDO,1,BIKE,0.53,0,0,,1. Rear End,"Not Provided,Not Provided,Not Provided","Not Provided,Not Provided,Not Provided",13408684,0.535,4,6/30/2012,6/30/2012,20. Motor Vehicle In Transport,0,PDO.Property Damage Only,2012,Left and Right sides,0,0,Virginia Beach,Urban,20. Motor Vehicle In Transport,MAIN,0AM TO 3AM,134.Virginia Beach,26,Intersection,Reset Filters,VDOT_OTHER,Saturday,Not DEER,"North,North,North",,5,1,121845247,2736,FemaleFemale,"PDO,PDO,PDO","1,2,3","11. Did Not Have Right-of-Way,30. Avoiding Ped,12. Following Too Close","3. Unavailable/Not Applicable,2. Not Deployed,2. Not Deployed","4. No Test,4. No Test,4. No Test","1. No Defects,1. No Defects,1. No Defects","14. No Driver Distraction,14. No Driver Distraction,14. No Driver Distraction","1. Had Not Been Drinking,1. Had Not Been Drinking,1. Had Not Been Drinking","2. No,2. No,2. No","1. Not Ejected,1. Not Ejected,1. Not Ejected","No,No,No","No,No,No","6. Other,3. Lap and Shoulder Belt,3. Lap and Shoulder Belt","1. Not Obscured,1. Not Obscured,1. Not Obscured",,,1,541659,134-08719(B)/VA-BEACH-NORFOLK EXPWY,0,4,"4.One-way, part of a one-way system","42,42,20",1. On Roadway,"0,0,0",E,E.Urban Other Principle Arterials; Connecting Links of Other Rural Principal Arterial,Other City or Town Streets (not state maintained),Not GUARDRAIL,Not HIT_RUN,"0,7,1",0,4. Four Approaches,121845247,C,0,0,36.849017,36.849017,0,0.07,Not LRTRUCK,4. Darkness - Road Lighted,LOCATED,-75.976474,-75.976474,MAINLINE,MAIN,0,0,0,0,0,Divided Roadway,"42,20,20",Not MOTORCYCLE,541107,541107.  US00060       US00060      13408684      13408684,26863,26241,23827,23477,24268,2,1,0.005,SEC_URBAN,,,,,,,,,0,115,40,1,0,,0,0,,,,,,,,,Not PED,,0,0,Virginia Beach,134,5,NOT-RD,9. Within Intersection,0,0.5,0.53,1. Straight - Level,1. No Defects,"2. Two-Way, Divided, Unprotected Median",1. Dry,"2. Blacktop, Asphalt, Bituminous",2000 PACIFIC AVE,URB,UR,R-VA134UR08684WB,"Urbanized (Population 200,000 and over)",3. No,"0,20,0",4659,3715,3749,3613,3714,Not SENIOR,Left and Right sides,"5,5,10","35,35",Not SPEED,"35,35",541107,0,"1. Yes,2. No,2. No",0,"0,0,0",0AM TO 3AM,1,1,3. Traffic Signal,1. Yes - Working,Not a Parkway - Trucks and Commercial Vehicles Allowed,"1,2,3","9. Bicycle,12. Emergency Vehicle (Regardless of Veh Type),1. Passenger car","Ford,Mercury","1. Going Straight Ahead,2. Making Right Turn,1. Going Straight Ahead","BICYCLE,Crown Victoria Police Pkg,Grand Marquis",20002001,5,5.Hampton Roads,1. No Adverse Condition (Clear/Cloudy),Not Provided,2. No,Not Provided,YOUNG
No Access Control,Not ALCIHOL,Urban,1,2,Bituminous Concrete (Black Base),ALBERT AVENUE(L)/,Not UNBELTED,,"Female,Female","A,A",,BIKE,0.79,0,0,,1. Rear End,"Not Provided,Not Provided,Not Provided","Not Provided,Not Provided,Not Provided",12200003,0.878,3,6/30/2012,6/30/2012,22. Bicycle,8,A.Ambulatory Injury,2012,Right side,0,0,Norfolk,Urban,22. Bicycle,MAIN,0AM TO 3AM,122.Norfolk,"1,911",Intersection,Reset Filters,VDOT_OTHER,Saturday,Not DEER,"South,South,South",DISTRACTED,5,1,122090119,272730,Male,"PDO,A,A","1,2,3","34. Hit and Run,1. No Improper Action,1. No Improper Action","Not Provided,3. Unavailable/Not Applicable,3. Unavailable/Not Applicable","Not Applicable,Not Applicable,Not Applicable","9. Unknown,1. No Defects,1. No Defects","4. Passenger(s),Not Applicable,Not Applicable","6. Unknown,1. Had Not Been Drinking,1. Had Not Been Drinking","3. Unknown,3. Unknown,3. Unknown","Not Provided,3. Totally Ejected,3. Totally Ejected","NotProvided,Yes,Yes","Yes,No,No","Not Provided,9. Not Applicable,9. Not Applicable","1. Not Obscured,1. Not Obscured,1. Not Obscured",,,1,724476,WIDGEN ROAD(L)/,0,0,"0.Two-way, non-divided","22,20,20",1. On Roadway,"0,0,0",H,H.Urban Minor Arterial,Other City or Town Streets (not state maintained),Not GUARDRAIL,HIT_RUN,"1,0,0",1,1. Not at Intersection,122090119,C,0,0,36.901954,36.901954,2,0.12,Not LRTRUCK,4. Darkness - Road Lighted,LOCATED,-76.242676,-76.242676,MAINLINE,MAIN,0,0,0,0,0,Undivided Roadway,"22,20,20",Not MOTORCYCLE,724477,724477. 12200003      12200003      12208631,12117,10874,10974,10576,10278,3,1,0.362,SEC_URBAN,,,,,,,,,0,0,32,0,2,,0,0,,,,,,,,,Not PED,,2,0,Norfolk,122,5,NOT-RD,8. Non-Intersection,0,0.75,0.88,1. Straight - Level,1. No Defects,"1. Two-Way, Not Divided",1. Dry,"2. Blacktop, Asphalt, Bituminous",6800 BLOCK SEWELLS POINT ROAD,URB,UR,R-VA122UR00003NB,"Urbanized (Population 200,000 and over)",3. No,"0,0,0",8564,7632,7702,7423,7318,Not SENIOR,Right side,,"35,0,0",Not SPEED,"35,0,0",724481,0,"3. Pending,2. No,2. No",0,"0,0,0",0AM TO 3AM,1,1,6. Traffic Lanes Marked,5. Yes - Missing,Not a Parkway - Trucks and Commercial Vehicles Allowed,"1,2,3","22. Truck - Sport Utility Vehicle (SUV),9. Bicycle,9. Bicycle",CHEV,"1. Going Straight Ahead,1. Going Straight Ahead,1. Going Straight Ahead","EQX,Bicycle,Bicycle",2005,5,5.Hampton Roads,1. No Adverse Condition (Clear/Cloudy),Not Provided,2. No,Not Provided,Not YOUNG
No Access Control,Not ALCIHOL,Urban,0,0,"N/A, Unknown, or Unstabilized",134-08723(B)/SOUTHERN BLVD(U)/,Not UNBELTED,34,0,B,1,BIKE,0,1,1,,2. Angle,"Not Provided,Not Provided","Not Provided,Not Provided",13408724,0.001,3,10/18/2013,10/18/2013,22. Bicycle,1030,B.Visiible Injury,2013,Left and Right sides,0,0,Virginia Beach,Urban,22. Bicycle,MAIN,9AM TO 12PM,134.Virginia Beach,5,Intersection,Reset Filters,VDOT_OTHER,Friday,Not DEER,"South,West",,5,1,133005080,,Not Provided,"B,PDO","1,2","1. No Improper Action,34. Hit and Run","3. Unavailable/Not Applicable,Not Provided","4. No Test,4. No Test","1. No Defects,9. Unknown","14. No Driver Distraction,14. No Driver Distraction","1. Had Not Been Drinking,6. Unknown","2. No,3. Unknown","Not Provided,Not Provided","Yes,NotProvided","No,Yes","9. Not Applicable,Not Provided","1. Not Obscured,1. Not Obscured",,,0,715445,BURFORD AVE.(R)/,0,0,"0.Two-way, non-divided","20,22",1. On Roadway,"0,0",I,I.Urban Collector,Other City or Town Streets (not state maintained),Not GUARDRAIL,HIT_RUN,"7,11",1,4. Four Approaches,133005080,C,0,0,36.83797944,36.83797944,0,0.11,Not LRTRUCK,2. Daylight,LOCATED,-75.99859798,-75.99859798,MAINLINE,MAIN,0,0,0,0,0,Undivided Roadway,"20,22",Not MOTORCYCLE,542019,542019. 13408723      13408723      13408724,17300,19878,20062,19334,19644,2,1,0.001,SEC_URBAN,,,,,,,,,0,0,36,0,1,,0,0,,,,,,,,,Not PED,,1,0,Virginia Beach,134,5,NOT-RD,9. Within Intersection,0,0,0,1. Straight - Level,1. No Defects,"3. Two-Way, Divided, Positive Median Barrier",1. Dry,"2. Blacktop, Asphalt, Bituminous",100 SOUTH BIRDNECK RD,URB,UR,R-VA134UR08724EB,"Urbanized (Population 200,000 and over)",3. No,"0,0",11311,11846,11955,11521,11747,Not SENIOR,Right side,"3,5","35,35",Not SPEED,"35,35",542019,0,"2. No,Not Provided",0,"0,0",9AM TO 12PM,1,1,3. Traffic Signal,1. Yes - Working,Not a Parkway - Trucks and Commercial Vehicles Allowed,"1,2","9. Bicycle,1. Passenger car","SUSAAN G. KOMEN,MERZ","1. Going Straight Ahead,2. Making Right Turn",CRUSIER,20102011,5,5.Hampton Roads,1. No Adverse Condition (Clear/Cloudy),Not Provided,2. No,Not Provided,Not YOUNG
No Access Control,Not ALCIHOL,Urban,1,1,Bituminous Concrete (Black Base),RICHARD COURT(R)/,Not UNBELTED,13,Male,A,2,BIKE,1.82,0,0,,2. Angle,"Not Provided,Not Provided","Not Provided,Not Provided",12107015,1.862,4,10/23/2013,10/23/2013,22. Bicycle,1813,A.Ambulatory Injury,2013,Right side,0,0,Newport News,Urban,22. Bicycle,MAIN,6PM TO 9PM,121.Newport News,42,Intersection,Reset Filters,VDOT_OTHER,Wednesday,Not DEER,"North,North",DISTRACTED,5,1,140380502,52,0,"PDO,A","1,2","1. No Improper Action,11. Did Not Have Right-of-Way","2. Not Deployed,7. Deployed - Other (Knee, Air Belt, etc.)","4. No Test,4. No Test","1. No Defects,1. No Defects","Not Applicable,11. Other","1. Had Not Been Drinking,1. Had Not Been Drinking","2. No,2. No","1. Not Ejected,3. Totally Ejected","No,No","No,No","3. Lap and Shoulder Belt,8. No Restraint Used","1. Not Obscured,1. Not Obscured",,,2,646240,121-07012(B)/BRIARFIELD RD,0,0,"0.Two-way, non-divided","22,20",1. On Roadway,"0,0",I,I.Urban Collector,Other City or Town Streets (not state maintained),Not GUARDRAIL,Not HIT_RUN,"2,9",1,4. Four Approaches,140380502,C,0,0,37.007845,37.007845,3,0.05,Not LRTRUCK,2. Daylight,LOCATED,-76.430607,-76.430607,MAINLINE,MAIN,0,0,0,0,0,Undivided Roadway,"22,20",Not MOTORCYCLE,646240,646240. 12107012      12107012      12107015      12107015,12175,11906,12178,11744,11982,2,1,0.008,SEC_URBAN,,,,,,,,,0,0,44,0,1,,0,0,,,,,,,,,Not PED,,1,0,Newport News,121,5,NOT-RD,9. Within Intersection,0,1.75,1.87,1. Straight - Level,1. No Defects,"1. Two-Way, Not Divided",1. Dry,1. Concrete,BRIARFIELD RD,URB,UR,R-VA121UR07015NB,"Urbanized (Population 200,000 and over)",1. Yes,"0,0",4692,4588,5226,5040,5142,Not SENIOR,Right side,"25,5","25,0",Not SPEED,"25,25",646239,0,"2. No,2. No",0,"0,0",6PM TO 9PM,1,1,3. Traffic Signal,1. Yes - Working,Not a Parkway - Trucks and Commercial Vehicles Allowed,"1,2","3. Van,9. Bicycle",PLYMOUTH,"1. Going Straight Ahead,1. Going Straight Ahead",VOYAGER,1998,5,5.Hampton Roads,1. No Adverse Condition (Clear/Cloudy),Not Provided,2. No,Not Provided,Not YOUNG
No Access Control,Not ALCIHOL,Urban,0,0,Portland Cement Concrete,JB-99-47-137/SCL WILLIAMSBURG/YORK - JAMES CI,Not UNBELTED,23,0,B,1,BIKE,34.59,1,1,,2. Angle,"Not Provided,Not Provided","Not Provided,Not Provided",SR00143,34.63,3,10/24/2013,10/24/2013,22. Bicycle,2100,B.Visiible Injury,2013,None,0,0,Williamsburg,Urban,22. Bicycle,MAIN,6PM TO 9PM,137.Williamsburg,"1,478",Intersection,Reset Filters,VDOT_OTHER,Thursday,Not DEER,"East,West",,5,1,140380640,76,Male,"B,PDO","1,2","10. Wrong Side Of Road - Not Overtaking,1. No Improper Action","3. Unavailable/Not Applicable,2. Not Deployed","4. No Test,4. No Test","1. No Defects,1. No Defects","Not Applicable,Not Applicable","1. Had Not Been Drinking,1. Had Not Been Drinking","2. No,2. No","3. Totally Ejected,1. Not Ejected","Yes,No","No,No","9. Not Applicable,3. Lap and Shoulder Belt","1. Not Obscured,1. Not Obscured",,,35,50635,JB-99-47-137/SCL WILLIAMSBURG/YORK - JAMES CI,0.69,0,"0.Two-way, non-divided","20,22",1. On Roadway,"0,0",H,H.Urban Minor Arterial,Urban Extensions - Primary Routes,Not GUARDRAIL,Not HIT_RUN,"12,12",1,1. Not at Intersection,140380640,C,0,0,37.283297,37.283297,6,0.11,Not LRTRUCK,4. Darkness - Road Lighted,LOCATED,-76.684413,-76.684413,MAINLINE,MAIN,0,0,0,0,0,Undivided Roadway,"20,22",Not MOTORCYCLE,398721,398721.  SR00005       SR00143       SR00143,10891,10656,11282,10881,11101,2,1,0.28,PRI_URBAN,,,,,,,,,0,163,22,0,1,,0,0,,,,,,,,,Not PED,,1,0,Williamsburg,137,5,NOT-RD,8. Non-Intersection,6,34.5,34.63,1. Straight - Level,1. No Defects,"1. Two-Way, Not Divided",1. Dry,"2. Blacktop, Asphalt, Bituminous",100 BLK OF MERRIMAC TRAIL,STPRI,SR,R-VA   SR00143NB,"Urbanized (Population 200,000 and over)",3. No,"0,0",6716,6568,6916,6670,6805,SENIOR,None,"0,5","35,35",Not SPEED,"35,35",50635,0.58,"1. Yes,2. No",0,"0,0",6PM TO 9PM,1,1,6. Traffic Lanes Marked,1. Yes - Working,Not a Parkway - Trucks and Commercial Vehicles Allowed,"1,2","9. Bicycle,1. Passenger car","RALEIGH,Ford","1. Going Straight Ahead,2. Making Right Turn","CIRCA (BICYCLE),TAURUS",1998,5,5.Hampton Roads,1. No Adverse Condition (Clear/Cloudy),Not Provided,2. No,Not Provided,Not YOUNG
No Access Control,Not ALCIHOL,Urban,0,0,"N/A, Unknown, or Unstabilized",SR-00306(L)/,Not UNBELTED,47,Male,B,2,BIKE,261.77,1,1,,16. Other,"Not Provided,Not Provided","Not Provided,Not Provided",US00060,261.883,3,10/25/2013,10/25/2013,22. Bicycle,1315,B.Visiible Injury,2013,Left and Right sides,0,0,Newport News,Urban,22. Bicycle,MAIN,12PM TO 3PM,121.Newport News,"1,072",Intersection,Reset Filters,VDOT_OTHER,Friday,Not DEER,"North,South",,5,1,140380702,23,0,"PDO,B","1,2","1. No Improper Action,20. Disregarded Officer or Flagger","2. Not Deployed,3. Unavailable/Not Applicable","4. No Test,4. No Test","1. No Defects,1. No Defects","Not Applicable,Not Applicable","1. Had Not Been Drinking,1. Had Not Been Drinking","2. No,2. No","1. Not Ejected,3. Totally Ejected","No,Yes","No,No","3. Lap and Shoulder Belt,6. Other","1. Not Obscured,1. Not Obscured",,,262,646042,SR-00306(L)/,0.37,1,"1.Divided, no control of access","22,20",9. Outside Right-of-Way,"0,0",H,H.Urban Minor Arterial,Urban Extensions - Primary Routes,Not GUARDRAIL,Not HIT_RUN,"13,3",1,1. Not at Intersection,140380702,C,0,0,37.046367,37.046367,0,0.28,Not LRTRUCK,2. Daylight,LOCATED,-76.473444,-76.473444,MAINLINE,MAIN,0,0,Curbed Grass,6,6,Divided Roadway,"22,20",Not MOTORCYCLE,646042,646042.  SR00306       US00060       US00060,29756,29098,32379,31226,31859,5,1,0.203,PRI_URBAN,,,,,,,,,0,145,60,0,1,,0,0,,,,,,,,,Not PED,,1,0,Newport News,121,5,NOT-RD,"13. Driveway, Alley-Access - Related",0,261.75,261.86,9. Other,1. No Defects,"3. Two-Way, Divided, Positive Median Barrier",1. Dry,1. Concrete,WARWICK BLVD,USPRI,US,R-VA   US00060WB,"Urbanized (Population 200,000 and over)",3. No,"0,0",25200,24643,27671,26685,27226,Not SENIOR,Left and Right sides,"10,10","35,0",SPEED,"35,0",646042,0.09,"2. No,2. No",0,"0,0",12PM TO 3PM,1,1,1. No Traffic Control,6. No Traffic Control Device Present,Not a Parkway - Trucks and Commercial Vehicles Allowed,"1,2","1. Passenger car,9. Bicycle",DODGE,"2. Making Right Turn,1. Going Straight Ahead",CHARGER,2008,5,5.Hampton Roads,1. No Adverse Condition (Clear/Cloudy),Not Provided,2. No,Not Provided,Not YOUNG