Access Control,Alcohol Notalcohol,Area Type1,A Crash,A People,Basetypedesc,Begin Node Dsc,Belted Unbelted,Bikeage,Bikegen,Bikeinjurytype,Bikevehiclenumber,Bike Nonbike,BMP,B Crash,B People,Carspeedlimit,Collision Type,Comm Cargo Body Type Cd,Comm Vehicle Body Type Cd,Cotedrouteid,Coted Mp,Count App,CRASH_DT (copy),Crash Dt,Crash Event Type Dsc,Crash Military Tm,Crash Severity,Crash Year,Curbgutterdesc,C Crash,C People,Juris Name Used,Area Type Used,First Harmful Event of Entire Crash,MAINLINE,Time Slicing Used,Phy_Juris_Nm,Offset-Ft,Intersection Analysis,Clear,Calculation_9640323132123359,Day Of Week,Deer Nodeer,Direction Of Travel Cd,Distracted Notdistracted,VSP,TOTAL CRASH,Document Nbr,Driverage,Drivergen,Driverinjurytype,Drivervehiclenumber,Driver Action Type Cd,Driver Airbag Deployment,Driver Alcohol Test Type Cd,Driver Condition Type Cd,Driver Distraction Type Cd,Driver Drinking Type Cd,Driver Drug Use Cd,Driver Ejected From Vehicle,Driver Ems Transport Ind,Driver Fled Scene Ind,Driver Safety Equip Used,Driver Vis Obscured Type Cd,Drowsy Notdrowsy,Drug Nodrug,EMP,End Node,End Node Dsc,End Offset,Facility,FAC,First Crash Event Cd,First Harmful Event,Fourth Crash Event Cd,Functionalclass,FUN,Govcondesc,Gr Nogr,Hitrun Not Hitrun,Initial Veh Impact Area Cd,Injury Crashes,Intersection Type,Int Doc,Jurtype,K_CRASH,K People,LAT (copy),LAT,Leftshoulderwidth,Length,Lgtruck Nonlgtruck,Light Condition,Located Unlocated,LON (copy),LON,MAINLINE (group),Mainline Yn,Medianleftshoulderwidth,Medianrightshoulderwidth,Mediantypedesc,Medianwidthmax,Medianwidthmin,Median Type,Most Harmful Crash Event Cd,Motor Nonmotor,Node,Node Info,Node Totaadt2011,Node Totaadt2012,Node Totaadt2013,Node Totaadt2014,Node Totaadt2015,Numberoflane,Number of Records,Offset,Ownership,Passage,Passgen,Passinjurytype,Passvehiclenumber,Pass Airbag Deployment,Pass Ejected From Vehicle,Pass Ems Transport Ind,Pass Safety Equip Used,Pavementconditionvalue,Pavementroughnessvalue,Pavementwidth,Pdo Crash,Total People Killed & Injured,Pedage,Pedestrians Injured,Pedestrians Killed,Pedgen,Pedinjurytype,Pednumber,Ped Action,Ped Al Test,Ped Cond,Ped Drink,Ped Drug,Ped Nonped,Ped Rflct,Persons Injured,Persons Killed,Physical Juris Nm,PJR,VSP_Used,Rd Type,Relation To Roadway,Rightshoulderwidth,RNS_MP (0.25 mi bin),Rns Mp,Roadway Alignment,Roadway Defect,Roadway Description,Roadway Surface Cond,Roadway Surface Type,Route Or Street Nm,Rte Category Cd,Rte Cat,Rte Nm,Ruralurbandesc,School Zone,Second Crash Event Cd,Segtotaadt2011,Segtotaadt2012,Segtotaadt2013,Segtotaadt2014,Segtotaadt2015,Senior Notsenior,Sidewalkdesc,Speed Before,Speed Max Safe,Speed Notspeed,Speed Posted,Start Node,Start Offset,Summons Issued Cd,Surfacedesc,Third Crash Event Cd,Time Slicing,Total Crashes including Property Damage Only,Total Crash,Traffic Control Type,Trfc Ctrl Status Type,Truckcommr,Vehiclenumber,Vehicle Body Type Cd,Vehicle Make Nm,Vehicle Maneuver Type Cd,Vehicle Model Nm,Vehicle Year Nbr,District,District_Used ,Weather Condition,Work Zone Location,Work Zone Related,Work Zone Type,Young Notyoung
No Access Control,Not ALCIHOL,Urban,1,1,"N/A, Unknown, or Unstabilized",WILLOW OAKS BLVD(R)/,Not UNBELTED,16,Male,A,2,BIKE,1.56,0,0,,2. Angle,"Not Provided,Not Provided","Not Provided,Not Provided",11407045,1.584,3,10/26/2013,10/26/2013,22. Bicycle,1339,A.Ambulatory Injury,2013,Right side,0,0,Hampton,Urban,22. Bicycle,MAIN,12PM TO 3PM,114.Hampton,"1,985",Intersection,Reset Filters,VDOT_OTHER,Saturday,Not DEER,"Not Provided,Not Provided",,5,1,140370186,21,0,"PDO,A","1,2","11. Did Not Have Right-of-Way,1. No Improper Action","2. Not Deployed,3. Unavailable/Not Applicable","4. No Test,4. No Test","1. No Defects,1. No Defects","Not Applicable,Not Applicable","1. Had Not Been Drinking,1. Had Not Been Drinking","2. No,2. No","1. Not Ejected,1. Not Ejected","No,Yes","No,No","3. Lap and Shoulder Belt,9. Not Applicable","1. Not Obscured,1. Not Obscured",,,2,253457,WILLOW OAKS BLVD(R)/,0.11,0,"0.Two-way, non-divided","22,20",1. On Roadway,"0,0",I,I.Urban Collector,Other City or Town Streets (not state maintained),Not GUARDRAIL,Not HIT_RUN,"0,0",1,1. Not at Intersection,140370186,C,0,0,37.069065,37.069065,2,0.11,Not LRTRUCK,2. Daylight,LOCATED,-76.32807,-76.32807,MAINLINE,MAIN,0,0,0,0,0,Undivided Roadway,"22,20",Not MOTORCYCLE,253460,253460. 11407045      11407055      11407055,5773,5645,4717,4549,4641,2,1,0.376,SEC_URBAN,,,,,,,,,0,0,46,0,1,,0,0,,,,,,,,,Not PED,,1,0,Hampton,114,5,NOT-RD,8. Non-Intersection,0,1.5,1.58,1. Straight - Level,1. No Defects,"1. Two-Way, Not Divided",1. Dry,"2. Blacktop, Asphalt, Bituminous",1015 E LITTLE RACK RIVER RD,URB,UR,R-VA114UR07045WB,"Urbanized (Population 200,000 and over)",3. No,"0,0",6246,6107,3955,3814,3891,Not SENIOR,None,5,"15,15",Not SPEED,"15,15",253457,0,"3. Pending,Not Provided",0,"0,0",12PM TO 3PM,1,1,1. No Traffic Control,6. No Traffic Control Device Present,Not a Parkway - Trucks and Commercial Vehicles Allowed,"1,2","1. Passenger car,9. Bicycle","FORD,BMX","1. Going Straight Ahead,1. Going Straight Ahead",TAURUS,2000,5,5.Hampton Roads,1. No Adverse Condition (Clear/Cloudy),Not Provided,2. No,Not Provided,YOUNG
No Access Control,Not ALCIHOL,Urban,0,0,Bituminous Concrete (Black Base),US-00258-W063A(L)/RAMP TO IS-64E,Not UNBELTED,54,0,B,1,BIKE,62.63,1,1,,1. Rear End,"Not Provided,Not Provided","Not Provided,Not Provided",US00258,62.638,3,10/26/2013,10/26/2013,20. Motor Vehicle In Transport,1020,B.Visiible Injury,2013,Left and Right sides,0,0,Hampton,Urban,20. Motor Vehicle In Transport,MAIN,9AM TO 12PM,114.Hampton,11,Intersection,Reset Filters,VDOT_OTHER,Saturday,Not DEER,"East,East",,5,1,140370189,27,Male,"B,PDO","1,2","42. Improper or Unsafe Lane Change,1. No Improper Action","3. Unavailable/Not Applicable,2. Not Deployed","4. No Test,4. No Test","1. No Defects,1. No Defects","Not Applicable,Not Applicable","1. Had Not Been Drinking,1. Had Not Been Drinking","2. No,2. No","3. Totally Ejected,1. Not Ejected","No,No","Yes,Yes","8. No Restraint Used,3. Lap and Shoulder Belt","1. Not Obscured,1. Not Obscured",,,63,754227,IS-00064-E263B(R)/FROM RT 64 EAST,0,1,"1.Divided, no control of access","20,22",1. On Roadway,"0,0",E,E.Urban Other Principle Arterials; Connecting Links of Other Rural Principal Arterial,Urban Extensions - Primary Routes,Not GUARDRAIL,HIT_RUN,"6,12",1,1. Not at Intersection,140370189,C,0,0,37.04050805,37.04050805,0,0.01,Not LRTRUCK,2. Daylight,LOCATED,-76.39362465,-76.39362465,MAINLINE,MAIN,0,0,Positive Barrier *_(PF1 FOR NOTE),35,2,Divided Roadway,"20,22",Not MOTORCYCLE,754227,754227.  IS00064E263B  US00258       US00258,57252,53038,65950,66621,68223,8,1,0.002,PRI_URBAN,,,,,,,,,0,104,100,0,1,,0,0,,,,,,,,,Not PED,,1,0,Hampton,114,5,NOT-RD,2. Acceleration/Deceleration Lanes,0,62.5,62.64,1. Straight - Level,1. No Defects,"3. Two-Way, Divided, Positive Median Barrier",1. Dry,"2. Blacktop, Asphalt, Bituminous",W MERCURY BLVD,USPRI,US,R-VA   US00258EB,"Urbanized (Population 200,000 and over)",3. No,"0,0",63780,59085,64646,65351,67035,Not SENIOR,None,"10,35","45,45",Not SPEED,"45,45",756517,0.05,"1. Yes,2. No",0,"0,0",9AM TO 12PM,1,1,6. Traffic Lanes Marked,6. No Traffic Control Device Present,Truck Access System,"1,2","9. Bicycle,1. Passenger car","ROADMASTER,DODGE","14. Changing Lanes,1. Going Straight Ahead","BICYCLE,STRATUS",2004,5,5.Hampton Roads,1. No Adverse Condition (Clear/Cloudy),Not Provided,2. No,Not Provided,Not YOUNG
No Access Control,Not ALCIHOL,Urban,1,1,Bituminous Concrete (Black Base),POWER PLANT WAY(R)/,Not UNBELTED,25,Male,A,2,BIKE,62.4,0,0,,2. Angle,"Not Provided,Not Provided","Not Provided,Not Provided",US00258,62.445,3,2/7/2015,2/7/2015,22. Bicycle,1145,A.Ambulatory Injury,2015,Left and Right sides,0,0,Hampton,Urban,22. Bicycle,MAIN,9AM TO 12PM,114.Hampton,26,Intersection,Reset Filters,VDOT_OTHER,Saturday,Not DEER,"West,East",,5,1,150565880,,Not Provided,"PDO,A","1,2","34. Hit and Run,41. Improper Passing","Not Provided,3. Unavailable/Not Applicable","4. No Test,4. No Test","9. Unknown,1. No Defects","Not Applicable,Not Applicable","6. Unknown,1. Had Not Been Drinking","3. Unknown,2. No","Not Provided,3. Totally Ejected","No,No","Yes,No","Not Provided,8. No Restraint Used","Not Applicable,1. Not Obscured",,,62,50659,IS-00064-E263A(L)/JB-99-27/FROM RTE 64 EAST,0,1,"1.Divided, no control of access","22,20",2. Shoulder,"0,0",E,E.Urban Other Principle Arterials; Connecting Links of Other Rural Principal Arterial,Urban Extensions - Primary Routes,Not GUARDRAIL,HIT_RUN,"12,9",1,1. Not at Intersection,150565880,C,0,0,37.03963,37.03963,0,0.05,Not LRTRUCK,2. Daylight,LOCATED,-76.3987,-76.3987,MAINLINE,MAIN,0,0,Curbed Grass,12,2,Divided Roadway,"22,20",Not MOTORCYCLE,50659,50659.  IS00064E263A  US00258       US00258,63780,59085,68880,69585,71269,8,1,0.005,PRI_URBAN,,,,,,,,,0,131,100,0,1,,0,0,,,,,,,,,Not PED,,1,0,Hampton,114,5,NOT-RD,6. Intersection at end of Ramp,0,62.25,62.44,1. Straight - Level,1. No Defects,"3. Two-Way, Divided, Positive Median Barrier",1. Dry,"2. Blacktop, Asphalt, Bituminous",W MERCURY BLVD,USPRI,US,R-VA   US00258WB,"Urbanized (Population 200,000 and over)",3. No,"0,0",63780,59085,64646,65351,67035,Not SENIOR,None,"25,25","25,0",Not SPEED,"25,45",744801,0,"2. No,2. No",0,"0,0",9AM TO 12PM,1,1,6. Traffic Lanes Marked,1. Yes - Working,Truck Access System,"1,2","1. Passenger car,9. Bicycle","UNK,OTH","6. Merging Into Traffic Lane,1. Going Straight Ahead","UNKNOWN,BICYCLE",,5,5.Hampton Roads,1. No Adverse Condition (Clear/Cloudy),Not Provided,2. No,Not Provided,Not YOUNG
No Access Control,Not ALCIHOL,Urban,1,1,Bituminous Concrete (Black Base),US-00058(B)/,Not UNBELTED,14,Male,A,2,BIKE,30.77,0,0,,1. Rear End,"Not Provided,Not Provided","Not Provided,Not Provided",SR00165,30.899,4,10/27/2013,10/27/2013,22. Bicycle,1930,A.Ambulatory Injury,2013,None,0,0,Norfolk,Urban,22. Bicycle,MAIN,6PM TO 9PM,122.Norfolk,681,Intersection,Reset Filters,VDOT_OTHER,Sunday,Not DEER,"North,North",,5,1,140410008,,Not Provided,"PDO,A","1,2","34. Hit and Run,1. No Improper Action","Not Provided,3. Unavailable/Not Applicable","Not Applicable,Not Applicable","9. Unknown,1. No Defects","Not Applicable,Not Applicable","6. Unknown,1. Had Not Been Drinking","3. Unknown,2. No","Not Provided,3. Totally Ejected","NotProvided,No","Yes,No","Not Provided,9. Not Applicable","Not Applicable,1. Not Obscured",,,31,483116,US-00058(B)/,0.24,0,"0.Two-way, non-divided","22,20",1. On Roadway,"0,0",H,H.Urban Minor Arterial,Urban Extensions - Primary Routes,Not GUARDRAIL,HIT_RUN,"0,0",1,1. Not at Intersection,140410008,C,0,0,36.85766,36.85766,5,0.24,Not LRTRUCK,4. Darkness - Road Lighted,LOCATED,-76.196009,-76.196009,MAINLINE,MAIN,0,0,0,0,0,Undivided Roadway,"22,20",Not MOTORCYCLE,483116,483116.  SR00165       SR00165       US00058       US00058,43359,43273,43673,42088,40925,2,1,0.129,PRI_URBAN,,,,,,,,,0,148,36,0,1,,0,0,,,,,,,,,Not PED,,1,0,Norfolk,122,5,NOT-RD,8. Non-Intersection,5,30.75,30.9,2. Curve - Level,1. No Defects,"1. Two-Way, Not Divided",1. Dry,"2. Blacktop, Asphalt, Bituminous",1000 BLK KEMPSVILLE,STPRI,SR,R-VA   SR00165NB,"Urbanized (Population 200,000 and over)",1. Yes,"0,0",12170,11950,12060,11623,11783,Not SENIOR,Left side,,"0,0",Not SPEED,"0,0",483116,0,"Not Provided,Not Provided",0,"0,0",6PM TO 9PM,1,1,1. No Traffic Control,6. No Traffic Control Device Present,Not a Parkway - Trucks and Commercial Vehicles Allowed,"1,2","1. Passenger car,9. Bicycle",BICYCLE,"1. Going Straight Ahead,1. Going Straight Ahead",,,5,5.Hampton Roads,1. No Adverse Condition (Clear/Cloudy),Not Provided,2. No,Not Provided,Not YOUNG
No Access Control,Not ALCIHOL,Urban,0,0,Bituminous Concrete (Black Base),MULLER LANE(L)/ONNES DRIVE(R)/,Not UNBELTED,53,0,C,1,BIKE,16.58,0,0,,2. Angle,"Not Provided,1. Bus (Seats 9-15 People, Including Driver)","Not Provided,3. Bus (Seats 9-15 People, Including Driver)",SR00143,16.58,3,10/29/2013,10/29/2013,22. Bicycle,610,C.Non-Visible Injury,2013,Left and Right sides,1,1,Newport News,Urban,22. Bicycle,MAIN,6AM TO 9AM,121.Newport News,528,Intersection,Reset Filters,VDOT_OTHER,Tuesday,Not DEER,"North,South",,5,1,133430024,36,Female,"C,PDO","1,2","11. Did Not Have Right-of-Way,1. No Improper Action","3. Unavailable/Not Applicable,2. Not Deployed","4. No Test,4. No Test","1. No Defects,1. No Defects","Not Applicable,Not Applicable","6. Unknown,6. Unknown","3. Unknown,3. Unknown","3. Totally Ejected,1. Not Ejected","Yes,No","No,No","9. Not Applicable,3. Lap and Shoulder Belt","1. Not Obscured,1. Not Obscured",,,17,730745,BELL KING RD(L)/,0,1,"1.Divided, no control of access","20,22",1. On Roadway,"0,0",E,E.Urban Other Principle Arterials; Connecting Links of Other Rural Principal Arterial,Urban Extensions - Primary Routes,Not GUARDRAIL,Not HIT_RUN,"11,1",1,3. Three Approaches,133430024,C,0,0,37.09118,37.09118,0,0.24,Not LRTRUCK,4. Darkness - Road Lighted,LOCATED,-76.485619,-76.485619,MAINLINE,MAIN,0,0,Curbed Grass,16,4,Divided Roadway,"20,22",Not MOTORCYCLE,716547,716547.  SR00143       SR00143      12100017,58285,60200,43681,43504,45153,6,1,0.1,PRI_URBAN,,,,,,,,,0,112,76,0,1,,0,0,,,,,,,,,Not PED,,1,0,Newport News,121,5,NOT-RD,"7. Other location not listed above within an interchange area (median, shoulder , roadside)",0,16.5,16.58,1. Straight - Level,1. No Defects,"2. Two-Way, Divided, Unprotected Median",1. Dry,"2. Blacktop, Asphalt, Bituminous",JEFFERSON AVE,STPRI,SR,R-VA   SR00143SB,"Urbanized (Population 200,000 and over)",3. No,"0,0",56137,58185,47499,47447,49321,Not SENIOR,Left and Right sides,"0,2","0,45",Not SPEED,"45,45",730746,0,"2. No,2. No",0,"0,0",6AM TO 9AM,1,1,3. Traffic Signal,1. Yes - Working,Not a Parkway - Trucks and Commercial Vehicles Allowed,"1,2","9. Bicycle,13. Bus - School Bus",INTERNATI,"1. Going Straight Ahead,3. Making Left Turn",,1999,5,5.Hampton Roads,1. No Adverse Condition (Clear/Cloudy),Not Provided,2. No,Not Provided,Not YOUNG
No Access Control,Not ALCIHOL,Urban,0,0,Penetration Macadam and Water Bound Macadam,BLACKWATER LOOP(L)/,Not UNBELTED,47,Male,B,2,BIKE,5.41,1,1,,4. Sideswipe - Same Direction,"Not Provided,Not Provided","Not Provided,Not Provided",13408667,5.43,3,10/29/2013,10/29/2013,22. Bicycle,1900,B.Visiible Injury,2013,None,0,0,Virginia Beach,Urban,22. Bicycle,MAIN,6PM TO 9PM,134.Virginia Beach,634,Intersection,Reset Filters,VDOT_OTHER,Tuesday,Not DEER,"South,South",,5,1,133035196,50,0,"PDO,B","1,2","1. No Improper Action,37. Other","2. Not Deployed,3. Unavailable/Not Applicable","4. No Test,4. No Test","1. No Defects,1. No Defects","14. No Driver Distraction,14. No Driver Distraction","1. Had Not Been Drinking,1. Had Not Been Drinking","2. No,2. No","1. Not Ejected,3. Totally Ejected","No,No","No,No","3. Lap and Shoulder Belt,9. Not Applicable","1. Not Obscured,1. Not Obscured",,,6,541427,134-08668(L)/(8667-BATTLEFIELD BLVD/8668-HICK,0,0,"0.Two-way, non-divided","22,20",1. On Roadway,"0,0",H,H.Urban Minor Arterial,Other City or Town Streets (not state maintained),Not GUARDRAIL,Not HIT_RUN,"1,6",1,1. Not at Intersection,133035196,C,0,0,36.620633,36.620633,4,0.14,Not LRTRUCK,4. Darkness - Road Lighted,LOCATED,-76.089933,-76.089933,MAINLINE,MAIN,0,0,0,0,0,Undivided Roadway,"22,20",Not MOTORCYCLE,541427,541427. 13408667      13408667      13408668,2937,2435,2458,2368,2698,2,1,0.12,SEC_URBAN,,,,,,,,,3.5,0,19,0,1,,0,0,,,,,,,,,Not PED,,1,0,Virginia Beach,134,5,NOT-RD,8. Non-Intersection,2,5.25,5.43,1. Straight - Level,1. No Defects,"1. Two-Way, Not Divided",1. Dry,"2. Blacktop, Asphalt, Bituminous",5200 BLOCK BLACKWATER RD.,URB,UR,R-VA134UR08667SB,"Urbanized (Population 200,000 and over)",3. No,"0,0",2532,2114,2134,2056,2388,Not SENIOR,None,"45,10","45,45",Not SPEED,"45,45",541426,0,"2. No,2. No",0,"0,0",6PM TO 9PM,1,1,6. Traffic Lanes Marked,6. No Traffic Control Device Present,Not a Parkway - Trucks and Commercial Vehicles Allowed,"1,2","1. Passenger car,9. Bicycle",GMC,"1. Going Straight Ahead,1. Going Straight Ahead","Sierra 1500,BICYCLE",2002,5,5.Hampton Roads,1. No Adverse Condition (Clear/Cloudy),Not Provided,2. No,Not Provided,Not YOUNG
,Not ALCIHOL,Urban,1,1,,,Not UNBELTED,20,0,A,1,BIKE,,0,0,,2. Angle,"Not Provided,Not Provided","Not Provided,Not Provided",,,,10/29/2013,10/29/2013,20. Motor Vehicle In Transport,1403,A.Ambulatory Injury,2013,,0,0,Williamsburg,Urban,20. Motor Vehicle In Transport,MAIN,12PM TO 3PM,137.Williamsburg,,Not Intersection,Reset Filters,VDOT_OTHER,Tuesday,Not DEER,"South,West",,5,1,140490037,24,Male,"A,PDO","1,2","11. Did Not Have Right-of-Way,1. No Improper Action","3. Unavailable/Not Applicable,2. Not Deployed","4. No Test,4. No Test","1. No Defects,1. No Defects","Not Applicable,Not Applicable","1. Had Not Been Drinking,1. Had Not Been Drinking","2. No,2. No","3. Totally Ejected,1. Not Ejected","Yes,NotProvided","No,No","8. No Restraint Used,3. Lap and Shoulder Belt","1. Not Obscured,1. Not Obscured",,,,,,,,,"20,22",1. On Roadway,"0,0",,,,Not GUARDRAIL,Not HIT_RUN,"7,1",1,1. Not at Intersection,,C,0,0,37.28899,37.28899,,,Not LRTRUCK,2. Daylight,UNLOCATED,-76.724969,-76.724969,MAINLINE,,,,,,,,"20,22",Not MOTORCYCLE,,.,,,,,,,1,,SEC_URBAN,,,,,,,,,,,,0,1,,0,0,,,,,,,,,Not PED,,1,0,Williamsburg,137,5,NOT-RD,10. Intersection Related - Within 150 Feet,,,,1. Straight - Level,1. No Defects,"1. Two-Way, Not Divided",1. Dry,"2. Blacktop, Asphalt, Bituminous",UTILITY RD,UNKWN,SC,U-VA137SC99999UK,,3. No,"0,0",,,,,,Not SENIOR,,"5,5","0,5",SPEED,"0,5",,,"2. No,2. No",,"0,0",12PM TO 3PM,1,1,6. Traffic Lanes Marked,1. Yes - Working,,"1,2","9. Bicycle,22. Truck - Sport Utility Vehicle (SUV)","GMC,JEEP","15. Other,1. Going Straight Ahead","DENALI BIKE,WRANGLER",2011,5,5.Hampton Roads,1. No Adverse Condition (Clear/Cloudy),Not Provided,2. No,Not Provided,YOUNG
No Access Control,Not ALCIHOL,Urban,0,0,Bituminous Concrete (Black Base),LANDSTOWN ROAD(R)/,Not UNBELTED,52,Male,B,2,BIKE,10.47,1,1,,16. Other,"Not Provided,Not Provided","Not Provided,Not Provided",13408667,10.648,4,10/29/2013,10/29/2013,22. Bicycle,738,B.Visiible Injury,2013,None,0,0,Virginia Beach,Urban,22. Bicycle,MAIN,6AM TO 9AM,134.Virginia Beach,"6,083",Intersection,Reset Filters,VDOT_OTHER,Tuesday,Not DEER,"North,North",,5,1,133035115,65,0,"PDO,B","1,2","1. No Improper Action,37. Other","2. Not Deployed,3. Unavailable/Not Applicable","4. No Test,4. No Test","1. No Defects,Not Applicable","14. No Driver Distraction,14. No Driver Distraction","1. Had Not Been Drinking,1. Had Not Been Drinking","2. No,2. No","1. Not Ejected,3. Totally Ejected","No,Yes","No,No","3. Lap and Shoulder Belt,9. Not Applicable","13. Other,Not Applicable",,,11,735037,HIGHLAND MEADOWS WAY(L)/,0,0,"0.Two-way, non-divided","22,20",1. On Roadway,"0,0",I,I.Urban Collector,Other City or Town Streets (not state maintained),Not GUARDRAIL,Not HIT_RUN,"1,7",1,1. Not at Intersection,133035115,C,0,0,36.756652,36.756652,1,0.41,Not LRTRUCK,1. Dawn,LOCATED,-76.110671,-76.110671,MAINLINE,MAIN,0,0,0,0,0,Undivided Roadway,"22,20",Not MOTORCYCLE,541436,541436. 13408667      13408667      13408779      13408805,16522,15999,16147,15561,16011,2,1,1.152,SEC_URBAN,,,,,,,,,0,0,18,0,1,,0,0,,,,,,,,,Not PED,,1,0,Virginia Beach,134,5,NOT-RD,8. Non-Intersection,1,10.75,10.77,2. Curve - Level,3. Soft or Low Shoulder,"1. Two-Way, Not Divided",1. Dry,"2. Blacktop, Asphalt, Bituminous",2804 SALEM RD,URB,UR,R-VA134UR08667NB,"Urbanized (Population 200,000 and over)",3. No,"0,27",4973,4419,4460,4298,4532,SENIOR,None,"30,5","35,5",Not SPEED,"35,35",541433,0,"2. No,2. No",0,"0,0",6AM TO 9AM,1,1,6. Traffic Lanes Marked,1. Yes - Working,Not a Parkway - Trucks and Commercial Vehicles Allowed,"1,2","1. Passenger car,9. Bicycle","Volvo,BICYCLE","1. Going Straight Ahead,1. Going Straight Ahead",960,1997,5,5.Hampton Roads,1. No Adverse Condition (Clear/Cloudy),Not Provided,2. No,Not Provided,Not YOUNG
Partial Access Control,Not ALCIHOL,Urban,0,0,Bituminous Concrete (Black Base),DUQUESNE PLACE(L)/,Not UNBELTED,25,Male,B,2,BIKE,0.62,1,1,,1. Rear End,"2. Bus (Seats For 16 People or More, Including Driver),Not Provided","4. Bus (Seats for 16 People or More, Including Driver),Not Provided",13408820,0.645,3,10/29/2013,10/29/2013,20. Motor Vehicle In Transport,736,B.Visiible Injury,2013,Left and Right sides,0,0,Virginia Beach,Urban,20. Motor Vehicle In Transport,MAIN,6AM TO 9AM,134.Virginia Beach,"1,927",Intersection,Reset Filters,VDOT_OTHER,Tuesday,Not DEER,"East,East",DISTRACTED,5,1,133035068,62,0,"PDO,B","1,2","29. Improper Parking Location,37. Other","3. Unavailable/Not Applicable,3. Unavailable/Not Applicable","4. No Test,4. No Test","1. No Defects,1. No Defects","Not Applicable,7. Eyes Not on Road","1. Had Not Been Drinking,1. Had Not Been Drinking","2. No,2. No","1. Not Ejected,1. Not Ejected","NotProvided,No","No,No","9. Not Applicable,5. Helmet","1. Not Obscured,1. Not Obscured",,,1,542484,BARNARD WAY(R)/,0,2,"2.Divided, partial control of access","22,20",1. On Roadway,"0,0",I,I.Urban Collector,Other City or Town Streets (not state maintained),Not GUARDRAIL,Not HIT_RUN,"6,12",1,2. Two Approaches,133035068,C,0,0,36.805743,36.805743,0,0.03,Not LRTRUCK,2. Daylight,LOCATED,-76.215551,-76.215551,MAINLINE,MAIN,0,0,Curbed Grass,16,4,Divided Roadway,"22,20",Not MOTORCYCLE,541262,541262. 13400010      13400010      13408820,18313,17090,17248,16622,17172,4,1,0.365,SEC_URBAN,,,,,,,,,0,0,52,0,1,,0,0,,,,,,,,,Not PED,,1,0,Virginia Beach,134,5,NOT-RD,10. Intersection Related - Within 150 Feet,0,0.5,0.64,1. Straight - Level,1. No Defects,"2. Two-Way, Divided, Unprotected Median",1. Dry,"2. Blacktop, Asphalt, Bituminous",1034 COLLEGE PARK BLVD,URB,UR,R-VA134UR08820SB,"Urbanized (Population 200,000 and over)",3. No,"0,0",5626,5010,5056,4873,4646,Not SENIOR,Left and Right sides,"0,10","35,35",Not SPEED,"35,35",542485,0,"2. No,2. No",0,"0,0",6AM TO 9AM,1,1,6. Traffic Lanes Marked,1. Yes - Working,Not a Parkway - Trucks and Commercial Vehicles Allowed,"1,2","13. Bus - School Bus,9. Bicycle","THOMAS,BIKE","8. Stopped in Traffic Lane,1. Going Straight Ahead","281TS,.",20092013,5,5.Hampton Roads,1. No Adverse Condition (Clear/Cloudy),Not Provided,2. No,Not Provided,Not YOUNG