Access Control,Alcohol Notalcohol,Area Type1,A Crash,A People,Basetypedesc,Begin Node Dsc,Belted Unbelted,Bikeage,Bikegen,Bikeinjurytype,Bikevehiclenumber,Bike Nonbike,BMP,B Crash,B People,Carspeedlimit,Collision Type,Comm Cargo Body Type Cd,Comm Vehicle Body Type Cd,Cotedrouteid,Coted Mp,Count App,CRASH_DT (copy),Crash Dt,Crash Event Type Dsc,Crash Military Tm,Crash Severity,Crash Year,Curbgutterdesc,C Crash,C People,Juris Name Used,Area Type Used,First Harmful Event of Entire Crash,MAINLINE,Time Slicing Used,Phy_Juris_Nm,Offset-Ft,Intersection Analysis,Clear,Calculation_9640323132123359,Day Of Week,Deer Nodeer,Direction Of Travel Cd,Distracted Notdistracted,VSP,TOTAL CRASH,Document Nbr,Driverage,Drivergen,Driverinjurytype,Drivervehiclenumber,Driver Action Type Cd,Driver Airbag Deployment,Driver Alcohol Test Type Cd,Driver Condition Type Cd,Driver Distraction Type Cd,Driver Drinking Type Cd,Driver Drug Use Cd,Driver Ejected From Vehicle,Driver Ems Transport Ind,Driver Fled Scene Ind,Driver Safety Equip Used,Driver Vis Obscured Type Cd,Drowsy Notdrowsy,Drug Nodrug,EMP,End Node,End Node Dsc,End Offset,Facility,FAC,First Crash Event Cd,First Harmful Event,Fourth Crash Event Cd,Functionalclass,FUN,Govcondesc,Gr Nogr,Hitrun Not Hitrun,Initial Veh Impact Area Cd,Injury Crashes,Intersection Type,Int Doc,Jurtype,K_CRASH,K People,LAT (copy),LAT,Leftshoulderwidth,Length,Lgtruck Nonlgtruck,Light Condition,Located Unlocated,LON (copy),LON,MAINLINE (group),Mainline Yn,Medianleftshoulderwidth,Medianrightshoulderwidth,Mediantypedesc,Medianwidthmax,Medianwidthmin,Median Type,Most Harmful Crash Event Cd,Motor Nonmotor,Node,Node Info,Node Totaadt2011,Node Totaadt2012,Node Totaadt2013,Node Totaadt2014,Node Totaadt2015,Numberoflane,Number of Records,Offset,Ownership,Passage,Passgen,Passinjurytype,Passvehiclenumber,Pass Airbag Deployment,Pass Ejected From Vehicle,Pass Ems Transport Ind,Pass Safety Equip Used,Pavementconditionvalue,Pavementroughnessvalue,Pavementwidth,Pdo Crash,Total People Killed & Injured,Pedage,Pedestrians Injured,Pedestrians Killed,Pedgen,Pedinjurytype,Pednumber,Ped Action,Ped Al Test,Ped Cond,Ped Drink,Ped Drug,Ped Nonped,Ped Rflct,Persons Injured,Persons Killed,Physical Juris Nm,PJR,VSP_Used,Rd Type,Relation To Roadway,Rightshoulderwidth,RNS_MP (0.25 mi bin),Rns Mp,Roadway Alignment,Roadway Defect,Roadway Description,Roadway Surface Cond,Roadway Surface Type,Route Or Street Nm,Rte Category Cd,Rte Cat,Rte Nm,Ruralurbandesc,School Zone,Second Crash Event Cd,Segtotaadt2011,Segtotaadt2012,Segtotaadt2013,Segtotaadt2014,Segtotaadt2015,Senior Notsenior,Sidewalkdesc,Speed Before,Speed Max Safe,Speed Notspeed,Speed Posted,Start Node,Start Offset,Summons Issued Cd,Surfacedesc,Third Crash Event Cd,Time Slicing,Total Crashes including Property Damage Only,Total Crash,Traffic Control Type,Trfc Ctrl Status Type,Truckcommr,Vehiclenumber,Vehicle Body Type Cd,Vehicle Make Nm,Vehicle Maneuver Type Cd,Vehicle Model Nm,Vehicle Year Nbr,District,District_Used ,Weather Condition,Work Zone Location,Work Zone Related,Work Zone Type,Young Notyoung
No Access Control,Not ALCIHOL,Urban,0,0,Bituminous Concrete (Black Base),NICEWOOD DR(B)/,Not UNBELTED,15,0,C,1,BIKE,0.72,0,0,,2. Angle,"Not Provided,Not Provided","Not Provided,Not Provided",12100014,0.72,4,10/29/2013,10/29/2013,22. Bicycle,1417,C.Non-Visible Injury,2013,None,1,1,Newport News,Urban,22. Bicycle,MAIN,12PM TO 3PM,121.Newport News,"3,379",Intersection,Reset Filters,VDOT_OTHER,Tuesday,Not DEER,"West,South",DISTRACTED,5,1,140500029,22,Female,"C,PDO","1,2","11. Did Not Have Right-of-Way,1. No Improper Action","3. Unavailable/Not Applicable,2. Not Deployed","4. No Test,4. No Test","1. No Defects,1. No Defects","11. Other,Not Applicable","1. Had Not Been Drinking,1. Had Not Been Drinking","3. Unknown,2. No","1. Not Ejected,1. Not Ejected","Yes,No","No,No","8. No Restraint Used,3. Lap and Shoulder Belt","1. Not Obscured,1. Not Obscured",,,1,716516,ALLISON ROAD(B)/,0,0,"0.Two-way, non-divided","20,22",1. On Roadway,"0,0",I,I.Urban Collector,Other City or Town Streets (not state maintained),Not GUARDRAIL,Not HIT_RUN,"12,9",1,4. Four Approaches,140500029,C,0,0,37.105824,37.105824,1,0.21,Not LRTRUCK,2. Daylight,LOCATED,-76.531094,-76.531094,MAINLINE,MAIN,0,0,0,0,0,Undivided Roadway,"20,22",Not MOTORCYCLE,646454,646454. 12100014      12100014      12107040      12107040,12557,12280,11072,10678,10895,2,1,0.64,SEC_URBAN,,,,,,,,,0,0,20,0,1,,0,0,,,,,,,,,Not PED,,1,0,Newport News,121,5,NOT-RD,9. Within Intersection,1,0.5,0.72,1. Straight - Level,1. No Defects,"2. Two-Way, Divided, Unprotected Median",1. Dry,"2. Blacktop, Asphalt, Bituminous",eastwood dr,URB,UR,R-VA121UR00014WB,"Urbanized (Population 200,000 and over)",3. No,"0,0",2838,2776,2948,2843,2901,Not SENIOR,None,"10,25","25,25",Not SPEED,"25,25",716515,0,"2. No,2. No",0,"0,0",12PM TO 3PM,1,1,1. No Traffic Control,6. No Traffic Control Device Present,Not a Parkway - Trucks and Commercial Vehicles Allowed,"1,2","9. Bicycle,1. Passenger car","BICYCLE,MITSUBISH","1. Going Straight Ahead,1. Going Straight Ahead",GALANT,2000,5,5.Hampton Roads,1. No Adverse Condition (Clear/Cloudy),Not Provided,2. No,Not Provided,YOUNG
,Not ALCIHOL,Urban,0,0,,,Not UNBELTED,14,Male,C,2,BIKE,,0,0,,2. Angle,"Not Provided,Not Provided","Not Provided,Not Provided",,,,10/29/2013,10/29/2013,22. Bicycle,1810,C.Non-Visible Injury,2013,,1,2,Norfolk,Urban,22. Bicycle,MAIN,6PM TO 9PM,122.Norfolk,,Not Intersection,Reset Filters,VDOT_OTHER,Tuesday,Not DEER,"West,East",DISTRACTED,5,1,140500001,86,Female,"PDO,C","1,2","1. No Improper Action,37. Other","2. Not Deployed,Not Provided","4. No Test,Not Applicable","9. Unknown,8. Other","11. Other,4. Passenger(s)","1. Had Not Been Drinking,1. Had Not Been Drinking","2. No,2. No","1. Not Ejected,Not Provided","No,Yes","No,No","3. Lap and Shoulder Belt,Not Provided","1. Not Obscured,13. Other",,,,,,,,,"22,20",1. On Roadway,"0,0",,,,Not GUARDRAIL,Not HIT_RUN,"2,12",1,1. Not at Intersection,,C,0,0,36.874807,36.874807,,,Not LRTRUCK,2. Daylight,UNLOCATED,-76.25193,-76.25193,MAINLINE,,,,,,,,"22,20",Not MOTORCYCLE,,.,,,,,,,1,,SEC_URBAN,10,Male,C,2,Not Provided,Not Provided,Yes,9. Not Applicable,,,,0,2,,0,0,,,,,,,,,Not PED,,2,0,Norfolk,122,5,NOT-RD,1. Main-Line Roadway,,,,1. Straight - Level,1. No Defects,"3. Two-Way, Divided, Positive Median Barrier",1. Dry,"2. Blacktop, Asphalt, Bituminous",3200 BLK CROMWELL RD,UNKWN,SC,U-VA122SC99999UK,,3. No,"0,0",,,,,,SENIOR,,"35,5","35,35",Not SPEED,"35,35",,,"2. No,2. No",,"0,0",6PM TO 9PM,1,1,6. Traffic Lanes Marked,6. No Traffic Control Device Present,,"1,2","1. Passenger car,9. Bicycle","CHRYLER,BICYCLE","1. Going Straight Ahead,15. Other",NEW YORKER,1983,5,5.Hampton Roads,1. No Adverse Condition (Clear/Cloudy),Not Provided,2. No,Not Provided,Not YOUNG
No Access Control,Not ALCIHOL,Urban,0,0,Bituminous Concrete (Black Base),WILLOW OAKS BLVD(R)/,Not UNBELTED,24,Female,C,1,BIKE,5.65,0,0,,2. Angle,"Not Provided,Not Provided","Not Provided,Not Provided",SR00169,5.853,3,12/13/2011,12/13/2011,22. Bicycle,805,C.Non-Visible Injury,2011,Left and Right sides,1,1,Hampton,Urban,22. Bicycle,MAIN,6AM TO 9AM,114.Hampton,"1,283",Intersection,Reset Filters,VDOT_OTHER,Tuesday,Not DEER,"East,South",,5,1,120400591,57,Female,"C,PDO","1,2","10. Wrong Side Of Road - Not Overtaking,1. No Improper Action","3. Unavailable/Not Applicable,2. Not Deployed","4. No Test,4. No Test","1. No Defects,1. No Defects","Not Applicable,Not Applicable","1. Had Not Been Drinking,1. Had Not Been Drinking","2. No,2. No","1. Not Ejected,1. Not Ejected","No,No","No,No","9. Not Applicable,3. Lap and Shoulder Belt","1. Not Obscured,1. Not Obscured",,,6,253116,WILLOW OAKS BLVD(R)/,0.29,0,"0.Two-way, non-divided","20,0",2. Shoulder,"0,0",H,H.Urban Minor Arterial,Urban Extensions - Primary Routes,Not GUARDRAIL,Not HIT_RUN,"12,1",1,1. Not at Intersection,120400591,C,0,0,37.056207,37.056207,0,0.29,Not LRTRUCK,2. Daylight,LOCATED,-76.32866,-76.32866,MAINLINE,MAIN,0,0,0,0,0,Undivided Roadway,"20,0",Not MOTORCYCLE,253115,253115.  SR00169       SR00169      11407055,21729,21248,20529,19798,20200,4,1,0.243,PRI_URBAN,,,,,,,,,3.5,0,64,0,1,,0,0,,,,,,,,,Not PED,,1,0,Hampton,114,5,NOT-RD,8. Non-Intersection,0,5.75,5.85,1. Straight - Level,1. No Defects,"1. Two-Way, Not Divided",1. Dry,"2. Blacktop, Asphalt, Bituminous",83 FOX HILL RD,STPRI,SR,R-VA   SR00169NB,"Urbanized (Population 200,000 and over)",3. No,"0,0",20308,19858,18942,18267,18638,Not SENIOR,Left side,"1,1","30,30",Not SPEED,"30,30",253116,0,"2. No,2. No",0,"0,0",6AM TO 9AM,1,1,1. No Traffic Control,6. No Traffic Control Device Present,Not a Parkway - Trucks and Commercial Vehicles Allowed,"1,2","9. Bicycle,1. Passenger car",FORD,"1. Going Straight Ahead,16. Entering Street From Parking Lot","BICYCLE,TAURUS",1998,5,5.Hampton Roads,1. No Adverse Condition (Clear/Cloudy),Not Provided,2. No,Not Provided,Not YOUNG
No Access Control,Not ALCIHOL,Urban,1,1,"N/A, Unknown, or Unstabilized",MANTEO STREET(B)/,Not UNBELTED,25,Not Provided,A,2,BIKE,0.84,0,0,,3. Head On,"Not Provided,Not Provided","Not Provided,Not Provided",12208576,0.842,4,7/3/2012,7/3/2012,22. Bicycle,2150,A.Ambulatory Injury,2012,Left and Right sides,0,0,Norfolk,Urban,22. Bicycle,MAIN,9PM TO 12AM,122.Norfolk,750,Intersection,Reset Filters,VDOT_OTHER,Tuesday,Not DEER,"East,West",,5,1,122340030,,Not Provided,"PDO,A","1,2","34. Hit and Run,1. No Improper Action","Not Provided,Not Provided","4. No Test,4. No Test","9. Unknown,1. No Defects","Not Applicable,Not Applicable","6. Unknown,1. Had Not Been Drinking","3. Unknown,3. Unknown","Not Provided,Not Provided","NotProvided,Yes","Yes,No","Not Provided,5. Helmet","Not Applicable,1. Not Obscured",,,1,485344,STOCKLEY GARDWNS(L)/,0,0,"0.Two-way, non-divided","22,2",1. On Roadway,"0,0",H,H.Urban Minor Arterial,Other City or Town Streets (not state maintained),Not GUARDRAIL,HIT_RUN,"12,12",1,4. Four Approaches,122340030,C,0,0,36.864868,36.864868,0,0.09,Not LRTRUCK,4. Darkness - Road Lighted,LOCATED,-76.297015,-76.297015,MAINLINE,MAIN,0,0,0,0,0,Undivided Roadway,"22,22",Not MOTORCYCLE,485075,485075. 12208563      12208563      12208576      12208576,21260,21512,21711,20923,18719,2,1,0.142,SEC_URBAN,,,,,,,,,0,0,27,0,1,,0,0,,,,,,,,,Not PED,,1,0,Norfolk,122,5,RD-UNKNOWN,9. Within Intersection,0,0.75,0.84,1. Straight - Level,1. No Defects,5. Unknown,1. Dry,"2. Blacktop, Asphalt, Bituminous",1200 BLK MONTEO ST,URB,UR,R-VA122UR08576EB,"Urbanized (Population 200,000 and over)",3. No,"0,0",7699,8507,8586,8274,7499,Not SENIOR,Left and Right sides,15,"25,25",Not SPEED,"25,25",485343,0,"2. No,2. No",0,"0,0",9PM TO 12AM,1,1,5. Slow or Warning Sign,1. Yes - Working,Not a Parkway - Trucks and Commercial Vehicles Allowed,"1,2","1. Passenger car,9. Bicycle",TREK,"1. Going Straight Ahead,1. Going Straight Ahead","4DR,TI",2012,5,5.Hampton Roads,1. No Adverse Condition (Clear/Cloudy),Not Provided,2. No,Not Provided,Not YOUNG
,ALCOHOL,Urban,0,0,,,Not UNBELTED,41,Male,B,2,BIKE,,1,1,,2. Angle,"Not Provided,Not Provided,Not Provided","Not Provided,Not Provided,Not Provided",,,,7/4/2012,7/4/2012,22. Bicycle,2115,B.Visiible Injury,2012,,0,1,Virginia Beach,Urban,22. Bicycle,MAIN,9PM TO 12AM,134.Virginia Beach,,Not Intersection,Reset Filters,VDOT_OTHER,Wednesday,Not DEER,"North,East,Not Provided",,5,1,122165044,15,FemaleNot Provided,"C,B,PDO","1,2,3","37. Other,1. No Improper Action,Not Applicable","3. Unavailable/Not Applicable,3. Unavailable/Not Applicable,2. Not Deployed","2. Breath,4. No Test,Not Applicable","1. No Defects,1. No Defects,Not Applicable","14. No Driver Distraction,14. No Driver Distraction,Not Applicable","2. Drinking - Obviously Drunk,1. Had Not Been Drinking,Not Applicable","2. No,2. No,Not Applicable","1. Not Ejected,1. Not Ejected,1. Not Ejected","NotProvided,Yes,NotProvided","No,No,No","9. Not Applicable,5. Helmet,9. Not Applicable","1. Not Obscured,1. Not Obscured,Not Applicable",,,,,,,,,"22,22,6",1. On Roadway,"0,0,0",,,,Not GUARDRAIL,Not HIT_RUN,"12,3,4",1,4. Four Approaches,,C,0,0,36.877481,36.877481,,,Not LRTRUCK,4. Darkness - Road Lighted,UNLOCATED,-75.984717,-75.984717,MAINLINE,,,,,,,,"22,22,6",Not MOTORCYCLE,,.,,,,,,,1,,SEC_URBAN,,,,,,,,,,,,0,2,,0,0,,,,,,,,,Not PED,,2,0,Virginia Beach,134,5,RD-UNKNOWN,9. Within Intersection,,,,1. Straight - Level,1. No Defects,"1. Two-Way, Not Divided",1. Dry,"2. Blacktop, Asphalt, Bituminous",50TH STREET,UNKWN,SC,U-VA134SC99999UK,,3. No,"6,0,0",,,,,,Not SENIOR,,"15,0,0","25,25,25",Not SPEED,"25,25,25",,,"1. Yes,2. No,Not Provided",,"0,0,0",9PM TO 12AM,1,1,4. Stop Sign,1. Yes - Working,,"1,2,3","16. Other (Scooter, Go-cart, Hearse, Bookmobile, Golf Cart, etc.),9. Bicycle,12. Emergency Vehicle (Regardless of Veh Type)","GOLF CART,BICYCLE,FORD","1. Going Straight Ahead,8. Stopped in Traffic Lane,11. Parked","UNK,UNK,SUPER DUTY F-350 DRW",2001,5,5.Hampton Roads,1. No Adverse Condition (Clear/Cloudy),Not Provided,2. No,Not Provided,YOUNG
No Access Control,ALCOHOL,Urban,0,0,"N/A, Unknown, or Unstabilized",30TH ST,Not UNBELTED,25,Not Provided,B,2,BIKE,302.12,1,1,,4. Sideswipe - Same Direction,"Not Provided,Not Provided","Not Provided,Not Provided",US00060,302.345,4,7/4/2012,7/4/2012,22. Bicycle,254,B.Visiible Injury,2012,Left and Right sides,0,0,Virginia Beach,Urban,22. Bicycle,MAIN,0AM TO 3AM,134.Virginia Beach,"1,663",Intersection,Reset Filters,VDOT_OTHER,Wednesday,Not DEER,"South,South",,5,1,121925293,,Not Provided,"PDO,B","1,2","41. Improper Passing,1. No Improper Action","Not Provided,3. Unavailable/Not Applicable","Not Applicable,4. No Test","1. No Defects,1. No Defects","Not Applicable,14. No Driver Distraction","6. Unknown,4. Drinking - Ability Not Impaired","3. Unknown,2. No","Not Provided,1. Not Ejected","NotProvided,No","Yes,No","Not Provided,8. No Restraint Used","1. Not Obscured,1. Not Obscured",,,302,541110,30TH ST,0.27,1,"1.Divided, no control of access","22,20",1. On Roadway,"0,0",E,E.Urban Other Principle Arterials; Connecting Links of Other Rural Principal Arterial,Urban Extensions - Primary Routes,Not GUARDRAIL,HIT_RUN,"2,9",1,1. Not at Intersection,121925293,C,0,0,36.85469,36.85469,0,0.25,Not LRTRUCK,4. Darkness - Road Lighted,LOCATED,-75.978182,-75.978182,MAINLINE,MAIN,0,0,Curbed (solid raised),2,2,Divided Roadway,"22,20",Not MOTORCYCLE,541057,541057.  US00058       US00060       US00060      13408578,35003,33265,33529,33082,32581,4,1,0.315,PRI_URBAN,,,,,,,,,0,212,60,0,1,,0,0,,,,,,,,,Not PED,,1,0,Virginia Beach,134,5,NOT-RD,8. Non-Intersection,0,302.25,302.35,1. Straight - Level,1. No Defects,"2. Two-Way, Divided, Unprotected Median",1. Dry,"2. Blacktop, Asphalt, Bituminous",2600 PACIFIC AVE,USPRI,US,R-VA   US00060EB,"Urbanized (Population 200,000 and over)",3. No,"0,0",16522,15296,15206,15119,15239,Not SENIOR,Left and Right sides,"45,10","35,35",SPEED,"35,35",541110,0.02,"Not Provided,2. No",0,"0,0",0AM TO 3AM,1,1,6. Traffic Lanes Marked,1. Yes - Working,Not a Parkway - Trucks and Commercial Vehicles Allowed,"1,2","22. Truck - Sport Utility Vehicle (SUV),9. Bicycle","JEEP,BICYCLE","1. Going Straight Ahead,1. Going Straight Ahead",BICYCLE,2012,5,5.Hampton Roads,1. No Adverse Condition (Clear/Cloudy),Not Provided,2. No,Not Provided,Not YOUNG
,Not ALCIHOL,Rural,0,0,,,Not UNBELTED,17,Female,B,2,BIKE,,1,1,,2. Angle,"Not Provided,Not Provided","Not Provided,Not Provided",,,,10/30/2013,10/30/2013,22. Bicycle,1509,B.Visiible Injury,2013,,0,0,James City,Rural,22. Bicycle,MAIN,3PM TO 6PM,47.James City,,Not Intersection,Reset Filters,VDOT_OTHER,Wednesday,Not DEER,"East,North",,5,1,133125098,29,0,"PDO,B","1,2","11. Did Not Have Right-of-Way,11. Did Not Have Right-of-Way","2. Not Deployed,3. Unavailable/Not Applicable","4. No Test,4. No Test","1. No Defects,1. No Defects","Not Applicable,Not Applicable","1. Had Not Been Drinking,1. Had Not Been Drinking","2. No,2. No","1. Not Ejected,1. Not Ejected","No,No","No,No","3. Lap and Shoulder Belt,8. No Restraint Used","1. Not Obscured,1. Not Obscured",,,,,,,,,"22,20",1. On Roadway,"0,0",,,,Not GUARDRAIL,Not HIT_RUN,"12,9",1,4. Four Approaches,,,0,0,37.276543,37.276543,,,Not LRTRUCK,2. Daylight,UNLOCATED,-76.742042,-76.742042,MAINLINE,,,,,,,,"22,20",Not MOTORCYCLE,,.,,,,,,,1,,VDOT_SEC,,,,,,,,,,,,0,1,,0,0,,,,,,,,,Not PED,,1,0,James City,47,5,NOT-RD,10. Intersection Related - Within 150 Feet,,,,1. Straight - Level,1. No Defects,"2. Two-Way, Divided, Unprotected Median",1. Dry,"2. Blacktop, Asphalt, Bituminous",5212 MONTICELLO AVE,UNKWN,SC,U-VA047SC99999UK,,3. No,"0,0",,,,,,Not SENIOR,,"5,5","45,45",Not SPEED,"45,45",,,"2. No,2. No",,"0,0",3PM TO 6PM,1,1,4. Stop Sign,1. Yes - Working,,"1,2","1. Passenger car,9. Bicycle",TOYO,"2. Making Right Turn,1. Going Straight Ahead",SCION,,5,5.Hampton Roads,1. No Adverse Condition (Clear/Cloudy),Not Provided,2. No,Not Provided,YOUNG
No Access Control,Not ALCIHOL,Urban,0,0,Bituminous Concrete (Black Base),134-08785(R)/HAYGOOD RD,Not UNBELTED,14,Female,B,2,BIKE,2.12,1,1,,9. Fixed Object - Off Road,"Not Provided,Not Provided","Not Provided,Not Provided",13408638,2.374,3,10/30/2013,10/30/2013,22. Bicycle,630,B.Visiible Injury,2013,Left and Right sides,0,0,Virginia Beach,Urban,22. Bicycle,MAIN,6AM TO 9AM,134.Virginia Beach,32,Intersection,Reset Filters,VDOT_OTHER,Wednesday,Not DEER,"West,North",,5,1,133045150,80,0,"PDO,B","1,2","11. Did Not Have Right-of-Way,1. No Improper Action","2. Not Deployed,3. Unavailable/Not Applicable","Not Applicable,Not Applicable","1. No Defects,1. No Defects","14. No Driver Distraction,14. No Driver Distraction","Not Applicable,Not Applicable","Not Applicable,Not Applicable","1. Not Ejected,3. Totally Ejected","No,No","No,No","3. Lap and Shoulder Belt,9. Not Applicable","1. Not Obscured,Not Applicable",,,2,541368,134-08679(R)/CROSSBOROUGH ROAD(L)/,0,0,"0.Two-way, non-divided","22,20",1. On Roadway,"0,0",H,H.Urban Minor Arterial,Other City or Town Streets (not state maintained),Not GUARDRAIL,Not HIT_RUN,"9,6",1,4. Four Approaches,133045150,C,0,0,36.870048,36.870048,0,0.26,Not LRTRUCK,1. Dawn,LOCATED,-76.147735,-76.147735,MAINLINE,MAIN,0,0,0,0,0,Undivided Roadway,"22,20",Not MOTORCYCLE,541368,541368. 13408638      13408638      13408679,20368,19204,19382,18678,18955,4,1,0.006,SEC_URBAN,,,,,,,,,0,0,64,0,1,,0,0,,,,,,,,,Not PED,,1,0,Virginia Beach,134,5,NOT-RD,9. Within Intersection,0,2.25,2.38,1. Straight - Level,1. No Defects,"1. Two-Way, Not Divided",1. Dry,"2. Blacktop, Asphalt, Bituminous",HAYGOOD RD,URB,UR,R-VA134UR08638WB,"Urbanized (Population 200,000 and over)",2. Yes - With School Activity,"4,1",16931,16225,16375,15780,15849,SENIOR,Left and Right sides,"3,1","25,25",Not SPEED,"25,25",541367,0,"1. Yes,2. No",0,"0,20",6AM TO 9AM,1,1,3. Traffic Signal,1. Yes - Working,Not a Parkway - Trucks and Commercial Vehicles Allowed,"1,2","1. Passenger car,9. Bicycle",Buick,"3. Making Left Turn,1. Going Straight Ahead","LESABRE,DUFFY",20042009,5,5.Hampton Roads,1. No Adverse Condition (Clear/Cloudy),Not Provided,2. No,Not Provided,Not YOUNG
No Access Control,Not ALCIHOL,Urban,0,0,Portland Cement Concrete,134-08681(B)/PLEASURE HOUSE RD,Not UNBELTED,19,Male,B,2,BIKE,290.31,1,1,,2. Angle,"Not Provided,Not Provided","Not Provided,Not Provided",US00060,290.391,3,10/31/2013,10/31/2013,22. Bicycle,1950,B.Visiible Injury,2013,Left side,0,0,Virginia Beach,Urban,22. Bicycle,MAIN,6PM TO 9PM,134.Virginia Beach,734,Intersection,Reset Filters,VDOT_OTHER,Thursday,Not DEER,"West,North",,5,1,133055203,22,0,"PDO,B","1,2","1. No Improper Action,11. Did Not Have Right-of-Way","2. Not Deployed,3. Unavailable/Not Applicable","4. No Test,4. No Test","1. No Defects,1. No Defects","14. No Driver Distraction,14. No Driver Distraction","1. Had Not Been Drinking,1. Had Not Been Drinking","3. Unknown,3. Unknown","1. Not Ejected,3. Totally Ejected","No,Yes","No,No","3. Lap and Shoulder Belt,9. Not Applicable","1. Not Obscured,1. Not Obscured",,,291,541133,US-00013-S055B(L)/RAMP FROM RT. 13,0,1,"1.Divided, no control of access","22,20",1. On Roadway,"0,0",E,E.Urban Other Principle Arterials; Connecting Links of Other Rural Principal Arterial,Urban Extensions - Primary Routes,Not GUARDRAIL,Not HIT_RUN,"12,3",1,4. Four Approaches,133055203,C,0,0,36.903961,36.903961,0,0.22,Not LRTRUCK,5. Darkness - Road Not Lighted,LOCATED,-76.132163,-76.132163,MAINLINE,MAIN,3,3,Grass/Unprotected,16,3,Divided Roadway,"22,20",Not MOTORCYCLE,541133,541133.  US00013S055B  US00060       US00060,16908,17059,16959,16862,17269,4,1,0.139,PRI_URBAN,,,,,,,,,0,158,44,0,1,,0,0,,,,,,,,,Not PED,,1,0,Virginia Beach,134,5,NOT-RD,9. Within Intersection,6,290.25,290.39,1. Straight - Level,1. No Defects,"2. Two-Way, Divided, Unprotected Median",1. Dry,"2. Blacktop, Asphalt, Bituminous",4700 SHORE DR,USPRI,US,R-VA   US00060WB,"Urbanized (Population 200,000 and over)",3. No,"0,0",16908,17059,16959,16862,17269,Not SENIOR,Left side,"25,5","35,35",Not SPEED,"35,35",541134,0.11,"2. No,2. No",0,"0,0",6PM TO 9PM,1,1,3. Traffic Signal,1. Yes - Working,Not a Parkway - Trucks and Commercial Vehicles Allowed,"1,2","1. Passenger car,9. Bicycle","Ford,WHITE","1. Going Straight Ahead,1. Going Straight Ahead","Escort,BICYCLE",20012013,5,5.Hampton Roads,1. No Adverse Condition (Clear/Cloudy),Not Provided,2. No,Not Provided,YOUNG
,Not ALCIHOL,Urban,0,0,,,Not UNBELTED,26,Female,B,2,BIKE,,1,1,,2. Angle,"Not Provided,Not Provided","Not Provided,Not Provided",,,,11/1/2013,11/1/2013,22. Bicycle,1408,B.Visiible Injury,2013,,0,0,Norfolk,Urban,22. Bicycle,MAIN,12PM TO 3PM,122.Norfolk,,Not Intersection,Reset Filters,VDOT_OTHER,Friday,Not DEER,"North,West",,5,1,140500334,63,Male,"PDO,B","1,2","1. No Improper Action,1. No Improper Action","2. Not Deployed,3. Unavailable/Not Applicable","4. No Test,4. No Test","Not Applicable,Not Applicable","Not Applicable,Not Applicable","1. Had Not Been Drinking,1. Had Not Been Drinking","2. No,2. No","1. Not Ejected,1. Not Ejected","No,No","No,No","3. Lap and Shoulder Belt,5. Helmet","1. Not Obscured,1. Not Obscured",,,,,,,,,"22,20",1. On Roadway,"0,0",,,,Not GUARDRAIL,Not HIT_RUN,"1,12",1,3. Three Approaches,,C,0,0,36.871563,36.871563,,,Not LRTRUCK,2. Daylight,UNLOCATED,-76.297941,-76.297941,MAINLINE,,,,,,,,"22,20",Not MOTORCYCLE,,.,,,,,,,1,,SEC_URBAN,,,,,,,,,,,,0,1,,0,0,,,,,,,,,Not PED,,1,0,Norfolk,122,5,NOT-RD,9. Within Intersection,,,,1. Straight - Level,1. No Defects,"1. Two-Way, Not Divided",1. Dry,1. Concrete,1900 BLK CORE AVE,UNKWN,SC,U-VA122SC99999UK,,3. No,"0,0",,,,,,Not SENIOR,,"3,5","25,15",Not SPEED,"25,15",,,"2. No,2. No",,"0,0",12PM TO 3PM,1,1,4. Stop Sign,1. Yes - Working,,"1,2","1. Passenger car,9. Bicycle","TOYOTA,MAGNA","2. Making Right Turn,1. Going Straight Ahead","CAMRY,GREAT DIVIDE",1998,5,5.Hampton Roads,1. No Adverse Condition (Clear/Cloudy),Not Provided,2. No,Not Provided,Not YOUNG
,Not ALCIHOL,Urban,1,1,,,Not UNBELTED,33,Male,A,2,BIKE,,0,0,,3. Head On,"Not Provided,Not Provided","Not Provided,Not Provided",,,,11/1/2013,11/1/2013,22. Bicycle,1214,A.Ambulatory Injury,2013,,0,0,Norfolk,Urban,22. Bicycle,MAIN,12PM TO 3PM,122.Norfolk,,Not Intersection,Reset Filters,VDOT_OTHER,Friday,Not DEER,"Not Provided,Not Provided",,5,1,140500299,23,Female,"PDO,A","1,2","1. No Improper Action,11. Did Not Have Right-of-Way","2. Not Deployed,3. Unavailable/Not Applicable","Not Applicable,Not Applicable","Not Applicable,Not Applicable","Not Applicable,Not Applicable","1. Had Not Been Drinking,1. Had Not Been Drinking","2. No,2. No","1. Not Ejected,Not Provided","NotProvided,Yes","No,No","3. Lap and Shoulder Belt,8. No Restraint Used","10. Parked Vehicle(s),10. Parked Vehicle(s)",,,,,,,,,"22,0",1. On Roadway,"0,0",,,,Not GUARDRAIL,Not HIT_RUN,"12,0",1,3. Three Approaches,,C,0,0,36.89291,36.89291,,,Not LRTRUCK,2. Daylight,UNLOCATED,-76.226987,-76.226987,MAINLINE,,,,,,,,"22,0",Not MOTORCYCLE,,.,,,,,,,1,,SEC_URBAN,,,,,,,,,,,,0,1,,0,0,,,,,,,,,Not PED,,1,0,Norfolk,122,5,RD-UNKNOWN,10. Intersection Related - Within 150 Feet,,,,1. Straight - Level,1. No Defects,"2. Two-Way, Divided, Unprotected Median",1. Dry,"2. Blacktop, Asphalt, Bituminous",1400 NORVIEW AVE,UNKWN,SC,U-VA122SC99999UK,,3. No,"0,0",,,,,,Not SENIOR,,15,"25,0",Not SPEED,"25,0",,,"2. No,1. Yes",,"0,0",12PM TO 3PM,1,1,4. Stop Sign,6. No Traffic Control Device Present,,"1,2","1. Passenger car,9. Bicycle","NISSAN,BICYCLE","5. Slowing or Stopping,9. Ran Off Road - Right","ALTIMA,NEX T",2011,5,5.Hampton Roads,1. No Adverse Condition (Clear/Cloudy),Not Provided,2. No,Not Provided,Not YOUNG