Access Control,Alcohol Notalcohol,Area Type1,A Crash,A People,Basetypedesc,Begin Node Dsc,Belted Unbelted,Bikeage,Bikegen,Bikeinjurytype,Bikevehiclenumber,Bike Nonbike,BMP,B Crash,B People,Carspeedlimit,Collision Type,Comm Cargo Body Type Cd,Comm Vehicle Body Type Cd,Cotedrouteid,Coted Mp,Count App,CRASH_DT (copy),Crash Dt,Crash Event Type Dsc,Crash Military Tm,Crash Severity,Crash Year,Curbgutterdesc,C Crash,C People,Juris Name Used,Area Type Used,First Harmful Event of Entire Crash,MAINLINE,Time Slicing Used,Phy_Juris_Nm,Offset-Ft,Intersection Analysis,Clear,Calculation_9640323132123359,Day Of Week,Deer Nodeer,Direction Of Travel Cd,Distracted Notdistracted,VSP,TOTAL CRASH,Document Nbr,Driverage,Drivergen,Driverinjurytype,Drivervehiclenumber,Driver Action Type Cd,Driver Airbag Deployment,Driver Alcohol Test Type Cd,Driver Condition Type Cd,Driver Distraction Type Cd,Driver Drinking Type Cd,Driver Drug Use Cd,Driver Ejected From Vehicle,Driver Ems Transport Ind,Driver Fled Scene Ind,Driver Safety Equip Used,Driver Vis Obscured Type Cd,Drowsy Notdrowsy,Drug Nodrug,EMP,End Node,End Node Dsc,End Offset,Facility,FAC,First Crash Event Cd,First Harmful Event,Fourth Crash Event Cd,Functionalclass,FUN,Govcondesc,Gr Nogr,Hitrun Not Hitrun,Initial Veh Impact Area Cd,Injury Crashes,Intersection Type,Int Doc,Jurtype,K_CRASH,K People,LAT (copy),LAT,Leftshoulderwidth,Length,Lgtruck Nonlgtruck,Light Condition,Located Unlocated,LON (copy),LON,MAINLINE (group),Mainline Yn,Medianleftshoulderwidth,Medianrightshoulderwidth,Mediantypedesc,Medianwidthmax,Medianwidthmin,Median Type,Most Harmful Crash Event Cd,Motor Nonmotor,Node,Node Info,Node Totaadt2011,Node Totaadt2012,Node Totaadt2013,Node Totaadt2014,Node Totaadt2015,Numberoflane,Number of Records,Offset,Ownership,Passage,Passgen,Passinjurytype,Passvehiclenumber,Pass Airbag Deployment,Pass Ejected From Vehicle,Pass Ems Transport Ind,Pass Safety Equip Used,Pavementconditionvalue,Pavementroughnessvalue,Pavementwidth,Pdo Crash,Total People Killed & Injured,Pedage,Pedestrians Injured,Pedestrians Killed,Pedgen,Pedinjurytype,Pednumber,Ped Action,Ped Al Test,Ped Cond,Ped Drink,Ped Drug,Ped Nonped,Ped Rflct,Persons Injured,Persons Killed,Physical Juris Nm,PJR,VSP_Used,Rd Type,Relation To Roadway,Rightshoulderwidth,RNS_MP (0.25 mi bin),Rns Mp,Roadway Alignment,Roadway Defect,Roadway Description,Roadway Surface Cond,Roadway Surface Type,Route Or Street Nm,Rte Category Cd,Rte Cat,Rte Nm,Ruralurbandesc,School Zone,Second Crash Event Cd,Segtotaadt2011,Segtotaadt2012,Segtotaadt2013,Segtotaadt2014,Segtotaadt2015,Senior Notsenior,Sidewalkdesc,Speed Before,Speed Max Safe,Speed Notspeed,Speed Posted,Start Node,Start Offset,Summons Issued Cd,Surfacedesc,Third Crash Event Cd,Time Slicing,Total Crashes including Property Damage Only,Total Crash,Traffic Control Type,Trfc Ctrl Status Type,Truckcommr,Vehiclenumber,Vehicle Body Type Cd,Vehicle Make Nm,Vehicle Maneuver Type Cd,Vehicle Model Nm,Vehicle Year Nbr,District,District_Used ,Weather Condition,Work Zone Location,Work Zone Related,Work Zone Type,Young Notyoung
No Access Control,Not ALCIHOL,Urban,0,0,Bituminous Concrete (Black Base),JB-137/NCL WILLIAMSBURG/,Not UNBELTED,20,Female,C,2,BIKE,237.72,0,0,,2. Angle,"Not Provided,Not Provided","Not Provided,Not Provided",US00060,237.939,3,7/14/2012,7/14/2012,20. Motor Vehicle In Transport,1559,C.Non-Visible Injury,2012,Left and Right sides,1,1,Williamsburg,Urban,20. Motor Vehicle In Transport,MAIN,3PM TO 6PM,137.Williamsburg,797,Intersection,Reset Filters,VDOT_OTHER,Saturday,Not DEER,"North,West",,5,1,122580277,55,Female,"PDO,C","1,2","1. No Improper Action,10. Wrong Side Of Road - Not Overtaking","2. Not Deployed,Not Provided","4. No Test,4. No Test","1. No Defects,1. No Defects","Not Applicable,Not Applicable","1. Had Not Been Drinking,1. Had Not Been Drinking","2. No,2. No","1. Not Ejected,Not Provided","No,No","No,No","3. Lap and Shoulder Belt,Not Provided","1. Not Obscured,1. Not Obscured",,,238,398769,JB-137/NCL WILLIAMSBURG/,1.26,0,"0.Two-way, non-divided","22,20",1. On Roadway,"0,0",E,E.Urban Other Principle Arterials; Connecting Links of Other Rural Principal Arterial,Urban Extensions - Primary Routes,Not GUARDRAIL,Not HIT_RUN,"1,1",1,3. Three Approaches,122580277,C,0,0,37.293597,37.293597,0,0.26,Not LRTRUCK,2. Daylight,LOCATED,-76.72489,-76.72489,MAINLINE,MAIN,0,0,0,0,0,Undivided Roadway,"22,20",Not MOTORCYCLE,398768,398768.  US00060       US00060      13707081,30194,29526,29871,28807,29391,4,1,0.151,PRI_URBAN,,,,,,,,,0,143,64,0,1,,0,0,,,,,,,,,Not PED,,1,0,Williamsburg,137,5,NOT-RD,9. Within Intersection,0,237.75,237.94,1. Straight - Level,1. No Defects,"1. Two-Way, Not Divided",2. Wet,"2. Blacktop, Asphalt, Bituminous",1624 RICHMOND ROAD,USPRI,US,R-VA   US00060EB,"Urbanized (Population 200,000 and over)",3. No,"0,0",22422,21926,20109,19393,19786,Not SENIOR,Left and Right sides,5,"25,0",Not SPEED,"25,0",398769,1,"2. No,1. Yes",0,"0,0",3PM TO 6PM,1,1,4. Stop Sign,1. Yes - Working,Not a Parkway - Trucks and Commercial Vehicles Allowed,"1,2","22. Truck - Sport Utility Vehicle (SUV),9. Bicycle","FORD,BICYCLE","2. Making Right Turn,1. Going Straight Ahead",SUV,2007,5,5.Hampton Roads,1. No Adverse Condition (Clear/Cloudy),Not Provided,2. No,Not Provided,YOUNG
No Access Control,ALCOHOL,Urban,0,0,"N/A, Unknown, or Unstabilized",ARCTIC AVE(R)/,Not UNBELTED,20,Female,B,2,BIKE,1.33,1,2,,16. Other,"Not Provided,Not Provided,Not Provided","Not Provided,Not Provided,Not Provided",13408724,1.379,4,7/14/2012,7/14/2012,20. Motor Vehicle In Transport,217,B.Visiible Injury,2012,None,0,1,Virginia Beach,Urban,20. Motor Vehicle In Transport,MAIN,0AM TO 3AM,134.Virginia Beach,111,Intersection,Reset Filters,VDOT_OTHER,Saturday,Not DEER,"West,South,East",,5,1,122005171,2337,Male,"B,B,C","1,2,3","37. Other,1. No Improper Action,37. Other","2. Not Deployed,3. Unavailable/Not Applicable,2. Not Deployed","1. Blood,4. No Test,2. Breath","8. Other,1. No Defects,8. Other","14. No Driver Distraction,14. No Driver Distraction,14. No Driver Distraction","3. Drinking - Ability Impaired,6. Unknown,3. Drinking - Ability Impaired","3. Unknown,3. Unknown,3. Unknown","1. Not Ejected,3. Totally Ejected,1. Not Ejected","Yes,Yes,No","No,No,No","3. Lap and Shoulder Belt,9. Not Applicable,3. Lap and Shoulder Belt","1. Not Obscured,1. Not Obscured,1. Not Obscured",,,1,541493,134-08669(B)/GEN BOOTH BLVD,0,0,"0.Two-way, non-divided","22,20,20",1. On Roadway,"0,0,0",I,I.Urban Collector,Other City or Town Streets (not state maintained),Not GUARDRAIL,Not HIT_RUN,"12,11,11",1,4. Four Approaches,122005171,C,0,0,36.837542,36.837542,3,0.07,Not LRTRUCK,4. Darkness - Road Lighted,LOCATED,-75.973612,-75.973612,MAINLINE,MAIN,0,0,0,0,0,Undivided Roadway,"22,20,20",Not MOTORCYCLE,541493,541493. 13408669      13408669      13408724      13408724,26452,23305,23520,22666,22386,2,1,0.021,SEC_URBAN,,,,,,,,,0,0,46,0,3,,0,0,,,,,,,,,Not PED,,3,0,Virginia Beach,134,5,NOT-RD,9. Within Intersection,3,1.25,1.38,1. Straight - Level,1. No Defects,"1. Two-Way, Not Divided",1. Dry,1. Concrete,200 9TH STREET,URB,UR,R-VA134UR08724WB,"Urbanized (Population 200,000 and over)",3. No,"0,0,0",7712,7145,7211,6949,7124,Not SENIOR,Right side,"15,5,105","25,25,25",SPEED,"25,25,25",542047,0.04,"1. Yes,2. No,1. Yes",0,"0,0,0",0AM TO 3AM,1,1,3. Traffic Signal,1. Yes - Working,Not a Parkway - Trucks and Commercial Vehicles Allowed,"1,2,3","22. Truck - Sport Utility Vehicle (SUV),9. Bicycle,22. Truck - Sport Utility Vehicle (SUV)","JEEP,SCHWINN,LEXUS","1. Going Straight Ahead,1. Going Straight Ahead,1. Going Straight Ahead","WRANGLER,BICYCLE,RX 350",2.0072E+11,5,5.Hampton Roads,1. No Adverse Condition (Clear/Cloudy),Not Provided,2. No,Not Provided,YOUNG
No Access Control,Not ALCIHOL,Urban,0,0,"N/A, Unknown, or Unstabilized",134-08669(R)/C7US-00058(R)/Gap Terminus/PACIF,Not UNBELTED,20,Male,B,1,BIKE,303.02,1,1,,2. Angle,"Not Provided,Not Provided","Not Provided,Not Provided",US00060,303.02,4,7/15/2012,7/15/2012,20. Motor Vehicle In Transport,1915,B.Visiible Injury,2012,Left and Right sides,0,0,Virginia Beach,Urban,20. Motor Vehicle In Transport,MAIN,6PM TO 9PM,134.Virginia Beach,0,Intersection,Reset Filters,VDOT_OTHER,Sunday,Not DEER,"North,West",,5,1,122045011,35,Male,"B,PDO","1,2","8. Cutting In,1. No Improper Action","3. Unavailable/Not Applicable,2. Not Deployed","Not Applicable,Not Applicable","1. No Defects,1. No Defects","14. No Driver Distraction,14. No Driver Distraction","1. Had Not Been Drinking,1. Had Not Been Drinking","2. No,2. No","1. Not Ejected,1. Not Ejected","No,No","No,No","8. No Restraint Used,3. Lap and Shoulder Belt","1. Not Obscured,16. Stopped Vehicle(s)",,,303,541105,134-08719(L)/ATLANTIC AV,0,0,"0.Two-way, non-divided","20,22",1. On Roadway,"0,0",H,H.Urban Minor Arterial,Urban Extensions - Primary Routes,Not GUARDRAIL,Not HIT_RUN,"1,8",1,4. Four Approaches,122045011,C,0,0,36.84508,36.84508,0,0.07,Not LRTRUCK,2. Daylight,LOCATED,-75.975859,-75.975859,MAINLINE,MAIN,0,0,0,0,0,Undivided Roadway,"20,22",Not MOTORCYCLE,541089,541089.  US00060       US00060      13408669     C7US00058,28916,25846,25964,25266,24156,4,1,0,PRI_URBAN,,,,,,,,,0,175,48,0,1,,0,0,,,,,,,,,Not PED,,1,0,Virginia Beach,134,5,NOT-RD,10. Intersection Related - Within 150 Feet,0,303,303.02,1. Straight - Level,1. No Defects,"1. Two-Way, Not Divided",1. Dry,"2. Blacktop, Asphalt, Bituminous",300 17TH ST,USPRI,US,R-VA   US00060EB,"Urbanized (Population 200,000 and over)",3. No,"0,0",7746,6878,6942,6690,6381,Not SENIOR,Left and Right sides,"5,25","25,25",Not SPEED,"25,25",541089,0,"1. Yes,2. No",0,"0,0",6PM TO 9PM,1,1,3. Traffic Signal,1. Yes - Working,Not a Parkway - Trucks and Commercial Vehicles Allowed,"1,2","9. Bicycle,1. Passenger car","HUFFY,FORD","1. Going Straight Ahead,1. Going Straight Ahead","BICYCLE,TAURUS",20102013,5,5.Hampton Roads,1. No Adverse Condition (Clear/Cloudy),Not Provided,2. No,Not Provided,YOUNG
,Not ALCIHOL,Urban,0,0,,,Not UNBELTED,17,Male,B,1,BIKE,,1,1,,2. Angle,"Not Provided,Not Provided","Not Provided,Not Provided",,,,7/16/2012,7/16/2012,20. Motor Vehicle In Transport,1515,B.Visiible Injury,2012,,0,1,Virginia Beach,Urban,20. Motor Vehicle In Transport,MAIN,3PM TO 6PM,134.Virginia Beach,,Not Intersection,Reset Filters,VDOT_OTHER,Monday,Not DEER,"North,West",,5,1,122005203,25,Male,"B,C","1,2","11. Did Not Have Right-of-Way,1. No Improper Action","3. Unavailable/Not Applicable,2. Not Deployed","Not Applicable,Not Applicable","1. No Defects,1. No Defects","14. No Driver Distraction,14. No Driver Distraction","1. Had Not Been Drinking,1. Had Not Been Drinking","2. No,2. No","3. Totally Ejected,1. Not Ejected","Yes,No","No,No","9. Not Applicable,3. Lap and Shoulder Belt","1. Not Obscured,1. Not Obscured",,,,,,,,,"20,20",1. On Roadway,"0,0",,,,Not GUARDRAIL,Not HIT_RUN,"12,2",1,4. Four Approaches,,C,0,0,36.848068,36.848068,,,Not LRTRUCK,2. Daylight,UNLOCATED,-76.023664,-76.023664,MAINLINE,,,,,,,,"20,20",Not MOTORCYCLE,,.,,,,,,,1,,SEC_URBAN,,,,,,,,,,,,0,2,,0,0,,,,,,,,,Not PED,,2,0,Virginia Beach,134,5,NOT-RD,9. Within Intersection,,,,1. Straight - Level,1. No Defects,"3. Two-Way, Divided, Positive Median Barrier",1. Dry,"2. Blacktop, Asphalt, Bituminous",1700 BLK DONNA DR,UNKWN,SC,U-VA134SC99999UK,,3. No,"0,0",,,,,,Not SENIOR,,"10,20","10,25",Not SPEED,"10,25",,,"2. No,2. No",,"0,0",3PM TO 6PM,1,1,6. Traffic Lanes Marked,1. Yes - Working,,"1,2","9. Bicycle,1. Passenger car","HUFFY,Honda","1. Going Straight Ahead,1. Going Straight Ahead","BICYCLE,Accord Sdn",20051997,5,5.Hampton Roads,1. No Adverse Condition (Clear/Cloudy),Not Provided,2. No,Not Provided,YOUNG
No Access Control,Not ALCIHOL,Urban,0,0,"N/A, Unknown, or Unstabilized",SR-00306(L)/,Not UNBELTED,28,Female,B,1,BIKE,261.77,1,1,,2. Angle,"Not Provided,Not Provided","Not Provided,Not Provided",US00060,261.855,3,7/17/2012,7/17/2012,22. Bicycle,1646,B.Visiible Injury,2012,Left and Right sides,0,0,Newport News,Urban,22. Bicycle,MAIN,3PM TO 6PM,121.Newport News,924,Intersection,Reset Filters,VDOT_OTHER,Tuesday,Not DEER,"South,West",DISTRACTED,5,1,122580077,48,Female,"B,PDO","1,2","37. Other,37. Other","3. Unavailable/Not Applicable,2. Not Deployed","4. No Test,4. No Test","1. No Defects,1. No Defects","11. Other,11. Other","1. Had Not Been Drinking,1. Had Not Been Drinking","2. No,2. No","3. Totally Ejected,1. Not Ejected","Yes,No","No,No","9. Not Applicable,3. Lap and Shoulder Belt","1. Not Obscured,1. Not Obscured",,,262,646042,SR-00306(L)/,0.37,1,"1.Divided, no control of access","20,20",1. On Roadway,"0,0",H,H.Urban Minor Arterial,Urban Extensions - Primary Routes,Not GUARDRAIL,Not HIT_RUN,"9,12",1,4. Four Approaches,122580077,C,0,0,37.046818,37.046818,0,0.28,Not LRTRUCK,2. Daylight,LOCATED,-76.47342,-76.47342,MAINLINE,MAIN,0,0,Curbed Grass,6,6,Divided Roadway,"20,20",Not MOTORCYCLE,646042,646042.  SR00306       US00060       US00060,29756,29098,32379,31226,31859,5,1,0.175,PRI_URBAN,,,,,,,,,0,145,60,0,1,,0,0,,,,,,,,,Not PED,,1,0,Newport News,121,5,NOT-RD,9. Within Intersection,0,261.75,261.86,1. Straight - Level,1. No Defects,"2. Two-Way, Divided, Unprotected Median",1. Dry,"2. Blacktop, Asphalt, Bituminous",LOGAN PL,USPRI,US,R-VA   US00060WB,"Urbanized (Population 200,000 and over)",3. No,"0,0",25200,24643,27671,26685,27226,Not SENIOR,Left and Right sides,"5,5","0,25",SPEED,"0,25",646042,0.09,"2. No,2. No",0,"0,0",3PM TO 6PM,1,1,3. Traffic Signal,1. Yes - Working,Not a Parkway - Trucks and Commercial Vehicles Allowed,"1,2","9. Bicycle,1. Passenger car",HONDA,"1. Going Straight Ahead,2. Making Right Turn",CIVIC,2003,5,5.Hampton Roads,1. No Adverse Condition (Clear/Cloudy),Not Provided,2. No,Not Provided,Not YOUNG
No Access Control,Not ALCIHOL,Urban,1,1,Bituminous Concrete (Black Base),BREST AVE(B)/,Not UNBELTED,47,Male,A,2,BIKE,5,0,0,,2. Angle,"Not Provided,Not Provided","Not Provided,Not Provided",12208639,5.002,4,11/9/2013,11/9/2013,22. Bicycle,908,A.Ambulatory Injury,2013,Left and Right sides,0,0,Norfolk,Urban,22. Bicycle,MAIN,9AM TO 12PM,122.Norfolk,"1,890",Intersection,Reset Filters,VDOT_OTHER,Saturday,Not DEER,"South,West",,5,1,140510289,20,Male,"PDO,A","1,2","11. Did Not Have Right-of-Way,1. No Improper Action","2. Not Deployed,Not Provided","4. No Test,4. No Test","1. No Defects,1. No Defects","Not Applicable,Not Applicable","1. Had Not Been Drinking,1. Had Not Been Drinking","Not Applicable,Not Applicable","1. Not Ejected,Not Provided","NotProvided,Yes","No,No","3. Lap and Shoulder Belt,Not Provided","1. Not Obscured,1. Not Obscured",,,5,485823,PERONNE AVE(L)/,0,0,"0.Two-way, non-divided","22,20",1. On Roadway,"0,0",H,H.Urban Minor Arterial,Other City or Town Streets (not state maintained),Not GUARDRAIL,Not HIT_RUN,"12,3",1,4. Four Approaches,140510289,C,0,0,36.882162,36.882162,0,0.06,Not LRTRUCK,2. Daylight,LOCATED,-76.256199,-76.256199,MAINLINE,MAIN,0,0,0,0,0,Undivided Roadway,"22,20",Not MOTORCYCLE,483421,483421.  SR00168       SR00168      12208574      12208639,48106,48007,48749,47508,48566,2,1,0.358,SEC_URBAN,,,,,,,,,0,0,40,0,1,,0,0,,,,,,,,,Not PED,,1,0,Norfolk,122,5,NOT-RD,9. Within Intersection,0,5,5,1. Straight - Level,1. No Defects,"1. Two-Way, Not Divided",1. Dry,"2. Blacktop, Asphalt, Bituminous",2500 BLK CROMWELL ROAD,URB,UR,R-VA122UR08639NB,"Urbanized (Population 200,000 and over)",3. No,"0,0",13252,11609,11716,11291,11291,Not SENIOR,Left and Right sides,25,"25,0",Not SPEED,"25,0",485822,0,"1. Yes,2. No",0,"0,0",9AM TO 12PM,1,1,4. Stop Sign,6. No Traffic Control Device Present,Not a Parkway - Trucks and Commercial Vehicles Allowed,"1,2","2. Truck - Pick-up/Passenger Truck,9. Bicycle","FORD,BICYCLE","1. Going Straight Ahead,1. Going Straight Ahead",F150,2004,5,5.Hampton Roads,1. No Adverse Condition (Clear/Cloudy),Not Provided,2. No,Not Provided,YOUNG
No Access Control,Not ALCIHOL,Urban,0,0,"N/A, Unknown, or Unstabilized",134-08723(B)/134-08723-N003A(R)/TO & FROM ROU,Not UNBELTED,72,Male,B,2,BIKE,0,1,1,,2. Angle,"Not Provided,Not Provided","Not Provided,Not Provided",13408723S003A,0.023,4,11/10/2013,11/10/2013,20. Motor Vehicle In Transport,1030,B.Visiible Injury,2013,None,0,0,Virginia Beach,Urban,20. Motor Vehicle In Transport,RAMP,9AM TO 12PM,134.Virginia Beach,121,Intersection,Reset Filters,VDOT_OTHER,Sunday,Not DEER,"West,South",,5,1,133155114,28,Male,"PDO,B","1,2","37. Other,37. Other","2. Not Deployed,3. Unavailable/Not Applicable","4. No Test,4. No Test","1. No Defects,1. No Defects","14. No Driver Distraction,14. No Driver Distraction","1. Had Not Been Drinking,1. Had Not Been Drinking","2. No,2. No","1. Not Ejected,1. Not Ejected","No,Yes","No,No","3. Lap and Shoulder Belt,8. No Restraint Used","Not Applicable,Not Applicable",,,0,542029,134-08723(B)/134-08723-N003A(R)/TO & FROM ROU,0.14,4,"4.One-way, part of a one-way system","22,20",1. On Roadway,"0,0",A,A.Urban Interstate,State Primary and Interstate,Not GUARDRAIL,Not HIT_RUN,"4,12",1,2. Two Approaches,133155114,X,0,0,36.847158,36.847158,2,0.14,Not LRTRUCK,2. Daylight,LOCATED,-75.994759,-75.994759,RAMP,NOT_MAIN,0,0,0,0,0,Divided Roadway,"22,20",Not MOTORCYCLE,542029,542029. 13408723      13408723      13408723N003A 13408723S003A,21852,28628,28827,28038,31705,1,1,0.023,SEC_URBAN,,,,,,,,,0,0,16,0,1,,0,0,,,,,,,,,Not PED,,1,0,Virginia Beach,134,5,NOT-RD,5. On Entrance/Exit Ramp,6,0,0,4. Grade - Curve,1. No Defects,"4. One-Way, Not Divided",1. Dry,"2. Blacktop, Asphalt, Bituminous",400 BIRDNECK RD N,ISRMP,UR,R-VA134UR08723SB      RMP003.00A,"Urbanized (Population 200,000 and over)",3. No,"0,0",,6757,6757,6757,6757,SENIOR,None,"35,5","35,35",Not SPEED,"35,35",542029,0,"2. No,2. No",0,"0,0",9AM TO 12PM,1,1,14. Ped Crosswalk,1. Yes - Working,Not a Parkway - Trucks and Commercial Vehicles Allowed,"1,2","1. Passenger car,9. Bicycle","AUDI,SCHWINN","1. Going Straight Ahead,3. Making Left Turn","A8 L,BICYCLE",2005,5,5.Hampton Roads,1. No Adverse Condition (Clear/Cloudy),Not Provided,2. No,Not Provided,Not YOUNG
No Access Control,Not ALCIHOL,Urban,0,0,Bituminous Concrete (Black Base),LAKESHORE DRIVE(L)/TODDS LANE(R)/,Not UNBELTED,56,Male,B,2,BIKE,3.56,1,1,,16. Other,"2. Bus (Seats For 16 People or More, Including Driver),Not Provided","4. Bus (Seats for 16 People or More, Including Driver),Not Provided",SR00152,3.572,3,3/4/2015,3/4/2015,19. Ped,1518,B.Visiible Injury,2015,Left and Right sides,0,0,Hampton,Urban,19. Ped,MAIN,3PM TO 6PM,114.Hampton,"1,911",Intersection,Reset Filters,VDOT_OTHER,Wednesday,Not DEER,"East,East",,5,1,151900003,43,Female,"PDO,B","1,2","37. Other,1. No Improper Action","2. Not Deployed,Not Provided","Not Applicable,Not Applicable","1. No Defects,1. No Defects","Not Applicable,Not Applicable","1. Had Not Been Drinking,1. Had Not Been Drinking","2. No,2. No","1. Not Ejected,1. Not Ejected","No,Yes","No,No","3. Lap and Shoulder Belt,8. No Restraint Used","1. Not Obscured,1. Not Obscured",,,4,253073,MAG.-CUNNINGHAM CONN,0,0,"0.Two-way, non-divided","19,20",1. On Roadway,"0,0",H,H.Urban Minor Arterial,Urban Extensions - Primary Routes,Not GUARDRAIL,Not HIT_RUN,"5,9",1,4. Four Approaches,151900003,C,0,0,37.0413,37.0413,0,0.26,Not LRTRUCK,2. Daylight,LOCATED,-76.40379,-76.40379,MAINLINE,MAIN,0,0,0,0,0,Undivided Roadway,"19,20",Not MOTORCYCLE,253068,253068.  SR00152       SR00152      11407025,23815,23289,22824,22011,22457,4,1,0.362,PRI_URBAN,,,,,,,,,0,0,60,0,1,,0,0,,,,,,,,,Not PED,,1,0,Hampton,114,5,NOT-RD,9. Within Intersection,0,3.5,3.56,1. Straight - Level,1. No Defects,"3. Two-Way, Divided, Positive Median Barrier",2. Wet,"2. Blacktop, Asphalt, Bituminous",todds ln,STPRI,SR,R-VA   SR00152EB,"Urbanized (Population 200,000 and over)",3. No,"0,0",20390,19939,21430,20667,21086,Not SENIOR,None,15,"35,35",Not SPEED,"35,35",253071,0,"1. Yes,2. No",0,"0,0",3PM TO 6PM,1,1,3. Traffic Signal,1. Yes - Working,Not a Parkway - Trucks and Commercial Vehicles Allowed,"1,2","14. Bus - City Transit Bus/Privately Owned Church Bus,9. Bicycle","GILL,BICYCLE","1. Going Straight Ahead,1. Going Straight Ahead",BUS,1999,5,5.Hampton Roads,1. No Adverse Condition (Clear/Cloudy),Not Provided,2. No,Not Provided,Not YOUNG
No Access Control,Not ALCIHOL,Urban,0,0,Bituminous Concrete (Black Base),CYPRESS POINT BLVD(L)/BROADMEADOW BLVD(R)/,Not UNBELTED,15,Female,B,1,BIKE,1.44,1,1,,16. Other,"Not Provided,Not Provided","Not Provided,Not Provided",13408638,1.44,4,1/1/2012,1/1/2012,22. Bicycle,1724,B.Visiible Injury,2012,Left and Right sides,0,0,Virginia Beach,Urban,22. Bicycle,MAIN,3PM TO 6PM,134.Virginia Beach,"2,534",Intersection,Reset Filters,VDOT_OTHER,Sunday,Not DEER,"West,North",DISTRACTED,5,1,120075187,38,Female,"B,PDO","1,2","11. Did Not Have Right-of-Way,1. No Improper Action","3. Unavailable/Not Applicable,2. Not Deployed","4. No Test,4. No Test","1. No Defects,1. No Defects","6. Cell Phone,Not Applicable","1. Had Not Been Drinking,1. Had Not Been Drinking","2. No,2. No","3. Totally Ejected,1. Not Ejected","Yes,No","No,No","9. Not Applicable,3. Lap and Shoulder Belt","1. Not Obscured,1. Not Obscured",,,2,541367,134-08785(R)/HAYGOOD RD,0,1,"1.Divided, no control of access","20,22",1. On Roadway,"0,0",H,H.Urban Minor Arterial,Other City or Town Streets (not state maintained),Not GUARDRAIL,Not HIT_RUN,"9,12",1,4. Four Approaches,120075187,C,0,0,36.869932,36.869932,0,0.68,Not LRTRUCK,2. Daylight,LOCATED,-76.163428,-76.163428,MAINLINE,MAIN,0,0,0,0,0,Divided Roadway,"20,22",Not MOTORCYCLE,541365,541365. 13400008      13400008      13408638      13408638,38995,36861,37202,35852,37003,4,1,0.48,SEC_URBAN,,,,,,,,,0,0,54,0,1,,0,0,,,,,,,,,Not PED,,1,0,Virginia Beach,134,5,NOT-RD,9. Within Intersection,0,1.25,1.44,1. Straight - Level,1. No Defects,"1. Two-Way, Not Divided",1. Dry,"2. Blacktop, Asphalt, Bituminous",5399 WESLEYAN DRIVE,URB,UR,R-VA134UR08638EB,"Urbanized (Population 200,000 and over)",3. No,"0,0",22985,20026,20211,19477,19433,Not SENIOR,Left and Right sides,"3,5","0,25",SPEED,"0,25",541366,0,"2. No,2. No",0,"0,0",3PM TO 6PM,1,1,3. Traffic Signal,1. Yes - Working,Not a Parkway - Trucks and Commercial Vehicles Allowed,"1,2","9. Bicycle,1. Passenger car",Cadillac,"1. Going Straight Ahead,7. Starting From Parked Position","BICYCLE,Concours",1995,5,5.Hampton Roads,1. No Adverse Condition (Clear/Cloudy),Not Provided,2. No,Not Provided,YOUNG
No Access Control,Not ALCIHOL,Urban,0,0,"N/A, Unknown, or Unstabilized",122-08575(R)/Gap Terminus/MARKET ST CONN & FE,Not UNBELTED,43,Male,C,2,BIKE,9.07,0,0,,2. Angle,"Not Provided,Not Provided","Not Provided,Not Provided",A1US00460,9.116,4,1/6/2012,1/6/2012,22. Bicycle,700,C.Non-Visible Injury,2012,Left and Right sides,1,1,Norfolk,Urban,22. Bicycle,MAIN,6AM TO 9AM,122.Norfolk,21,Intersection,Reset Filters,VDOT_OTHER,Friday,Not DEER,"Not Provided,Not Provided",,5,1,120400231,23,Male,"PDO,C","1,2","11. Did Not Have Right-of-Way,1. No Improper Action","2. Not Deployed,3. Unavailable/Not Applicable","Not Applicable,Not Applicable","1. No Defects,1. No Defects","Not Applicable,Not Applicable","Not Applicable,Not Applicable","Not Applicable,Not Applicable","1. Not Ejected,Not Provided","No,NotProvided","No,No","3. Lap and Shoulder Belt,Not Provided","1. Not Obscured,1. Not Obscured",,,9,756706,122-08575(L)/A1US-00460-P(L)/Gap Terminus/ST,0,4,"4.One-way, part of a one-way system","22,0",1. On Roadway,"0,0",E,E.Urban Other Principle Arterials; Connecting Links of Other Rural Principal Arterial,State Primary and Interstate,Not GUARDRAIL,Not HIT_RUN,"12,0",1,4. Four Approaches,120400231,X,0,0,36.848311,36.848311,0,0.05,Not LRTRUCK,1. Dawn,LOCATED,-76.284354,-76.284354,MAINLINE,MAIN,0,0,0,0,0,Divided Roadway,"22,0",Not MOTORCYCLE,756706,756706. 12208575     A1US00460     A1US00460     A1US00460P,50776,48414,48736,47229,45877,2,1,0.004,PRI_URBAN,,,,,,,,,0,0,0,0,1,,0,0,,,,,,,,,Not PED,,1,0,Norfolk,122,5,NOT-RD,5. On Entrance/Exit Ramp,0,9,9.12,1. Straight - Level,1. No Defects,"3. Two-Way, Divided, Positive Median Barrier",1. Dry,"2. Blacktop, Asphalt, Bituminous",300 BLK ST PAULS,USPRI,US,R-VA   US00460NBALT001,"Urbanized (Population 200,000 and over)",3. No,"0,0",43851,41624,42008,40484,41301,Not SENIOR,None,5,"35,0",Not SPEED,"35,0",483792,0,"1. Yes,Not Provided",0,"0,0",6AM TO 9AM,1,1,3. Traffic Signal,1. Yes - Working,Not a Parkway - Trucks and Commercial Vehicles Allowed,"1,2","1. Passenger car,9. Bicycle",FORD,"2. Making Right Turn,1. Going Straight Ahead","FUSION,BICYCLE",2007,5,5.Hampton Roads,1. No Adverse Condition (Clear/Cloudy),Not Provided,2. No,Not Provided,Not YOUNG