Access Control,Alcohol Notalcohol,Area Type1,A Crash,A People,Basetypedesc,Begin Node Dsc,Belted Unbelted,Bikeage,Bikegen,Bikeinjurytype,Bikevehiclenumber,Bike Nonbike,BMP,B Crash,B People,Carspeedlimit,Collision Type,Comm Cargo Body Type Cd,Comm Vehicle Body Type Cd,Cotedrouteid,Coted Mp,Count App,CRASH_DT (copy),Crash Dt,Crash Event Type Dsc,Crash Military Tm,Crash Severity,Crash Year,Curbgutterdesc,C Crash,C People,Juris Name Used,Area Type Used,First Harmful Event of Entire Crash,MAINLINE,Time Slicing Used,Phy_Juris_Nm,Offset-Ft,Intersection Analysis,Clear,Calculation_9640323132123359,Day Of Week,Deer Nodeer,Direction Of Travel Cd,Distracted Notdistracted,VSP,TOTAL CRASH,Document Nbr,Driverage,Drivergen,Driverinjurytype,Drivervehiclenumber,Driver Action Type Cd,Driver Airbag Deployment,Driver Alcohol Test Type Cd,Driver Condition Type Cd,Driver Distraction Type Cd,Driver Drinking Type Cd,Driver Drug Use Cd,Driver Ejected From Vehicle,Driver Ems Transport Ind,Driver Fled Scene Ind,Driver Safety Equip Used,Driver Vis Obscured Type Cd,Drowsy Notdrowsy,Drug Nodrug,EMP,End Node,End Node Dsc,End Offset,Facility,FAC,First Crash Event Cd,First Harmful Event,Fourth Crash Event Cd,Functionalclass,FUN,Govcondesc,Gr Nogr,Hitrun Not Hitrun,Initial Veh Impact Area Cd,Injury Crashes,Intersection Type,Int Doc,Jurtype,K_CRASH,K People,LAT (copy),LAT,Leftshoulderwidth,Length,Lgtruck Nonlgtruck,Light Condition,Located Unlocated,LON (copy),LON,MAINLINE (group),Mainline Yn,Medianleftshoulderwidth,Medianrightshoulderwidth,Mediantypedesc,Medianwidthmax,Medianwidthmin,Median Type,Most Harmful Crash Event Cd,Motor Nonmotor,Node,Node Info,Node Totaadt2011,Node Totaadt2012,Node Totaadt2013,Node Totaadt2014,Node Totaadt2015,Numberoflane,Number of Records,Offset,Ownership,Passage,Passgen,Passinjurytype,Passvehiclenumber,Pass Airbag Deployment,Pass Ejected From Vehicle,Pass Ems Transport Ind,Pass Safety Equip Used,Pavementconditionvalue,Pavementroughnessvalue,Pavementwidth,Pdo Crash,Total People Killed & Injured,Pedage,Pedestrians Injured,Pedestrians Killed,Pedgen,Pedinjurytype,Pednumber,Ped Action,Ped Al Test,Ped Cond,Ped Drink,Ped Drug,Ped Nonped,Ped Rflct,Persons Injured,Persons Killed,Physical Juris Nm,PJR,VSP_Used,Rd Type,Relation To Roadway,Rightshoulderwidth,RNS_MP (0.25 mi bin),Rns Mp,Roadway Alignment,Roadway Defect,Roadway Description,Roadway Surface Cond,Roadway Surface Type,Route Or Street Nm,Rte Category Cd,Rte Cat,Rte Nm,Ruralurbandesc,School Zone,Second Crash Event Cd,Segtotaadt2011,Segtotaadt2012,Segtotaadt2013,Segtotaadt2014,Segtotaadt2015,Senior Notsenior,Sidewalkdesc,Speed Before,Speed Max Safe,Speed Notspeed,Speed Posted,Start Node,Start Offset,Summons Issued Cd,Surfacedesc,Third Crash Event Cd,Time Slicing,Total Crashes including Property Damage Only,Total Crash,Traffic Control Type,Trfc Ctrl Status Type,Truckcommr,Vehiclenumber,Vehicle Body Type Cd,Vehicle Make Nm,Vehicle Maneuver Type Cd,Vehicle Model Nm,Vehicle Year Nbr,District,District_Used ,Weather Condition,Work Zone Location,Work Zone Related,Work Zone Type,Young Notyoung
No Access Control,Not ALCIHOL,Urban,0,0,Dual Type,FAIRFIELD BLVD(R)/,Not UNBELTED,39,Male,B,2,BIKE,4.71,1,1,,2. Angle,"Not Provided,Not Provided","Not Provided,Not Provided",SR00169,4.989,3,1/6/2012,1/6/2012,22. Bicycle,1715,B.Visiible Injury,2012,Left and Right sides,0,0,Hampton,Urban,22. Bicycle,MAIN,3PM TO 6PM,114.Hampton,"1,220",Intersection,Reset Filters,VDOT_OTHER,Friday,Not DEER,"North,Not Provided",,5,1,120750053,65,Male,"PDO,B","1,2","1. No Improper Action,Not Applicable","2. Not Deployed,3. Unavailable/Not Applicable","Not Applicable,4. No Test","1. No Defects,Not Applicable","Not Applicable,Not Applicable","1. Had Not Been Drinking,1. Had Not Been Drinking","2. No,2. No","1. Not Ejected,1. Not Ejected","No,No","No,No","3. Lap and Shoulder Belt,8. No Restraint Used","1. Not Obscured,Not Applicable",,,5,746444,NICKERSON BLVD.(R)/,0,0,"0.Two-way, non-divided","22,0",1. On Roadway,"0,0",I,I.Urban Collector,Urban Extensions - Primary Routes,Not GUARDRAIL,Not HIT_RUN,"12,0",1,6. Roundabout,120750053,C,0,0,37.056572,37.056572,0,0.33,Not LRTRUCK,3. Dusk,LOCATED,-76.311335,-76.311335,MAINLINE,MAIN,0,0,0,0,0,Undivided Roadway,"22,0",Not MOTORCYCLE,253114,253114.  SR00169       SR00169      11407049,21354,20881,20063,19348,19741,4,1,0.231,PRI_URBAN,,,,,,,,,3.5,0,48,0,1,,0,0,,,,,,,,,Not PED,,1,0,Hampton,114,5,NOT-RD,1. Main-Line Roadway,0,4.75,4.99,1. Straight - Level,1. No Defects,"2. Two-Way, Divided, Unprotected Median",1. Dry,"2. Blacktop, Asphalt, Bituminous",FOXHILL RD,STPRI,SR,R-VA   SR00169NB,"Urbanized (Population 200,000 and over)",3. No,"0,0",13711,13407,12827,12370,12621,SENIOR,Left and Right sides,20,"35,0",Not SPEED,"35,0",253112,0,"2. No,Not Provided",0,"0,0",3PM TO 6PM,1,1,1. No Traffic Control,6. No Traffic Control Device Present,Not a Parkway - Trucks and Commercial Vehicles Allowed,"1,2","2. Truck - Pick-up/Passenger Truck,9. Bicycle",FORD,"2. Making Right Turn,Not Applicable","F150,BICYCLE",1987,5,5.Hampton Roads,1. No Adverse Condition (Clear/Cloudy),Not Provided,2. No,Not Provided,Not YOUNG
No Access Control,Not ALCIHOL,Urban,0,0,"Stabilized with Selected Material (Soil,Gravel,Stone,etc.)",133-02202(L)/,Not UNBELTED,5,Female,B,2,BIKE,0.05,1,1,,2. Angle,"Not Provided,Not Provided","Not Provided,Not Provided",13302201,0.05,3,1/7/2012,1/7/2012,19. Ped,1449,B.Visiible Injury,2012,None,0,0,Suffolk,Urban,19. Ped,MAIN,12PM TO 3PM,133.Suffolk,0,Intersection,Reset Filters,VDOT_OTHER,Saturday,Not DEER,"South,East",,5,1,120580101,41,Female,"PDO,B","1,2","1. No Improper Action,11. Did Not Have Right-of-Way","2. Not Deployed,3. Unavailable/Not Applicable","4. No Test,Not Applicable","1. No Defects,Not Applicable","Not Applicable,Not Applicable","1. Had Not Been Drinking,Not Applicable","2. No,Not Applicable","1. Not Ejected,3. Totally Ejected","No,Yes","No,No","3. Lap and Shoulder Belt,8. No Restraint Used","1. Not Obscured,Not Applicable",,,0,469309,Dead End/,0,0,"0.Two-way, non-divided","22,20",1. On Roadway,"0,0",J,J.Urban Local,Other City or Town Streets (not state maintained),Not GUARDRAIL,Not HIT_RUN,"1,10",1,3. Three Approaches,120580101,C,0,0,36.875131,36.875131,6,0.1,Not LRTRUCK,2. Daylight,LOCATED,-76.413198,-76.413198,MAINLINE,MAIN,0,0,0,0,0,Undivided Roadway,"22,20",Not MOTORCYCLE,469027,469027. 13302201      13302201      13302202,670,670,670,670,670,2,1,0,SEC_URBAN,,,,,,,,,0,0,0,0,1,,0,0,,,,,,,,,Not PED,,1,0,Suffolk,133,5,NOT-RD,9. Within Intersection,6,0,0.05,1. Straight - Level,1. No Defects,"1. Two-Way, Not Divided",1. Dry,"2. Blacktop, Asphalt, Bituminous",6228 APPLE ST,URB,UR,R-VA133UR02201SB,"Urbanized (Population 200,000 and over)",3. No,"0,0",171,171,171,171,171,Not SENIOR,None,"15,5","25,25",Not SPEED,"25,25",469027,0,"Not Provided,Not Provided",0,"0,0",12PM TO 3PM,1,1,6. Traffic Lanes Marked,1. Yes - Working,Not a Parkway - Trucks and Commercial Vehicles Allowed,"1,2","22. Truck - Sport Utility Vehicle (SUV),9. Bicycle","GMC,OTH","1. Going Straight Ahead,1. Going Straight Ahead","SUV,BICYCLE",2011,5,5.Hampton Roads,1. No Adverse Condition (Clear/Cloudy),Not Provided,2. No,Not Provided,Not YOUNG
No Access Control,Not ALCIHOL,Urban,0,0,Dual Type,MAPLE AVE(B)/,Not UNBELTED,18,Male,C,2,BIKE,406.1,0,0,,2. Angle,"Not Provided,Not Provided","Not Provided,Not Provided",US00460,406.201,3,1/10/2012,1/10/2012,22. Bicycle,1730,C.Non-Visible Injury,2012,Left and Right sides,1,1,Norfolk,Urban,22. Bicycle,MAIN,3PM TO 6PM,122.Norfolk,"2,064",Intersection,Reset Filters,VDOT_OTHER,Tuesday,Not DEER,"West,North",,5,1,120400317,26,Male,"PDO,C","1,2","1. No Improper Action,1. No Improper Action","2. Not Deployed,3. Unavailable/Not Applicable","Not Applicable,Not Applicable","1. No Defects,1. No Defects","Not Applicable,Not Applicable","1. Had Not Been Drinking,1. Had Not Been Drinking","2. No,2. No","1. Not Ejected,3. Totally Ejected","No,Yes","No,No","3. Lap and Shoulder Belt,8. No Restraint Used","1. Not Obscured,1. Not Obscured",,,406,483734,OSBORN RD(L)/,0,1,"1.Divided, no control of access","22,20",5. Gore,"0,0",H,H.Urban Minor Arterial,Urban Extensions - Primary Routes,Not GUARDRAIL,Not HIT_RUN,"12,4",1,1. Not at Intersection,120400317,C,0,0,36.947205,36.947205,0,0.25,Not LRTRUCK,4. Darkness - Road Lighted,LOCATED,-76.257794,-76.257794,MAINLINE,MAIN,4,4,0,48,48,Divided Roadway,"22,20",Not MOTORCYCLE,483736,483736.  US00460       US00460      12208623,14715,13878,14006,13498,12571,4,1,0.391,PRI_URBAN,,,,,,,,,0,220,46,0,1,,0,0,,,,,,,,,Not PED,,1,0,Norfolk,122,5,NOT-RD,1. Main-Line Roadway,0,406,406.2,1. Straight - Level,1. No Defects,"4. One-Way, Not Divided",1. Dry,"2. Blacktop, Asphalt, Bituminous",9300 GRANBY ST,USPRI,US,R-VA   US00460WB,"Urbanized (Population 200,000 and over)",3. No,"0,0",11150,12067,12178,11736,11196,Not SENIOR,None,20,"35,0",Not SPEED,"35,0",483735,0,"2. No,2. No",0,"0,0",3PM TO 6PM,1,1,8. Yield Sign,1. Yes - Working,Not a Parkway - Trucks and Commercial Vehicles Allowed,"1,2","2. Truck - Pick-up/Passenger Truck,9. Bicycle","HONDA,BICYLE","3. Making Left Turn,15. Other",RIDGELINE,2009,5,5.Hampton Roads,1. No Adverse Condition (Clear/Cloudy),Not Provided,2. No,Not Provided,YOUNG
No Access Control,Not ALCIHOL,Urban,0,0,"N/A, Unknown, or Unstabilized",US-00460(B)/,Not UNBELTED,18,Female,B,2,BIKE,0,1,1,,16. Other,"Not Provided,Not Provided","Not Provided,Not Provided",SR00246,0.057,3,3/9/2015,3/9/2015,20. Motor Vehicle In Transport,1712,B.Visiible Injury,2015,Left and Right sides,0,0,Chesapeake,Urban,20. Motor Vehicle In Transport,MAIN,3PM TO 6PM,131.Chesapeake,301,Intersection,Reset Filters,VDOT_OTHER,Monday,Not DEER,"South,North",,5,1,150685380,68,Female,"PDO,B","1,2","1. No Improper Action,40. Fail to Maintain Proper Control","2. Not Deployed,3. Unavailable/Not Applicable","4. No Test,4. No Test","1. No Defects,1. No Defects","14. No Driver Distraction,14. No Driver Distraction","1. Had Not Been Drinking,1. Had Not Been Drinking","2. No,2. No","1. Not Ejected,3. Totally Ejected","No,Yes","No,No","3. Lap and Shoulder Belt,8. No Restraint Used","1. Not Obscured,1. Not Obscured",,,0,483535,US-00460(B)/,0.07,0,"0.Two-way, non-divided","22,20",1. On Roadway,"0,0",H,H.Urban Minor Arterial,Urban Extensions - Primary Routes,Not GUARDRAIL,Not HIT_RUN,"2,12",1,4. Four Approaches,150685380,C,0,0,36.81944,36.81944,0,0.07,Not LRTRUCK,2. Daylight,LOCATED,-76.27111,-76.27111,MAINLINE,MAIN,0,0,0,0,0,Undivided Roadway,"22,20",Not MOTORCYCLE,483535,483535.  SR00246       US00460       US00460,11551,11317,11322,10322,10527,4,1,0.057,PRI_URBAN,,,,,,,,,0,0,44,0,1,,0,0,,,,,,,,,Not PED,,1,0,Chesapeake,131,5,NOT-RD,9. Within Intersection,0,0,0.06,1. Straight - Level,1. No Defects,"1. Two-Way, Not Divided",1. Dry,"2. Blacktop, Asphalt, Bituminous",LIBERTY ST,STPRI,SR,R-VA   SR00246WB,"Urbanized (Population 200,000 and over)",3. No,"0,39",6609,6463,6499,6806,6941,SENIOR,Left and Right sides,"10,10","25,25",Not SPEED,"25,25",483535,0,"2. No,2. No",0,"0,0",3PM TO 6PM,1,1,4. Stop Sign,1. Yes - Working,Not a Parkway - Trucks and Commercial Vehicles Allowed,"1,2","22. Truck - Sport Utility Vehicle (SUV),9. Bicycle","ISUZU,SCHWINN","2. Making Right Turn,1. Going Straight Ahead","TROOPER,JAGUAR",19992015,5,5.Hampton Roads,1. No Adverse Condition (Clear/Cloudy),Not Provided,2. No,Not Provided,YOUNG
No Access Control,Not ALCIHOL,Urban,1,1,Portland Cement Concrete,SR-00192(R)/122-08641(L)/AZALEA GARDEN RD,Not UNBELTED,35,Male,A,2,BIKE,33.82,0,0,,3. Head On,"Not Provided,Not Provided","Not Provided,Not Provided",SR00165,34.199,4,3/10/2015,3/10/2015,22. Bicycle,1117,A.Ambulatory Injury,2015,None,0,0,Norfolk,Urban,22. Bicycle,MAIN,9AM TO 12PM,122.Norfolk,58,Intersection,Reset Filters,VDOT_OTHER,Tuesday,Not DEER,"South,North",DISTRACTED,5,1,150920077,30,Female,"PDO,A","1,2","40. Fail to Maintain Proper Control,40. Fail to Maintain Proper Control","2. Not Deployed,2. Not Deployed","Not Applicable,Not Applicable","1. No Defects,1. No Defects","11. Other,11. Other","Not Applicable,Not Applicable","Not Applicable,Not Applicable","1. Not Ejected,1. Not Ejected","No,Yes","No,No","3. Lap and Shoulder Belt,9. Not Applicable","1. Not Obscured,1. Not Obscured",,,34,483317,SR-00247(L)/122-08613(L)/Gap Terminus/NORVIEW,0,0,"0.Two-way, non-divided","22,20",1. On Roadway,"0,0",E,E.Urban Other Principle Arterials; Connecting Links of Other Rural Principal Arterial,Urban Extensions - Primary Routes,Not GUARDRAIL,Not HIT_RUN,"1,1",1,4. Four Approaches,150920077,C,0,0,36.89439,36.89439,8,0.39,Not LRTRUCK,2. Daylight,LOCATED,-76.22348,-76.22348,MAINLINE,MAIN,0,0,0,0,0,Undivided Roadway,"22,20",Not MOTORCYCLE,483317,483317.  SR00165       SR00165       SR00247      12208613,44989,41560,41944,40422,39433,4,1,0.011,PRI_URBAN,,,,,,,,,0,176,60,0,1,,0,0,,,,,,,,,Not PED,,1,0,Norfolk,122,5,NOT-RD,9. Within Intersection,8,34,34.2,1. Straight - Level,1. No Defects,5. Unknown,2. Wet,"2. Blacktop, Asphalt, Bituminous",3600 N MILITARY HWY,STPRI,SR,R-VA   SR00165SB,"Urbanized (Population 200,000 and over)",3. No,"0,0",23788,23430,23646,22788,22086,Not SENIOR,None,15,"25,0",Not SPEED,"25,0",483318,0,"2. No,2. No",0,"0,0",9AM TO 12PM,1,1,3. Traffic Signal,1. Yes - Working,Not a Parkway - Trucks and Commercial Vehicles Allowed,"1,2","1. Passenger car,9. Bicycle","KIA,bicycle","2. Making Right Turn,1. Going Straight Ahead",SPECTRA,2002,5,5.Hampton Roads,1. No Adverse Condition (Clear/Cloudy),Not Provided,2. No,Not Provided,Not YOUNG
No Access Control,Not ALCIHOL,Urban,1,1,"N/A, Unknown, or Unstabilized",SETTLERS PARK DR.(R)/,Not UNBELTED,14,Male,A,2,BIKE,0.01,0,0,,2. Angle,"Not Provided,Not Provided","Not Provided,Not Provided",13408693,0.179,4,7/18/2012,7/18/2012,39. Fell/Jumped From Vehicle,1740,A.Ambulatory Injury,2012,Left and Right sides,0,0,Virginia Beach,Urban,39. Fell/Jumped From Vehicle,MAIN,3PM TO 6PM,134.Virginia Beach,945,Intersection,Reset Filters,VDOT_OTHER,Wednesday,Not DEER,"South,East",DISTRACTED,5,1,122075108,40,Male,"PDO,A","1,2","1. No Improper Action,11. Did Not Have Right-of-Way","1. Deployed - Front,3. Unavailable/Not Applicable","4. No Test,4. No Test","1. No Defects,1. No Defects","14. No Driver Distraction,11. Other","1. Had Not Been Drinking,1. Had Not Been Drinking","2. No,3. Unknown","1. Not Ejected,3. Totally Ejected","No,Yes","No,No","3. Lap and Shoulder Belt,8. No Restraint Used","11. Moving Vehicle(s),11. Moving Vehicle(s)",,,0,715437,HALIFAX DR.(R)/,0,1,"1.Divided, no control of access","22,20",1. On Roadway,"0,0",H,H.Urban Minor Arterial,Other City or Town Streets (not state maintained),Not GUARDRAIL,Not HIT_RUN,"12,9",1,4. Four Approaches,122075108,C,0,0,36.792113,36.792113,0,0.17,Not LRTRUCK,2. Daylight,LOCATED,-76.163902,-76.163902,MAINLINE,MAIN,0,0,Curbed Grass,16,4,Divided Roadway,"22,20",Not MOTORCYCLE,541309,541309. 13408590      13408590      13408692      13408693,76026,70719,71372,68782,70918,4,1,0.179,SEC_URBAN,,,,,,,,,0,0,54,0,1,,0,0,,,,,,,,,Not PED,,1,0,Virginia Beach,134,5,NOT-RD,9. Within Intersection,0,0,0.18,1. Straight - Level,1. No Defects,"2. Two-Way, Divided, Unprotected Median",1. Dry,"2. Blacktop, Asphalt, Bituminous",1500 INDIAN LAKES BLVD,URB,UR,R-VA134UR08693NB,"Urbanized (Population 200,000 and over)",3. No,"0,39",17061,14159,14290,13771,13742,Not SENIOR,Left and Right sides,"45,5","45,0",Not SPEED,"45,45",715436,0,"2. No,2. No",0,"0,0",3PM TO 6PM,1,1,4. Stop Sign,1. Yes - Working,Not a Parkway - Trucks and Commercial Vehicles Allowed,"1,2","22. Truck - Sport Utility Vehicle (SUV),9. Bicycle","MERCESE BENZ,RAMPAGE","1. Going Straight Ahead,1. Going Straight Ahead","ML 320,BMX BIKE",20002012,5,5.Hampton Roads,1. No Adverse Condition (Clear/Cloudy),Not Provided,2. No,Not Provided,Not YOUNG
No Access Control,Not ALCIHOL,Urban,0,0,Bituminous Concrete (Black Base),US-00258-W059B(L)/US-00017-S051A(L)/RAMP TO U,Not UNBELTED,40,Male,B,2,BIKE,51.19,1,1,,2. Angle,"Not Provided,Not Provided","Not Provided,Not Provided",US00017,51.341,3,7/18/2012,7/18/2012,22. Bicycle,1415,B.Visiible Injury,2012,Left and Right sides,0,0,Newport News,Urban,22. Bicycle,MAIN,12PM TO 3PM,121.Newport News,797,Intersection,Reset Filters,VDOT_OTHER,Wednesday,Not DEER,"West,South",DISTRACTED,5,1,122960075,43,Male,"PDO,B","1,2","Not Applicable,37. Other","2. Not Deployed,3. Unavailable/Not Applicable","4. No Test,4. No Test","1. No Defects,1. No Defects","11. Other,Not Applicable","1. Had Not Been Drinking,1. Had Not Been Drinking","2. No,2. No","1. Not Ejected,1. Not Ejected","No,Yes","No,No","3. Lap and Shoulder Belt,9. Not Applicable","11. Moving Vehicle(s),1. Not Obscured",,,52,646009,CENTER AV,0,1,"1.Divided, no control of access","22,20",2. Shoulder,"0,0",E,E.Urban Other Principle Arterials; Connecting Links of Other Rural Principal Arterial,Urban Extensions - Primary Routes,Not GUARDRAIL,Not HIT_RUN,"11,10",1,4. Four Approaches,122960075,C,0,0,37.022636,37.022636,0,0.5,Not LRTRUCK,2. Daylight,LOCATED,-76.446403,-76.446403,MAINLINE,MAIN,0,0,Curbed Grass,14,4,Divided Roadway,"22,20",Not MOTORCYCLE,756246,756246.  US00017       US00017       US00258W059B,40702,41593,39530,39683,39836,6,1,0.151,PRI_URBAN,,,,,,,,,0,179,72,0,1,,0,0,,,,,,,,,Not PED,,1,0,Newport News,121,5,NOT-RD,10. Intersection Related - Within 150 Feet,0,51.25,51.34,1. Straight - Level,1. No Defects,"3. Two-Way, Divided, Positive Median Barrier",1. Dry,1. Concrete,JEFFERSON AVE,USPRI,US,R-VA   US00017NB,"Urbanized (Population 200,000 and over)",3. No,"0,0",40702,41593,39530,39683,39836,Not SENIOR,Left and Right sides,"5,5","45,45",Not SPEED,"45,45",756246,0,"2. No,2. No",0,"0,0",12PM TO 3PM,1,1,1. No Traffic Control,6. No Traffic Control Device Present,Designated Truck Route - D2,"1,2","1. Passenger car,9. Bicycle",TOYOTA,"2. Making Right Turn,1. Going Straight Ahead",CAMRY,2010,5,5.Hampton Roads,1. No Adverse Condition (Clear/Cloudy),Not Provided,2. No,Not Provided,Not YOUNG
No Access Control,Not ALCIHOL,Urban,0,0,"N/A, Unknown, or Unstabilized",134-08724(R)/NORFOLK AV,Not UNBELTED,44,Female,B,2,BIKE,303.54,1,1,,2. Angle,"Not Provided,Not Provided","Not Provided,Not Provided",US00060,303.54,3,7/20/2012,7/20/2012,22. Bicycle,1245,B.Visiible Injury,2012,Left and Right sides,0,0,Virginia Beach,Urban,22. Bicycle,MAIN,12PM TO 3PM,134.Virginia Beach,0,Intersection,Reset Filters,VDOT_OTHER,Friday,Not DEER,"East,South",,5,1,122315048,18,Female,"PDO,B","1,2","1. No Improper Action,21. Disregarded Traffic Signal","2. Not Deployed,3. Unavailable/Not Applicable","4. No Test,4. No Test","1. No Defects,1. No Defects","14. No Driver Distraction,14. No Driver Distraction","1. Had Not Been Drinking,1. Had Not Been Drinking","2. No,2. No","1. Not Ejected,Not Provided","No,Yes","No,No","3. Lap and Shoulder Belt,9. Not Applicable","1. Not Obscured,1. Not Obscured",,,304,541103,SIXTH STRET(R)/,0,0,"0.Two-way, non-divided","22,20",1. On Roadway,"0,0",I,I.Urban Collector,Urban Extensions - Primary Routes,Not GUARDRAIL,Not HIT_RUN,"12,12",1,3. Three Approaches,122315048,C,0,0,36.837636,36.837636,0,0.29,Not LRTRUCK,2. Daylight,LOCATED,-75.97223,-75.97223,MAINLINE,MAIN,0,0,0,0,0,Undivided Roadway,"22,20",Not MOTORCYCLE,541104,541104.  US00060       US00060      13408724,9681,8609,8689,8373,7932,4,1,0,PRI_URBAN,,,,,,,,,0,198,64,0,1,,0,0,,,,,,,,,Not PED,,1,0,Virginia Beach,134,5,NOT-RD,1. Main-Line Roadway,0,303.5,303.54,1. Straight - Level,1. No Defects,"1. Two-Way, Not Divided",1. Dry,"2. Blacktop, Asphalt, Bituminous",900 ATLANTIC AVENUE,USPRI,US,R-VA   US00060EB,"Urbanized (Population 200,000 and over)",3. No,"0,0",7746,6878,6942,6690,6381,Not SENIOR,Left and Right sides,"5,10","25,25",Not SPEED,"25,25",541104,0,"2. No,1. Yes",0,"0,0",12PM TO 3PM,1,1,3. Traffic Signal,1. Yes - Working,Not a Parkway - Trucks and Commercial Vehicles Allowed,"1,2","1. Passenger car,9. Bicycle","TOYOTA,NEXT AVALEN","2. Making Right Turn,1. Going Straight Ahead","PRIUS II,BICYCLE",20112004,5,5.Hampton Roads,1. No Adverse Condition (Clear/Cloudy),Not Provided,2. No,Not Provided,YOUNG
No Access Control,Not ALCIHOL,Urban,0,0,"Stabilized with Selected Material (Soil,Gravel,Stone,etc.)",99-01185(R)/,Not UNBELTED,53,Female,B,2,BIKE,0.83,1,1,,2. Angle,"Not Provided,Not Provided","Not Provided,Not Provided",9901180,0.837,3,3/13/2015,3/13/2015,20. Motor Vehicle In Transport,700,B.Visiible Injury,2015,Left and Right sides,0,0,York,Urban,20. Motor Vehicle In Transport,MAIN,6AM TO 9AM,99.York,37,Intersection,Reset Filters,VDOT_OTHER,Friday,Not DEER,"South,North",,5,1,150765108,18,Female,"PDO,B","1,2","40. Fail to Maintain Proper Control,1. No Improper Action","2. Not Deployed,3. Unavailable/Not Applicable","Not Applicable,Not Applicable","1. No Defects,1. No Defects","14. No Driver Distraction,14. No Driver Distraction","1. Had Not Been Drinking,1. Had Not Been Drinking","2. No,2. No","1. Not Ejected,1. Not Ejected","No,Yes","No,No","3. Lap and Shoulder Belt,8. No Restraint Used","3. Windshield Otherwise Obscured,1. Not Obscured",,,1,727025,99-00620(B)/,0,0,"0.Two-way, non-divided","36,20",1. On Roadway,"0,0",J,J.Urban Local,State Secondary,Not GUARDRAIL,Not HIT_RUN,"1,12",1,4. Four Approaches,150765108,N,0,0,37.17239,37.17239,0,0.22,Not LRTRUCK,2. Daylight,LOCATED,-76.4309,-76.4309,MAINLINE,MAIN,0,0,0,0,0,Undivided Roadway,"22,20",Not MOTORCYCLE,737051,737051.  9901180       9901180       9901185,1942,1942,2035,2035,2035,2,1,0.007,VDOT_SEC,,,,,,,,,0,0,38,0,1,,0,0,,,,,,,,,Not PED,,1,0,York,99,5,NOT-RD,10. Intersection Related - Within 150 Feet,0,0.75,0.84,1. Straight - Level,1. No Defects,"1. Two-Way, Not Divided",1. Dry,"2. Blacktop, Asphalt, Bituminous",WATERFOWL DR.-NORTH,SEC,SC,R-VA099SC01180NB,"Urbanized (Population 200,000 and over)",3. No,"28,0",1942,1942,1977,1977,1977,Not SENIOR,None,"20,10","0,25",Not SPEED,"25,25",737051,0,"1. Yes,2. No",Paved (unofficial definition),"22,0",6AM TO 9AM,1,1,7. No Passing Lines,6. No Traffic Control Device Present,Not a Parkway - Trucks and Commercial Vehicles Allowed,"1,2","22. Truck - Sport Utility Vehicle (SUV),9. Bicycle","GMC,FREECROSS","10. Ran Off Road - Left,1. Going Straight Ahead","K1500,UNK",1997,5,5.Hampton Roads,1. No Adverse Condition (Clear/Cloudy),Not Provided,2. No,Not Provided,YOUNG