Access Control,Alcohol Notalcohol,Area Type1,A Crash,A People,Basetypedesc,Begin Node Dsc,Belted Unbelted,Bikeage,Bikegen,Bikeinjurytype,Bikevehiclenumber,Bike Nonbike,BMP,B Crash,B People,Carspeedlimit,Collision Type,Comm Cargo Body Type Cd,Comm Vehicle Body Type Cd,Cotedrouteid,Coted Mp,Count App,CRASH_DT (copy),Crash Dt,Crash Event Type Dsc,Crash Military Tm,Crash Severity,Crash Year,Curbgutterdesc,C Crash,C People,Juris Name Used,Area Type Used,First Harmful Event of Entire Crash,MAINLINE,Time Slicing Used,Phy_Juris_Nm,Offset-Ft,Intersection Analysis,Clear,Calculation_9640323132123359,Day Of Week,Deer Nodeer,Direction Of Travel Cd,Distracted Notdistracted,VSP,TOTAL CRASH,Document Nbr,Driverage,Drivergen,Driverinjurytype,Drivervehiclenumber,Driver Action Type Cd,Driver Airbag Deployment,Driver Alcohol Test Type Cd,Driver Condition Type Cd,Driver Distraction Type Cd,Driver Drinking Type Cd,Driver Drug Use Cd,Driver Ejected From Vehicle,Driver Ems Transport Ind,Driver Fled Scene Ind,Driver Safety Equip Used,Driver Vis Obscured Type Cd,Drowsy Notdrowsy,Drug Nodrug,EMP,End Node,End Node Dsc,End Offset,Facility,FAC,First Crash Event Cd,First Harmful Event,Fourth Crash Event Cd,Functionalclass,FUN,Govcondesc,Gr Nogr,Hitrun Not Hitrun,Initial Veh Impact Area Cd,Injury Crashes,Intersection Type,Int Doc,Jurtype,K_CRASH,K People,LAT (copy),LAT,Leftshoulderwidth,Length,Lgtruck Nonlgtruck,Light Condition,Located Unlocated,LON (copy),LON,MAINLINE (group),Mainline Yn,Medianleftshoulderwidth,Medianrightshoulderwidth,Mediantypedesc,Medianwidthmax,Medianwidthmin,Median Type,Most Harmful Crash Event Cd,Motor Nonmotor,Node,Node Info,Node Totaadt2011,Node Totaadt2012,Node Totaadt2013,Node Totaadt2014,Node Totaadt2015,Numberoflane,Number of Records,Offset,Ownership,Passage,Passgen,Passinjurytype,Passvehiclenumber,Pass Airbag Deployment,Pass Ejected From Vehicle,Pass Ems Transport Ind,Pass Safety Equip Used,Pavementconditionvalue,Pavementroughnessvalue,Pavementwidth,Pdo Crash,Total People Killed & Injured,Pedage,Pedestrians Injured,Pedestrians Killed,Pedgen,Pedinjurytype,Pednumber,Ped Action,Ped Al Test,Ped Cond,Ped Drink,Ped Drug,Ped Nonped,Ped Rflct,Persons Injured,Persons Killed,Physical Juris Nm,PJR,VSP_Used,Rd Type,Relation To Roadway,Rightshoulderwidth,RNS_MP (0.25 mi bin),Rns Mp,Roadway Alignment,Roadway Defect,Roadway Description,Roadway Surface Cond,Roadway Surface Type,Route Or Street Nm,Rte Category Cd,Rte Cat,Rte Nm,Ruralurbandesc,School Zone,Second Crash Event Cd,Segtotaadt2011,Segtotaadt2012,Segtotaadt2013,Segtotaadt2014,Segtotaadt2015,Senior Notsenior,Sidewalkdesc,Speed Before,Speed Max Safe,Speed Notspeed,Speed Posted,Start Node,Start Offset,Summons Issued Cd,Surfacedesc,Third Crash Event Cd,Time Slicing,Total Crashes including Property Damage Only,Total Crash,Traffic Control Type,Trfc Ctrl Status Type,Truckcommr,Vehiclenumber,Vehicle Body Type Cd,Vehicle Make Nm,Vehicle Maneuver Type Cd,Vehicle Model Nm,Vehicle Year Nbr,District,District_Used ,Weather Condition,Work Zone Location,Work Zone Related,Work Zone Type,Young Notyoung
No Access Control,Not ALCIHOL,Urban,0,0,Bituminous Concrete (Black Base),WHEATLAND DRIVE(R)/,Not UNBELTED,29,Male,B,2,BIKE,0.44,1,1,,2. Angle,"Not Provided,Not Provided","Not Provided,Not Provided",11407033,0.445,3,7/25/2012,7/25/2012,20. Motor Vehicle In Transport,1051,B.Visiible Injury,2012,Left and Right sides,0,0,Hampton,Urban,20. Motor Vehicle In Transport,MAIN,9AM TO 12PM,114.Hampton,"1,452",Intersection,Reset Filters,VDOT_OTHER,Wednesday,Not DEER,"West,West",,5,1,130290018,72,Male,"PDO,B","1,2","1. No Improper Action,1. No Improper Action","2. Not Deployed,3. Unavailable/Not Applicable","Not Applicable,Not Applicable","1. No Defects,1. No Defects","Not Applicable,Not Applicable","1. Had Not Been Drinking,1. Had Not Been Drinking","2. No,2. No","1. Not Ejected,1. Not Ejected","No,No","No,No","3. Lap and Shoulder Belt,8. No Restraint Used","5. Trees, Crops, etc.,5. Trees, Crops, etc.",,,1,253391,SOUTH GREENFIELD AVE(R)/,0,1,"1.Divided, no control of access","22,20",1. On Roadway,"0,0",E,E.Urban Other Principle Arterials; Connecting Links of Other Rural Principal Arterial,Other City or Town Streets (not state maintained),Not GUARDRAIL,Not HIT_RUN,"11,10",1,3. Three Approaches,130290018,C,0,0,37.050369,37.050369,0,0.08,Not LRTRUCK,2. Daylight,LOCATED,-76.377805,-76.377805,MAINLINE,MAIN,0,0,Curbed Grass,16,4,Divided Roadway,"22,20",Not MOTORCYCLE,253383,253383. 11407028      11407033      11407033,26998,27101,24853,23616,23744,4,1,0.275,SEC_URBAN,,,,,,,,,0,126,52,0,1,,0,0,,,,,,,,,Not PED,,1,0,Hampton,114,5,NOT-RD,9. Within Intersection,0,0.25,0.44,1. Straight - Level,1. No Defects,"3. Two-Way, Divided, Positive Median Barrier",1. Dry,"2. Blacktop, Asphalt, Bituminous",2 Armistead ave,URB,UR,R-VA114UR07033NB,"Urbanized (Population 200,000 and over)",3. No,"0,0",23469,23655,21962,20837,20918,SENIOR,Left and Right sides,"2,5","25,40",Not SPEED,"25,40",253390,0,"2. No,2. No",0,"0,0",9AM TO 12PM,1,1,4. Stop Sign,1. Yes - Working,Truck Access System,"1,2","1. Passenger car,9. Bicycle","CHEV,MONGOOSE","2. Making Right Turn,1. Going Straight Ahead","IMPALA,MOUNTAIN BIKE",2004,5,5.Hampton Roads,1. No Adverse Condition (Clear/Cloudy),Not Provided,2. No,Not Provided,Not YOUNG
,ALCOHOL,Urban,1,1,,,Not UNBELTED,54,Male,A,2,BIKE,,0,0,,2. Angle,"Not Provided,Not Provided","Not Provided,Not Provided",,,,7/26/2012,7/26/2012,22. Bicycle,2052,A.Ambulatory Injury,2012,,0,0,Portsmouth,Urban,22. Bicycle,MAIN,6PM TO 9PM,124.Portsmouth,,Not Intersection,Reset Filters,VDOT_OTHER,Thursday,Not DEER,"Not Provided,North",,5,1,122165213,,Male,"PDO,A","1,2","34. Hit and Run,37. Other","Not Provided,3. Unavailable/Not Applicable","Not Applicable,4. No Test","9. Unknown,1. No Defects","Not Applicable,Not Applicable","6. Unknown,5. Drinking - Not Known Whether Impaired","3. Unknown,2. No","Not Provided,1. Not Ejected","No,Yes","Yes,No","Not Provided,9. Not Applicable","Not Applicable,Not Applicable",,,,,,,,,"22,25",1. On Roadway,"0,0",,,,Not GUARDRAIL,HIT_RUN,"0,7",1,4. Four Approaches,,C,0,0,36.825923,36.825923,,,Not LRTRUCK,4. Darkness - Road Lighted,UNLOCATED,-76.347292,-76.347292,MAINLINE,,,,,,,,"22,25",Not MOTORCYCLE,,.,,,,,,,1,,SEC_URBAN,,,,,,,,,,,,0,1,,0,0,,,,,,,,,Not PED,,1,0,Portsmouth,124,5,NOT-RD,10. Intersection Related - Within 150 Feet,,,,9. Other,1. No Defects,"1. Two-Way, Not Divided",1. Dry,"2. Blacktop, Asphalt, Bituminous",1600 RODMAN AVE,UNKWN,SC,U-VA124SC99999UK,,3. No,"0,0",,,,,,Not SENIOR,,"15,3","25,25",Not SPEED,"25,25",,,"Not Provided,Not Provided",,"0,0",6PM TO 9PM,1,1,4. Stop Sign,1. Yes - Working,,"1,2","1. Passenger car,9. Bicycle",,"1. Going Straight Ahead,1. Going Straight Ahead",,,5,5.Hampton Roads,1. No Adverse Condition (Clear/Cloudy),Not Provided,2. No,Not Provided,Not YOUNG
No Access Control,Not ALCIHOL,Urban,0,0,Bituminous Concrete (Black Base),CLEMSON DR(R)/,Not UNBELTED,56,Male,B,2,BIKE,1.09,1,1,,2. Angle,"Not Provided,Not Provided","Not Provided,Not Provided",12100010,1.159,4,11/20/2013,11/20/2013,22. Bicycle,545,B.Visiible Injury,2013,Left and Right sides,0,0,Newport News,Urban,22. Bicycle,MAIN,3AM TO 6AM,121.Newport News,5,Intersection,Reset Filters,VDOT_OTHER,Wednesday,Not DEER,"South,East",,5,1,140760287,37,0,"PDO,B","1,2","11. Did Not Have Right-of-Way,1. No Improper Action","2. Not Deployed,3. Unavailable/Not Applicable","Not Applicable,Not Applicable","1. No Defects,1. No Defects","Not Applicable,Not Applicable","1. Had Not Been Drinking,1. Had Not Been Drinking","Not Applicable,Not Applicable","1. Not Ejected,1. Not Ejected","No,Yes","No,No","3. Lap and Shoulder Belt,5. Helmet","1. Not Obscured,1. Not Obscured",,,1,646206,121-07007(B)/,0,0,"0.Two-way, non-divided","22,20",1. On Roadway,"0,0",I,I.Urban Collector,Other City or Town Streets (not state maintained),Not GUARDRAIL,Not HIT_RUN,"1,10",1,4. Four Approaches,140760287,C,0,0,37.136336,37.136336,0,0.07,Not LRTRUCK,4. Darkness - Road Lighted,LOCATED,-76.549875,-76.549875,MAINLINE,MAIN,0,0,0,0,0,Undivided Roadway,"22,20",Not MOTORCYCLE,646206,646206. 12100010      12100010      12107007      12107007,12382,12108,11957,11531,11764,2,1,0.001,SEC_URBAN,,,,,,,,,0,0,44,0,1,,0,0,,,,,,,,,Not PED,,1,0,Newport News,121,5,NOT-RD,9. Within Intersection,0,1,1.16,1. Straight - Level,1. No Defects,"1. Two-Way, Not Divided",1. Dry,"2. Blacktop, Asphalt, Bituminous",BEECHMONT DR,URB,UR,R-VA121UR00010EB,"Urbanized (Population 200,000 and over)",3. No,"0,0",4307,4212,4071,3926,4006,Not SENIOR,Left side,"15,5","25,25",Not SPEED,"25,25",716506,0,"1. Yes,2. No",0,"0,0",3AM TO 6AM,1,1,4. Stop Sign,1. Yes - Working,Not a Parkway - Trucks and Commercial Vehicles Allowed,"1,2","1. Passenger car,9. Bicycle",KIA,"3. Making Left Turn,2. Making Right Turn",SEPHIA,2011,5,5.Hampton Roads,1. No Adverse Condition (Clear/Cloudy),Not Provided,2. No,Not Provided,Not YOUNG
,Not ALCIHOL,Urban,0,0,,,Not UNBELTED,21,Female,C,1,BIKE,,0,0,,6. Fixed Object in Road,"Not Provided,Not Provided","Not Provided,Not Provided",,,,11/20/2013,11/20/2013,6. Parked Vehicle,1035,C.Non-Visible Injury,2013,,1,1,Norfolk,Urban,6. Parked Vehicle,MAIN,9AM TO 12PM,122.Norfolk,,Not Intersection,Reset Filters,VDOT_OTHER,Wednesday,Not DEER,"North,Not Provided",,5,1,140690337,,Female,"C,PDO","1,2","40. Fail to Maintain Proper Control,1. No Improper Action","Not Provided,1. Deployed - Front","Not Applicable,Not Applicable","1. No Defects,Not Applicable","Not Applicable,Not Applicable","1. Had Not Been Drinking,1. Had Not Been Drinking","2. No,2. No","Not Provided,1. Not Ejected","No,No","No,No","9. Not Applicable,9. Not Applicable","1. Not Obscured,Not Applicable",,,,,,,,,"6,0",1. On Roadway,"0,0",,,,Not GUARDRAIL,Not HIT_RUN,"12,9",1,1. Not at Intersection,,C,0,0,36.890337,36.890337,,,Not LRTRUCK,2. Daylight,UNLOCATED,-76.304964,-76.304964,MAINLINE,,,,,,,,"6,0",Not MOTORCYCLE,,.,,,,,,,1,,SEC_URBAN,,,,,,,,,,,,0,1,,0,0,,,,,,,,,Not PED,,1,0,Norfolk,122,5,RD-UNKNOWN,1. Main-Line Roadway,,,,1. Straight - Level,1. No Defects,"1. Two-Way, Not Divided",1. Dry,"2. Blacktop, Asphalt, Bituminous",5200 BLUESTONE AVE,UNKWN,SC,U-VA122SC99999UK,,1. Yes,"0,0",,,,,,Not SENIOR,,"5,0","0,0",SPEED,"0,0",,,"2. No,2. No",,"0,0",9AM TO 12PM,1,1,1. No Traffic Control,6. No Traffic Control Device Present,,"1,2","9. Bicycle,1. Passenger car",HONDA,"1. Going Straight Ahead,11. Parked",ACCORD,1990,5,5.Hampton Roads,1. No Adverse Condition (Clear/Cloudy),Not Provided,2. No,Not Provided,Not YOUNG
No Access Control,Not ALCIHOL,Urban,0,0,Bituminous Concrete (Black Base),121-00014(L)/121-07104(R)/,Not UNBELTED,16,Male,B,2,BIKE,255.88,1,1,,2. Angle,"Not Provided,Not Provided","Not Provided,Not Provided",US00060,256.125,4,11/21/2013,11/21/2013,22. Bicycle,1535,B.Visiible Injury,2013,Left and Right sides,0,0,Newport News,Urban,22. Bicycle,MAIN,3PM TO 6PM,121.Newport News,"1,294",Intersection,Reset Filters,VDOT_OTHER,Thursday,Not DEER,"North,South",DISTRACTED,5,1,140760294,55,0,"PDO,B","1,2","1. No Improper Action,11. Did Not Have Right-of-Way","2. Not Deployed,3. Unavailable/Not Applicable","4. No Test,4. No Test","1. No Defects,1. No Defects","Not Applicable,7. Eyes Not on Road","1. Had Not Been Drinking,1. Had Not Been Drinking","2. No,2. No","1. Not Ejected,3. Totally Ejected","No,Yes","No,No","3. Lap and Shoulder Belt,9. Not Applicable","1. Not Obscured,1. Not Obscured",,,256,646054,121-07040(R)/COLONY DR,0,1,"1.Divided, no control of access","22,20",4. Roadside,"0,0",H,H.Urban Minor Arterial,Urban Extensions - Primary Routes,Not GUARDRAIL,Not HIT_RUN,"1,12",1,1. Not at Intersection,140760294,C,0,0,37.117418,37.117418,0,0.5,Not LRTRUCK,2. Daylight,LOCATED,-76.521591,-76.521591,MAINLINE,MAIN,0,0,Curbed Grass,28,28,Divided Roadway,"22,20",Not MOTORCYCLE,716487,716487.  US00060       US00060      12100014      12107104,52093,50941,53018,51129,52166,4,1,0.245,PRI_URBAN,,,,,,,,,0,115,54,0,1,,0,0,,,,,,,,,Not PED,,1,0,Newport News,121,5,NOT-RD,"13. Driveway, Alley-Access - Related",0,256,256.14,1. Straight - Level,1. No Defects,"2. Two-Way, Divided, Unprotected Median",1. Dry,"2. Blacktop, Asphalt, Bituminous",WARWICK BLVD,USPRI,US,R-VA   US00060WB,"Urbanized (Population 200,000 and over)",3. No,"0,0",31394,30700,33849,32643,33305,Not SENIOR,Left and Right sides,"5,5","15,15",Not SPEED,"15,15",716487,0,"2. No,2. No",0,"0,0",3PM TO 6PM,1,1,1. No Traffic Control,6. No Traffic Control Device Present,Not a Parkway - Trucks and Commercial Vehicles Allowed,"1,2","22. Truck - Sport Utility Vehicle (SUV),9. Bicycle",FORD,"2. Making Right Turn,1. Going Straight Ahead",ESCAPE,2010,5,5.Hampton Roads,1. No Adverse Condition (Clear/Cloudy),Not Provided,2. No,Not Provided,YOUNG
No Access Control,Not ALCIHOL,Urban,0,0,Bituminous Concrete (Black Base),134-08679(B)/ARAGONA BLVD,Not UNBELTED,56,Not Provided,C,2,BIKE,14.56,0,0,,4. Sideswipe - Same Direction,"Not Provided,Not Provided","Not Provided,Not Provided",SR00190,14.56,4,7/27/2012,7/27/2012,22. Bicycle,1702,C.Non-Visible Injury,2012,Left and Right sides,1,1,Virginia Beach,Urban,22. Bicycle,MAIN,3PM TO 6PM,134.Virginia Beach,0,Intersection,Reset Filters,VDOT_OTHER,Friday,Not DEER,"North,North",,5,1,122135098,27,Not Provided,"PDO,C","1,2","13. Fail to Signal or Improper Signal,6. Overtaking at Intersection","2. Not Deployed,2. Not Deployed","4. No Test,4. No Test","1. No Defects,1. No Defects","14. No Driver Distraction,14. No Driver Distraction","1. Had Not Been Drinking,1. Had Not Been Drinking","2. No,2. No","1. Not Ejected,2. Partially Ejected","No,Yes","No,No","3. Lap and Shoulder Belt,9. Not Applicable","1. Not Obscured,1. Not Obscured",,,15,541190,134-08740(R)/JERICHO ROAD(L)/,0,1,"1.Divided, no control of access","22,20",1. On Roadway,"0,0",H,H.Urban Minor Arterial,Urban Extensions - Primary Routes,Not GUARDRAIL,Not HIT_RUN,"4,11",1,4. Four Approaches,122135098,C,0,0,36.857002,36.857002,0,0.16,Not LRTRUCK,2. Daylight,LOCATED,-76.14471,-76.14471,MAINLINE,MAIN,0,0,Curbed Grass,16,8,Divided Roadway,"22,20",Not MOTORCYCLE,541189,541189.  SR00190       SR00190      13408679      13408679,24937,22266,22471,21656,21076,4,1,0,PRI_URBAN,,,,,,,,,3,0,54,0,1,,0,0,,,,,,,,,Not PED,,1,0,Virginia Beach,134,5,NOT-RD,9. Within Intersection,0,14.5,14.56,1. Straight - Level,1. No Defects,"1. Two-Way, Not Divided",1. Dry,"2. Blacktop, Asphalt, Bituminous",699 ARAGONA RD.,STPRI,SR,R-VA   SR00190EB,"Urbanized (Population 200,000 and over)",3. No,"0,0",18442,16730,16884,16272,15297,Not SENIOR,Left and Right sides,"10,10","25,25",Not SPEED,"25,25",541189,0,"2. No,2. No",0,"0,0",3PM TO 6PM,1,1,3. Traffic Signal,1. Yes - Working,Not a Parkway - Trucks and Commercial Vehicles Allowed,"1,2","22. Truck - Sport Utility Vehicle (SUV),9. Bicycle","KIA,N/A","2. Making Right Turn,1. Going Straight Ahead","SUV,BICYCLE",20122010,5,5.Hampton Roads,1. No Adverse Condition (Clear/Cloudy),Not Provided,2. No,Not Provided,Not YOUNG
No Access Control,Not ALCIHOL,Urban,0,0,"N/A, Unknown, or Unstabilized",SR-00169(L)/114-07051(R)/OLD BUCKROE RD,Not UNBELTED,60,Male,C,2,BIKE,8.14,0,0,,2. Angle,"Not Provided,Not Provided","Not Provided,Not Provided",SR00351,8.465,3,7/27/2012,7/27/2012,22. Bicycle,1158,C.Non-Visible Injury,2012,None,1,1,Hampton,Urban,22. Bicycle,MAIN,9AM TO 12PM,114.Hampton,"1,452",Intersection,Reset Filters,VDOT_OTHER,Friday,Not DEER,"North,East",,5,1,123060210,35,Male,"PDO,C","1,2","37. Other,37. Other","2. Not Deployed,3. Unavailable/Not Applicable","Not Applicable,Not Applicable","1. No Defects,1. No Defects","Not Applicable,Not Applicable","1. Had Not Been Drinking,1. Had Not Been Drinking","2. No,2. No","1. Not Ejected,3. Totally Ejected","No,No","No,No","3. Lap and Shoulder Belt,8. No Restraint Used","1. Not Obscured,1. Not Obscured",,,9,253168,FIFTH STREET(L)/,0,0,"0.Two-way, non-divided","22,20",1. On Roadway,"0,0",H,H.Urban Minor Arterial,Urban Extensions - Primary Routes,Not GUARDRAIL,Not HIT_RUN,"9,12",1,4. Four Approaches,123060210,C,0,0,37.041661,37.041661,6,0.46,Not LRTRUCK,2. Daylight,LOCATED,-76.298767,-76.298767,MAINLINE,MAIN,0,0,0,0,0,Undivided Roadway,"22,20",Not MOTORCYCLE,253105,253105.  SR00169       SR00351       SR00351,7610,7442,6172,5952,6072,2,1,0.275,PRI_URBAN,,,,,,,,,0,96,36,0,1,,0,0,,,,,,,,,Not PED,,1,0,Hampton,114,5,NOT-RD,9. Within Intersection,6,8.25,8.47,1. Straight - Level,1. No Defects,"2. Two-Way, Divided, Unprotected Median",1. Dry,"2. Blacktop, Asphalt, Bituminous",ATLANTIC AVE,STPRI,SR,R-VA   SR00351EB,"Urbanized (Population 200,000 and over)",3. No,"0,0",4407,4310,3397,3276,3342,Not SENIOR,None,"0,7","0,35",Not SPEED,"25,35",253106,0,"2. No,2. No",0,"0,0",9AM TO 12PM,1,1,4. Stop Sign,1. Yes - Working,Not a Parkway - Trucks and Commercial Vehicles Allowed,"1,2","22. Truck - Sport Utility Vehicle (SUV),9. Bicycle","Jeep,HUFFY","1. Going Straight Ahead,1. Going Straight Ahead","LIBERTY,THUNDER RIDGE",2011,5,5.Hampton Roads,1. No Adverse Condition (Clear/Cloudy),Not Provided,2. No,Not Provided,Not YOUNG
,Not ALCIHOL,Urban,0,0,,,Not UNBELTED,32,Female,C,2,BIKE,,0,0,,2. Angle,"Not Provided,Not Provided","Not Provided,Not Provided",,,,7/27/2012,7/27/2012,22. Bicycle,1455,C.Non-Visible Injury,2012,,1,1,Virginia Beach,Urban,22. Bicycle,MAIN,12PM TO 3PM,134.Virginia Beach,,Not Intersection,Reset Filters,VDOT_OTHER,Friday,Not DEER,"North,West",,5,1,122245104,48,Female,"PDO,C","1,2","11. Did Not Have Right-of-Way,1. No Improper Action","2. Not Deployed,3. Unavailable/Not Applicable","Not Applicable,Not Applicable","1. No Defects,1. No Defects","Not Applicable,Not Applicable","1. Had Not Been Drinking,1. Had Not Been Drinking","2. No,2. No","1. Not Ejected,2. Partially Ejected","NotProvided,No","No,No","3. Lap and Shoulder Belt,9. Not Applicable","1. Not Obscured,1. Not Obscured",,,,,,,,,"22,20",1. On Roadway,"0,0",,,,Not GUARDRAIL,Not HIT_RUN,"12,8",1,4. Four Approaches,,C,0,0,36.827956,36.827956,,,Not LRTRUCK,2. Daylight,UNLOCATED,-76.079433,-76.079433,MAINLINE,,,,,,,,"22,20",Not MOTORCYCLE,,.,,,,,,,1,,SEC_URBAN,,,,,,,,,,,,0,1,,0,0,,,,,,,,,Not PED,,1,0,Virginia Beach,134,5,NOT-RD,9. Within Intersection,,,,1. Straight - Level,1. No Defects,"1. Two-Way, Not Divided",1. Dry,"2. Blacktop, Asphalt, Bituminous",3200 SILINA DR.,UNKWN,SC,U-VA134SC99999UK,,3. No,"0,0",,,,,,Not SENIOR,,"5,5","25,25",Not SPEED,"25,25",,,"2. No,2. No",,"0,0",12PM TO 3PM,1,1,4. Stop Sign,1. Yes - Working,,"1,2","3. Van,9. Bicycle","CHRYSLER,N/A","1. Going Straight Ahead,1. Going Straight Ahead","TOWN & COUNTRY,BICYCLE",20052000,5,5.Hampton Roads,1. No Adverse Condition (Clear/Cloudy),Not Provided,2. No,Not Provided,Not YOUNG
No Access Control,Not ALCIHOL,Urban,0,0,"N/A, Unknown, or Unstabilized",MARSHVIEW DR.(R)/,Not UNBELTED,,Female,B,2,BIKE,0.41,1,1,,2. Angle,"Not Provided,Not Provided","Not Provided,Not Provided",13408724,0.417,3,7/28/2012,7/28/2012,20. Motor Vehicle In Transport,1839,B.Visiible Injury,2012,Left and Right sides,0,0,Virginia Beach,Urban,20. Motor Vehicle In Transport,MAIN,6PM TO 9PM,134.Virginia Beach,"2,202",Intersection,Reset Filters,VDOT_OTHER,Saturday,Not DEER,"West,North",DISTRACTED,5,1,122625000,43,Female,"PDO,B","1,2","1. No Improper Action,22. Disregarded Stop or Yield Sign","2. Not Deployed,2. Not Deployed","Not Applicable,Not Applicable","1. No Defects,1. No Defects","14. No Driver Distraction,11. Other","1. Had Not Been Drinking,1. Had Not Been Drinking","2. No,2. No","1. Not Ejected,1. Not Ejected","No,Yes","No,No","3. Lap and Shoulder Belt,8. No Restraint Used","1. Not Obscured,1. Not Obscured",,,0,735085,LANDS END WAY(R)/,0,0,"0.Two-way, non-divided","22,20",1. On Roadway,"0,0",I,I.Urban Collector,Other City or Town Streets (not state maintained),Not GUARDRAIL,Not HIT_RUN,"12,3",1,3. Three Approaches,122625000,C,0,0,36.837859,36.837859,0,0.06,Not LRTRUCK,2. Daylight,LOCATED,-75.991293,-75.991293,MAINLINE,MAIN,0,0,0,0,0,Undivided Roadway,"22,20",Not MOTORCYCLE,542019,542019. 13408723      13408723      13408724,17300,19878,20062,19334,19644,2,1,0.417,SEC_URBAN,,,,,,,,,0,0,36,0,1,,0,0,,,,,,,,,Not PED,,1,0,Virginia Beach,134,5,NOT-RD,9. Within Intersection,0,0.25,0.42,1. Straight - Level,1. No Defects,"1. Two-Way, Not Divided",1. Dry,"2. Blacktop, Asphalt, Bituminous",1000 BLOCK NORFOLK AVENUE,URB,UR,R-VA134UR08724WB,"Urbanized (Population 200,000 and over)",3. No,"0,0",11311,11846,11955,11521,11747,Not SENIOR,Right side,"5,5","30,25",Not SPEED,"30,25",715446,0,"2. No,2. No",0,"0,0",6PM TO 9PM,1,1,4. Stop Sign,1. Yes - Working,Not a Parkway - Trucks and Commercial Vehicles Allowed,"1,2","22. Truck - Sport Utility Vehicle (SUV),9. Bicycle","Dodge,BMX","1. Going Straight Ahead,1. Going Straight Ahead","Durango,BICYCLE",2000,5,5.Hampton Roads,1. No Adverse Condition (Clear/Cloudy),Not Provided,2. No,Not Provided,Not YOUNG
,Not ALCIHOL,Urban,0,0,,,Not UNBELTED,,Male,B,1,BIKE,,1,1,,2. Angle,"Not Provided,Not Provided","Not Provided,Not Provided",,,,7/28/2012,7/28/2012,22. Bicycle,1817,B.Visiible Injury,2012,,0,0,Newport News,Urban,22. Bicycle,MAIN,6PM TO 9PM,121.Newport News,,Not Intersection,Reset Filters,VDOT_OTHER,Saturday,Not DEER,"East,South",DISTRACTED,5,1,122900091,62,Male,"B,PDO","1,2","11. Did Not Have Right-of-Way,1. No Improper Action","3. Unavailable/Not Applicable,2. Not Deployed","Not Applicable,4. No Test","1. No Defects,Not Applicable","11. Other,Not Applicable","Not Applicable,1. Had Not Been Drinking","Not Applicable,2. No","1. Not Ejected,1. Not Ejected","No,No","No,No","9. Not Applicable,3. Lap and Shoulder Belt","1. Not Obscured,1. Not Obscured",,,,,,,,,"20,22",1. On Roadway,"0,0",,,,Not GUARDRAIL,Not HIT_RUN,"12,4",1,4. Four Approaches,,C,0,0,36.985744,36.985744,,,Not LRTRUCK,2. Daylight,UNLOCATED,-76.402024,-76.402024,MAINLINE,,,,,,,,"20,22",Not MOTORCYCLE,,.,,,,,,,1,,SEC_URBAN,,,,,,,,,,,,0,1,,0,0,,,,,,,,,Not PED,,1,0,Newport News,121,5,NOT-RD,9. Within Intersection,,,,1. Straight - Level,1. No Defects,"1. Two-Way, Not Divided",1. Dry,"2. Blacktop, Asphalt, Bituminous",HAMPTON AVE,UNKWN,SC,U-VA121SC99999UK,,3. No,"0,0",,,,,,Not SENIOR,,"2,25","25,25",Not SPEED,"25,25",,,"2. No,2. No",,"0,0",6PM TO 9PM,1,1,4. Stop Sign,1. Yes - Working,,"1,2","9. Bicycle,1. Passenger car",MAZDA,"5. Slowing or Stopping,1. Going Straight Ahead",626,2000,5,5.Hampton Roads,1. No Adverse Condition (Clear/Cloudy),Not Provided,2. No,Not Provided,Not YOUNG
No Access Control,Not ALCIHOL,Urban,0,0,"N/A, Unknown, or Unstabilized",IS-00064-W272A(R)/2US-00060-P004A(R)/OCEAN VI,Not UNBELTED,63,Female,C,2,BIKE,4.7,0,0,,2. Angle,"Not Provided,Not Provided","Not Provided,Not Provided",2US00060P,5.812,3,7/29/2012,7/29/2012,22. Bicycle,1056,C.Non-Visible Injury,2012,Left and Right sides,1,1,Norfolk,Urban,22. Bicycle,MAIN,9AM TO 12PM,122.Norfolk,"4,477",Intersection,Reset Filters,VDOT_OTHER,Sunday,Not DEER,"South,East",,5,1,122610127,,Female,"PDO,C","1,2","40. Fail to Maintain Proper Control,10. Wrong Side Of Road - Not Overtaking","2. Not Deployed,3. Unavailable/Not Applicable","Not Applicable,Not Applicable","1. No Defects,1. No Defects","Not Applicable,Not Applicable","1. Had Not Been Drinking,1. Had Not Been Drinking","2. No,2. No","1. Not Ejected,2. Partially Ejected","No,No","No,No","3. Lap and Shoulder Belt,8. No Restraint Used","1. Not Obscured,1. Not Obscured",,,7,483175,US-00060(R)/,0,5,"5.Two-way, part of a one-way system","22,20",1. On Roadway,"0,0",I,I.Urban Collector,Urban Extensions - Primary Routes,Not GUARDRAIL,Not HIT_RUN,"12,11",1,1. Not at Intersection,122610127,C,0,0,36.965832,36.965832,0,1.96,Not LRTRUCK,2. Daylight,LOCATED,-76.274004,-76.274004,MAINLINE,MAIN,0,0,0,0,0,Undivided Roadway,"22,20",Not MOTORCYCLE,483175,483175.  US00060       US00060      2US00060P,15870,15896,16043,15460,16115,4,1,0.848,PRI_URBAN,,,,,,,,,0,209,0,0,1,,0,0,,,,,,,,,Not PED,,1,0,Norfolk,122,5,NOT-RD,"13. Driveway, Alley-Access - Related",0,5.75,5.81,1. Straight - Level,1. No Defects,"3. Two-Way, Divided, Positive Median Barrier",1. Dry,"2. Blacktop, Asphalt, Bituminous",862 west ocaen view ave,USPRI,US,R-VA   US00060PA002,"Urbanized (Population 200,000 and over)",3. No,"0,0",6207,6157,6214,5988,5840,Not SENIOR,Left and Right sides,"5,10","30,30",Not SPEED,"30,30",700885,0,"2. No,2. No",0,"0,0",9AM TO 12PM,1,1,6. Traffic Lanes Marked,1. Yes - Working,Not a Parkway - Trucks and Commercial Vehicles Allowed,"1,2","22. Truck - Sport Utility Vehicle (SUV),9. Bicycle",Toyota,"2. Making Right Turn,1. Going Straight Ahead",suv,2001,5,5.Hampton Roads,1. No Adverse Condition (Clear/Cloudy),Not Provided,2. No,Not Provided,Not YOUNG