Access Control,Alcohol Notalcohol,Area Type1,A Crash,A People,Basetypedesc,Begin Node Dsc,Belted Unbelted,Bikeage,Bikegen,Bikeinjurytype,Bikevehiclenumber,Bike Nonbike,BMP,B Crash,B People,Carspeedlimit,Collision Type,Comm Cargo Body Type Cd,Comm Vehicle Body Type Cd,Cotedrouteid,Coted Mp,Count App,CRASH_DT (copy),Crash Dt,Crash Event Type Dsc,Crash Military Tm,Crash Severity,Crash Year,Curbgutterdesc,C Crash,C People,Juris Name Used,Area Type Used,First Harmful Event of Entire Crash,MAINLINE,Time Slicing Used,Phy_Juris_Nm,Offset-Ft,Intersection Analysis,Clear,Calculation_9640323132123359,Day Of Week,Deer Nodeer,Direction Of Travel Cd,Distracted Notdistracted,VSP,TOTAL CRASH,Document Nbr,Driverage,Drivergen,Driverinjurytype,Drivervehiclenumber,Driver Action Type Cd,Driver Airbag Deployment,Driver Alcohol Test Type Cd,Driver Condition Type Cd,Driver Distraction Type Cd,Driver Drinking Type Cd,Driver Drug Use Cd,Driver Ejected From Vehicle,Driver Ems Transport Ind,Driver Fled Scene Ind,Driver Safety Equip Used,Driver Vis Obscured Type Cd,Drowsy Notdrowsy,Drug Nodrug,EMP,End Node,End Node Dsc,End Offset,Facility,FAC,First Crash Event Cd,First Harmful Event,Fourth Crash Event Cd,Functionalclass,FUN,Govcondesc,Gr Nogr,Hitrun Not Hitrun,Initial Veh Impact Area Cd,Injury Crashes,Intersection Type,Int Doc,Jurtype,K_CRASH,K People,LAT (copy),LAT,Leftshoulderwidth,Length,Lgtruck Nonlgtruck,Light Condition,Located Unlocated,LON (copy),LON,MAINLINE (group),Mainline Yn,Medianleftshoulderwidth,Medianrightshoulderwidth,Mediantypedesc,Medianwidthmax,Medianwidthmin,Median Type,Most Harmful Crash Event Cd,Motor Nonmotor,Node,Node Info,Node Totaadt2011,Node Totaadt2012,Node Totaadt2013,Node Totaadt2014,Node Totaadt2015,Numberoflane,Number of Records,Offset,Ownership,Passage,Passgen,Passinjurytype,Passvehiclenumber,Pass Airbag Deployment,Pass Ejected From Vehicle,Pass Ems Transport Ind,Pass Safety Equip Used,Pavementconditionvalue,Pavementroughnessvalue,Pavementwidth,Pdo Crash,Total People Killed & Injured,Pedage,Pedestrians Injured,Pedestrians Killed,Pedgen,Pedinjurytype,Pednumber,Ped Action,Ped Al Test,Ped Cond,Ped Drink,Ped Drug,Ped Nonped,Ped Rflct,Persons Injured,Persons Killed,Physical Juris Nm,PJR,VSP_Used,Rd Type,Relation To Roadway,Rightshoulderwidth,RNS_MP (0.25 mi bin),Rns Mp,Roadway Alignment,Roadway Defect,Roadway Description,Roadway Surface Cond,Roadway Surface Type,Route Or Street Nm,Rte Category Cd,Rte Cat,Rte Nm,Ruralurbandesc,School Zone,Second Crash Event Cd,Segtotaadt2011,Segtotaadt2012,Segtotaadt2013,Segtotaadt2014,Segtotaadt2015,Senior Notsenior,Sidewalkdesc,Speed Before,Speed Max Safe,Speed Notspeed,Speed Posted,Start Node,Start Offset,Summons Issued Cd,Surfacedesc,Third Crash Event Cd,Time Slicing,Total Crashes including Property Damage Only,Total Crash,Traffic Control Type,Trfc Ctrl Status Type,Truckcommr,Vehiclenumber,Vehicle Body Type Cd,Vehicle Make Nm,Vehicle Maneuver Type Cd,Vehicle Model Nm,Vehicle Year Nbr,District,District_Used ,Weather Condition,Work Zone Location,Work Zone Related,Work Zone Type,Young Notyoung
No Access Control,ALCOHOL,Urban,0,0,Bituminous Concrete (Black Base),134-08827(B)/STONESHORE RD,Not UNBELTED,17,Male,B,2,BIKE,2.48,1,1,,16. Other,"Not Provided,Not Provided","Not Provided,Not Provided",13400012,2.487,4,8/2/2012,8/2/2012,22. Bicycle,2316,B.Visiible Injury,2012,Left and Right sides,0,0,Virginia Beach,Urban,22. Bicycle,MAIN,9PM TO 12AM,134.Virginia Beach,37,Intersection,Reset Filters,VDOT_OTHER,Thursday,Not DEER,"West,East",DISTRACTED,5,1,122315093,44,Male,"PDO,B","1,2","37. Other,21. Disregarded Traffic Signal","2. Not Deployed,3. Unavailable/Not Applicable","2. Breath,4. No Test","8. Other,1. No Defects","11. Other,Not Applicable","3. Drinking - Ability Impaired,1. Had Not Been Drinking","2. No,2. No","1. Not Ejected,3. Totally Ejected","No,Yes","No,No","3. Lap and Shoulder Belt,9. Not Applicable","1. Not Obscured,1. Not Obscured",,,3,541274,134-08829(L)/GREEN RUN BLVD,0,1,"1.Divided, no control of access","22,22",1. On Roadway,"0,0",H,H.Urban Minor Arterial,Other City or Town Streets (not state maintained),Not GUARDRAIL,Not HIT_RUN,"12,3",1,4. Four Approaches,122315093,C,0,0,36.806612,36.806612,0,0.34,Not LRTRUCK,4. Darkness - Road Lighted,LOCATED,-76.090845,-76.090845,MAINLINE,MAIN,0,0,Curbed Grass,16,4,Divided Roadway,"22,22",Not MOTORCYCLE,541273,541273. 13400012      13400012      13408827      13408827,31213,32050,32346,31172,30976,4,1,0.007,SEC_URBAN,,,,,,,,,0,0,52,0,1,,0,0,,,,,,,,,Not PED,,1,0,Virginia Beach,134,5,NOT-RD,9. Within Intersection,0,2.25,2.48,1. Straight - Level,1. No Defects,"2. Two-Way, Divided, Unprotected Median",1. Dry,"2. Blacktop, Asphalt, Bituminous",3427 HOLLAND RD,URB,UR,R-VA134UR00012WB,"Urbanized (Population 200,000 and over)",3. No,"0,0",28098,29924,30200,29104,29116,Not SENIOR,Left and Right sides,"25,5",45,Not SPEED,45,541273,0,"1. Yes,2. No",0,"0,0",9PM TO 12AM,1,1,3. Traffic Signal,1. Yes - Working,Not a Parkway - Trucks and Commercial Vehicles Allowed,"1,2","22. Truck - Sport Utility Vehicle (SUV),9. Bicycle",NISSAN,"1. Going Straight Ahead,1. Going Straight Ahead","Pathfinder,BIKE",1996,5,5.Hampton Roads,1. No Adverse Condition (Clear/Cloudy),Not Provided,2. No,Not Provided,YOUNG
No Access Control,Not ALCIHOL,Urban,0,0,"N/A, Unknown, or Unstabilized",EWELL LANE(L)/,Not UNBELTED,15,Male,B,1,BIKE,1.55,1,1,,2. Angle,"Not Provided,Not Provided","Not Provided,Not Provided",13108803,1.551,3,8/3/2012,8/3/2012,22. Bicycle,1815,B.Visiible Injury,2012,None,0,0,Chesapeake,Urban,22. Bicycle,MAIN,6PM TO 9PM,131.Chesapeake,"4,272",Intersection,Reset Filters,VDOT_OTHER,Friday,Not DEER,"North,South",,5,1,122195232,17,Male,"B,PDO","1,2","17. Other Improper Turn,1. No Improper Action","3. Unavailable/Not Applicable,2. Not Deployed","Not Applicable,Not Applicable","1. No Defects,1. No Defects","Not Applicable,Not Applicable","1. Had Not Been Drinking,1. Had Not Been Drinking","Not Applicable,Not Applicable","1. Not Ejected,1. Not Ejected","No,No","No,No","8. No Restraint Used,3. Lap and Shoulder Belt","1. Not Obscured,1. Not Obscured",,,2,731314,CHANDLER DRIVE(L)/,0,0,"0.Two-way, non-divided","36,22",1. On Roadway,"0,0",I,I.Urban Collector,Other City or Town Streets (not state maintained),Not GUARDRAIL,Not HIT_RUN,"6,12",1,3. Three Approaches,122195232,C,0,0,36.697035,36.697035,2,0.17,Not LRTRUCK,2. Daylight,LOCATED,-76.222128,-76.222128,MAINLINE,MAIN,0,0,0,0,0,Undivided Roadway,"20,22",Not MOTORCYCLE,483332,483332.  SR00165       SR00165      13108803,17057,16680,16773,20714,21125,2,1,0.809,SEC_URBAN,,,,,,,,,0,0,20,0,1,,0,0,,,,,,,,,Not PED,,1,0,Chesapeake,131,5,NOT-RD,9. Within Intersection,2,1.5,1.55,1. Straight - Level,1. No Defects,"1. Two-Way, Not Divided",1. Dry,"2. Blacktop, Asphalt, Bituminous",HILLWELL RD,URB,UR,R-VA131UR08803NB,"Urbanized (Population 200,000 and over)",3. No,"20,0",3468,3391,3410,3027,3087,Not SENIOR,None,"5,10","25,25",Not SPEED,"25,25",485013,0,"2. No,2. No",0,"0,0",6PM TO 9PM,1,1,6. Traffic Lanes Marked,1. Yes - Working,Not a Parkway - Trucks and Commercial Vehicles Allowed,"1,2","9. Bicycle,2. Truck - Pick-up/Passenger Truck","NEXT,Ford","3. Making Left Turn,2. Making Right Turn","UNK,Ranger",1990,5,5.Hampton Roads,1. No Adverse Condition (Clear/Cloudy),Not Provided,2. No,Not Provided,YOUNG
,Not ALCIHOL,Urban,0,0,,,Not UNBELTED,19,Male,B,2,BIKE,,1,1,,2. Angle,"Not Provided,Not Provided","Not Provided,Not Provided",,,,8/3/2012,8/3/2012,20. Motor Vehicle In Transport,935,B.Visiible Injury,2012,,0,0,Virginia Beach,Urban,20. Motor Vehicle In Transport,MAIN,9AM TO 12PM,134.Virginia Beach,,Not Intersection,Reset Filters,VDOT_OTHER,Friday,Not DEER,"South,East",,5,1,122435090,37,Male,"PDO,B","1,2","1. No Improper Action,21. Disregarded Traffic Signal","2. Not Deployed,3. Unavailable/Not Applicable","4. No Test,4. No Test","1. No Defects,1. No Defects","14. No Driver Distraction,14. No Driver Distraction","1. Had Not Been Drinking,1. Had Not Been Drinking","2. No,2. No","1. Not Ejected,1. Not Ejected","No,No","No,No","3. Lap and Shoulder Belt,9. Not Applicable","1. Not Obscured,1. Not Obscured",,,,,,,,,"20,20",1. On Roadway,"0,0",,,,Not GUARDRAIL,Not HIT_RUN,"4,12",1,4. Four Approaches,,C,0,0,36.844851,36.844851,,,Not LRTRUCK,2. Daylight,UNLOCATED,-75.977435,-75.977435,MAINLINE,,,,,,,,"20,20",Not MOTORCYCLE,,.,,,,,,,1,,SEC_URBAN,,,,,,,,,,,,0,1,,0,0,,,,,,,,,Not PED,,1,0,Virginia Beach,134,5,NOT-RD,9. Within Intersection,,,,1. Straight - Level,1. No Defects,"1. Two-Way, Not Divided",1. Dry,"2. Blacktop, Asphalt, Bituminous",1700 ARCTIC AV,UNKWN,SC,U-VA134SC99999UK,,3. No,"0,0",,,,,,Not SENIOR,,"15,5","25,25",Not SPEED,"25,25",,,"2. No,1. Yes",,"0,0",9AM TO 12PM,1,1,14. Ped Crosswalk,1. Yes - Working,,"1,2","1. Passenger car,9. Bicycle","Dodge,ATLANTIC","2. Making Right Turn,1. Going Straight Ahead","Ram 1500,BICYCLE SHORELINE",2005,5,5.Hampton Roads,1. No Adverse Condition (Clear/Cloudy),Not Provided,2. No,Not Provided,YOUNG
No Access Control,Not ALCIHOL,Urban,1,1,Bituminous Concrete (Black Base),SOUTHERN PINES DRIVE(L)/,Not UNBELTED,37,Not Provided,A,2,BIKE,0.26,0,0,,1. Rear End,"Not Provided,Not Provided","Not Provided,Not Provided",13108605,0.397,4,8/3/2012,8/3/2012,22. Bicycle,2339,A.Ambulatory Injury,2012,None,0,0,Chesapeake,Urban,22. Bicycle,MAIN,9PM TO 12AM,131.Chesapeake,597,Intersection,Reset Filters,VDOT_OTHER,Friday,Not DEER,"Not Provided,East",,5,1,122235018,,Not Provided,"PDO,A","1,2","34. Hit and Run,1. No Improper Action","Not Provided,Not Provided","Not Applicable,4. No Test","9. Unknown,1. No Defects","Not Applicable,14. No Driver Distraction","6. Unknown,1. Had Not Been Drinking","3. Unknown,2. No","Not Provided,Not Provided","NotProvided,Yes","Yes,No","Not Provided,9. Not Applicable","13. Other,1. Not Obscured",,,0,484676,IOWA STREET(B)/,0,0,"0.Two-way, non-divided","22,22",1. On Roadway,"0,0",I,I.Urban Collector,Other City or Town Streets (not state maintained),Not GUARDRAIL,HIT_RUN,"1,6",1,1. Not at Intersection,122235018,C,0,0,36.771091,36.771091,2,0.17,Not LRTRUCK,4. Darkness - Road Lighted,LOCATED,-76.324119,-76.324119,MAINLINE,MAIN,0,0,0,0,0,Undivided Roadway,"22,22",Not MOTORCYCLE,483040,483040.  SR00196       US00013       US00013      13108605,26308,22880,22454,31067,34576,2,1,0.113,SEC_URBAN,,,,,,,,,0,0,18,0,1,,0,0,,,,,,,,,Not PED,,1,0,Chesapeake,131,5,NOT-RD,8. Non-Intersection,2,0.25,0.4,1. Straight - Level,1. No Defects,"2. Two-Way, Divided, Unprotected Median",1. Dry,"2. Blacktop, Asphalt, Bituminous",829 CANAL DRIVE,URB,UR,R-VA131UR08605NB,"Urbanized (Population 200,000 and over)",3. No,"0,0",4723,4618,4645,4307,4393,Not SENIOR,None,"45,2","35,35",SPEED,"35,35",484675,0,"Not Provided,Not Provided",0,"0,0",9PM TO 12AM,1,1,6. Traffic Lanes Marked,1. Yes - Working,Not a Parkway - Trucks and Commercial Vehicles Allowed,"1,2","1. Passenger car,9. Bicycle",HUFFY,"1. Going Straight Ahead,1. Going Straight Ahead",BICYCLE,,5,5.Hampton Roads,1. No Adverse Condition (Clear/Cloudy),Not Provided,2. No,Not Provided,Not YOUNG
,Not ALCIHOL,Rural,0,0,,,Not UNBELTED,21,Male,B,1,BIKE,,1,1,,2. Angle,"Not Provided,Not Provided","Not Provided,Not Provided",,,,8/4/2012,8/4/2012,22. Bicycle,705,B.Visiible Injury,2012,,0,0,Chincoteaque,Rural,22. Bicycle,MAIN,6AM TO 9AM,190.Chincoteaque,,Not Intersection,Reset Filters,VDOT_OTHER,Saturday,Not DEER,"North,West",,5,1,122365204,26,Male,"B,PDO","1,2","22. Disregarded Stop or Yield Sign,1. No Improper Action","3. Unavailable/Not Applicable,2. Not Deployed","4. No Test,4. No Test","1. No Defects,1. No Defects","14. No Driver Distraction,14. No Driver Distraction","1. Had Not Been Drinking,1. Had Not Been Drinking","2. No,2. No","3. Totally Ejected,1. Not Ejected","Yes,No","No,No","9. Not Applicable,3. Lap and Shoulder Belt","1. Not Obscured,1. Not Obscured",,,,,,,,,"20,22",1. On Roadway,"0,0",,,,Not GUARDRAIL,Not HIT_RUN,"12,11",1,4. Four Approaches,,,0,0,37.928259,37.928259,,,Not LRTRUCK,2. Daylight,UNLOCATED,-75.367555,-75.367555,MAINLINE,,,,,,,,"20,22",Not MOTORCYCLE,,.,,,,,,,1,,VDOT_OTHER,,Not Provided,PDO,1,Not Provided,Not Provided,Not Provided,Not Provided,,,,0,1,,0,0,,,,,,,,,Not PED,,1,0,Chincoteaque,190,5,NOT-RD,9. Within Intersection,,0,0,1. Straight - Level,1. No Defects,"1. Two-Way, Not Divided",1. Dry,"2. Blacktop, Asphalt, Bituminous",CHURCH STREET,UMS,PR,S-VA190PR CHURCH ST,,3. No,"0,0",,,,,,Not SENIOR,,"5,15","25,25",Not SPEED,"25,25",,,"2. No,2. No",,"0,0",6AM TO 9AM,1,1,4. Stop Sign,1. Yes - Working,,"1,2","9. Bicycle,1. Passenger car","BICYCLE,TOYT","1. Going Straight Ahead,1. Going Straight Ahead","NA,PRIUS",,5,5.Hampton Roads,1. No Adverse Condition (Clear/Cloudy),Not Provided,2. No,Not Provided,Not YOUNG
No Access Control,Not ALCIHOL,Urban,1,1,Bituminous Concrete (Black Base),IS-00064-W263B(R)/FROM RTE 64 WEST,Not UNBELTED,47,Not Provided,A,2,BIKE,62.79,0,0,,3. Head On,"Not Provided,Not Provided","Not Provided,Not Provided",US00258,62.793,3,8/5/2012,8/5/2012,22. Bicycle,53,A.Ambulatory Injury,2012,None,0,0,Hampton,Urban,22. Bicycle,MAIN,0AM TO 3AM,114.Hampton,16,Intersection,Reset Filters,VDOT_OTHER,Sunday,Not DEER,"East,West",,5,1,122840267,,Not Provided,"PDO,A","1,2","34. Hit and Run,10. Wrong Side Of Road - Not Overtaking","Not Provided,3. Unavailable/Not Applicable","Not Applicable,Not Applicable","9. Unknown,1. No Defects","Not Applicable,Not Applicable","6. Unknown,1. Had Not Been Drinking","Not Applicable,2. No","Not Provided,1. Not Ejected","NotProvided,Yes","Yes,No","Not Provided,8. No Restraint Used","Not Applicable,1. Not Obscured",,,63,672360,RAMP TO SHOP CENTER ( MEDIAN )(R)/,0,1,"1.Divided, no control of access","22,20",1. On Roadway,"0,0",E,E.Urban Other Principle Arterials; Connecting Links of Other Rural Principal Arterial,Urban Extensions - Primary Routes,Not GUARDRAIL,HIT_RUN,"11,12",1,1. Not at Intersection,122840267,C,0,0,37.041002,37.041002,6,0.02,Not LRTRUCK,4. Darkness - Road Lighted,LOCATED,-76.39139,-76.39139,MAINLINE,MAIN,0,0,Positive Barrier *_(PF1 FOR NOTE),16,2,Divided Roadway,"22,20",Not MOTORCYCLE,754221,754221.  IS00064W263B  US00258       US00258,53990,50257,61632,62269,63789,6,1,0.003,PRI_URBAN,,,,,,,,,0,91,72,0,1,,0,0,,,,,,,,,Not PED,,1,0,Hampton,114,5,NOT-RD,1. Main-Line Roadway,6,62.75,62.79,1. Straight - Level,1. No Defects,"3. Two-Way, Divided, Positive Median Barrier",1. Dry,"2. Blacktop, Asphalt, Bituminous",W MERCURY BLVD,USPRI,US,R-VA   US00258EB,"Urbanized (Population 200,000 and over)",3. No,"0,0",50723,46990,58375,59012,60532,Not SENIOR,None,,"0,0",Not SPEED,"0,0",754221,0,"Not Provided,1. Yes",0,"0,0",0AM TO 3AM,1,1,6. Traffic Lanes Marked,1. Yes - Working,Not a Parkway - Trucks and Commercial Vehicles Allowed,"1,2","22. Truck - Sport Utility Vehicle (SUV),9. Bicycle",,"1. Going Straight Ahead,1. Going Straight Ahead",,,5,5.Hampton Roads,1. No Adverse Condition (Clear/Cloudy),Not Provided,2. No,Not Provided,Not YOUNG
No Access Control,Not ALCIHOL,Urban,1,1,"N/A, Unknown, or Unstabilized",HOBART AVE(R)/,Not UNBELTED,16,Male,A,1,BIKE,21.86,0,0,,2. Angle,"Not Provided,Not Provided","Not Provided,Not Provided",13408669,21.898,4,8/6/2012,8/6/2012,22. Bicycle,1450,A.Ambulatory Injury,2012,Left and Right sides,0,0,Virginia Beach,Urban,22. Bicycle,MAIN,12PM TO 3PM,134.Virginia Beach,"3,337",Intersection,Reset Filters,VDOT_OTHER,Monday,Not DEER,"South,South",,5,1,122375226,24,Male,"A,PDO","1,2","11. Did Not Have Right-of-Way,1. No Improper Action","2. Not Deployed,2. Not Deployed","4. No Test,4. No Test","1. No Defects,1. No Defects","14. No Driver Distraction,14. No Driver Distraction","1. Had Not Been Drinking,1. Had Not Been Drinking","1. Yes,2. No","1. Not Ejected,1. Not Ejected","Yes,No","No,No","3. Lap and Shoulder Belt,3. Lap and Shoulder Belt","1. Not Obscured,1. Not Obscured",,DRUG_USE,22,742546,RUDEE POINT ROAD(R)/HARBOR POINT(L)/,0,0,"0.Two-way, non-divided","22,22",1. On Roadway,"0,0",H,H.Urban Minor Arterial,Other City or Town Streets (not state maintained),Not GUARDRAIL,Not HIT_RUN,"11,12",1,4. Four Approaches,122375226,C,0,0,36.828895,36.828895,0,0.05,Not LRTRUCK,2. Daylight,LOCATED,-75.973873,-75.973873,MAINLINE,MAIN,0,0,0,0,0,Undivided Roadway,"22,22",Not MOTORCYCLE,541493,541493. 13408669      13408669      13408724      13408724,26452,23305,23520,22666,22386,4,1,0.632,SEC_URBAN,,,,,,,,,0,0,56,0,1,,0,0,,,,,,,,,Not PED,,1,0,Virginia Beach,134,5,NOT-RD,10. Intersection Related - Within 150 Feet,0,21.75,21.9,1. Straight - Level,1. No Defects,"1. Two-Way, Not Divided",2. Wet,"2. Blacktop, Asphalt, Bituminous",452 GENERAL BOOTH BLVD,URB,UR,R-VA134UR08669NB,"Urbanized (Population 200,000 and over)",3. No,"0,0",15328,16751,17349,16731,11352,Not SENIOR,Left and Right sides,"30,30","35,35",Not SPEED,"35,35",541487,0,"2. No,2. No",0,"0,0",12PM TO 3PM,1,1,6. Traffic Lanes Marked,1. Yes - Working,Not a Parkway - Trucks and Commercial Vehicles Allowed,"1,2","9. Bicycle,1. Passenger car","UNK,FORD","6. Merging Into Traffic Lane,1. Going Straight Ahead","BICYCLE,FOCUS",2011,5,5.Hampton Roads,5. Rain,Not Provided,2. No,Not Provided,YOUNG
No Access Control,Not ALCIHOL,Urban,0,0,Bituminous Concrete (Black Base),US-00258-W059B(L)/US-00017-S051A(L)/RAMP TO U,Not UNBELTED,54,Female,C,1,BIKE,51.19,0,0,,2. Angle,"Not Provided,Not Provided","Not Provided,Not Provided",US00017,51.659,3,8/6/2012,8/6/2012,22. Bicycle,1433,C.Non-Visible Injury,2012,Left and Right sides,1,1,Newport News,Urban,22. Bicycle,MAIN,12PM TO 3PM,121.Newport News,"2,476",Intersection,Reset Filters,VDOT_OTHER,Monday,Not DEER,"South,West",DISTRACTED,5,1,123120099,19,Female,"C,PDO","1,2","20. Disregarded Officer or Flagger,1. No Improper Action","3. Unavailable/Not Applicable,2. Not Deployed","4. No Test,4. No Test","1. No Defects,1. No Defects","11. Other,Not Applicable","1. Had Not Been Drinking,1. Had Not Been Drinking","3. Unknown,3. Unknown","1. Not Ejected,1. Not Ejected","No,No","Yes,No","9. Not Applicable,3. Lap and Shoulder Belt","1. Not Obscured,1. Not Obscured",,,52,646009,CENTER AV,0,1,"1.Divided, no control of access","20,22",1. On Roadway,"0,0",E,E.Urban Other Principle Arterials; Connecting Links of Other Rural Principal Arterial,Urban Extensions - Primary Routes,Not GUARDRAIL,HIT_RUN,"8,12",1,4. Four Approaches,123120099,C,0,0,37.027477,37.027477,0,0.5,Not LRTRUCK,2. Daylight,LOCATED,-76.449686,-76.449686,MAINLINE,MAIN,0,0,Curbed Grass,14,4,Divided Roadway,"20,22",Not MOTORCYCLE,756246,756246.  US00017       US00017       US00258W059B,40702,41593,39530,39683,39836,6,1,0.469,PRI_URBAN,,,,,,,,,0,179,72,0,1,,0,0,,,,,,,,,Not PED,,1,0,Newport News,121,5,NOT-RD,1. Main-Line Roadway,0,51.5,51.66,1. Straight - Level,1. No Defects,"2. Two-Way, Divided, Unprotected Median",2. Wet,"2. Blacktop, Asphalt, Bituminous",CENTRER AVE,USPRI,US,R-VA   US00017SB,"Urbanized (Population 200,000 and over)",3. No,"0,0",40702,41593,39530,39683,39836,Not SENIOR,Left and Right sides,"5,5","45,45",Not SPEED,"45,45",756246,0,"2. No,2. No",0,"0,0",12PM TO 3PM,1,1,3. Traffic Signal,1. Yes - Working,Designated Truck Route - D2,"1,2","9. Bicycle,1. Passenger car",LEXUS,"1. Going Straight Ahead,2. Making Right Turn",GS300,1998,5,5.Hampton Roads,5. Rain,Not Provided,2. No,Not Provided,YOUNG
No Access Control,Not ALCIHOL,Urban,0,0,Portland Cement Concrete,40TH STREET(B)/,Not UNBELTED,20,Male,C,2,BIKE,301.97,0,0,,4. Sideswipe - Same Direction,"Not Provided,Not Provided","Not Provided,Not Provided",US00060,302.025,4,8/7/2012,8/7/2012,22. Bicycle,1330,C.Non-Visible Injury,2012,Left and Right sides,1,2,Virginia Beach,Urban,22. Bicycle,MAIN,12PM TO 3PM,134.Virginia Beach,26,Intersection,Reset Filters,VDOT_OTHER,Tuesday,Not DEER,"North,North",,5,1,122425122,45,Male,"C,C","1,2","1. No Improper Action,17. Other Improper Turn","2. Not Deployed,2. Not Deployed","4. No Test,4. No Test","1. No Defects,1. No Defects","Not Applicable,14. No Driver Distraction","1. Had Not Been Drinking,1. Had Not Been Drinking","3. Unknown,3. Unknown","1. Not Ejected,1. Not Ejected","NotProvided,Yes","No,No","3. Lap and Shoulder Belt,6. Other","1. Not Obscured,1. Not Obscured",,,302,541057,US-00058(L)/134-08578(R)/LASKIN RD,0,0,"0.Two-way, non-divided","22,20",1. On Roadway,"0,0",E,E.Urban Other Principle Arterials; Connecting Links of Other Rural Principal Arterial,Urban Extensions - Primary Routes,Not GUARDRAIL,Not HIT_RUN,"1,11",1,4. Four Approaches,122425122,C,0,0,36.859212,36.859212,0,0.06,Not LRTRUCK,2. Daylight,LOCATED,-75.9792,-75.9792,MAINLINE,MAIN,0,0,0,0,0,Undivided Roadway,"22,20",Not MOTORCYCLE,541057,541057.  US00058       US00060       US00060      13408578,35003,33265,33529,33082,32581,4,1,0.005,PRI_URBAN,,,,,,,,,0,350,62,0,2,,0,0,,,,,,,,,Not PED,,2,0,Virginia Beach,134,5,NOT-RD,9. Within Intersection,0,302,302.02,1. Straight - Level,1. No Defects,"2. Two-Way, Divided, Unprotected Median",1. Dry,"2. Blacktop, Asphalt, Bituminous",3100 PACIFIC AVE,USPRI,US,R-VA   US00060EB,"Urbanized (Population 200,000 and over)",3. No,"0,0",19524,19707,19591,19479,19184,Not SENIOR,Left and Right sides,"25,5","35,35",Not SPEED,"35,35",541111,0.56,"2. No,1. Yes",0,"0,0",12PM TO 3PM,1,1,3. Traffic Signal,1. Yes - Working,Not a Parkway - Trucks and Commercial Vehicles Allowed,"1,2","22. Truck - Sport Utility Vehicle (SUV),9. Bicycle","ACURA,BEACH CRUISER","1. Going Straight Ahead,2. Making Right Turn","MDX,BICYCLE",20092010,5,5.Hampton Roads,1. No Adverse Condition (Clear/Cloudy),Not Provided,2. No,Not Provided,YOUNG
,Not ALCIHOL,Urban,0,0,,,Not UNBELTED,13,Male,B,2,BIKE,,1,1,,3. Head On,"Not Provided,Not Provided","Not Provided,Not Provided",,,,8/7/2012,8/7/2012,22. Bicycle,1139,B.Visiible Injury,2012,,0,0,Virginia Beach,Urban,22. Bicycle,MAIN,9AM TO 12PM,134.Virginia Beach,,Not Intersection,Reset Filters,VDOT_OTHER,Tuesday,Not DEER,"East,West",DISTRACTED,5,1,122495130,23,Male,"PDO,B","1,2","1. No Improper Action,10. Wrong Side Of Road - Not Overtaking","2. Not Deployed,3. Unavailable/Not Applicable","4. No Test,4. No Test","1. No Defects,1. No Defects","10. Adjusting Vehicle Controls,7. Eyes Not on Road","1. Had Not Been Drinking,1. Had Not Been Drinking","2. No,2. No","1. Not Ejected,3. Totally Ejected","No,Yes","No,No","3. Lap and Shoulder Belt,8. No Restraint Used","1. Not Obscured,1. Not Obscured",,,,,,,,,"22,20",1. On Roadway,"0,0",,,,Not GUARDRAIL,Not HIT_RUN,"12,12",1,1. Not at Intersection,,C,0,0,36.847843,36.847843,,,Not LRTRUCK,2. Daylight,UNLOCATED,-75.994483,-75.994483,MAINLINE,,,,,,,,"22,20",Not MOTORCYCLE,,.,,,,,,,1,,SEC_URBAN,,,,,,,,,,,,0,1,,0,0,,,,,,,,,Not PED,,1,0,Virginia Beach,134,5,RD-UNKNOWN,1. Main-Line Roadway,,,,1. Straight - Level,1. No Defects,"1. Two-Way, Not Divided",1. Dry,"2. Blacktop, Asphalt, Bituminous",1105 OLD VIRGINIA BEACH RD,UNKWN,SC,U-VA134SC99999UK,,3. No,"0,0",,,,,,Not SENIOR,,"20,5","25,25",Not SPEED,"25,25",,,"1. Yes,2. No",,"0,0",9AM TO 12PM,1,1,1. No Traffic Control,6. No Traffic Control Device Present,,"1,2","1. Passenger car,9. Bicycle","INFI,REVOLUTION","1. Going Straight Ahead,14. Changing Lanes","I30,BEACH CRUISER",19962012,5,5.Hampton Roads,1. No Adverse Condition (Clear/Cloudy),Not Provided,2. No,Not Provided,Not YOUNG