Access Control,Alcohol Notalcohol,Area Type1,A Crash,A People,Basetypedesc,Begin Node Dsc,Belted Unbelted,Bikeage,Bikegen,Bikeinjurytype,Bikevehiclenumber,Bike Nonbike,BMP,B Crash,B People,Carspeedlimit,Collision Type,Comm Cargo Body Type Cd,Comm Vehicle Body Type Cd,Cotedrouteid,Coted Mp,Count App,CRASH_DT (copy),Crash Dt,Crash Event Type Dsc,Crash Military Tm,Crash Severity,Crash Year,Curbgutterdesc,C Crash,C People,Juris Name Used,Area Type Used,First Harmful Event of Entire Crash,MAINLINE,Time Slicing Used,Phy_Juris_Nm,Offset-Ft,Intersection Analysis,Clear,Calculation_9640323132123359,Day Of Week,Deer Nodeer,Direction Of Travel Cd,Distracted Notdistracted,VSP,TOTAL CRASH,Document Nbr,Driverage,Drivergen,Driverinjurytype,Drivervehiclenumber,Driver Action Type Cd,Driver Airbag Deployment,Driver Alcohol Test Type Cd,Driver Condition Type Cd,Driver Distraction Type Cd,Driver Drinking Type Cd,Driver Drug Use Cd,Driver Ejected From Vehicle,Driver Ems Transport Ind,Driver Fled Scene Ind,Driver Safety Equip Used,Driver Vis Obscured Type Cd,Drowsy Notdrowsy,Drug Nodrug,EMP,End Node,End Node Dsc,End Offset,Facility,FAC,First Crash Event Cd,First Harmful Event,Fourth Crash Event Cd,Functionalclass,FUN,Govcondesc,Gr Nogr,Hitrun Not Hitrun,Initial Veh Impact Area Cd,Injury Crashes,Intersection Type,Int Doc,Jurtype,K_CRASH,K People,LAT (copy),LAT,Leftshoulderwidth,Length,Lgtruck Nonlgtruck,Light Condition,Located Unlocated,LON (copy),LON,MAINLINE (group),Mainline Yn,Medianleftshoulderwidth,Medianrightshoulderwidth,Mediantypedesc,Medianwidthmax,Medianwidthmin,Median Type,Most Harmful Crash Event Cd,Motor Nonmotor,Node,Node Info,Node Totaadt2011,Node Totaadt2012,Node Totaadt2013,Node Totaadt2014,Node Totaadt2015,Numberoflane,Number of Records,Offset,Ownership,Passage,Passgen,Passinjurytype,Passvehiclenumber,Pass Airbag Deployment,Pass Ejected From Vehicle,Pass Ems Transport Ind,Pass Safety Equip Used,Pavementconditionvalue,Pavementroughnessvalue,Pavementwidth,Pdo Crash,Total People Killed & Injured,Pedage,Pedestrians Injured,Pedestrians Killed,Pedgen,Pedinjurytype,Pednumber,Ped Action,Ped Al Test,Ped Cond,Ped Drink,Ped Drug,Ped Nonped,Ped Rflct,Persons Injured,Persons Killed,Physical Juris Nm,PJR,VSP_Used,Rd Type,Relation To Roadway,Rightshoulderwidth,RNS_MP (0.25 mi bin),Rns Mp,Roadway Alignment,Roadway Defect,Roadway Description,Roadway Surface Cond,Roadway Surface Type,Route Or Street Nm,Rte Category Cd,Rte Cat,Rte Nm,Ruralurbandesc,School Zone,Second Crash Event Cd,Segtotaadt2011,Segtotaadt2012,Segtotaadt2013,Segtotaadt2014,Segtotaadt2015,Senior Notsenior,Sidewalkdesc,Speed Before,Speed Max Safe,Speed Notspeed,Speed Posted,Start Node,Start Offset,Summons Issued Cd,Surfacedesc,Third Crash Event Cd,Time Slicing,Total Crashes including Property Damage Only,Total Crash,Traffic Control Type,Trfc Ctrl Status Type,Truckcommr,Vehiclenumber,Vehicle Body Type Cd,Vehicle Make Nm,Vehicle Maneuver Type Cd,Vehicle Model Nm,Vehicle Year Nbr,District,District_Used ,Weather Condition,Work Zone Location,Work Zone Related,Work Zone Type,Young Notyoung
No Access Control,Not ALCIHOL,Urban,1,1,"N/A, Unknown, or Unstabilized",SR-00165(B)/,Not UNBELTED,,"Male,Male","A,B",,BIKE,3.35,0,1,,2. Angle,"Not Provided,Not Provided,Not Provided","Not Provided,Not Provided,Not Provided",SR00194,3.717,4,8/7/2012,8/7/2012,22. Bicycle,2153,A.Ambulatory Injury,2012,None,0,0,Norfolk,Urban,22. Bicycle,MAIN,9PM TO 12AM,122.Norfolk,"1,336",Intersection,Reset Filters,VDOT_OTHER,Tuesday,Not DEER,"East,South,South",DISTRACTED,5,1,123530068,315035,Male,"PDO,A,B","1,2,3","22. Disregarded Stop or Yield Sign,1. No Improper Action,1. No Improper Action","2. Not Deployed,3. Unavailable/Not Applicable,3. Unavailable/Not Applicable","Not Applicable,Not Applicable,Not Applicable","1. No Defects,1. No Defects,1. No Defects","11. Other,Not Applicable,Not Applicable","1. Had Not Been Drinking,1. Had Not Been Drinking,1. Had Not Been Drinking","Not Applicable,Not Applicable,Not Applicable","1. Not Ejected,3. Totally Ejected,2. Partially Ejected","NotProvided,Yes,No","No,No,No","3. Lap and Shoulder Belt,9. Not Applicable,9. Not Applicable","1. Not Obscured,1. Not Obscured,1. Not Obscured",,,4,483501,122-08620(B)/SHEPPARD AV,0,1,"1.Divided, no control of access","22,20,20",1. On Roadway,"0,0,0",H,H.Urban Minor Arterial,Urban Extensions - Primary Routes,Not GUARDRAIL,Not HIT_RUN,"12,4,4",1,2. Two Approaches,123530068,C,0,0,36.920126,36.920126,5,0.62,Not LRTRUCK,4. Darkness - Road Lighted,LOCATED,-76.242492,-76.242492,MAINLINE,MAIN,4,4,Grass/Unprotected,48,14,Divided Roadway,"22,20,20",Not MOTORCYCLE,483501,483501.  SR00194       SR00194      12208620      12208620,23791,24606,24833,23931,23591,4,1,0.253,PRI_URBAN,,,,,,,,,0,0,40,0,2,,0,0,,,,,,,,,Not PED,,2,0,Norfolk,122,5,NOT-RD,9. Within Intersection,5,3.5,3.72,1. Straight - Level,1. No Defects,"3. Two-Way, Divided, Positive Median Barrier",2. Wet,"2. Blacktop, Asphalt, Bituminous",8100 BLOCK CHESAPEAKE BLVD,STPRI,SR,R-VA   SR00194SB,"Urbanized (Population 200,000 and over)",3. No,"22,0,0",22567,23281,23496,22643,22522,Not SENIOR,None,"40,10,10","25,25,25",SPEED,"25,25,25",483312,0,"1. Yes,2. No,2. No",0,"0,0,0",9PM TO 12AM,1,1,4. Stop Sign,5. Yes - Missing,Not a Parkway - Trucks and Commercial Vehicles Allowed,"1,2,3","1. Passenger car,9. Bicycle,9. Bicycle","DODGE,FUJI","2. Making Right Turn,1. Going Straight Ahead,1. Going Straight Ahead","STRATUS,BICYCLE,BICYLE",1998,5,5.Hampton Roads,5. Rain,Not Provided,2. No,Not Provided,Not YOUNG
No Access Control,ALCOHOL,Urban,0,0,"N/A, Unknown, or Unstabilized",HENRICO STREET(L)/,Not UNBELTED,49,Not Provided,B,2,BIKE,3.47,1,1,,1. Rear End,"Not Provided,Not Provided","Not Provided,Not Provided",SR00247,3.483,3,8/8/2012,8/8/2012,22. Bicycle,2250,B.Visiible Injury,2012,None,0,0,Norfolk,Urban,22. Bicycle,MAIN,9PM TO 12AM,122.Norfolk,333,Intersection,Reset Filters,VDOT_OTHER,Wednesday,Not DEER,"North,North",,5,1,122640048,,Not Provided,"PDO,B","1,2","34. Hit and Run,1. No Improper Action","3. Unavailable/Not Applicable,3. Unavailable/Not Applicable","4. No Test,Not Applicable","1. No Defects,1. No Defects","Not Applicable,Not Applicable","6. Unknown,3. Drinking - Ability Impaired","3. Unknown,Not Applicable","1. Not Ejected,3. Totally Ejected","No,Yes","Yes,No","9. Not Applicable,8. No Restraint Used","Not Applicable,1. Not Obscured",,,4,483552,NOTTAWAY STREET(R)/,0,1,"1.Divided, no control of access","20,20",2. Shoulder,"0,0",H,H.Urban Minor Arterial,Urban Extensions - Primary Routes,Not GUARDRAIL,HIT_RUN,"1,6",1,1. Not at Intersection,122640048,C,0,0,36.879313,36.879313,3,0.05,Not LRTRUCK,4. Darkness - Road Lighted,LOCATED,-76.248752,-76.248752,MAINLINE,MAIN,0,0,Grass/Unprotected,40,40,Divided Roadway,"0,20",Not MOTORCYCLE,483550,483550.  SR00247       SR00247      12208636,20931,19568,19749,19033,19762,4,1,0.063,PRI_URBAN,,,,,,,,,0,226,40,0,1,,0,0,,,,,,,,,Not PED,,1,0,Norfolk,122,5,NOT-RD,1. Main-Line Roadway,3,3.25,3.48,1. Straight - Level,1. No Defects,"2. Two-Way, Divided, Unprotected Median",1. Dry,"2. Blacktop, Asphalt, Bituminous",3400 blk chesapeake blvd,STPRI,SR,R-VA   SR00247EB,"Urbanized (Population 200,000 and over)",3. No,"22,0",17842,16767,16922,16308,16898,Not SENIOR,Left and Right sides,,"0,0",Not SPEED,"0,0",483551,0,"2. No,2. No",0,"0,0",9PM TO 12AM,1,1,1. No Traffic Control,6. No Traffic Control Device Present,Not a Parkway - Trucks and Commercial Vehicles Allowed,"1,2","2. Truck - Pick-up/Passenger Truck,9. Bicycle","ford,bicycle","1. Going Straight Ahead,1. Going Straight Ahead",250,,5,5.Hampton Roads,1. No Adverse Condition (Clear/Cloudy),Not Provided,2. No,Not Provided,Not YOUNG
,Not ALCIHOL,Urban,1,1,,,Not UNBELTED,21,Male,A,2,BIKE,,0,0,,2. Angle,"Not Provided,Not Provided","Not Provided,Not Provided",,,,3/30/2015,3/30/2015,20. Motor Vehicle In Transport,1252,A.Ambulatory Injury,2015,,0,0,Norfolk,Urban,20. Motor Vehicle In Transport,MAIN,12PM TO 3PM,122.Norfolk,,Not Intersection,Reset Filters,VDOT_OTHER,Monday,Not DEER,"South,West",,5,1,151530007,20,Female,"PDO,A","1,2","11. Did Not Have Right-of-Way,1. No Improper Action","2. Not Deployed,2. Not Deployed","Not Applicable,Not Applicable","1. No Defects,1. No Defects","Not Applicable,Not Applicable","1. Had Not Been Drinking,1. Had Not Been Drinking","Not Applicable,Not Applicable","1. Not Ejected,3. Totally Ejected","No,No","No,No","3. Lap and Shoulder Belt,8. No Restraint Used","1. Not Obscured,1. Not Obscured",,,,,,,,,"20,20",1. On Roadway,"0,0",,,,Not GUARDRAIL,Not HIT_RUN,"12,9",1,4. Four Approaches,,C,0,0,36.88367,36.88367,,,Not LRTRUCK,2. Daylight,UNLOCATED,-76.29844,-76.29844,MAINLINE,,,,,,,,"20,20",Not MOTORCYCLE,,.,,,,,,,1,,SEC_URBAN,,,,,,,,,,,,0,1,,0,0,,,,,,,,,Not PED,,1,0,Norfolk,122,5,NOT-RD,9. Within Intersection,,,,1. Straight - Level,1. No Defects,"1. Two-Way, Not Divided",2. Wet,"2. Blacktop, Asphalt, Bituminous",4300 killiam av,UNKWN,SC,U-VA122SC99999UK,,3. No,"0,0",,,,,,Not SENIOR,,"10,10","25,25",Not SPEED,"25,25",,,"1. Yes,2. No",,"0,0",12PM TO 3PM,1,1,4. Stop Sign,1. Yes - Working,,"1,2","1. Passenger car,9. Bicycle","HYUNDAI,BACKWOOS","1. Going Straight Ahead,1. Going Straight Ahead","SONATA,EXPERT",2011,5,5.Hampton Roads,5. Rain,Not Provided,2. No,Not Provided,YOUNG
No Access Control,Not ALCIHOL,Urban,0,0,Bituminous Concrete (Black Base),SR-00152(L)/CUNNINGHAM DRIVE(R)/,Not UNBELTED,59,Male,B,2,BIKE,63.42,1,1,,16. Other,"Not Provided,Not Provided","Not Provided,Not Provided",US00258,63.428,3,4/1/2015,4/1/2015,22. Bicycle,636,B.Visiible Injury,2015,Left and Right sides,0,0,Hampton,Urban,22. Bicycle,MAIN,6AM TO 9AM,114.Hampton,42,Intersection,Reset Filters,VDOT_OTHER,Wednesday,Not DEER,"South,East",DISTRACTED,5,1,150965167,55,Female,"PDO,B","1,2","11. Did Not Have Right-of-Way,1. No Improper Action","2. Not Deployed,3. Unavailable/Not Applicable","4. No Test,4. No Test","1. No Defects,1. No Defects","Not Applicable,11. Other","1. Had Not Been Drinking,1. Had Not Been Drinking","2. No,2. No","1. Not Ejected,1. Not Ejected","No,Yes","No,No","3. Lap and Shoulder Belt,8. No Restraint Used","1. Not Obscured,1. Not Obscured",,,64,253023,SR-00134(R)/114-07033(L)/,0,1,"1.Divided, no control of access","22,20",7. In Parking Lane or Zone,"0,0",E,E.Urban Other Principle Arterials; Connecting Links of Other Rural Principal Arterial,Urban Extensions - Primary Routes,Not GUARDRAIL,Not HIT_RUN,"11,11",1,2. Two Approaches,150965167,C,0,0,37.04305,37.04305,0,0.24,Not LRTRUCK,2. Daylight,LOCATED,-76.38095,-76.38095,MAINLINE,MAIN,0,0,Curbed Grass,16,4,Divided Roadway,"22,20",Not MOTORCYCLE,253078,253078.  SR00152       US00258       US00258,51976,49943,51258,51573,52874,8,1,0.008,PRI_URBAN,,,,,,,,,0,158,126,0,1,,0,0,,,,,,,,,Not PED,,1,0,Hampton,114,5,NOT-RD,10. Intersection Related - Within 150 Feet,0,63.25,63.43,1. Straight - Level,1. No Defects,5. Unknown,1. Dry,1. Concrete,W MERCURY BLVD,USPRI,US,R-VA   US00258EB,"Urbanized (Population 200,000 and over)",3. No,"0,0",48424,47934,49947,50492,51793,Not SENIOR,None,"5,0","45,45",Not SPEED,"45,45",253078,0,"1. Yes,2. No",0,"0,0",6AM TO 9AM,1,1,3. Traffic Signal,1. Yes - Working,Not a Parkway - Trucks and Commercial Vehicles Allowed,"1,2","22. Truck - Sport Utility Vehicle (SUV),9. Bicycle",LEXS,"1. Going Straight Ahead,1. Going Straight Ahead",SUV,,5,5.Hampton Roads,1. No Adverse Condition (Clear/Cloudy),Not Provided,2. No,Not Provided,Not YOUNG
No Access Control,ALCOHOL,Urban,1,1,"N/A, Unknown, or Unstabilized",SHELTON RD(L) GRIMES RD(R)/,Not UNBELTED,50,Male,A,1,BIKE,7.56,0,0,,3. Head On,"Not Provided,Not Provided","Not Provided,Not Provided",SR00351,7.622,4,1/21/2012,1/21/2012,22. Bicycle,1009,A.Ambulatory Injury,2012,Left and Right sides,0,0,Hampton,Urban,22. Bicycle,MAIN,9AM TO 12PM,114.Hampton,"2,735",Intersection,Reset Filters,VDOT_OTHER,Saturday,Not DEER,"North,East",,5,1,120750024,35,Male,"A,PDO","1,2","11. Did Not Have Right-of-Way,1. No Improper Action","5. Unknown,2. Not Deployed","4. No Test,Not Applicable","8. Other,1. No Defects","Not Applicable,Not Applicable","2. Drinking - Obviously Drunk,1. Had Not Been Drinking","Not Applicable,Not Applicable","1. Not Ejected,1. Not Ejected","Yes,No","No,No","8. No Restraint Used,3. Lap and Shoulder Belt","1. Not Obscured,1. Not Obscured",,,8,253106,SR-00169(L)/114-07051(R)/OLD BUCKROE RD,0,0,"0.Two-way, non-divided","20,22",1. On Roadway,"0,0",H,H.Urban Minor Arterial,Urban Extensions - Primary Routes,Not GUARDRAIL,Not HIT_RUN,"12,2",1,3. Three Approaches,120750024,C,0,0,37.038061,37.038061,0,0.58,Not LRTRUCK,2. Daylight,LOCATED,-76.313322,-76.313322,MAINLINE,MAIN,0,0,0,0,0,Undivided Roadway,"20,22",Not MOTORCYCLE,253106,253106.  SR00169       SR00351       SR00351      11407051,12841,12557,12183,11749,11987,4,1,0.518,PRI_URBAN,,,,,,,,,0,0,52,0,1,,0,0,,,,,,,,,Not PED,,1,0,Hampton,114,5,RD-UNKNOWN,9. Within Intersection,0,7.5,7.62,1. Straight - Level,1. No Defects,"2. Two-Way, Divided, Unprotected Median",2. Wet,"2. Blacktop, Asphalt, Bituminous",E PEMBROKE AVE,STPRI,SR,R-VA   SR00351EB,"Urbanized (Population 200,000 and over)",3. No,"0,0",11437,11184,12305,11867,12107,Not SENIOR,Left and Right sides,40,"40,40",Not SPEED,"40,40",253169,0,"1. Yes,2. No",0,"0,0",9AM TO 12PM,1,1,4. Stop Sign,1. Yes - Working,Not a Parkway - Trucks and Commercial Vehicles Allowed,"1,2","9. Bicycle,1. Passenger car","HUFFY,Nissan","1. Going Straight Ahead,1. Going Straight Ahead","MNTN BIKE,4DR",1993,5,5.Hampton Roads,5. Rain,Not Provided,2. No,Not Provided,Not YOUNG
No Access Control,ALCOHOL,Urban,0,0,"N/A, Unknown, or Unstabilized",SR-00337(B)/,Not UNBELTED,58,Not Provided,B,2,BIKE,485.16,1,1,,1. Rear End,"Not Provided,Not Provided","Not Provided,Not Provided",US00058,485.273,4,1/21/2012,1/21/2012,22. Bicycle,138,B.Visiible Injury,2012,Left and Right sides,0,0,Portsmouth,Urban,22. Bicycle,MAIN,0AM TO 3AM,124.Portsmouth,597,Intersection,Reset Filters,VDOT_OTHER,Saturday,Not DEER,"North,Not Provided",,5,1,120605036,,Not Provided,"PDO,B","1,2","Not Applicable,31. Avoiding Other Vehicle","Not Provided,3. Unavailable/Not Applicable","Not Applicable,4. No Test","Not Applicable,1. No Defects","Not Applicable,Not Applicable","Not Applicable,5. Drinking - Not Known Whether Impaired","Not Applicable,2. No","Not Provided,2. Partially Ejected","No,No","Yes,No","Not Provided,9. Not Applicable","Not Applicable,1. Not Obscured",,,486,483148,124-08544(B)/CAROLINE AV,0,1,"1.Divided, no control of access","22,20",1. On Roadway,"0,0",H,H.Urban Minor Arterial,Urban Extensions - Primary Routes,Not GUARDRAIL,HIT_RUN,"12,6",1,1. Not at Intersection,120605036,C,0,0,36.817394,36.817394,0,0.5,Not LRTRUCK,4. Darkness - Road Lighted,LOCATED,-76.354405,-76.354405,MAINLINE,MAIN,0,0,Curbed (solid raised),4,4,Divided Roadway,"22,22",Not MOTORCYCLE,877004,877004.  SR00337       SR00337       US00058       US00058,28428,27799,25586,24675,25174,4,1,0.113,PRI_URBAN,,,,,,,,,0,165,52,0,1,,0,0,,,,,,,,,Not PED,,1,0,Portsmouth,124,5,NOT-RD,1. Main-Line Roadway,0,485.25,485.38,1. Straight - Level,1. No Defects,"3. Two-Way, Divided, Positive Median Barrier",2. Wet,1. Concrete,2401 AIRLINE BLVD,USPRI,US,R-VA   US00058EB,"Urbanized (Population 200,000 and over)",3. No,"0,22",14761,14434,13180,12711,12968,Not SENIOR,Left and Right sides,"35,5","35,35",Not SPEED,"35,35",877004,0,"Not Provided,Not Provided",0,"0,0",0AM TO 3AM,1,1,6. Traffic Lanes Marked,1. Yes - Working,Not a Parkway - Trucks and Commercial Vehicles Allowed,"1,2","Not Applicable,9. Bicycle",,"Not Applicable,1. Going Straight Ahead",,,5,5.Hampton Roads,5. Rain,Not Provided,2. No,Not Provided,Not YOUNG
No Access Control,Not ALCIHOL,Urban,0,0,"N/A, Unknown, or Unstabilized",GALVESTON BOULEVARD(L)/,Not UNBELTED,22,Male,C,2,BIKE,0.52,0,0,,2. Angle,"Not Provided,Not Provided","Not Provided,Not Provided",12208626,0.532,3,1/23/2012,1/23/2012,22. Bicycle,2012,C.Non-Visible Injury,2012,Left and Right sides,1,1,Norfolk,Urban,22. Bicycle,MAIN,6PM TO 9PM,122.Norfolk,"1,679",Intersection,Reset Filters,VDOT_OTHER,Monday,Not DEER,"South,East",DISTRACTED,5,1,120530065,57,Female,"PDO,C","1,2","37. Other,28. Driving Without Lights","2. Not Deployed,3. Unavailable/Not Applicable","4. No Test,4. No Test","1. No Defects,1. No Defects","11. Other,11. Other","1. Had Not Been Drinking,1. Had Not Been Drinking","2. No,2. No","1. Not Ejected,2. Partially Ejected","NotProvided,No","No,No","3. Lap and Shoulder Belt,8. No Restraint Used","1. Not Obscured,1. Not Obscured",,,1,485658,KIRBY CRESCENT(R)/,0,0,"0.Two-way, non-divided","22,20",1. On Roadway,"0,0",H,H.Urban Minor Arterial,Other City or Town Streets (not state maintained),Not GUARDRAIL,Not HIT_RUN,"11,3",1,3. Three Approaches,120530065,C,0,0,36.905361,36.905361,0,0.08,Not LRTRUCK,4. Darkness - Road Lighted,LOCATED,-76.266851,-76.266851,MAINLINE,MAIN,0,0,0,0,0,Undivided Roadway,"22,20",Not MOTORCYCLE,485652,485652. 12208625      12208626      12208626,10780,10606,10704,10315,8332,2,1,0.318,SEC_URBAN,,,,,,,,,0,0,42,0,1,,0,0,,,,,,,,,Not PED,,1,0,Norfolk,122,5,NOT-RD,9. Within Intersection,0,0.5,0.53,1. Straight - Level,1. No Defects,"1. Two-Way, Not Divided",1. Dry,"2. Blacktop, Asphalt, Bituminous",300 BLK THOLE ST,URB,UR,R-VA122UR08626EB,"Urbanized (Population 200,000 and over)",1. Yes,"0,0",9979,9846,9937,9576,7726,Not SENIOR,Left and Right sides,"5,5","5,5",Not SPEED,"5,5",485657,0,"1. Yes,1. Yes",0,"0,0",6PM TO 9PM,1,1,14. Ped Crosswalk,1. Yes - Working,Not a Parkway - Trucks and Commercial Vehicles Allowed,"1,2","1. Passenger car,9. Bicycle","VW,HUFFEY","2. Making Right Turn,1. Going Straight Ahead","BEETLE,SANTAFE",2006,5,5.Hampton Roads,1. No Adverse Condition (Clear/Cloudy),Not Provided,2. No,Not Provided,Not YOUNG
No Access Control,Not ALCIHOL,Urban,0,0,Bituminous Concrete (Black Base),SR-00190- 013B(R)/TO I-264,Not UNBELTED,16,Male,B,2,BIKE,13.07,1,1,,2. Angle,"Not Provided,Not Provided","Not Provided,Not Provided",SR00190,13.07,3,8/10/2012,8/10/2012,22. Bicycle,1551,B.Visiible Injury,2012,Left and Right sides,0,0,Virginia Beach,Urban,22. Bicycle,MAIN,3PM TO 6PM,134.Virginia Beach,0,Intersection,Reset Filters,VDOT_OTHER,Friday,Not DEER,"West,North",,5,1,122255095,24,Male,"PDO,B","1,2","1. No Improper Action,1. No Improper Action","2. Not Deployed,2. Not Deployed","4. No Test,4. No Test","1. No Defects,1. No Defects","14. No Driver Distraction,14. No Driver Distraction","6. Unknown,6. Unknown","3. Unknown,3. Unknown","1. Not Ejected,1. Not Ejected","No,Yes","No,No","3. Lap and Shoulder Belt,8. No Restraint Used","1. Not Obscured,1. Not Obscured",,,13,541184,RAMP TO I-264(L)/,0,1,"1.Divided, no control of access","22,20",1. On Roadway,"0,0",H,H.Urban Minor Arterial,Urban Extensions - Primary Routes,Not GUARDRAIL,Not HIT_RUN,"11,12",1,4. Four Approaches,122255095,C,0,0,36.840772,36.840772,0,0.01,Not LRTRUCK,2. Daylight,LOCATED,-76.158647,-76.158647,MAINLINE,MAIN,0,0,Curbed Grass,16,8,Divided Roadway,"22,20",Not MOTORCYCLE,541183,541183.  SR00190       SR00190       SR00190 013B,36525,37218,37504,36371,34589,4,1,0,PRI_URBAN,,,,,,,,,3,0,54,0,1,,0,0,,,,,,,,,Not PED,,1,0,Virginia Beach,134,5,NOT-RD,5. On Entrance/Exit Ramp,0,13,13.07,1. Straight - Level,1. No Defects,"2. Two-Way, Divided, Unprotected Median",1. Dry,"2. Blacktop, Asphalt, Bituminous",105 WITCHDUCK RD,STPRI,SR,R-VA   SR00190EB,"Urbanized (Population 200,000 and over)",3. No,"0,0",36525,30929,31215,30082,28300,Not SENIOR,Left and Right sides,"10,10","35,0",Not SPEED,"35,10",541183,0,"2. No,2. No",0,"0,0",3PM TO 6PM,1,1,1. No Traffic Control,6. No Traffic Control Device Present,Not a Parkway - Trucks and Commercial Vehicles Allowed,"1,2","1. Passenger car,9. Bicycle","HONDA,UNK","3. Making Left Turn,1. Going Straight Ahead","CIVIC,BICYCLE",1999,5,5.Hampton Roads,1. No Adverse Condition (Clear/Cloudy),Not Provided,2. No,Not Provided,YOUNG
No Access Control,Not ALCIHOL,Urban,0,0,Portland Cement Concrete,122-08639(B)/INGLESIDE AV,Not UNBELTED,30,Female,C,2,BIKE,494.27,0,0,,2. Angle,"Not Provided,Not Provided","Not Provided,Not Provided",US00058,494.46,4,8/10/2012,8/10/2012,20. Motor Vehicle In Transport,1826,C.Non-Visible Injury,2012,Left and Right sides,1,1,Norfolk,Urban,20. Motor Vehicle In Transport,MAIN,6PM TO 9PM,122.Norfolk,"1,003",Intersection,Reset Filters,VDOT_OTHER,Friday,Not DEER,"North,East",,5,1,122650053,67,Female,"PDO,C","1,2","37. Other,37. Other","2. Not Deployed,3. Unavailable/Not Applicable","Not Applicable,Not Applicable","1. No Defects,1. No Defects","Not Applicable,Not Applicable","1. Had Not Been Drinking,1. Had Not Been Drinking","2. No,2. No","1. Not Ejected,3. Totally Ejected","No,No","No,No","3. Lap and Shoulder Belt,9. Not Applicable","1. Not Obscured,1. Not Obscured",,,495,483124,122-08641(L)/AZALEA GARDEN RD,0,1,"1.Divided, no control of access","20,20",1. On Roadway,"0,0",E,E.Urban Other Principle Arterials; Connecting Links of Other Rural Principal Arterial,Urban Extensions - Primary Routes,Not GUARDRAIL,Not HIT_RUN,"12,2",1,4. Four Approaches,122650053,C,0,0,36.855026,36.855026,0,0.42,Not LRTRUCK,2. Daylight,LOCATED,-76.23596,-76.23596,MAINLINE,MAIN,0,0,Curbed Grass,22,4,Divided Roadway,"20,20",Not MOTORCYCLE,483125,483125.  US00058       US00058      12208639      12208639,33546,37675,38023,36643,37021,6,1,0.19,PRI_URBAN,,,,,,,,,0,163,78,0,1,,0,0,,,,,,,,,Not PED,,1,0,Norfolk,122,5,NOT-RD,9. Within Intersection,0,494.5,494.57,1. Straight - Level,1. No Defects,"3. Two-Way, Divided, Positive Median Barrier",1. Dry,1. Concrete,3600 E V A BEACH BLVD,USPRI,US,R-VA   US00058EB,"Urbanized (Population 200,000 and over)",3. No,"0,0",25171,30084,30362,29260,29058,SENIOR,None,"5,6","15,35",Not SPEED,"15,35",483125,0,"2. No,2. No",0,"0,0",6PM TO 9PM,1,1,3. Traffic Signal,1. Yes - Working,Truck Access System,"1,2","1. Passenger car,9. Bicycle",HONDA,"3. Making Left Turn,1. Going Straight Ahead","ACCORD,BICYCLE",1997,5,5.Hampton Roads,1. No Adverse Condition (Clear/Cloudy),Not Provided,2. No,Not Provided,Not YOUNG
No Access Control,Not ALCIHOL,Urban,0,0,Bituminous Concrete (Black Base),HODGES RD(R)/,Not UNBELTED,45,Male,PDO,3,BIKE,8.46,0,0,,16. Other,"Not Provided,Not Provided,Not Provided","Not Provided,Not Provided,Not Provided",C1SR00168,8.996,3,4/2/2015,4/2/2015,22. Bicycle,1545,PDO.Property Damage Only,2015,None,0,0,Chesapeake,Urban,22. Bicycle,MAIN,3PM TO 6PM,131.Chesapeake,"1,130",Intersection,Reset Filters,VDOT_OTHER,Thursday,Not DEER,"South,East,North",,5,1,151275287,8144,Female,"PDO,PDO,PDO","1,2,3","11. Did Not Have Right-of-Way,1. No Improper Action,1. No Improper Action","2. Not Deployed,2. Not Deployed,3. Unavailable/Not Applicable","4. No Test,4. No Test,4. No Test","1. No Defects,1. No Defects,1. No Defects","14. No Driver Distraction,14. No Driver Distraction,14. No Driver Distraction","1. Had Not Been Drinking,1. Had Not Been Drinking,1. Had Not Been Drinking","3. Unknown,3. Unknown,3. Unknown","1. Not Ejected,1. Not Ejected,3. Totally Ejected","No,No,No","No,No,No","3. Lap and Shoulder Belt,3. Lap and Shoulder Belt,5. Helmet","11. Moving Vehicle(s),1. Not Obscured,11. Moving Vehicle(s)",,,9,483446,131-08674(R)/ASHLEY RD,0,0,"0.Two-way, non-divided","22,10,20",1. On Roadway,"0,0,0",H,H.Urban Minor Arterial,Urban Extensions - Primary Routes,Not GUARDRAIL,Not HIT_RUN,"12,12,10",0,1. Not at Intersection,151275287,C,0,0,36.70085,36.70085,4,0.75,Not LRTRUCK,2. Daylight,LOCATED,-76.23438,-76.23438,MAINLINE,MAIN,0,0,0,0,0,Undivided Roadway,"22,10,20",Not MOTORCYCLE,483446,483446. 13108674     C1SR00168     C1SR00168,14967,14635,14719,14123,14404,2,1,0.214,PRI_URBAN,,,,,,,,,4.2,0,24,1,0,,0,0,,,,,,,,,Not PED,,0,0,Chesapeake,131,5,NOT-RD,"13. Driveway, Alley-Access - Related",4,8.75,9,1. Straight - Level,1. No Defects,"1. Two-Way, Not Divided",1. Dry,"2. Blacktop, Asphalt, Bituminous",BATTEFIELD BL,STPRI,SR,R-VA   SR00168NBBUS001,"Urbanized (Population 200,000 and over)",3. No,"22,0,0",13251,12957,13031,12496,12744,SENIOR,None,"15,1,25","35,35,35",Not SPEED,"35,35,35",483445,0,"2. No,2. No,2. No",0,"0,0,0",3PM TO 6PM,1,1,6. Traffic Lanes Marked,1. Yes - Working,Not a Parkway - Trucks and Commercial Vehicles Allowed,"1,2,3","22. Truck - Sport Utility Vehicle (SUV),22. Truck - Sport Utility Vehicle (SUV),9. Bicycle","DODGE,TOYOTA,FELT","3. Making Left Turn,16. Entering Street From Parking Lot,1. Going Straight Ahead","DURANGO,HIGHLANDER,BICYCLE",2.0002E+11,5,5.Hampton Roads,1. No Adverse Condition (Clear/Cloudy),Not Provided,2. No,Not Provided,Not YOUNG