Access Control,Alcohol Notalcohol,Area Type1,A Crash,A People,Basetypedesc,Begin Node Dsc,Belted Unbelted,Bikeage,Bikegen,Bikeinjurytype,Bikevehiclenumber,Bike Nonbike,BMP,B Crash,B People,Carspeedlimit,Collision Type,Comm Cargo Body Type Cd,Comm Vehicle Body Type Cd,Cotedrouteid,Coted Mp,Count App,CRASH_DT (copy),Crash Dt,Crash Event Type Dsc,Crash Military Tm,Crash Severity,Crash Year,Curbgutterdesc,C Crash,C People,Juris Name Used,Area Type Used,First Harmful Event of Entire Crash,MAINLINE,Time Slicing Used,Phy_Juris_Nm,Offset-Ft,Intersection Analysis,Clear,Calculation_9640323132123359,Day Of Week,Deer Nodeer,Direction Of Travel Cd,Distracted Notdistracted,VSP,TOTAL CRASH,Document Nbr,Driverage,Drivergen,Driverinjurytype,Drivervehiclenumber,Driver Action Type Cd,Driver Airbag Deployment,Driver Alcohol Test Type Cd,Driver Condition Type Cd,Driver Distraction Type Cd,Driver Drinking Type Cd,Driver Drug Use Cd,Driver Ejected From Vehicle,Driver Ems Transport Ind,Driver Fled Scene Ind,Driver Safety Equip Used,Driver Vis Obscured Type Cd,Drowsy Notdrowsy,Drug Nodrug,EMP,End Node,End Node Dsc,End Offset,Facility,FAC,First Crash Event Cd,First Harmful Event,Fourth Crash Event Cd,Functionalclass,FUN,Govcondesc,Gr Nogr,Hitrun Not Hitrun,Initial Veh Impact Area Cd,Injury Crashes,Intersection Type,Int Doc,Jurtype,K_CRASH,K People,LAT (copy),LAT,Leftshoulderwidth,Length,Lgtruck Nonlgtruck,Light Condition,Located Unlocated,LON (copy),LON,MAINLINE (group),Mainline Yn,Medianleftshoulderwidth,Medianrightshoulderwidth,Mediantypedesc,Medianwidthmax,Medianwidthmin,Median Type,Most Harmful Crash Event Cd,Motor Nonmotor,Node,Node Info,Node Totaadt2011,Node Totaadt2012,Node Totaadt2013,Node Totaadt2014,Node Totaadt2015,Numberoflane,Number of Records,Offset,Ownership,Passage,Passgen,Passinjurytype,Passvehiclenumber,Pass Airbag Deployment,Pass Ejected From Vehicle,Pass Ems Transport Ind,Pass Safety Equip Used,Pavementconditionvalue,Pavementroughnessvalue,Pavementwidth,Pdo Crash,Total People Killed & Injured,Pedage,Pedestrians Injured,Pedestrians Killed,Pedgen,Pedinjurytype,Pednumber,Ped Action,Ped Al Test,Ped Cond,Ped Drink,Ped Drug,Ped Nonped,Ped Rflct,Persons Injured,Persons Killed,Physical Juris Nm,PJR,VSP_Used,Rd Type,Relation To Roadway,Rightshoulderwidth,RNS_MP (0.25 mi bin),Rns Mp,Roadway Alignment,Roadway Defect,Roadway Description,Roadway Surface Cond,Roadway Surface Type,Route Or Street Nm,Rte Category Cd,Rte Cat,Rte Nm,Ruralurbandesc,School Zone,Second Crash Event Cd,Segtotaadt2011,Segtotaadt2012,Segtotaadt2013,Segtotaadt2014,Segtotaadt2015,Senior Notsenior,Sidewalkdesc,Speed Before,Speed Max Safe,Speed Notspeed,Speed Posted,Start Node,Start Offset,Summons Issued Cd,Surfacedesc,Third Crash Event Cd,Time Slicing,Total Crashes including Property Damage Only,Total Crash,Traffic Control Type,Trfc Ctrl Status Type,Truckcommr,Vehiclenumber,Vehicle Body Type Cd,Vehicle Make Nm,Vehicle Maneuver Type Cd,Vehicle Model Nm,Vehicle Year Nbr,District,District_Used ,Weather Condition,Work Zone Location,Work Zone Related,Work Zone Type,Young Notyoung
No Access Control,Not ALCIHOL,Urban,0,0,Bituminous Concrete (Black Base),PENNINGTON AVENUE(L)/,Not UNBELTED,19,Male,B,2,BIKE,259.31,1,1,,2. Angle,"Not Provided,Not Provided","Not Provided,Not Provided",US00060,259.39,3,12/21/2013,12/21/2013,22. Bicycle,1605,B.Visiible Injury,2013,Left and Right sides,0,0,Newport News,Urban,22. Bicycle,MAIN,3PM TO 6PM,121.Newport News,"1,056",Intersection,Reset Filters,VDOT_OTHER,Saturday,Not DEER,"South,North",,5,1,140760176,85,Female,"PDO,B","1,2","11. Did Not Have Right-of-Way,1. No Improper Action","2. Not Deployed,Not Provided","4. No Test,4. No Test","2. Eyesight Defective,2. Eyesight Defective","Not Applicable,Not Applicable","1. Had Not Been Drinking,1. Had Not Been Drinking","2. No,2. No","1. Not Ejected,Not Provided","No,No","No,No","3. Lap and Shoulder Belt,Not Provided","1. Not Obscured,Not Applicable",,,260,646046,MIDDLESEX ROAD(B)/,0,1,"1.Divided, no control of access","22,20",1. On Roadway,"0,0",H,H.Urban Minor Arterial,Urban Extensions - Primary Routes,Not GUARDRAIL,Not HIT_RUN,"12,10",1,3. Three Approaches,140760176,C,0,0,37.07715,37.07715,0,0.19,Not LRTRUCK,2. Daylight,LOCATED,-76.495049,-76.495049,MAINLINE,MAIN,0,0,Curbed (solid raised),14,14,Divided Roadway,"22,20",Not MOTORCYCLE,646048,646048.  US00060       US00060      12107038,29709,29052,34036,32824,33489,4,1,0.2,PRI_URBAN,,,,,,,,,0,190,52,0,1,,0,0,,,,,,,,,Not PED,,1,0,Newport News,121,5,NOT-RD,9. Within Intersection,0,259.25,259.38,1. Straight - Level,1. No Defects,"2. Two-Way, Divided, Unprotected Median",1. Dry,"2. Blacktop, Asphalt, Bituminous",WARWICK BLVD,USPRI,US,R-VA   US00060WB,"Urbanized (Population 200,000 and over)",3. No,"0,0",27592,26982,31893,30757,31380,SENIOR,Left and Right sides,"5,1","25,45",Not SPEED,"25,45",646047,0,"2. No,Not Provided",0,"0,0",3PM TO 6PM,1,1,3. Traffic Signal,1. Yes - Working,Not a Parkway - Trucks and Commercial Vehicles Allowed,"1,2","1. Passenger car,9. Bicycle",MAZDA,"2. Making Right Turn,1. Going Straight Ahead",626,2002,5,5.Hampton Roads,1. No Adverse Condition (Clear/Cloudy),Not Provided,2. No,Not Provided,YOUNG
No Access Control,Not ALCIHOL,Urban,0,0,"N/A, Unknown, or Unstabilized",MARVIN AVENUE(L)/,Not UNBELTED,59,Male,B,2,BIKE,0.82,1,1,,2. Angle,"Not Provided,Not Provided","Not Provided,Not Provided",12208621,0.823,4,4/27/2015,4/27/2015,20. Motor Vehicle In Transport,745,B.Visiible Injury,2015,Left and Right sides,0,0,Norfolk,Urban,20. Motor Vehicle In Transport,MAIN,6AM TO 9AM,122.Norfolk,966,Intersection,Reset Filters,VDOT_OTHER,Monday,Not DEER,"East,South",,5,1,151410020,66,Female,"PDO,B","1,2","11. Did Not Have Right-of-Way,1. No Improper Action","2. Not Deployed,3. Unavailable/Not Applicable","4. No Test,4. No Test","1. No Defects,1. No Defects","Not Applicable,Not Applicable","1. Had Not Been Drinking,1. Had Not Been Drinking","2. No,2. No","1. Not Ejected,1. Not Ejected","No,Yes","No,No","3. Lap and Shoulder Belt,9. Not Applicable","1. Not Obscured,1. Not Obscured",,,1,485600,MAYFIELD AVENUE(L)/,0,0,"0.Two-way, non-divided","20,20",1. On Roadway,"0,0",I,I.Urban Collector,Other City or Town Streets (not state maintained),Not GUARDRAIL,Not HIT_RUN,"12,2",1,3. Three Approaches,151410020,C,0,0,36.92612,36.92612,0,0.05,Not LRTRUCK,2. Daylight,LOCATED,-76.24562,-76.24562,MAINLINE,MAIN,0,0,0,0,0,Undivided Roadway,"20,20",Not MOTORCYCLE,485568,485568. 12208620      12208620      12208621      12208621,4779,4694,4738,4565,3051,2,1,0.183,SEC_URBAN,,,,,,,,,0,0,30,0,1,,0,0,,,,,,,,,Not PED,,1,0,Norfolk,122,5,NOT-RD,9. Within Intersection,0,0.75,0.82,1. Straight - Level,1. No Defects,"1. Two-Way, Not Divided",1. Dry,"2. Blacktop, Asphalt, Bituminous",OLD OCEAN VIEW RD / 8300 BLOCK,URB,UR,R-VA122UR08621SB,"Urbanized (Population 200,000 and over)",3. No,"0,0",3673,3588,3621,3490,2096,SENIOR,Left and Right sides,"5,5","25,25",Not SPEED,"25,25",485599,0,"1. Yes,2. No",0,"0,0",6AM TO 9AM,1,1,4. Stop Sign,1. Yes - Working,Not a Parkway - Trucks and Commercial Vehicles Allowed,"1,2","1. Passenger car,9. Bicycle","TOYOTA,HUFFY","3. Making Left Turn,1. Going Straight Ahead","COROLLA,BICYCLE",1998,5,5.Hampton Roads,1. No Adverse Condition (Clear/Cloudy),Not Provided,2. No,Not Provided,Not YOUNG
Partial Access Control,Not ALCIHOL,Urban,1,1,Bituminous Concrete (Black Base),US-00013-N054A(R)/RAMP TO RTE. 225,Not UNBELTED,44,Male,A,2,BIKE,53.68,0,0,,1. Rear End,"Not Provided,Not Provided","Not Provided,Not Provided",US00013,53.68,2,4/28/2015,4/28/2015,22. Bicycle,449,A.Ambulatory Injury,2015,Right side,0,0,Virginia Beach,Urban,22. Bicycle,MAIN,3AM TO 6AM,134.Virginia Beach,0,Intersection,Reset Filters,VDOT_OTHER,Tuesday,Not DEER,"East,East",,5,1,151185307,51,Male,"PDO,A","1,2","37. Other,1. No Improper Action","2. Not Deployed,3. Unavailable/Not Applicable","4. No Test,4. No Test","1. No Defects,1. No Defects","14. No Driver Distraction,14. No Driver Distraction","1. Had Not Been Drinking,1. Had Not Been Drinking","2. No,2. No","1. Not Ejected,3. Totally Ejected","No,Yes","No,No","3. Lap and Shoulder Belt,8. No Restraint Used","1. Not Obscured,1. Not Obscured",,,54,541010,SR-00225-S005B(R)/RAMP FROM RTE. 225,0,2,"2.Divided, partial control of access","22,20",1. On Roadway,"0,0",E,E.Urban Other Principle Arterials; Connecting Links of Other Rural Principal Arterial,Urban Extensions - Primary Routes,Not GUARDRAIL,Not HIT_RUN,"1,6",1,1. Not at Intersection,151185307,C,0,0,36.89647,36.89647,6,0.05,Not LRTRUCK,4. Darkness - Road Lighted,LOCATED,-76.15048,-76.15048,MAINLINE,MAIN,6,6,Positive Barrier *_(PF1 FOR NOTE),2,2,Divided Roadway,"22,20",Not MOTORCYCLE,541011,541011.  US00013       US00013,37059,37119,36935,36928,35494,6,1,0,PRI_URBAN,,,,,,,,,0,119,86,0,1,,0,0,,,,,,,,,Not PED,,1,0,Virginia Beach,134,5,NOT-RD,8. Non-Intersection,0,53.5,53.68,1. Straight - Level,1. No Defects,"3. Two-Way, Divided, Positive Median Barrier",1. Dry,"2. Blacktop, Asphalt, Bituminous",5000 BLOCK NORTHAMPTON BOULEVARD,USPRI,US,R-VA   US00013NB,"Urbanized (Population 200,000 and over)",3. No,"0,27",37059,37119,36935,36928,35494,Not SENIOR,None,"65,15","55,55",SPEED,"55,55",541011,0,"1. Yes,2. No",0,"0,0",3AM TO 6AM,1,1,6. Traffic Lanes Marked,1. Yes - Working,Designated Truck Route - D1,"1,2","1. Passenger car,9. Bicycle","VOLVO,N/A","1. Going Straight Ahead,1. Going Straight Ahead","S80,BICYCLE",2005,5,5.Hampton Roads,1. No Adverse Condition (Clear/Cloudy),Not Provided,2. No,Not Provided,Not YOUNG
No Access Control,Not ALCIHOL,Urban,0,0,Bituminous Concrete (Black Base),STREET(R)/SHOREHAVEN DRIVE(L)/,Not UNBELTED,70,Male,B,2,BIKE,3.34,1,1,,2. Angle,"Not Provided,Not Provided","Not Provided,Not Provided",SR00279,3.586,3,4/29/2015,4/29/2015,22. Bicycle,1517,B.Visiible Injury,2015,Left and Right sides,0,0,Virginia Beach,Urban,22. Bicycle,MAIN,3PM TO 6PM,134.Virginia Beach,"4,784",Intersection,Reset Filters,VDOT_OTHER,Wednesday,Not DEER,"South,North",,5,1,151195259,18,Male,"PDO,B","1,2","11. Did Not Have Right-of-Way,1. No Improper Action","2. Not Deployed,3. Unavailable/Not Applicable","Not Applicable,Not Applicable","1. No Defects,1. No Defects","14. No Driver Distraction,14. No Driver Distraction","1. Had Not Been Drinking,1. Had Not Been Drinking","2. No,2. No","1. Not Ejected,Not Provided","No,Yes","No,No","3. Lap and Shoulder Belt,5. Helmet","1. Not Obscured,1. Not Obscured",,,4,541233,UPPER CHESLA REA(R)RIVER RD(L)(B)/,0,1,"1.Divided, no control of access","22,20",1. On Roadway,"0,0",H,H.Urban Minor Arterial,Urban Extensions - Primary Routes,Not GUARDRAIL,Not HIT_RUN,"12,8",1,4. Four Approaches,151195259,C,0,0,36.88887,36.88887,0,0.54,Not LRTRUCK,2. Daylight,LOCATED,-76.05115,-76.05115,MAINLINE,MAIN,0,0,Curbed Grass,40,4,Divided Roadway,"22,20",Not MOTORCYCLE,541230,541230.  SR00279       SR00279      13408715,47094,37375,37720,36350,36829,4,1,0.906,PRI_URBAN,,,,,,,,,0,0,52,0,1,,0,0,,,,,,,,,Not PED,,1,0,Virginia Beach,134,5,NOT-RD,9. Within Intersection,0,3.5,3.58,1. Straight - Level,1. No Defects,"2. Two-Way, Divided, Unprotected Median",1. Dry,"2. Blacktop, Asphalt, Bituminous",1700 GREAT NECK RD,STPRI,SR,R-VA   SR00279SB,"Urbanized (Population 200,000 and over)",1. Yes,"0,0",37780,34644,34964,33695,30384,SENIOR,Left and Right sides,"5,10","45,45",Not SPEED,"45,45",541232,0,"1. Yes,2. No",0,"0,0",3PM TO 6PM,1,1,4. Stop Sign,1. Yes - Working,Not a Parkway - Trucks and Commercial Vehicles Allowed,"1,2","2. Truck - Pick-up/Passenger Truck,9. Bicycle","FORD,HUFFY","2. Making Right Turn,1. Going Straight Ahead","F150,MOUNTAIN BIKE",20112005,5,5.Hampton Roads,1. No Adverse Condition (Clear/Cloudy),Not Provided,2. No,Not Provided,YOUNG
Partial Access Control,Not ALCIHOL,Urban,0,0,"N/A, Unknown, or Unstabilized",114-07026-E002A(L)/RAMP FROM RT 7026,Not UNBELTED,25,Male,C,2,BIKE,6.97,0,0,,12. Ped,"Not Provided,Not Provided","Not Provided,Not Provided",SR00134,7.148,3,4/30/2015,4/30/2015,22. Bicycle,1143,C.Non-Visible Injury,2015,None,1,1,Hampton,Urban,22. Bicycle,MAIN,9AM TO 12PM,114.Hampton,11,Intersection,Reset Filters,VDOT_OTHER,Thursday,Not DEER,"South,South",,5,1,151245180,53,Male,"PDO,C","1,2","1. No Improper Action,21. Disregarded Traffic Signal","2. Not Deployed,3. Unavailable/Not Applicable","4. No Test,4. No Test","1. No Defects,1. No Defects","Not Applicable,Not Applicable","1. Had Not Been Drinking,1. Had Not Been Drinking","2. No,2. No","1. Not Ejected,3. Totally Ejected","No,No","No,No","3. Lap and Shoulder Belt,8. No Restraint Used","16. Stopped Vehicle(s),1. Not Obscured",,,7,702864,1SR-00134-P(L)/HARDY CASH DR(L)/ENTERPRIZE PA,0,2,"2.Divided, partial control of access","22,12",1. On Roadway,"0,0",E,E.Urban Other Principle Arterials; Connecting Links of Other Rural Principal Arterial,Urban Extensions - Primary Routes,Not GUARDRAIL,Not HIT_RUN,"8,12",1,4. Four Approaches,151245180,C,0,0,37.05707,37.05707,6,0.18,Not LRTRUCK,2. Daylight,LOCATED,-76.40283,-76.40283,MAINLINE,MAIN,4,4,Grass/Unprotected,40,40,Divided Roadway,"22,20",Not MOTORCYCLE,702864,702864.  SR00134       SR00134      1SR00134P,37667,22831,38147,38136,39419,4,1,0.002,PRI_URBAN,,,,,,,,,0,136,44,0,1,,0,0,,,,,,,,,Not PED,,1,0,Hampton,114,5,NOT-RD,9. Within Intersection,6,7,7.15,1. Straight - Level,1. No Defects,"2. Two-Way, Divided, Unprotected Median",2. Wet,"2. Blacktop, Asphalt, Bituminous",HARDY CASH DR,STPRI,SR,R-VA   SR00134EB,"Urbanized (Population 200,000 and over)",3. No,"0,0",30850,,31892,31857,33115,Not SENIOR,None,"40,5","45,45",Not SPEED,"45,45",702863,0,"2. No,1. Yes",0,"0,0",9AM TO 12PM,1,1,3. Traffic Signal,1. Yes - Working,Truck Access System,"1,2","2. Truck - Pick-up/Passenger Truck,9. Bicycle",TOYT,"1. Going Straight Ahead,1. Going Straight Ahead",TUNDRA,2013,5,5.Hampton Roads,5. Rain,Not Provided,2. No,Not Provided,Not YOUNG
No Access Control,ALCOHOL,Urban,0,0,"N/A, Unknown, or Unstabilized",10TH ST(R)/,Not UNBELTED,32,0,B,1,BIKE,22.63,1,1,,2. Angle,"Not Provided,Not Provided","Not Provided,Not Provided",13408669,22.668,4,12/22/2013,12/22/2013,20. Motor Vehicle In Transport,206,B.Visiible Injury,2013,Left and Right sides,0,0,Virginia Beach,Urban,20. Motor Vehicle In Transport,MAIN,0AM TO 3AM,134.Virginia Beach,729,Intersection,Reset Filters,VDOT_OTHER,Sunday,Not DEER,"West,South",DISTRACTED,5,1,140035308,25,Male,"B,PDO","1,2","11. Did Not Have Right-of-Way,1. No Improper Action","2. Not Deployed,2. Not Deployed","4. No Test,Not Applicable","8. Other,1. No Defects","11. Other,Not Applicable","3. Drinking - Ability Impaired,1. Had Not Been Drinking","3. Unknown,Not Applicable","2. Partially Ejected,1. Not Ejected","Yes,No","No,No","6. Other,3. Lap and Shoulder Belt","1. Not Obscured,1. Not Obscured",,,23,541495,11TH ST(R)/,0,0,"0.Two-way, non-divided","20,22",1. On Roadway,"0,0",H,H.Urban Minor Arterial,Other City or Town Streets (not state maintained),Not GUARDRAIL,Not HIT_RUN,"12,10",1,4. Four Approaches,140035308,C,0,0,36.839335,36.839335,0,0.04,Not LRTRUCK,4. Darkness - Road Lighted,LOCATED,-75.973981,-75.973981,MAINLINE,MAIN,0,0,0,0,0,Undivided Roadway,"20,22",Not MOTORCYCLE,541493,541493. 13408669      13408669      13408724      13408724,26452,23305,23520,22666,22386,4,1,0.138,SEC_URBAN,,,,,,,,,0,0,42,0,1,,0,0,,,,,,,,,Not PED,,1,0,Virginia Beach,134,5,NOT-RD,1. Main-Line Roadway,0,22.5,22.67,1. Straight - Level,1. No Defects,"1. Two-Way, Not Divided",1. Dry,"2. Blacktop, Asphalt, Bituminous",1100 PACIFIC AVENUE,URB,UR,R-VA134UR08669SB,"Urbanized (Population 200,000 and over)",3. No,"0,0",19418,17275,17434,16802,16426,Not SENIOR,Left and Right sides,"5,35","35,35",Not SPEED,"35,35",541494,0.03,"1. Yes,2. No",0,"0,0",0AM TO 3AM,1,1,1. No Traffic Control,6. No Traffic Control Device Present,Not a Parkway - Trucks and Commercial Vehicles Allowed,"1,2","9. Bicycle,1. Passenger car",ACURA,"15. Other,1. Going Straight Ahead","BICYCLE,3TS",2002,5,5.Hampton Roads,1. No Adverse Condition (Clear/Cloudy),Not Provided,2. No,Not Provided,Not YOUNG
No Access Control,ALCOHOL,Urban,0,0,"N/A, Unknown, or Unstabilized",124-08528(L)/CHURCHLAND BLVD,Not UNBELTED,24,Female,C,2,BIKE,31.88,0,0,,2. Angle,"Not Provided,Not Provided","Not Provided,Not Provided",US00017,31.964,4,5/4/2015,5/4/2015,22. Bicycle,741,C.Non-Visible Injury,2015,Left and Right sides,1,1,Portsmouth,Urban,22. Bicycle,MAIN,6AM TO 9AM,124.Portsmouth,137,Intersection,Reset Filters,VDOT_OTHER,Monday,Not DEER,"North,West",,5,1,151245332,43,Male,"PDO,C","1,2","1. No Improper Action,1. No Improper Action","2. Not Deployed,3. Unavailable/Not Applicable","2. Breath,4. No Test","1. No Defects,9. Unknown","Not Applicable,Not Applicable","1. Had Not Been Drinking,1. Had Not Been Drinking","2. No,3. Unknown","1. Not Ejected,3. Totally Ejected","No,Yes","No,No","3. Lap and Shoulder Belt,8. No Restraint Used","Not Applicable,1. Not Obscured",,,32,483060,124-08532(B)/TYRE NECK RD,0,1,"1.Divided, no control of access","22,20",1. On Roadway,"0,0",E,E.Urban Other Principle Arterials; Connecting Links of Other Rural Principal Arterial,Urban Extensions - Primary Routes,Not GUARDRAIL,Not HIT_RUN,"11,10",1,1. Not at Intersection,151245332,C,0,0,36.86065,36.86065,0,0.11,Not LRTRUCK,2. Daylight,LOCATED,-76.3951,-76.3951,MAINLINE,MAIN,0,0,Curbed Grass,20,4,Divided Roadway,"22,20",Not MOTORCYCLE,483060,483060.  US00017       US00017      12408532      12408532,28303,28245,25819,25686,25663,4,1,0.026,PRI_URBAN,,,,,,,,,0,197,48,0,1,,0,0,,,,,,,,,Not PED,,1,0,Portsmouth,124,5,NOT-RD,8. Non-Intersection,0,31.75,31.99,1. Straight - Level,1. No Defects,"3. Two-Way, Divided, Positive Median Barrier",1. Dry,"2. Blacktop, Asphalt, Bituminous",5800 HIGH STREET W.,USPRI,US,R-VA   US00017SB,"Urbanized (Population 200,000 and over)",3. No,"0,0",19580,19685,16876,17016,16848,Not SENIOR,None,"5,5","35,35",Not SPEED,"35,35",483061,0.1,"Not Provided,Not Provided",0,"0,0",6AM TO 9AM,1,1,6. Traffic Lanes Marked,1. Yes - Working,Truck Access System,"1,2","1. Passenger car,9. Bicycle",CHEV,"Not Applicable,1. Going Straight Ahead",IMPALA,2011,5,5.Hampton Roads,1. No Adverse Condition (Clear/Cloudy),Not Provided,2. No,Not Provided,Not YOUNG
,Not ALCIHOL,Urban,0,0,,,Not UNBELTED,13,Male,B,2,BIKE,,1,1,,2. Angle,"Not Provided,Not Provided","Not Provided,Not Provided",,,,2/18/2012,2/18/2012,22. Bicycle,1150,B.Visiible Injury,2012,,0,0,Newport News,Urban,22. Bicycle,MAIN,9AM TO 12PM,121.Newport News,,Not Intersection,Reset Filters,VDOT_OTHER,Saturday,Not DEER,"South,North",,5,1,120650033,22,Male,"PDO,B","1,2","1. No Improper Action,1. No Improper Action","2. Not Deployed,3. Unavailable/Not Applicable","4. No Test,4. No Test","1. No Defects,1. No Defects","Not Applicable,Not Applicable","1. Had Not Been Drinking,1. Had Not Been Drinking","3. Unknown,3. Unknown","1. Not Ejected,3. Totally Ejected","No,No","No,No","3. Lap and Shoulder Belt,9. Not Applicable","1. Not Obscured,1. Not Obscured",,,,,,,,,"22,20",4. Roadside,"0,0",,,,Not GUARDRAIL,Not HIT_RUN,"1,12",1,1. Not at Intersection,,C,0,0,37.105764,37.105764,,,Not LRTRUCK,2. Daylight,UNLOCATED,-76.500384,-76.500384,MAINLINE,,,,,,,,"22,20",Not MOTORCYCLE,,.,,,,,,,1,,SEC_URBAN,,,,,,,,,,,,0,1,,0,0,,,,,,,,,Not PED,,1,0,Newport News,121,5,NOT-RD,"13. Driveway, Alley-Access - Related",,,,3. Grade - Straight,1. No Defects,"2. Two-Way, Divided, Unprotected Median",1. Dry,1. Concrete,519 OYSTER POINT RD,UNKWN,SC,U-VA121SC99999UK,,3. No,"0,0",,,,,,Not SENIOR,,"5,5","15,15",Not SPEED,"25,15",,,"2. No,2. No",,"0,0",9AM TO 12PM,1,1,1. No Traffic Control,6. No Traffic Control Device Present,,"1,2","1. Passenger car,9. Bicycle",HONDA,"2. Making Right Turn,15. Other",ACCORD,2008,5,5.Hampton Roads,1. No Adverse Condition (Clear/Cloudy),Not Provided,2. No,Not Provided,Not YOUNG
No Access Control,ALCOHOL,Urban,0,0,Bituminous Concrete (Black Base),AMHERST LANE(R)/,Not UNBELTED,59,Male,C,1,BIKE,0.51,0,0,,2. Angle,"Not Provided,Not Provided","Not Provided,Not Provided",13400010,0.513,3,2/18/2012,2/18/2012,20. Motor Vehicle In Transport,1705,C.Non-Visible Injury,2012,Left and Right sides,1,1,Virginia Beach,Urban,20. Motor Vehicle In Transport,MAIN,3PM TO 6PM,134.Virginia Beach,"1,072",Intersection,Reset Filters,VDOT_OTHER,Saturday,Not DEER,"South,West",,5,1,120565140,40,Male,"C,PDO","1,2","37. Other,1. No Improper Action","3. Unavailable/Not Applicable,2. Not Deployed","4. No Test,4. No Test","1. No Defects,1. No Defects","14. No Driver Distraction,14. No Driver Distraction","2. Drinking - Obviously Drunk,1. Had Not Been Drinking","2. No,2. No","1. Not Ejected,1. Not Ejected","Yes,No","No,No","9. Not Applicable,3. Lap and Shoulder Belt","1. Not Obscured,5. Trees, Crops, etc.",,,1,734959,ADELPHI ROAD(R)/,0,1,"1.Divided, no control of access","20,22",1. On Roadway,"0,0",H,H.Urban Minor Arterial,Other City or Town Streets (not state maintained),Not GUARDRAIL,Not HIT_RUN,"12,2",1,3. Three Approaches,120565140,C,0,0,36.810448,36.810448,0,0.12,Not LRTRUCK,3. Dusk,LOCATED,-76.209423,-76.209423,MAINLINE,MAIN,0,0,Curbed Grass,16,4,Divided Roadway,"20,22",Not MOTORCYCLE,541262,541262. 13400010      13400010      13408820,18313,17090,17248,16622,17172,4,1,0.203,SEC_URBAN,,,,,,,,,0,0,54,0,1,,0,0,,,,,,,,,Not PED,,1,0,Virginia Beach,134,5,NOT-RD,9. Within Intersection,0,0.5,0.51,1. Straight - Level,1. No Defects,"2. Two-Way, Divided, Unprotected Median",1. Dry,"2. Blacktop, Asphalt, Bituminous",6300  PROVIDENCE  ROAD,URB,UR,R-VA134UR00010EB,"Urbanized (Population 200,000 and over)",3. No,"0,0",15500,14585,14720,14185,14849,Not SENIOR,Left and Right sides,"5,15","30,30",Not SPEED,"30,30",734947,0,"2. No,2. No",0,"0,0",3PM TO 6PM,1,1,4. Stop Sign,1. Yes - Working,Not a Parkway - Trucks and Commercial Vehicles Allowed,"1,2","9. Bicycle,22. Truck - Sport Utility Vehicle (SUV)","UNK,JEEP","1. Going Straight Ahead,2. Making Right Turn","BICYCLE,COMMANDER",2007,5,5.Hampton Roads,1. No Adverse Condition (Clear/Cloudy),Not Provided,2. No,Not Provided,Not YOUNG
,Not ALCIHOL,Urban,0,0,,,Not UNBELTED,6,Female,B,2,BIKE,,1,1,,16. Other,"Not Provided,Not Provided","Not Provided,Not Provided",,,,8/25/2012,8/25/2012,20. Motor Vehicle In Transport,2012,B.Visiible Injury,2012,,0,1,Virginia Beach,Urban,20. Motor Vehicle In Transport,MAIN,6PM TO 9PM,134.Virginia Beach,,Not Intersection,Reset Filters,VDOT_OTHER,Saturday,Not DEER,"South,West",,5,1,122405191,51,Female,"C,B","1,2","1. No Improper Action,1. No Improper Action","2. Not Deployed,3. Unavailable/Not Applicable","Not Applicable,Not Applicable","1. No Defects,1. No Defects","14. No Driver Distraction,14. No Driver Distraction","1. Had Not Been Drinking,1. Had Not Been Drinking","2. No,2. No","1. Not Ejected,1. Not Ejected","No,Yes","No,No","3. Lap and Shoulder Belt,9. Not Applicable","1. Not Obscured,1. Not Obscured",,,,,,,,,"22,20",1. On Roadway,"0,0",,,,Not GUARDRAIL,Not HIT_RUN,"2,2",1,1. Not at Intersection,,C,0,0,36.796297,36.796297,,,Not LRTRUCK,4. Darkness - Road Lighted,UNLOCATED,-76.086513,-76.086513,MAINLINE,,,,,,,,"22,20",Not MOTORCYCLE,,.,,,,,,,1,,SEC_URBAN,,,,,,,,,,,,0,2,,0,0,,,,,,,,,Not PED,,2,0,Virginia Beach,134,5,NOT-RD,1. Main-Line Roadway,,,,1. Straight - Level,1. No Defects,"1. Two-Way, Not Divided",1. Dry,"2. Blacktop, Asphalt, Bituminous",1260 GREEN CEDAR LN.,UNKWN,SC,U-VA134SC99999UK,,3. No,"0,0",,,,,,Not SENIOR,,"1,1","25,25",Not SPEED,"25,25",,,"2. No,2. No",,"0,0",6PM TO 9PM,1,1,1. No Traffic Control,6. No Traffic Control Device Present,,"1,2","3. Van,9. Bicycle","Dodge,BMX","7. Starting From Parked Position,1. Going Straight Ahead","Ram Van,BICYCLE",19992012,5,5.Hampton Roads,1. No Adverse Condition (Clear/Cloudy),Not Provided,2. No,Not Provided,Not YOUNG