Access Control,Alcohol Notalcohol,Area Type1,A Crash,A People,Basetypedesc,Begin Node Dsc,Belted Unbelted,Bikeage,Bikegen,Bikeinjurytype,Bikevehiclenumber,Bike Nonbike,BMP,B Crash,B People,Carspeedlimit,Collision Type,Comm Cargo Body Type Cd,Comm Vehicle Body Type Cd,Cotedrouteid,Coted Mp,Count App,CRASH_DT (copy),Crash Dt,Crash Event Type Dsc,Crash Military Tm,Crash Severity,Crash Year,Curbgutterdesc,C Crash,C People,Juris Name Used,Area Type Used,First Harmful Event of Entire Crash,MAINLINE,Time Slicing Used,Phy_Juris_Nm,Offset-Ft,Intersection Analysis,Clear,Calculation_9640323132123359,Day Of Week,Deer Nodeer,Direction Of Travel Cd,Distracted Notdistracted,VSP,TOTAL CRASH,Document Nbr,Driverage,Drivergen,Driverinjurytype,Drivervehiclenumber,Driver Action Type Cd,Driver Airbag Deployment,Driver Alcohol Test Type Cd,Driver Condition Type Cd,Driver Distraction Type Cd,Driver Drinking Type Cd,Driver Drug Use Cd,Driver Ejected From Vehicle,Driver Ems Transport Ind,Driver Fled Scene Ind,Driver Safety Equip Used,Driver Vis Obscured Type Cd,Drowsy Notdrowsy,Drug Nodrug,EMP,End Node,End Node Dsc,End Offset,Facility,FAC,First Crash Event Cd,First Harmful Event,Fourth Crash Event Cd,Functionalclass,FUN,Govcondesc,Gr Nogr,Hitrun Not Hitrun,Initial Veh Impact Area Cd,Injury Crashes,Intersection Type,Int Doc,Jurtype,K_CRASH,K People,LAT (copy),LAT,Leftshoulderwidth,Length,Lgtruck Nonlgtruck,Light Condition,Located Unlocated,LON (copy),LON,MAINLINE (group),Mainline Yn,Medianleftshoulderwidth,Medianrightshoulderwidth,Mediantypedesc,Medianwidthmax,Medianwidthmin,Median Type,Most Harmful Crash Event Cd,Motor Nonmotor,Node,Node Info,Node Totaadt2011,Node Totaadt2012,Node Totaadt2013,Node Totaadt2014,Node Totaadt2015,Numberoflane,Number of Records,Offset,Ownership,Passage,Passgen,Passinjurytype,Passvehiclenumber,Pass Airbag Deployment,Pass Ejected From Vehicle,Pass Ems Transport Ind,Pass Safety Equip Used,Pavementconditionvalue,Pavementroughnessvalue,Pavementwidth,Pdo Crash,Total People Killed & Injured,Pedage,Pedestrians Injured,Pedestrians Killed,Pedgen,Pedinjurytype,Pednumber,Ped Action,Ped Al Test,Ped Cond,Ped Drink,Ped Drug,Ped Nonped,Ped Rflct,Persons Injured,Persons Killed,Physical Juris Nm,PJR,VSP_Used,Rd Type,Relation To Roadway,Rightshoulderwidth,RNS_MP (0.25 mi bin),Rns Mp,Roadway Alignment,Roadway Defect,Roadway Description,Roadway Surface Cond,Roadway Surface Type,Route Or Street Nm,Rte Category Cd,Rte Cat,Rte Nm,Ruralurbandesc,School Zone,Second Crash Event Cd,Segtotaadt2011,Segtotaadt2012,Segtotaadt2013,Segtotaadt2014,Segtotaadt2015,Senior Notsenior,Sidewalkdesc,Speed Before,Speed Max Safe,Speed Notspeed,Speed Posted,Start Node,Start Offset,Summons Issued Cd,Surfacedesc,Third Crash Event Cd,Time Slicing,Total Crashes including Property Damage Only,Total Crash,Traffic Control Type,Trfc Ctrl Status Type,Truckcommr,Vehiclenumber,Vehicle Body Type Cd,Vehicle Make Nm,Vehicle Maneuver Type Cd,Vehicle Model Nm,Vehicle Year Nbr,District,District_Used ,Weather Condition,Work Zone Location,Work Zone Related,Work Zone Type,Young Notyoung
,Not ALCIHOL,Urban,0,0,,,Not UNBELTED,10,Male,B,1,BIKE,,1,1,,2. Angle,"Not Provided,Not Provided","Not Provided,Not Provided",,,,8/25/2012,8/25/2012,22. Bicycle,1921,B.Visiible Injury,2012,,0,0,Virginia Beach,Urban,22. Bicycle,MAIN,6PM TO 9PM,134.Virginia Beach,,Not Intersection,Reset Filters,VDOT_OTHER,Saturday,Not DEER,"West,North",,5,1,122495273,31,Male,"B,PDO","1,2","24. Fail to Stop at Through Highway - No Sign,1. No Improper Action","3. Unavailable/Not Applicable,2. Not Deployed","Not Applicable,Not Applicable","1. No Defects,1. No Defects","14. No Driver Distraction,14. No Driver Distraction","1. Had Not Been Drinking,1. Had Not Been Drinking","Not Applicable,Not Applicable","3. Totally Ejected,1. Not Ejected","Yes,NotProvided","No,No","5. Helmet,3. Lap and Shoulder Belt","1. Not Obscured,1. Not Obscured",,,,,,,,,"22,20",1. On Roadway,"0,0",,,,Not GUARDRAIL,Not HIT_RUN,"9,12",1,4. Four Approaches,,C,0,0,36.84799,36.84799,,,Not LRTRUCK,3. Dusk,UNLOCATED,-76.058048,-76.058048,MAINLINE,,,,,,,,"22,20",Not MOTORCYCLE,,.,,,,,,,1,,SEC_URBAN,,,,,,,,,,,,0,1,,0,0,,,,,,,,,Not PED,,1,0,Virginia Beach,134,5,NOT-RD,9. Within Intersection,,,,1. Straight - Level,1. No Defects,"1. Two-Way, Not Divided",1. Dry,1. Concrete,2549 BACK ACRES RD,UNKWN,SC,U-VA134SC99999UK,,3. No,"0,0",,,,,,Not SENIOR,,"10,15","25,25",Not SPEED,"25,25",,,"2. No,2. No",,"0,0",6PM TO 9PM,1,1,4. Stop Sign,1. Yes - Working,,"1,2","9. Bicycle,1. Passenger car","CYPRESS,NISSAN","1. Going Straight Ahead,1. Going Straight Ahead","GIANT BICYCLE,ALTIMA",20092009,5,5.Hampton Roads,1. No Adverse Condition (Clear/Cloudy),Not Provided,2. No,Not Provided,Not YOUNG
,Not ALCIHOL,Urban,0,0,,,Not UNBELTED,21,Female,B,2,BIKE,,1,1,,4. Sideswipe - Same Direction,"Not Provided,Not Provided","Not Provided,Not Provided",,,,8/26/2012,8/26/2012,22. Bicycle,1620,B.Visiible Injury,2012,,0,0,Virginia Beach,Urban,22. Bicycle,MAIN,3PM TO 6PM,134.Virginia Beach,,Not Intersection,Reset Filters,VDOT_OTHER,Sunday,Not DEER,"East,East",,5,1,122615159,48,Female,"PDO,B","1,2","1. No Improper Action,1. No Improper Action","2. Not Deployed,3. Unavailable/Not Applicable","4. No Test,4. No Test","1. No Defects,1. No Defects","14. No Driver Distraction,14. No Driver Distraction","1. Had Not Been Drinking,1. Had Not Been Drinking","Not Applicable,Not Applicable","1. Not Ejected,3. Totally Ejected","No,Yes","No,No","3. Lap and Shoulder Belt,6. Other","1. Not Obscured,1. Not Obscured",,,,,,,,,"22,22",4. Roadside,"0,0",,,,Not GUARDRAIL,Not HIT_RUN,"1,11",1,4. Four Approaches,,C,0,0,36.8467,36.8467,,,Not LRTRUCK,2. Daylight,UNLOCATED,-75.977934,-75.977934,MAINLINE,,,,,,,,"22,22",Not MOTORCYCLE,,.,,,,,,,1,,SEC_URBAN,,,,,,,,,,,,0,1,,0,0,,,,,,,,,Not PED,,1,0,Virginia Beach,134,5,NOT-RD,9. Within Intersection,,,,1. Straight - Level,1. No Defects,"1. Two-Way, Not Divided",1. Dry,"2. Blacktop, Asphalt, Bituminous",19TH ST,URB,UR,R-VA134UR08818EB,,3. No,"0,0",,,,,,Not SENIOR,,"20,2","25,25",Not SPEED,"25,25",,,"2. No,2. No",,"0,0",3PM TO 6PM,1,1,3. Traffic Signal,1. Yes - Working,,"1,2","1. Passenger car,9. Bicycle",Jeep,"1. Going Straight Ahead,1. Going Straight Ahead","Grand Cherokee,BICYCLE",2004,5,5.Hampton Roads,1. No Adverse Condition (Clear/Cloudy),Not Provided,2. No,Not Provided,Not YOUNG
Partial Access Control,ALCOHOL,Urban,0,0,Bituminous Concrete (Black Base),PINE WOOD RUN(R)/,Not UNBELTED,57,Not Provided,B,2,BIKE,16.59,1,1,,2. Angle,"Not Provided,Not Provided","Not Provided,Not Provided",US00017,16.684,5,8/26/2012,8/26/2012,20. Motor Vehicle In Transport,2030,B.Visiible Injury,2012,None,0,0,Chesapeake,Urban,20. Motor Vehicle In Transport,MAIN,6PM TO 9PM,131.Chesapeake,32,Intersection,Reset Filters,VDOT_OTHER,Sunday,Not DEER,"South,West",,5,1,122405000,,Not Provided,"PDO,B","1,2","34. Hit and Run,21. Disregarded Traffic Signal","Not Provided,3. Unavailable/Not Applicable","Not Applicable,4. No Test","9. Unknown,1. No Defects","14. No Driver Distraction,14. No Driver Distraction","6. Unknown,2. Drinking - Obviously Drunk","3. Unknown,2. No","Not Provided,1. Not Ejected","NotProvided,No","Yes,No","Not Provided,8. No Restraint Used","1. Not Obscured,1. Not Obscured",,,17,483277,SR-00190(B)/SR-00168-S015A(L)/FROM & TO RT 46,0,2,"2.Divided, partial control of access","22,20",1. On Roadway,"0,0",E,E.Urban Other Principle Arterials; Connecting Links of Other Rural Principal Arterial,Urban Extensions - Primary Routes,Not GUARDRAIL,HIT_RUN,"0,12",1,4. Four Approaches,122405000,C,0,0,36.754286,36.754286,6,0.1,Not LRTRUCK,4. Darkness - Road Lighted,LOCATED,-76.271829,-76.271829,MAINLINE,MAIN,2,2,Grass/Unprotected,20,4,Divided Roadway,"22,20",Not MOTORCYCLE,483277,483277.  SR00168S015A  SR00190       SR00190       US00017       US00017,45121,44435,45969,45931,46694,3,1,0.006,PRI_URBAN,,,,,,,,,0,165,48,0,1,,0,0,,,,,,,,,Not PED,,1,0,Chesapeake,131,5,NOT-RD,9. Within Intersection,6,16.5,16.68,1. Straight - Level,1. No Defects,"3. Two-Way, Divided, Positive Median Barrier",1. Dry,"2. Blacktop, Asphalt, Bituminous",RT 17,USPRI,US,R-VA   US00017SB,"Urbanized (Population 200,000 and over)",3. No,"0,0",26592,26258,27452,27882,28312,Not SENIOR,None,5,"45,0",Not SPEED,"45,35",726432,0.17,"3. Pending,2. No",0,"0,0",6PM TO 9PM,1,1,3. Traffic Signal,1. Yes - Working,Designated Truck Route - D2,"1,2","1. Passenger car,9. Bicycle",MONGOOSE,"1. Going Straight Ahead,1. Going Straight Ahead",MOUNTAIN BIKE,2010,5,5.Hampton Roads,1. No Adverse Condition (Clear/Cloudy),Not Provided,2. No,Not Provided,Not YOUNG
No Access Control,Not ALCIHOL,Urban,0,0,Dual Type,SR-00332(R)/,Not UNBELTED,,"Male,Male","B,B",,BIKE,14.45,1,2,,2. Angle,"Not Provided,Not Provided,Not Provided","Not Provided,Not Provided,Not Provided",SR00166,14.487,3,8/27/2012,8/27/2012,20. Motor Vehicle In Transport,1711,B.Visiible Injury,2012,Left side,0,1,Virginia Beach,Urban,20. Motor Vehicle In Transport,MAIN,3PM TO 6PM,134.Virginia Beach,195,Intersection,Reset Filters,VDOT_OTHER,Monday,Not DEER,"South,North,South",,5,1,122415158,571715,Female,"C,B,B","1,2,3","1. No Improper Action,10. Wrong Side Of Road - Not Overtaking,10. Wrong Side Of Road - Not Overtaking","2. Not Deployed,2. Not Deployed,2. Not Deployed","4. No Test,4. No Test,4. No Test","1. No Defects,1. No Defects,1. No Defects","Not Applicable,Not Applicable,Not Applicable","1. Had Not Been Drinking,1. Had Not Been Drinking,1. Had Not Been Drinking","2. No,2. No,2. No","1. Not Ejected,2. Partially Ejected,2. Partially Ejected","No,No,No","No,No,No","3. Lap and Shoulder Belt,6. Other,6. Other","1. Not Obscured,1. Not Obscured,1. Not Obscured",,,15,486033,SR-00332(R)/,0.07,1,"1.Divided, no control of access","20,20,20",1. On Roadway,"0,0,0",H,H.Urban Minor Arterial,Urban Extensions - Primary Routes,Not GUARDRAIL,Not HIT_RUN,"11,12,12",1,2. Two Approaches,122415158,C,0,0,36.891896,36.891896,0,0.07,Not LRTRUCK,2. Daylight,LOCATED,-76.181032,-76.181032,MAINLINE,MAIN,2,2,Grass/Unprotected,34,8,Divided Roadway,"20,20,20",Not MOTORCYCLE,486033,486033.  SR00166       SR00166       SR00332,27966,26976,27225,26237,27090,4,1,0.037,PRI_URBAN,,,,,,,,,0,103,44,0,3,,0,0,,,,,,,,,Not PED,,3,0,Virginia Beach,134,5,NOT-RD,9. Within Intersection,5,14.25,14.49,1. Straight - Level,1. No Defects,"2. Two-Way, Divided, Unprotected Median",2. Wet,1. Concrete,1421 DIAMOND SPRINGS RD.,STPRI,SR,R-VA   SR00166WB,"Urbanized (Population 200,000 and over)",3. No,"0,0,0",27966,26976,27225,26237,27090,Not SENIOR,None,"15,3,3","50,50,50",Not SPEED,"50,50,50",486033,0,"2. No,2. No,2. No",0,"0,0,0",3PM TO 6PM,1,1,4. Stop Sign,1. Yes - Working,Truck Access System,"1,2,3","1. Passenger car,9. Bicycle,9. Bicycle","HONDA,MAKO,BMX","2. Making Right Turn,1. Going Straight Ahead,1. Going Straight Ahead","CRV,NEXT,DIRT BIKE",2.0112E+11,5,5.Hampton Roads,5. Rain,Not Provided,2. No,Not Provided,YOUNG
,Not ALCIHOL,Urban,0,0,,,Not UNBELTED,23,Male,B,1,BIKE,,1,1,,2. Angle,"Not Provided,Not Provided","Not Provided,Not Provided",,,,8/28/2012,8/28/2012,20. Motor Vehicle In Transport,1426,B.Visiible Injury,2012,,0,1,Virginia Beach,Urban,20. Motor Vehicle In Transport,MAIN,12PM TO 3PM,134.Virginia Beach,,Not Intersection,Reset Filters,VDOT_OTHER,Tuesday,Not DEER,"South,West",,5,1,122425124,65,Male,"B,C","1,2","11. Did Not Have Right-of-Way,1. No Improper Action","3. Unavailable/Not Applicable,2. Not Deployed","4. No Test,4. No Test","1. No Defects,1. No Defects","14. No Driver Distraction,14. No Driver Distraction","1. Had Not Been Drinking,1. Had Not Been Drinking","2. No,2. No","3. Totally Ejected,1. Not Ejected","No,No","No,No","9. Not Applicable,3. Lap and Shoulder Belt","1. Not Obscured,1. Not Obscured",,,,,,,,,"20,20",1. On Roadway,"0,0",,,,Not GUARDRAIL,Not HIT_RUN,"12,2",1,1. Not at Intersection,,C,0,0,36.8367,36.8367,,,Not LRTRUCK,2. Daylight,UNLOCATED,-76.095986,-76.095986,MAINLINE,,,,,,,,"20,20",Not MOTORCYCLE,,.,,,,,,,1,,SEC_URBAN,,,,,,,,,,,,0,2,,0,0,,,,,,,,,Not PED,,2,0,Virginia Beach,134,5,NOT-RD,8. Non-Intersection,,,,1. Straight - Level,1. No Defects,"1. Two-Way, Not Divided",1. Dry,"2. Blacktop, Asphalt, Bituminous",HILBER ST,UNKWN,SC,U-VA134SC99999UK,,3. No,"0,0",,,,,,SENIOR,,"15,3","25,25",Not SPEED,"25,25",,,"2. No,2. No",,"0,0",12PM TO 3PM,1,1,1. No Traffic Control,6. No Traffic Control Device Present,,"1,2","9. Bicycle,1. Passenger car","ZED SPORT,Dodge","1. Going Straight Ahead,5. Slowing or Stopping","KR BICYCLE,Magnum",2005,5,5.Hampton Roads,1. No Adverse Condition (Clear/Cloudy),Not Provided,2. No,Not Provided,Not YOUNG
No Access Control,Not ALCIHOL,Urban,0,0,"N/A, Unknown, or Unstabilized",122-08780(L)/LINDENWOOD AV,Not UNBELTED,61,Male,B,1,BIKE,24.81,1,1,,2. Angle,"Not Provided,Not Provided","Not Provided,Not Provided",SR00168,25.395,4,2/22/2012,2/22/2012,22. Bicycle,2342,B.Visiible Injury,2012,Left and Right sides,0,0,Norfolk,Urban,22. Bicycle,MAIN,9PM TO 12AM,122.Norfolk,26,Intersection,Reset Filters,VDOT_OTHER,Wednesday,Not DEER,"North,East",,5,1,120790107,74,Male,"B,PDO","1,2","37. Other,1. No Improper Action","3. Unavailable/Not Applicable,2. Not Deployed","4. No Test,4. No Test","1. No Defects,1. No Defects","Not Applicable,Not Applicable","6. Unknown,6. Unknown","2. No,2. No","2. Partially Ejected,1. Not Ejected","No,No","No,No","9. Not Applicable,3. Lap and Shoulder Belt","1. Not Obscured,1. Not Obscured",,,25,483419,SR-00247(B)/,0,0,"0.Two-way, non-divided","20,22",1. On Roadway,"0,0",E,E.Urban Other Principle Arterials; Connecting Links of Other Rural Principal Arterial,Urban Extensions - Primary Routes,Not GUARDRAIL,Not HIT_RUN,"12,4",1,4. Four Approaches,120790107,C,0,0,36.877572,36.877572,0,0.59,Not LRTRUCK,4. Darkness - Road Lighted,LOCATED,-76.263496,-76.263496,MAINLINE,MAIN,0,0,0,0,0,Undivided Roadway,"20,22",Not MOTORCYCLE,483419,483419.  SR00168       SR00168       SR00247       SR00247,50170,46601,47285,46016,50378,4,1,0.005,PRI_URBAN,,,,,,,,,0,227,48,0,1,,0,0,,,,,,,,,Not PED,,1,0,Norfolk,122,5,NOT-RD,9. Within Intersection,0,25.25,25.39,1. Straight - Level,1. No Defects,"2. Two-Way, Divided, Unprotected Median",1. Dry,"2. Blacktop, Asphalt, Bituminous",3100 BLK TIDEWATER DR,STPRI,SR,R-VA   SR00168NB,"Urbanized (Population 200,000 and over)",3. No,"0,0",28657,25727,26174,25591,30470,SENIOR,None,"5,10","30,30",Not SPEED,"30,30",483418,0.22,"2. No,2. No",0,"0,0",9PM TO 12AM,1,1,3. Traffic Signal,1. Yes - Working,Not a Parkway - Trucks and Commercial Vehicles Allowed,"1,2","9. Bicycle,2. Truck - Pick-up/Passenger Truck","MAGNA,TOYOTA","1. Going Straight Ahead,2. Making Right Turn","ELECTROSHOCK,TACOMA",2000,5,5.Hampton Roads,1. No Adverse Condition (Clear/Cloudy),Not Provided,2. No,Not Provided,Not YOUNG
No Access Control,Not ALCIHOL,Urban,0,0,Bituminous Concrete (Black Base),134-08734(L)/Gap Terminus/WINDSOR OAKS BLVD,Not UNBELTED,17,Female,B,2,BIKE,4.16,1,1,,2. Angle,"Not Provided,Not Provided","Not Provided,Not Provided",13408627,4.16,3,5/8/2015,5/8/2015,20. Motor Vehicle In Transport,2115,B.Visiible Injury,2015,Left and Right sides,0,1,Virginia Beach,Urban,20. Motor Vehicle In Transport,MAIN,9PM TO 12AM,134.Virginia Beach,0,Intersection,Reset Filters,VDOT_OTHER,Friday,Not DEER,"North,East",,5,1,151305117,18,Female,"C,B","1,2","17. Other Improper Turn,1. No Improper Action","2. Not Deployed,3. Unavailable/Not Applicable","Not Applicable,Not Applicable","1. No Defects,1. No Defects","14. No Driver Distraction,14. No Driver Distraction","1. Had Not Been Drinking,1. Had Not Been Drinking","2. No,2. No","1. Not Ejected,3. Totally Ejected","No,No","No,No","3. Lap and Shoulder Belt,5. Helmet","1. Not Obscured,1. Not Obscured",,,4,541354,134-08833(R)/FOXWOOD DRIVE(L)/,0,1,"1.Divided, no control of access","20,20",1. On Roadway,"0,0",H,H.Urban Minor Arterial,Other City or Town Streets (not state maintained),Not GUARDRAIL,Not HIT_RUN,"12,9",1,4. Four Approaches,151305117,C,0,0,36.80641,36.80641,0,0.24,Not LRTRUCK,4. Darkness - Road Lighted,LOCATED,-76.11696,-76.11696,MAINLINE,MAIN,6,6,Grass/Unprotected,40,24,Divided Roadway,"20,20",Not MOTORCYCLE,541353,541353. 13408627      13408627      13408734,28532,27991,28249,27224,28151,4,1,0,SEC_URBAN,,,,,,,,,0,0,52,0,2,,0,0,,,,,,,,,Not PED,,2,0,Virginia Beach,134,5,NOT-RD,9. Within Intersection,0,4,4.16,1. Straight - Level,1. No Defects,"3. Two-Way, Divided, Positive Median Barrier",1. Dry,"2. Blacktop, Asphalt, Bituminous",WINDSOR OAKS BLVD,URB,UR,R-VA134UR08627SB,"Urbanized (Population 200,000 and over)",3. No,"0,0",24984,25066,25297,24379,25174,Not SENIOR,Left and Right sides,"20,5","45,45",Not SPEED,"45,45",541353,0,"1. Yes,2. No",0,"0,0",9PM TO 12AM,1,1,3. Traffic Signal,1. Yes - Working,Not a Parkway - Trucks and Commercial Vehicles Allowed,"1,2","22. Truck - Sport Utility Vehicle (SUV),9. Bicycle","CHEVROLET,OP","3. Making Left Turn,1. Going Straight Ahead","EQUINOX,BEACH CRUISER",20122014,5,5.Hampton Roads,1. No Adverse Condition (Clear/Cloudy),Not Provided,2. No,Not Provided,YOUNG
No Access Control,Not ALCIHOL,Urban,1,1,Portland Cement Concrete,99-00659(R)/DOGWOOD ROAD,Not UNBELTED,61,Male,A,1,BIKE,3.32,0,0,35,4. Sideswipe - Same Direction,"Not Provided,Not Provided","Not Provided,Not Provided",SR00238,3.357,3,5/9/2015,5/9/2015,20. Motor Vehicle In Transport,1700,A.Ambulatory Injury,2015,Right side,0,0,York,Urban,20. Motor Vehicle In Transport,MAIN,3PM TO 6PM,99.York,913,Intersection,Reset Filters,VDOT_OTHER,Saturday,Not DEER,"South,South",,5,1,151315354,55,Female,"A,PDO","1,2","8. Cutting In,1. No Improper Action","3. Unavailable/Not Applicable,2. Not Deployed","Not Applicable,Not Applicable","9. Unknown,1. No Defects","14. No Driver Distraction,14. No Driver Distraction","6. Unknown,1. Had Not Been Drinking","3. Unknown,2. No","3. Totally Ejected,1. Not Ejected","Yes,No","No,No","8. No Restraint Used,3. Lap and Shoulder Belt","1. Not Obscured,1. Not Obscured",,,3,671247,99-00659(R)/DOGWOOD ROAD,0.23,0,"0.Two-way, non-divided","42,36",1. On Roadway,"0,14",H,H.Urban Minor Arterial,State Primary and Interstate,Not GUARDRAIL,Not HIT_RUN,"7,2",1,1. Not at Intersection,151315354,N,0,0,37.23149,37.23149,9,0.08,Not LRTRUCK,2. Daylight,LOCATED,-76.55104,-76.55104,MAINLINE,MAIN,0,0,0,0,0,Undivided Roadway,"39,22",Not MOTORCYCLE,671249,671249.  9900660       SR00238       SR00238,10311,9935,9500,9415,9560,2,1,0.173,VDOT_PRI,,,,,,,,,0,132,26,0,1,,0,0,,,,,,,,,Not PED,,1,0,York,99,5,NOT-RD,8. Non-Intersection,0,3.25,3.36,1. Straight - Level,1. No Defects,"1. Two-Way, Not Divided",1. Dry,"2. Blacktop, Asphalt, Bituminous",RT-238OLD WILLIAMSBURG ROAD,STPRI,SR,R-VA   SR00238EB,"Urbanized (Population 200,000 and over)",3. No,"20,22",9864,9311,8609,8744,8868,Not SENIOR,Right side,"15,35","45,45",Not SPEED,"45,45",671247,0.15,"2. No,2. No",0,"39,28",3PM TO 6PM,1,1,6. Traffic Lanes Marked,1. Yes - Working,Truck Access System,"1,2","9. Bicycle,1. Passenger car","HUFFY,KIA","15. Other,1. Going Straight Ahead","BICYCLE,OPTIMA",20012007,5,5.Hampton Roads,1. No Adverse Condition (Clear/Cloudy),Not Provided,2. No,Not Provided,Not YOUNG
No Access Control,ALCOHOL,Urban,0,0,Dual Type,134-08652(L)/BURTON STA RD,Not UNBELTED,57,Male,K,1,BIKE,51.1,0,0,,2. Angle,"Not Provided,Not Provided","Not Provided,Not Provided",US00013,51.373,3,5/9/2015,5/9/2015,20. Motor Vehicle In Transport,2004,K.Fatal Injury,2015,Left and Right sides,0,0,Virginia Beach,Urban,20. Motor Vehicle In Transport,MAIN,6PM TO 9PM,134.Virginia Beach,37,Intersection,Reset Filters,VDOT_OTHER,Saturday,Not DEER,"East,South",DISTRACTED,5,1,151345262,32,Female,"K,PDO","1,2","21. Disregarded Traffic Signal,1. No Improper Action","3. Unavailable/Not Applicable,2. Not Deployed","4. No Test,Not Applicable","4. Other Body Defects,1. No Defects","11. Other,14. No Driver Distraction","5. Drinking - Not Known Whether Impaired,1. Had Not Been Drinking","3. Unknown,3. Unknown","1. Not Ejected,1. Not Ejected","No,No","No,No","8. No Restraint Used,3. Lap and Shoulder Belt","1. Not Obscured,1. Not Obscured",,,51,541015,134-08651(R)/BAKER RD,0,1,"1.Divided, no control of access","20,22",1. On Roadway,"0,0",E,E.Urban Other Principle Arterials; Connecting Links of Other Rural Principal Arterial,Urban Extensions - Primary Routes,Not GUARDRAIL,Not HIT_RUN,"9,1",0,4. Four Approaches,151345262,C,1,1,36.88357,36.88357,0,0.28,Not LRTRUCK,4. Darkness - Road Lighted,LOCATED,-76.18323,-76.18323,MAINLINE,MAIN,0,0,Curbed Grass,32,32,Divided Roadway,"20,22",Not MOTORCYCLE,541015,541015.  US00013       US00013      13408651,64543,64420,64142,64024,57139,8,1,0.007,PRI_URBAN,,,,,,,,,0,138,102,0,1,,0,0,,,,,,,,,Not PED,,0,1,Virginia Beach,134,5,NOT-RD,10. Intersection Related - Within 150 Feet,0,51.25,51.38,1. Straight - Level,1. No Defects,"2. Two-Way, Divided, Unprotected Median",1. Dry,"2. Blacktop, Asphalt, Bituminous",5700 NORTHAMPTON BOULEVARD,USPRI,US,R-VA   US00013SB,"Urbanized (Population 200,000 and over)",3. No,"0,0",61959,61496,61191,61180,54757,Not SENIOR,Left and Right sides,"5,40","35,45",Not SPEED,"35,45",541016,0,"2. No,2. No",0,"0,0",6PM TO 9PM,1,1,3. Traffic Signal,1. Yes - Working,Designated Truck Route - D1,"1,2","9. Bicycle,1. Passenger car","TREK,PONTIAC","1. Going Straight Ahead,1. Going Straight Ahead","3700 ALPHA,GRAND AM",2002,5,5.Hampton Roads,1. No Adverse Condition (Clear/Cloudy),Not Provided,2. No,Not Provided,Not YOUNG
,Not ALCIHOL,Urban,0,0,,,Not UNBELTED,39,Male,K,2,BIKE,,0,0,,2. Angle,"Not Provided,Not Provided","Not Provided,Not Provided",,,4,5/10/2015,5/10/2015,22. Bicycle,1502,K.Fatal Injury,2015,,0,0,Virginia Beach,Urban,22. Bicycle,MAIN,3PM TO 6PM,134.Virginia Beach,0,Intersection,Reset Filters,VDOT_OTHER,Sunday,Not DEER,"North,East",,5,1,151345267,41,Male,"PDO,K","1,2","1. No Improper Action,11. Did Not Have Right-of-Way","2. Not Deployed,3. Unavailable/Not Applicable","Not Applicable,4. No Test","1. No Defects,1. No Defects","14. No Driver Distraction,14. No Driver Distraction","1. Had Not Been Drinking,6. Unknown","2. No,3. Unknown","1. Not Ejected,1. Not Ejected","No,Yes","No,No","2. Shoulder Belt Only,8. No Restraint Used","1. Not Obscured,1. Not Obscured",,,,,,,1,,"22,20",1. On Roadway,"0,0",H,,,Not GUARDRAIL,Not HIT_RUN,"10,12",0,4. Four Approaches,151345267,C,1,1,36.84148,36.84148,,,Not LRTRUCK,2. Daylight,UNLOCATED,-76.04841,-76.04841,MAINLINE,,,,,,,,"22,20",Not MOTORCYCLE,541073,541073.  SR00279       US00058       US00058      13408685,72812,72157,72823,70180,68463,,1,0,SEC_URBAN,,,,,,,,,,,,0,1,,0,0,,,,,,,,,Not PED,,0,1,Virginia Beach,134,5,NOT-RD,9. Within Intersection,,3.75,3.81,1. Straight - Level,1. No Defects,"2. Two-Way, Divided, Unprotected Median",1. Dry,"2. Blacktop, Asphalt, Bituminous",100 LONDON BRIDGE RD,URB,UR,R-VA134UR08685NB,,3. No,"0,0",,,,,,Not SENIOR,,"45,10","45,45",Not SPEED,"45,45",,,"2. No,2. No",,"0,0",3PM TO 6PM,1,1,3. Traffic Signal,1. Yes - Working,,"1,2","1. Passenger car,9. Bicycle","PONTIAC,UNK","1. Going Straight Ahead,1. Going Straight Ahead","GRAND PRIX,MOUNTAIN BIKE",1999,5,5.Hampton Roads,1. No Adverse Condition (Clear/Cloudy),Not Provided,2. No,Not Provided,Not YOUNG
,Not ALCIHOL,Urban,0,0,,,Not UNBELTED,33,Male,B,2,BIKE,,1,1,,4. Sideswipe - Same Direction,"Not Provided,Not Provided","Not Provided,Not Provided",,,,9/3/2012,9/3/2012,22. Bicycle,2034,B.Visiible Injury,2012,,0,0,Hampton,Urban,22. Bicycle,MAIN,6PM TO 9PM,114.Hampton,,Not Intersection,Reset Filters,VDOT_OTHER,Monday,Not DEER,"West,West",,5,1,123130024,58,Male,"PDO,B","1,2","34. Hit and Run,1. No Improper Action","2. Not Deployed,3. Unavailable/Not Applicable","4. No Test,4. No Test","9. Unknown,1. No Defects","Not Applicable,Not Applicable","6. Unknown,1. Had Not Been Drinking","2. No,2. No","1. Not Ejected,1. Not Ejected","No,No","Yes,No","6. Other,9. Not Applicable","1. Not Obscured,1. Not Obscured",,,,,,,,,"22,20",1. On Roadway,"0,0",,,,Not GUARDRAIL,HIT_RUN,"1,6",1,1. Not at Intersection,,C,0,0,37.020028,37.020028,,,Not LRTRUCK,4. Darkness - Road Lighted,UNLOCATED,-76.351596,-76.351596,MAINLINE,,,,,,,,"22,20",Not MOTORCYCLE,,.,,,,,,,1,,SEC_URBAN,,,,,,,,,,,,0,1,,0,0,,,,,,,,,Not PED,,1,0,Hampton,114,5,NOT-RD,8. Non-Intersection,,,,1. Straight - Level,1. No Defects,"2. Two-Way, Divided, Unprotected Median",1. Dry,"2. Blacktop, Asphalt, Bituminous",ViCTORIA BLVD,UNKWN,SC,U-VA114SC99999UK,,3. No,"0,0",,,,,,Not SENIOR,,"25,10","25,25",Not SPEED,"25,25",,,"1. Yes,2. No",,"0,0",6PM TO 9PM,1,1,6. Traffic Lanes Marked,6. No Traffic Control Device Present,,"1,2","2. Truck - Pick-up/Passenger Truck,9. Bicycle","FORD,NISHIKI","1. Going Straight Ahead,1. Going Straight Ahead","RANGER,BiCYCLE",1998,5,5.Hampton Roads,1. No Adverse Condition (Clear/Cloudy),Not Provided,2. No,Not Provided,Not YOUNG