Access Control,Alcohol Notalcohol,Area Type1,A Crash,A People,Basetypedesc,Begin Node Dsc,Belted Unbelted,Bikeage,Bikegen,Bikeinjurytype,Bikevehiclenumber,Bike Nonbike,BMP,B Crash,B People,Carspeedlimit,Collision Type,Comm Cargo Body Type Cd,Comm Vehicle Body Type Cd,Cotedrouteid,Coted Mp,Count App,CRASH_DT (copy),Crash Dt,Crash Event Type Dsc,Crash Military Tm,Crash Severity,Crash Year,Curbgutterdesc,C Crash,C People,Juris Name Used,Area Type Used,First Harmful Event of Entire Crash,MAINLINE,Time Slicing Used,Phy_Juris_Nm,Offset-Ft,Intersection Analysis,Clear,Calculation_9640323132123359,Day Of Week,Deer Nodeer,Direction Of Travel Cd,Distracted Notdistracted,VSP,TOTAL CRASH,Document Nbr,Driverage,Drivergen,Driverinjurytype,Drivervehiclenumber,Driver Action Type Cd,Driver Airbag Deployment,Driver Alcohol Test Type Cd,Driver Condition Type Cd,Driver Distraction Type Cd,Driver Drinking Type Cd,Driver Drug Use Cd,Driver Ejected From Vehicle,Driver Ems Transport Ind,Driver Fled Scene Ind,Driver Safety Equip Used,Driver Vis Obscured Type Cd,Drowsy Notdrowsy,Drug Nodrug,EMP,End Node,End Node Dsc,End Offset,Facility,FAC,First Crash Event Cd,First Harmful Event,Fourth Crash Event Cd,Functionalclass,FUN,Govcondesc,Gr Nogr,Hitrun Not Hitrun,Initial Veh Impact Area Cd,Injury Crashes,Intersection Type,Int Doc,Jurtype,K_CRASH,K People,LAT (copy),LAT,Leftshoulderwidth,Length,Lgtruck Nonlgtruck,Light Condition,Located Unlocated,LON (copy),LON,MAINLINE (group),Mainline Yn,Medianleftshoulderwidth,Medianrightshoulderwidth,Mediantypedesc,Medianwidthmax,Medianwidthmin,Median Type,Most Harmful Crash Event Cd,Motor Nonmotor,Node,Node Info,Node Totaadt2011,Node Totaadt2012,Node Totaadt2013,Node Totaadt2014,Node Totaadt2015,Numberoflane,Number of Records,Offset,Ownership,Passage,Passgen,Passinjurytype,Passvehiclenumber,Pass Airbag Deployment,Pass Ejected From Vehicle,Pass Ems Transport Ind,Pass Safety Equip Used,Pavementconditionvalue,Pavementroughnessvalue,Pavementwidth,Pdo Crash,Total People Killed & Injured,Pedage,Pedestrians Injured,Pedestrians Killed,Pedgen,Pedinjurytype,Pednumber,Ped Action,Ped Al Test,Ped Cond,Ped Drink,Ped Drug,Ped Nonped,Ped Rflct,Persons Injured,Persons Killed,Physical Juris Nm,PJR,VSP_Used,Rd Type,Relation To Roadway,Rightshoulderwidth,RNS_MP (0.25 mi bin),Rns Mp,Roadway Alignment,Roadway Defect,Roadway Description,Roadway Surface Cond,Roadway Surface Type,Route Or Street Nm,Rte Category Cd,Rte Cat,Rte Nm,Ruralurbandesc,School Zone,Second Crash Event Cd,Segtotaadt2011,Segtotaadt2012,Segtotaadt2013,Segtotaadt2014,Segtotaadt2015,Senior Notsenior,Sidewalkdesc,Speed Before,Speed Max Safe,Speed Notspeed,Speed Posted,Start Node,Start Offset,Summons Issued Cd,Surfacedesc,Third Crash Event Cd,Time Slicing,Total Crashes including Property Damage Only,Total Crash,Traffic Control Type,Trfc Ctrl Status Type,Truckcommr,Vehiclenumber,Vehicle Body Type Cd,Vehicle Make Nm,Vehicle Maneuver Type Cd,Vehicle Model Nm,Vehicle Year Nbr,District,District_Used ,Weather Condition,Work Zone Location,Work Zone Related,Work Zone Type,Young Notyoung
No Access Control,Not ALCIHOL,Urban,1,1,Dual Type,JB-137/NCL WILLIAMSBURG/,Not UNBELTED,22,Female,A,1,BIKE,236.75,0,0,,2. Angle,"Not Provided,Not Provided","Not Provided,Not Provided",US00060,236.962,3,9/4/2012,9/4/2012,22. Bicycle,2029,A.Ambulatory Injury,2012,Right side,0,0,Williamsburg,Urban,22. Bicycle,MAIN,6PM TO 9PM,137.Williamsburg,"2,281",Intersection,Reset Filters,VDOT_OTHER,Tuesday,Not DEER,"West,East",,5,1,122920014,56,Female,"A,PDO","1,2","10. Wrong Side Of Road - Not Overtaking,1. No Improper Action","3. Unavailable/Not Applicable,2. Not Deployed","4. No Test,4. No Test","1. No Defects,1. No Defects","Not Applicable,Not Applicable","1. Had Not Been Drinking,1. Had Not Been Drinking","2. No,2. No","1. Not Ejected,1. Not Ejected","Yes,No","No,No","9. Not Applicable,3. Lap and Shoulder Belt","1. Not Obscured,1. Not Obscured",,,237,398769,JB-137/NCL WILLIAMSBURG/,0.44,1,"1.Divided, no control of access","20,22",1. On Roadway,"0,0",E,E.Urban Other Principle Arterials; Connecting Links of Other Rural Principal Arterial,Urban Extensions - Primary Routes,Not GUARDRAIL,Not HIT_RUN,"9,12",1,4. Four Approaches,122920014,C,0,0,37.306735,37.306735,6,0.41,Not LRTRUCK,5. Darkness - Road Not Lighted,LOCATED,-76.729853,-76.729853,MAINLINE,MAIN,3,3,Grass/Unprotected,120,42,Divided Roadway,"20,22",Not MOTORCYCLE,398129,398129.  4700645       US00060       US00060,24206,23710,21917,21201,21594,4,1,0.432,PRI_URBAN,,,,,,,,,0,82,56,0,1,,0,0,,,,,,,,,Not PED,,1,0,Williamsburg,137,5,NOT-RD,9. Within Intersection,0,236.75,236.96,1. Straight - Level,1. No Defects,"3. Two-Way, Divided, Positive Median Barrier",1. Dry,"2. Blacktop, Asphalt, Bituminous",richmond rd,USPRI,US,R-VA   US00060EB,"Urbanized (Population 200,000 and over)",3. No,"0,0",22422,21926,20109,19393,19786,Not SENIOR,Right side,"5,5","25,25",Not SPEED,"25,25",398769,0.03,"1. Yes,2. No",0,"0,0",6PM TO 9PM,1,1,4. Stop Sign,1. Yes - Working,Not a Parkway - Trucks and Commercial Vehicles Allowed,"1,2","9. Bicycle,1. Passenger car","mountain,TOYOta","1. Going Straight Ahead,2. Making Right Turn","bike,RAV4",1996,5,5.Hampton Roads,1. No Adverse Condition (Clear/Cloudy),Not Provided,2. No,Not Provided,Not YOUNG
No Access Control,Not ALCIHOL,Urban,0,0,"N/A, Unknown, or Unstabilized",US-00013-N045A(R)/TO RT 64 WEST,Not UNBELTED,55,Male,K,2,BIKE,50.18,0,0,,1. Rear End,"Not Provided,Not Provided","Not Provided,Not Provided",US00013,50.18,2,9/4/2012,9/4/2012,22. Bicycle,1225,K.Fatal Injury,2012,None,0,0,Norfolk,Urban,22. Bicycle,MAIN,12PM TO 3PM,122.Norfolk,0,Intersection,Reset Filters,VDOT_OTHER,Tuesday,Not DEER,"East,East",,5,1,122840303,47,Male,"PDO,K","1,2","11. Did Not Have Right-of-Way,1. No Improper Action","2. Not Deployed,3. Unavailable/Not Applicable","Not Applicable,Not Applicable","1. No Defects,1. No Defects","Not Applicable,Not Applicable","1. Had Not Been Drinking,1. Had Not Been Drinking","2. No,3. Unknown","1. Not Ejected,1. Not Ejected","No,Yes","No,No","3. Lap and Shoulder Belt,8. No Restraint Used","11. Moving Vehicle(s),1. Not Obscured",,,50,717844,IS-00064-E282A(R)/FROM RT 64 EAST,0,1,"1.Divided, no control of access","22,20",1. On Roadway,"0,0",E,E.Urban Other Principle Arterials; Connecting Links of Other Rural Principal Arterial,Urban Extensions - Primary Routes,Not GUARDRAIL,Not HIT_RUN,"12,6",0,1. Not at Intersection,122840303,C,1,1,36.874232,36.874232,4,0.13,Not LRTRUCK,2. Daylight,LOCATED,-76.202319,-76.202319,MAINLINE,MAIN,0,0,Curbed Grass,16,4,Divided Roadway,"2,20",Not MOTORCYCLE,483003,483003.  US00013       US00013,34019,33626,33459,33453,32154,6,1,0,PRI_URBAN,,,,,,,,,0,163,80,0,1,,0,0,,,,,,,,,Not PED,,0,1,Norfolk,122,5,NOT-RD,1. Main-Line Roadway,4,50,50.18,1. Straight - Level,1. No Defects,"2. Two-Way, Divided, Unprotected Median",1. Dry,"2. Blacktop, Asphalt, Bituminous",6000 blk northampton blvd,USPRI,US,R-VA   US00013NB,"Urbanized (Population 200,000 and over)",3. No,"0,0",34019,33626,33459,33453,32154,Not SENIOR,None,"15,5","45,45",Not SPEED,"45,45",483003,0,"3. Pending,2. No",0,"0,0",12PM TO 3PM,1,1,6. Traffic Lanes Marked,1. Yes - Working,Not a Parkway - Trucks and Commercial Vehicles Allowed,"1,2","3. Van,9. Bicycle","Ford,Schwinn","14. Changing Lanes,1. Going Straight Ahead","E250,Tourist",2002,5,5.Hampton Roads,1. No Adverse Condition (Clear/Cloudy),Not Provided,2. No,Not Provided,Not YOUNG
,Not ALCIHOL,Urban,1,1,,,Not UNBELTED,55,Female,A,2,BIKE,,0,0,,12. Ped,"Not Provided,Not Provided","Not Provided,Not Provided",,,,9/5/2012,9/5/2012,19. Ped,1345,A.Ambulatory Injury,2012,,0,0,Norfolk,Urban,19. Ped,MAIN,12PM TO 3PM,122.Norfolk,,Not Intersection,Reset Filters,VDOT_OTHER,Wednesday,Not DEER,"Not Provided,West",,5,1,122960125,42,Female,"PDO,A","1,2","1. No Improper Action,11. Did Not Have Right-of-Way","2. Not Deployed,3. Unavailable/Not Applicable","Not Applicable,Not Applicable","1. No Defects,9. Unknown","Not Applicable,Not Applicable","1. Had Not Been Drinking,1. Had Not Been Drinking","2. No,2. No","1. Not Ejected,3. Totally Ejected","No,Yes","No,No","3. Lap and Shoulder Belt,9. Not Applicable","1. Not Obscured,1. Not Obscured",,,,,,,,,"19,19",1. On Roadway,"0,0",,,,Not GUARDRAIL,Not HIT_RUN,"12,3",1,4. Four Approaches,,C,0,0,36.864828,36.864828,,,Not LRTRUCK,2. Daylight,UNLOCATED,-76.27439,-76.27439,MAINLINE,,,,,,,,"19,19",Not MOTORCYCLE,,.,,,,,,,1,,SEC_URBAN,,,,,,,,,,,,0,1,,0,0,,,,,,,,,Not PED,,1,0,Norfolk,122,5,NOT-RD,1. Main-Line Roadway,,,,2. Curve - Level,1. No Defects,"1. Two-Way, Not Divided",1. Dry,"2. Blacktop, Asphalt, Bituminous",800 B AVE,UNKWN,SC,U-VA122SC99999UK,,3. No,"0,0",,,,,,Not SENIOR,,"25,10","25,25",Not SPEED,"25,25",,,"2. No,2. No",,"0,0",12PM TO 3PM,1,1,1. No Traffic Control,6. No Traffic Control Device Present,,"1,2","2. Truck - Pick-up/Passenger Truck,9. Bicycle",LINCOLN,"1. Going Straight Ahead,1. Going Straight Ahead",NAV,2005,5,5.Hampton Roads,1. No Adverse Condition (Clear/Cloudy),Not Provided,2. No,Not Provided,Not YOUNG
No Access Control,Not ALCIHOL,Urban,1,1,Dual Type,IS-00064-W276A(R)/FROM RT 64 WEST,Not UNBELTED,19,Male,A,2,BIKE,404.36,0,0,,4. Sideswipe - Same Direction,"Not Provided,Not Provided","Not Provided,Not Provided",US00460,404.798,3,9/5/2012,9/5/2012,22. Bicycle,1830,A.Ambulatory Injury,2012,None,0,0,Norfolk,Urban,22. Bicycle,MAIN,6PM TO 9PM,122.Norfolk,697,Intersection,Reset Filters,VDOT_OTHER,Wednesday,Not DEER,"North,North",DISTRACTED,5,1,122750037,66,Male,"PDO,A","1,2","1. No Improper Action,37. Other","2. Not Deployed,3. Unavailable/Not Applicable","Not Applicable,Not Applicable","1. No Defects,1. No Defects","Not Applicable,5. Radio/CD, etc.","1. Had Not Been Drinking,1. Had Not Been Drinking","2. No,2. No","1. Not Ejected,2. Partially Ejected","No,Yes","No,No","3. Lap and Shoulder Belt,8. No Restraint Used","1. Not Obscured,1. Not Obscured",,,405,483741,RAMP TO RT 64(L)/,0,1,"1.Divided, no control of access","22,20",1. On Roadway,"0,0",H,H.Urban Minor Arterial,Urban Extensions - Primary Routes,Not GUARDRAIL,Not HIT_RUN,"3,9",1,1. Not at Intersection,122750037,C,0,0,36.928703,36.928703,6,0.55,Not LRTRUCK,2. Daylight,LOCATED,-76.267438,-76.267438,MAINLINE,MAIN,4,4,Grass/Unprotected,48,48,Divided Roadway,"22,20",Not MOTORCYCLE,483740,483740.  US00460       US00460       US00460 404A,24122,2163,25600,25659,22870,4,1,0.132,PRI_URBAN,,,,,,,,,0,125,42,0,1,,0,0,,,,,,,,,Not PED,,1,0,Norfolk,122,5,NOT-RD,8. Non-Intersection,6,404.75,404.8,1. Straight - Level,1. No Defects,"1. Two-Way, Not Divided",1. Dry,"2. Blacktop, Asphalt, Bituminous",8200 gRANBY ST,USPRI,US,R-VA   US00460EB,"Urbanized (Population 200,000 and over)",3. No,"0,0",24122,,23437,23496,23158,SENIOR,None,35,"35,35",Not SPEED,"35,35",483742,0.08,"2. No,1. Yes",0,"0,0",6PM TO 9PM,1,1,6. Traffic Lanes Marked,1. Yes - Working,Not a Parkway - Trucks and Commercial Vehicles Allowed,"1,2","1. Passenger car,9. Bicycle","TOYota,bike","1. Going Straight Ahead,15. Other",TAcoma,2007,5,5.Hampton Roads,1. No Adverse Condition (Clear/Cloudy),Not Provided,2. No,Not Provided,YOUNG
No Access Control,Not ALCIHOL,Urban,1,1,Bituminous Concrete (Black Base),WESTOVER AVE(L)/,Not UNBELTED,24,Male,A,2,BIKE,0.54,0,0,,2. Angle,"Not Provided,Not Provided","Not Provided,Not Provided",13707075,0.54,4,5/11/2015,5/11/2015,20. Motor Vehicle In Transport,1830,A.Ambulatory Injury,2015,Left and Right sides,0,0,Williamsburg,Urban,20. Motor Vehicle In Transport,MAIN,6PM TO 9PM,137.Williamsburg,898,Intersection,Reset Filters,VDOT_OTHER,Monday,Not DEER,"North,West",,5,1,151335099,54,Female,"PDO,A","1,2","11. Did Not Have Right-of-Way,Not Applicable","1. Deployed - Front,2. Not Deployed","4. No Test,Not Applicable","1. No Defects,Not Applicable","Not Applicable,Not Applicable","1. Had Not Been Drinking,Not Applicable","2. No,Not Applicable","1. Not Ejected,1. Not Ejected","No,No","No,No","3. Lap and Shoulder Belt,9. Not Applicable","1. Not Obscured,Not Applicable",,,1,398837,SHIRLEY AVE(L)/,0,0,"0.Two-way, non-divided","20,20",1. On Roadway,"0,0",H,H.Urban Minor Arterial,Other City or Town Streets (not state maintained),Not GUARDRAIL,Not HIT_RUN,"1,7",1,3. Three Approaches,151335099,C,0,0,37.28032,37.28032,0,0.05,Not LRTRUCK,2. Daylight,LOCATED,-76.71818,-76.71818,MAINLINE,MAIN,0,0,0,0,0,Undivided Roadway,"20,20",Not MOTORCYCLE,398813,398813. 13707075      13707075      13707077      13707083,27434,26827,25596,24685,25185,2,1,0.17,SEC_URBAN,,,,,,,,,0,0,40,0,1,,0,0,,,,,,,,,Not PED,,1,0,Williamsburg,137,5,NOT-RD,9. Within Intersection,0,0.5,0.54,1. Straight - Level,1. No Defects,"1. Two-Way, Not Divided",1. Dry,"2. Blacktop, Asphalt, Bituminous",RICHMOND RD,URB,UR,R-VA137UR07075WB,"Urbanized (Population 200,000 and over)",3. No,"0,0",12956,12669,10055,9697,9893,Not SENIOR,Left and Right sides,"15,25","0,25",Not SPEED,"25,25",398836,0,"Not Provided,Not Provided",0,"0,0",6PM TO 9PM,1,1,1. No Traffic Control,6. No Traffic Control Device Present,Not a Parkway - Trucks and Commercial Vehicles Allowed,"1,2","1. Passenger car,9. Bicycle","VOLK,UNK","3. Making Left Turn,1. Going Straight Ahead","BUG,/",,5,5.Hampton Roads,1. No Adverse Condition (Clear/Cloudy),Not Provided,2. No,Not Provided,Not YOUNG
,Not ALCIHOL,Urban,0,0,,,Not UNBELTED,53,Female,C,1,BIKE,,0,0,,2. Angle,"Not Provided,Not Provided","Not Provided,Not Provided",,,,5/11/2015,5/11/2015,22. Bicycle,1249,C.Non-Visible Injury,2015,,1,1,Norfolk,Urban,22. Bicycle,MAIN,12PM TO 3PM,122.Norfolk,,Not Intersection,Reset Filters,VDOT_OTHER,Monday,Not DEER,"West,North",,5,1,151740010,31,Female,"C,PDO","1,2","10. Wrong Side Of Road - Not Overtaking,1. No Improper Action","3. Unavailable/Not Applicable,2. Not Deployed","4. No Test,4. No Test","1. No Defects,1. No Defects","Not Applicable,Not Applicable","1. Had Not Been Drinking,1. Had Not Been Drinking","2. No,2. No","1. Not Ejected,1. Not Ejected","Yes,No","No,No","9. Not Applicable,3. Lap and Shoulder Belt","13. Other,13. Other",,,,,,,,,"20,22",1. On Roadway,"0,0",,,,Not GUARDRAIL,Not HIT_RUN,"10,12",1,4. Four Approaches,,C,0,0,36.91537,36.91537,,,Not LRTRUCK,2. Daylight,UNLOCATED,-76.25182,-76.25182,MAINLINE,,,,,,,,"20,22",Not MOTORCYCLE,,.,,,,,,,1,,SEC_URBAN,,,,,,,,,,,,0,1,,0,0,,,,,,,,,Not PED,,1,0,Norfolk,122,5,NOT-RD,10. Intersection Related - Within 150 Feet,,,,1. Straight - Level,1. No Defects,"3. Two-Way, Divided, Positive Median Barrier",1. Dry,"2. Blacktop, Asphalt, Bituminous",7900 OLD OCEAN VIEW AVE,UNKWN,SC,U-VA122SC99999UK,,3. No,"0,0",,,,,,Not SENIOR,,3,"0,25",Not SPEED,"0,25",,,"2. No,2. No",,"0,0",12PM TO 3PM,1,1,3. Traffic Signal,1. Yes - Working,,"1,2","9. Bicycle,1. Passenger car",TOYOTA,"1. Going Straight Ahead,2. Making Right Turn",TACOMA,2011,5,5.Hampton Roads,1. No Adverse Condition (Clear/Cloudy),Not Provided,2. No,Not Provided,Not YOUNG
No Access Control,Not ALCIHOL,Urban,0,0,Bituminous Concrete (Black Base),CARVER AVE(L)/,UNBELTED,32,Male,B,1,BIKE,3.16,1,1,,2. Angle,"Not Provided,Not Provided","Not Provided,Not Provided",13408723,3.16,3,9/7/2012,9/7/2012,22. Bicycle,1455,B.Visiible Injury,2012,Left and Right sides,0,0,Virginia Beach,Urban,22. Bicycle,MAIN,12PM TO 3PM,134.Virginia Beach,475,Intersection,Reset Filters,VDOT_OTHER,Friday,Not DEER,"East,North",,5,1,122595137,24,Male,"B,PDO","1,2","1. No Improper Action,11. Did Not Have Right-of-Way","3. Unavailable/Not Applicable,2. Not Deployed","Not Applicable,Not Applicable","1. No Defects,1. No Defects","Not Applicable,Not Applicable","1. Had Not Been Drinking,1. Had Not Been Drinking","2. No,2. No","1. Not Ejected,1. Not Ejected","Yes,No","No,No","9. Not Applicable,8. No Restraint Used","1. Not Obscured,1. Not Obscured",,,3,542025,134-08818(R)/AMERICUS AVE(L)/VA BEACH BLVD,0,1,"1.Divided, no control of access","22,20",1. On Roadway,"0,0",H,H.Urban Minor Arterial,Other City or Town Streets (not state maintained),Not GUARDRAIL,Not HIT_RUN,"12,9",1,3. Three Approaches,122595137,C,0,0,36.843091,36.843091,0,0.09,Not LRTRUCK,2. Daylight,LOCATED,-75.996156,-75.996156,MAINLINE,MAIN,0,0,Grass/Unprotected,14,3,Divided Roadway,"22,20",Not MOTORCYCLE,542025,542025. 13408723      13408723      13408818,27349,28044,28302,27276,30192,4,1,0.09,SEC_URBAN,,,,,,,,,0,0,56,0,1,,0,0,,,,,,,,,Not PED,,1,0,Virginia Beach,134,5,NOT-RD,9. Within Intersection,0,2.75,2.85,1. Straight - Level,1. No Defects,"1. Two-Way, Not Divided",1. Dry,"2. Blacktop, Asphalt, Bituminous",300 NORTH BIRDNECK ROAD,URB,UR,R-VA134UR08723NB,"Urbanized (Population 200,000 and over)",3. No,"0,0",25641,26357,26600,25635,28421,Not SENIOR,Left and Right sides,"1,1","25,25",Not SPEED,"25,25",542024,0,"2. No,2. No",0,"0,0",12PM TO 3PM,1,1,4. Stop Sign,1. Yes - Working,Not a Parkway - Trucks and Commercial Vehicles Allowed,"1,2","9. Bicycle,3. Van",FORD,"15. Other,2. Making Right Turn","BICYCLE,WINDSTAR WAGON",1999,5,5.Hampton Roads,1. No Adverse Condition (Clear/Cloudy),Not Provided,2. No,Not Provided,Not YOUNG
No Access Control,Not ALCIHOL,Urban,0,0,Bituminous Concrete (Black Base),ENT TO MT. TRASHMORE PK.(R)/,Not UNBELTED,36,Female,B,2,BIKE,0.61,1,1,,16. Other,"Not Provided,Not Provided","Not Provided,Not Provided",13408786,0.689,3,9/8/2012,9/8/2012,22. Bicycle,910,B.Visiible Injury,2012,None,0,0,Virginia Beach,Urban,22. Bicycle,MAIN,9AM TO 12PM,134.Virginia Beach,58,Intersection,Reset Filters,VDOT_OTHER,Saturday,Not DEER,"East,West",,5,1,122535009,64,Female,"PDO,B","1,2","37. Other,37. Other","2. Not Deployed,3. Unavailable/Not Applicable","Not Applicable,Not Applicable","1. No Defects,1. No Defects","Not Applicable,Not Applicable","1. Had Not Been Drinking,1. Had Not Been Drinking","2. No,2. No","1. Not Ejected,2. Partially Ejected","No,Yes","No,No","3. Lap and Shoulder Belt,5. Helmet","13. Other,1. Not Obscured",,,1,542223,134-08737(R)/(8737-EDWIN DR/8786-NORFOLK BLVD,0,0,"0.Two-way, non-divided","22,20",1. On Roadway,"0,0",I,I.Urban Collector,Other City or Town Streets (not state maintained),Not GUARDRAIL,Not HIT_RUN,"11,12",1,1. Not at Intersection,122535009,C,0,0,36.832586,36.832586,4,0.09,Not LRTRUCK,2. Daylight,LOCATED,-76.125914,-76.125914,MAINLINE,MAIN,0,0,0,0,0,Undivided Roadway,"22,20",Not MOTORCYCLE,542223,542223. 13408737      13408786      13408786,7048,7703,7774,7492,7769,2,1,0.011,SEC_URBAN,,,,,,,,,0,0,22,0,1,,0,0,,,,,,,,,Not PED,,1,0,Virginia Beach,134,5,NOT-RD,"13. Driveway, Alley-Access - Related",8,0.5,0.69,1. Straight - Level,1. No Defects,"1. Two-Way, Not Divided",1. Dry,"2. Blacktop, Asphalt, Bituminous",4300 SOUTH BLVD,URB,UR,R-VA134UR08786WB,"Urbanized (Population 200,000 and over)",3. No,"0,0",4722,4568,4610,4443,4889,Not SENIOR,None,5,35,Not SPEED,35,542429,0,"2. No,2. No",0,"0,0",9AM TO 12PM,1,1,1. No Traffic Control,6. No Traffic Control Device Present,Not a Parkway - Trucks and Commercial Vehicles Allowed,"1,2","22. Truck - Sport Utility Vehicle (SUV),9. Bicycle","FORD,UNK","2. Making Right Turn,15. Other","EDGE,BICYCLE",2007,5,5.Hampton Roads,1. No Adverse Condition (Clear/Cloudy),Not Provided,2. No,Not Provided,Not YOUNG
No Access Control,Not ALCIHOL,Urban,0,0,Penetration Macadam and Water Bound Macadam,SOUTHALL DRIVE(R)/,Not UNBELTED,28,Male,B,2,BIKE,1.09,1,1,,2. Angle,"Not Provided,Not Provided","Not Provided,Not Provided",13400009,1.09,3,9/8/2012,9/8/2012,22. Bicycle,1220,B.Visiible Injury,2012,Left and Right sides,0,0,Virginia Beach,Urban,22. Bicycle,MAIN,12PM TO 3PM,134.Virginia Beach,739,Intersection,Reset Filters,VDOT_OTHER,Saturday,Not DEER,"West,South",,5,1,122635176,16,Female,"PDO,B","1,2","37. Other,37. Other","2. Not Deployed,3. Unavailable/Not Applicable","4. No Test,4. No Test","1. No Defects,1. No Defects","14. No Driver Distraction,14. No Driver Distraction","1. Had Not Been Drinking,1. Had Not Been Drinking","2. No,2. No","1. Not Ejected,2. Partially Ejected","No,Yes","No,No","3. Lap and Shoulder Belt,9. Not Applicable","1. Not Obscured,1. Not Obscured",,,1,734940,TOTTENHAM LANE(R)/,0,1,"1.Divided, no control of access","22,16",1. On Roadway,"0,0",H,H.Urban Minor Arterial,Other City or Town Streets (not state maintained),Not GUARDRAIL,Not HIT_RUN,"12,11",1,4. Four Approaches,122635176,C,0,0,36.857248,36.857248,0,0.17,Not LRTRUCK,2. Daylight,LOCATED,-76.025563,-76.025563,MAINLINE,MAIN,0,0,Curbed Grass,16,4,Divided Roadway,"22,16",Not MOTORCYCLE,541257,541257. 13400009      13400009      13408714,38833,36701,37040,35695,37147,4,1,0.14,SEC_URBAN,,,,,,,,,0,0,52,0,1,,0,0,,,,,,,,,Not PED,,1,0,Virginia Beach,134,5,NOT-RD,"15. Other Crossing (Crossing for Bikes, School, etc.)",0,1,1.09,1. Straight - Level,1. No Defects,"2. Two-Way, Divided, Unprotected Median",1. Dry,"2. Blacktop, Asphalt, Bituminous",FIRST COLONIAL ROAD,URB,UR,R-VA134UR00009NB,"Urbanized (Population 200,000 and over)",3. No,"0,0",36525,34557,34876,33610,35142,Not SENIOR,Left and Right sides,"5,15","25,8",Not SPEED,"25,45",734942,0,"2. No,2. No",0,"0,0",12PM TO 3PM,1,1,3. Traffic Signal,1. Yes - Working,Not a Parkway - Trucks and Commercial Vehicles Allowed,"1,2","22. Truck - Sport Utility Vehicle (SUV),9. Bicycle","Toyota,KENT","2. Making Right Turn,1. Going Straight Ahead","Highlander,BICYCLE",20042000,5,5.Hampton Roads,1. No Adverse Condition (Clear/Cloudy),Not Provided,2. No,Not Provided,YOUNG
,Not ALCIHOL,Urban,0,0,,,Not UNBELTED,,"Male,Male","B,B",,BIKE,,1,2,,3. Head On,"Not Provided,Not Provided,Not Provided","Not Provided,Not Provided,Not Provided",,,,9/8/2012,9/8/2012,22. Bicycle,1420,B.Visiible Injury,2012,,0,0,Virginia Beach,Urban,22. Bicycle,MAIN,12PM TO 3PM,134.Virginia Beach,,Not Intersection,Reset Filters,VDOT_OTHER,Saturday,Not DEER,"East,West,West",,5,1,122565275,871414,Male,"PDO,B,B","1,2,3","11. Did Not Have Right-of-Way,1. No Improper Action,1. No Improper Action","2. Not Deployed,3. Unavailable/Not Applicable,3. Unavailable/Not Applicable","4. No Test,4. No Test,4. No Test","1. No Defects,1. No Defects,1. No Defects","14. No Driver Distraction,14. No Driver Distraction,14. No Driver Distraction","1. Had Not Been Drinking,1. Had Not Been Drinking,1. Had Not Been Drinking","2. No,2. No,2. No","1. Not Ejected,3. Totally Ejected,3. Totally Ejected","No,No,No","No,No,No","3. Lap and Shoulder Belt,5. Helmet,5. Helmet","1. Not Obscured,1. Not Obscured,1. Not Obscured",,,,,,,,,"22,22,22",1. On Roadway,"0,0,0",,,,Not GUARDRAIL,Not HIT_RUN,"12,12,12",1,4. Four Approaches,,C,0,0,36.870583,36.870583,,,Not LRTRUCK,2. Daylight,UNLOCATED,-75.995358,-75.995358,MAINLINE,,,,,,,,"22,22,22",Not MOTORCYCLE,,.,,,,,,,1,,SEC_URBAN,,,,,,,,,,,,0,2,,0,0,,,,,,,,,Not PED,,2,0,Virginia Beach,134,5,NOT-RD,9. Within Intersection,,,,1. Straight - Level,1. No Defects,"1. Two-Way, Not Divided",1. Dry,"2. Blacktop, Asphalt, Bituminous",1100 BAY SHORE DRIVE EAST,URB,UR,R-VA134UR08718WB,,3. No,"0,0,0",,,,,,SENIOR,,"5,2,2","0,2,2",Not SPEED,"25,25,25",,,"2. No,2. No,2. No",,"0,0,0",12PM TO 3PM,1,1,4. Stop Sign,1. Yes - Working,,"1,2,3","1. Passenger car,9. Bicycle,9. Bicycle","Saturn,PHAT,PHAT","3. Making Left Turn,1. Going Straight Ahead,1. Going Straight Ahead","Ion,SEA WIND BICYCLE,SEA WIND BICYCLE",2005,5,5.Hampton Roads,1. No Adverse Condition (Clear/Cloudy),Not Provided,2. No,Not Provided,Not YOUNG