Access Control,Alcohol Notalcohol,Area Type1,A Crash,A People,Basetypedesc,Begin Node Dsc,Belted Unbelted,Bikeage,Bikegen,Bikeinjurytype,Bikevehiclenumber,Bike Nonbike,BMP,B Crash,B People,Carspeedlimit,Collision Type,Comm Cargo Body Type Cd,Comm Vehicle Body Type Cd,Cotedrouteid,Coted Mp,Count App,CRASH_DT (copy),Crash Dt,Crash Event Type Dsc,Crash Military Tm,Crash Severity,Crash Year,Curbgutterdesc,C Crash,C People,Juris Name Used,Area Type Used,First Harmful Event of Entire Crash,MAINLINE,Time Slicing Used,Phy_Juris_Nm,Offset-Ft,Intersection Analysis,Clear,Calculation_9640323132123359,Day Of Week,Deer Nodeer,Direction Of Travel Cd,Distracted Notdistracted,VSP,TOTAL CRASH,Document Nbr,Driverage,Drivergen,Driverinjurytype,Drivervehiclenumber,Driver Action Type Cd,Driver Airbag Deployment,Driver Alcohol Test Type Cd,Driver Condition Type Cd,Driver Distraction Type Cd,Driver Drinking Type Cd,Driver Drug Use Cd,Driver Ejected From Vehicle,Driver Ems Transport Ind,Driver Fled Scene Ind,Driver Safety Equip Used,Driver Vis Obscured Type Cd,Drowsy Notdrowsy,Drug Nodrug,EMP,End Node,End Node Dsc,End Offset,Facility,FAC,First Crash Event Cd,First Harmful Event,Fourth Crash Event Cd,Functionalclass,FUN,Govcondesc,Gr Nogr,Hitrun Not Hitrun,Initial Veh Impact Area Cd,Injury Crashes,Intersection Type,Int Doc,Jurtype,K_CRASH,K People,LAT (copy),LAT,Leftshoulderwidth,Length,Lgtruck Nonlgtruck,Light Condition,Located Unlocated,LON (copy),LON,MAINLINE (group),Mainline Yn,Medianleftshoulderwidth,Medianrightshoulderwidth,Mediantypedesc,Medianwidthmax,Medianwidthmin,Median Type,Most Harmful Crash Event Cd,Motor Nonmotor,Node,Node Info,Node Totaadt2011,Node Totaadt2012,Node Totaadt2013,Node Totaadt2014,Node Totaadt2015,Numberoflane,Number of Records,Offset,Ownership,Passage,Passgen,Passinjurytype,Passvehiclenumber,Pass Airbag Deployment,Pass Ejected From Vehicle,Pass Ems Transport Ind,Pass Safety Equip Used,Pavementconditionvalue,Pavementroughnessvalue,Pavementwidth,Pdo Crash,Total People Killed & Injured,Pedage,Pedestrians Injured,Pedestrians Killed,Pedgen,Pedinjurytype,Pednumber,Ped Action,Ped Al Test,Ped Cond,Ped Drink,Ped Drug,Ped Nonped,Ped Rflct,Persons Injured,Persons Killed,Physical Juris Nm,PJR,VSP_Used,Rd Type,Relation To Roadway,Rightshoulderwidth,RNS_MP (0.25 mi bin),Rns Mp,Roadway Alignment,Roadway Defect,Roadway Description,Roadway Surface Cond,Roadway Surface Type,Route Or Street Nm,Rte Category Cd,Rte Cat,Rte Nm,Ruralurbandesc,School Zone,Second Crash Event Cd,Segtotaadt2011,Segtotaadt2012,Segtotaadt2013,Segtotaadt2014,Segtotaadt2015,Senior Notsenior,Sidewalkdesc,Speed Before,Speed Max Safe,Speed Notspeed,Speed Posted,Start Node,Start Offset,Summons Issued Cd,Surfacedesc,Third Crash Event Cd,Time Slicing,Total Crashes including Property Damage Only,Total Crash,Traffic Control Type,Trfc Ctrl Status Type,Truckcommr,Vehiclenumber,Vehicle Body Type Cd,Vehicle Make Nm,Vehicle Maneuver Type Cd,Vehicle Model Nm,Vehicle Year Nbr,District,District_Used ,Weather Condition,Work Zone Location,Work Zone Related,Work Zone Type,Young Notyoung
No Access Control,Not ALCIHOL,Urban,1,1,"Stabilized with Selected Material (Soil,Gravel,Stone,etc.)",STRAWBRIDGE RD.(R)/,Not UNBELTED,20,Male,A,1,BIKE,4.01,0,0,,2. Angle,"Not Provided,Not Provided","Not Provided,Not Provided",13408687,4.01,3,3/11/2012,3/11/2012,20. Motor Vehicle In Transport,1600,A.Ambulatory Injury,2012,None,0,1,Virginia Beach,Urban,20. Motor Vehicle In Transport,MAIN,3PM TO 6PM,134.Virginia Beach,"8,131",Intersection,Reset Filters,VDOT_OTHER,Sunday,Not DEER,"North,East",,5,1,120735188,29,Male,"A,C","1,2","22. Disregarded Stop or Yield Sign,1. No Improper Action","3. Unavailable/Not Applicable,2. Not Deployed","Not Applicable,Not Applicable","8. Other,1. No Defects","14. No Driver Distraction,14. No Driver Distraction","1. Had Not Been Drinking,1. Had Not Been Drinking","Not Applicable,Not Applicable","2. Partially Ejected,1. Not Ejected","Yes,No","No,No","5. Helmet,3. Lap and Shoulder Belt","1. Not Obscured,1. Not Obscured",,,4,712373,CROYDON DR.(R)/,0,1,"1.Divided, no control of access","20,22",1. On Roadway,"0,0",H,H.Urban Minor Arterial,Other City or Town Streets (not state maintained),Not GUARDRAIL,Not HIT_RUN,"12,2",1,3. Three Approaches,120735188,C,0,0,36.771577,36.771577,0,0.17,Not LRTRUCK,2. Daylight,LOCATED,-76.020781,-76.020781,MAINLINE,MAIN,0,0,Curbed Grass,20,8,Divided Roadway,"20,22",Not MOTORCYCLE,541680,541680. 13408687      13408687      13408690,27679,26736,26983,26003,23155,4,1,1.54,SEC_URBAN,,,,,,,,,0,0,54,0,2,,0,0,,,,,,,,,Not PED,,2,0,Virginia Beach,134,5,NOT-RD,9. Within Intersection,0,4,4.02,1. Straight - Level,1. No Defects,"2. Two-Way, Divided, Unprotected Median",1. Dry,"2. Blacktop, Asphalt, Bituminous",2400 LONDON BRIDGE ROAD,URB,UR,R-VA134UR08687EB,"Urbanized (Population 200,000 and over)",3. No,"0,0",22949,22165,22370,21558,17941,Not SENIOR,None,"5,45","45,45",Not SPEED,"45,45",712372,0,"2. No,2. No",0,"0,0",3PM TO 6PM,1,1,4. Stop Sign,1. Yes - Working,Not a Parkway - Trucks and Commercial Vehicles Allowed,"1,2","9. Bicycle,3. Van",TOYOTA,"1. Going Straight Ahead,1. Going Straight Ahead","BICYCLE,SIENNA",2006,5,5.Hampton Roads,1. No Adverse Condition (Clear/Cloudy),Not Provided,2. No,Not Provided,YOUNG
No Access Control,Not ALCIHOL,Urban,1,1,Bituminous Concrete (Black Base),CITY HALL AVE.(R)/,Not UNBELTED,12,Male,A,2,BIKE,5.94,0,0,,2. Angle,"Not Provided,Not Provided","Not Provided,Not Provided",SR00171,6.037,4,5/13/2015,5/13/2015,20. Motor Vehicle In Transport,1745,A.Ambulatory Injury,2015,Left and Right sides,0,0,Poquoson,Urban,20. Motor Vehicle In Transport,MAIN,3PM TO 6PM,147.Poquoson,174,Intersection,Reset Filters,VDOT_OTHER,Wednesday,Not DEER,"West,North",,5,1,151335322,43,Female,"PDO,A","1,2","1. No Improper Action,37. Other","2. Not Deployed,3. Unavailable/Not Applicable","Not Applicable,Not Applicable","1. No Defects,1. No Defects","14. No Driver Distraction,14. No Driver Distraction","1. Had Not Been Drinking,1. Had Not Been Drinking","2. No,2. No","1. Not Ejected,1. Not Ejected","No,Yes","No,No","3. Lap and Shoulder Belt,8. No Restraint Used","1. Not Obscured,1. Not Obscured",,,6,672314,SR-00172(B)/,0,0,"0.Two-way, non-divided","42,42",1. On Roadway,"0,0",H,H.Urban Minor Arterial,Urban Extensions - Primary Routes,Not GUARDRAIL,Not HIT_RUN,"11,12",1,1. Not at Intersection,151335322,C,0,0,37.12399,37.12399,0,0.13,Not LRTRUCK,2. Daylight,LOCATED,-76.39253,-76.39253,MAINLINE,MAIN,0,0,0,0,0,Undivided Roadway,"22,20",Not MOTORCYCLE,672314,672314.  SR00171       SR00171       SR00172       SR00172,24472,23930,23957,23103,23572,2,1,0.033,PRI_URBAN,,,,,,,,,0,0,38,0,1,,0,0,,,,,,,,,Not PED,,1,0,Poquoson,147,5,NOT-RD,8. Non-Intersection,0,6,6.07,3. Grade - Straight,1. No Defects,"1. Two-Way, Not Divided",1. Dry,"2. Blacktop, Asphalt, Bituminous",Victory Boulevard,STPRI,SR,R-VA   SR00171WB,"Urbanized (Population 200,000 and over)",3. No,"22,20",12539,12262,12092,11661,11898,Not SENIOR,Left and Right sides,"15,5","35,35",Not SPEED,"35,35",746454,0.11,"3. Pending,2. No",0,"0,0",3PM TO 6PM,1,1,6. Traffic Lanes Marked,1. Yes - Working,Not a Parkway - Trucks and Commercial Vehicles Allowed,"1,2","1. Passenger car,9. Bicycle",CHEVROLET,"1. Going Straight Ahead,15. Other",VENTURE,1998,5,5.Hampton Roads,1. No Adverse Condition (Clear/Cloudy),Not Provided,2. No,Not Provided,Not YOUNG
No Access Control,Not ALCIHOL,Urban,1,1,Bituminous Concrete (Black Base),WATERVIEW DR(L)/,Not UNBELTED,34,Male,A,2,BIKE,0.39,0,0,,2. Angle,"Not Provided,Not Provided","Not Provided,Not Provided",12100018,0.39,3,5/13/2015,5/13/2015,22. Bicycle,1739,A.Ambulatory Injury,2015,Left and Right sides,0,0,Newport News,Urban,22. Bicycle,MAIN,3PM TO 6PM,121.Newport News,"2,059",Intersection,Reset Filters,VDOT_OTHER,Wednesday,Not DEER,"North,South",,5,1,151820024,64,Male,"PDO,A","1,2","11. Did Not Have Right-of-Way,1. No Improper Action","2. Not Deployed,3. Unavailable/Not Applicable","Not Applicable,Not Applicable","1. No Defects,1. No Defects","Not Applicable,Not Applicable","1. Had Not Been Drinking,1. Had Not Been Drinking","3. Unknown,3. Unknown","1. Not Ejected,1. Not Ejected","No,Yes","No,No","3. Lap and Shoulder Belt,9. Not Applicable","1. Not Obscured,1. Not Obscured",,,0,716560,WALTHAM CIRCLE(R)/,0,0,"0.Two-way, non-divided","22,20",1. On Roadway,"0,0",I,I.Urban Collector,Other City or Town Streets (not state maintained),Not GUARDRAIL,Not HIT_RUN,"11,3",1,3. Three Approaches,151820024,C,0,0,37.12971,37.12971,0,0.02,Not LRTRUCK,2. Daylight,LOCATED,-76.56627,-76.56627,MAINLINE,MAIN,0,0,0,0,0,Undivided Roadway,"22,20",Not MOTORCYCLE,646142,646142.  SR00173       SR00173      12100018,5320,5203,5336,5146,5250,2,1,0.39,SEC_URBAN,,,,,,,,,0,0,44,0,1,,0,0,,,,,,,,,Not PED,,1,0,Newport News,121,5,NOT-RD,9. Within Intersection,0,0.25,0.39,1. Straight - Level,1. No Defects,"2. Two-Way, Divided, Unprotected Median",1. Dry,"2. Blacktop, Asphalt, Bituminous",MOYER RD,URB,UR,R-VA121UR00018NB,"Urbanized (Population 200,000 and over)",3. No,"0,0",2768,2707,2712,2615,2668,Not SENIOR,None,"10,5","25,25",Not SPEED,"25,25",716559,0,"1. Yes,2. No",0,"0,0",3PM TO 6PM,1,1,1. No Traffic Control,6. No Traffic Control Device Present,Not a Parkway - Trucks and Commercial Vehicles Allowed,"1,2","2. Truck - Pick-up/Passenger Truck,9. Bicycle",TOYOTA,"3. Making Left Turn,1. Going Straight Ahead",TACOMA,2014,5,5.Hampton Roads,1. No Adverse Condition (Clear/Cloudy),Not Provided,2. No,Not Provided,Not YOUNG
No Access Control,Not ALCIHOL,Urban,0,0,"N/A, Unknown, or Unstabilized",122-08573(B)/BALLENTINE BLVD,Not UNBELTED,61,Male,B,2,BIKE,9.87,1,1,,3. Head On,"Not Provided,Not Provided","Not Provided,Not Provided",SR00166,9.999,4,5/14/2015,5/14/2015,22. Bicycle,950,B.Visiible Injury,2015,Left side,0,0,Norfolk,Urban,22. Bicycle,MAIN,9AM TO 12PM,122.Norfolk,375,Intersection,Reset Filters,VDOT_OTHER,Thursday,Not DEER,"North,West",,5,1,151610039,30,Male,"PDO,B","1,2","Not Applicable,11. Did Not Have Right-of-Way","1. Deployed - Front,3. Unavailable/Not Applicable","Not Applicable,Not Applicable","1. No Defects,1. No Defects","Not Applicable,Not Applicable","1. Had Not Been Drinking,1. Had Not Been Drinking","2. No,2. No","1. Not Ejected,1. Not Ejected","No,Yes","No,No","3. Lap and Shoulder Belt,8. No Restraint Used","1. Not Obscured,1. Not Obscured",,,10,483355,122-08639(B)/INGLESIDE AV,0,0,"0.Two-way, non-divided","22,20",2. Shoulder,"0,0",E,E.Urban Other Principle Arterials; Connecting Links of Other Rural Principal Arterial,Urban Extensions - Primary Routes,Not GUARDRAIL,Not HIT_RUN,"12,11",1,1. Not at Intersection,151610039,C,0,0,36.86251,36.86251,0,0.2,Not LRTRUCK,2. Daylight,LOCATED,-76.24517,-76.24517,MAINLINE,MAIN,0,0,0,0,0,Undivided Roadway,"22,20",Not MOTORCYCLE,483355,483355.  SR00166       SR00166      12208639      12208639,34255,32986,32959,32565,34731,4,1,0.071,PRI_URBAN,,,,,,,,,0,155,48,0,1,,0,0,,,,,,,,,Not PED,,1,0,Norfolk,122,5,NOT-RD,8. Non-Intersection,8,9.75,10,1. Straight - Level,1. No Defects,"1. Two-Way, Not Divided",1. Dry,"2. Blacktop, Asphalt, Bituminous",3300 BLK E PRINCESS ANNE RD,STPRI,SR,R-VA   SR00166EB,"Urbanized (Population 200,000 and over)",3. No,"0,0",20315,20428,20285,20351,21108,Not SENIOR,Left side,"10,5","15,30",Not SPEED,"15,30",483356,0.16,"2. No,1. Yes",0,"0,0",9AM TO 12PM,1,1,6. Traffic Lanes Marked,1. Yes - Working,Not a Parkway - Trucks and Commercial Vehicles Allowed,"1,2","4. Truck - Single Unit Truck (2-Axles),9. Bicycle","GRUMMAN,GENESIS","2. Making Right Turn,1. Going Straight Ahead","LLV,29",1987,5,5.Hampton Roads,1. No Adverse Condition (Clear/Cloudy),Not Provided,2. No,Not Provided,Not YOUNG
,Not ALCIHOL,Urban,0,0,,,Not UNBELTED,20,Male,B,2,BIKE,,1,1,,2. Angle,"Not Provided,Not Provided","Not Provided,Not Provided",,,,5/15/2015,5/15/2015,22. Bicycle,1430,B.Visiible Injury,2015,,0,0,Virginia Beach,Urban,22. Bicycle,MAIN,12PM TO 3PM,134.Virginia Beach,,Not Intersection,Reset Filters,VDOT_OTHER,Friday,Not DEER,"South,West",,5,1,151395256,21,Male,"PDO,B","1,2","11. Did Not Have Right-of-Way,1. No Improper Action","2. Not Deployed,3. Unavailable/Not Applicable","Not Applicable,Not Applicable","1. No Defects,1. No Defects","14. No Driver Distraction,14. No Driver Distraction","1. Had Not Been Drinking,1. Had Not Been Drinking","Not Applicable,Not Applicable","1. Not Ejected,2. Partially Ejected","NotProvided,Yes","No,No","3. Lap and Shoulder Belt,6. Other","1. Not Obscured,1. Not Obscured",,,,,,,,,"22,22",1. On Roadway,"0,0",,,,Not GUARDRAIL,Not HIT_RUN,"11,3",1,1. Not at Intersection,,C,0,0,36.85864,36.85864,,,Not LRTRUCK,2. Daylight,UNLOCATED,-75.98434,-75.98434,MAINLINE,,,,,,,,"22,22",Not MOTORCYCLE,,.,,,,,,,1,,SEC_URBAN,,,,,,,,,,,,0,1,,0,0,,,,,,,,,Not PED,,1,0,Virginia Beach,134,5,NOT-RD,1. Main-Line Roadway,,,,1. Straight - Level,1. No Defects,"4. One-Way, Not Divided",1. Dry,"2. Blacktop, Asphalt, Bituminous",500 LASKIN RD,UNKWN,SC,U-VA134SC99999UK,,3. No,"0,0",,,,,,Not SENIOR,,"15,10","25,25",Not SPEED,"25,25",,,"1. Yes,2. No",,"0,0",12PM TO 3PM,1,1,14. Ped Crosswalk,1. Yes - Working,,"1,2","1. Passenger car,9. Bicycle","FORD,HUFFY","1. Going Straight Ahead,1. Going Straight Ahead","F-150,BICYCLE",20142005,5,5.Hampton Roads,1. No Adverse Condition (Clear/Cloudy),Not Provided,2. No,Not Provided,YOUNG
No Access Control,Not ALCIHOL,Urban,0,0,"N/A, Unknown, or Unstabilized",122-08607(R)/VILLAGE AVE(L)/,UNBELTED,51,Male,B,2,BIKE,3.13,1,1,,2. Angle,"Not Provided,Not Provided","Not Provided,Not Provided",12208639,3.132,3,9/19/2012,9/19/2012,22. Bicycle,1329,B.Visiible Injury,2012,Left and Right sides,0,0,Norfolk,Urban,22. Bicycle,MAIN,12PM TO 3PM,122.Norfolk,11,Intersection,Reset Filters,VDOT_OTHER,Wednesday,Not DEER,"South,South",,5,1,123310014,43,Male,"PDO,B","1,2","1. No Improper Action,39. Eluding Police","2. Not Deployed,3. Unavailable/Not Applicable","Not Applicable,Not Applicable","1. No Defects,1. No Defects","Not Applicable,Not Applicable","1. Had Not Been Drinking,1. Had Not Been Drinking","2. No,3. Unknown","1. Not Ejected,1. Not Ejected","NotProvided,Yes","No,No","8. No Restraint Used,8. No Restraint Used","1. Not Obscured,1. Not Obscured",,,3,485803,PROGRESS ROAD(R)/,0,0,"0.Two-way, non-divided","22,20",1. On Roadway,"0,0",H,H.Urban Minor Arterial,Other City or Town Streets (not state maintained),Not GUARDRAIL,Not HIT_RUN,"1,12",1,1. Not at Intersection,123310014,C,0,0,36.858607,36.858607,0,0.2,Not LRTRUCK,2. Daylight,LOCATED,-76.242374,-76.242374,MAINLINE,MAIN,0,0,0,0,0,Undivided Roadway,"22,20",Not MOTORCYCLE,485463,485463. 12208607      12208639      12208639,14589,13998,14128,13615,14633,4,1,0.002,SEC_URBAN,,,,,,,,,0,0,63,0,1,,0,0,,,,,,,,,Not PED,,1,0,Norfolk,122,5,NOT-RD,1. Main-Line Roadway,0,3,3.13,1. Straight - Level,1. No Defects,"1. Two-Way, Not Divided",1. Dry,"2. Blacktop, Asphalt, Bituminous",1150 INGLESIDE ROAD,URB,UR,R-VA122UR08639NB,"Urbanized (Population 200,000 and over)",3. No,"0,0",12680,12088,12200,11757,12904,Not SENIOR,Left and Right sides,"5,3","35,35",Not SPEED,"35,35",485463,0,"2. No,2. No",0,"0,0",12PM TO 3PM,1,1,6. Traffic Lanes Marked,1. Yes - Working,Not a Parkway - Trucks and Commercial Vehicles Allowed,"1,2","1. Passenger car,9. Bicycle","FORD,NEXT","2. Making Right Turn,1. Going Straight Ahead","CROWN VIC,POWER CLIMBER",2008,5,5.Hampton Roads,1. No Adverse Condition (Clear/Cloudy),Not Provided,2. No,Not Provided,Not YOUNG
No Access Control,Not ALCIHOL,Urban,0,0,"N/A, Unknown, or Unstabilized",SR-00306(L)/,Not UNBELTED,53,Male,C,1,BIKE,262.05,0,0,,2. Angle,"Not Provided,Not Provided","Not Provided,Not Provided",US00060,262.87,3,9/21/2012,9/21/2012,22. Bicycle,1625,C.Non-Visible Injury,2012,Left and Right sides,1,1,Newport News,Urban,22. Bicycle,MAIN,3PM TO 6PM,121.Newport News,"1,584",Intersection,Reset Filters,VDOT_OTHER,Friday,Not DEER,"South,West",,5,1,123180206,23,Male,"C,PDO","1,2","37. Other,1. No Improper Action","3. Unavailable/Not Applicable,2. Not Deployed","4. No Test,4. No Test","1. No Defects,1. No Defects","Not Applicable,Not Applicable","1. Had Not Been Drinking,1. Had Not Been Drinking","3. Unknown,2. No","2. Partially Ejected,1. Not Ejected","Yes,No","No,No","8. No Restraint Used,3. Lap and Shoulder Belt","1. Not Obscured,1. Not Obscured",,,263,646042,SR-00306(L)/,1.29,1,"1.Divided, no control of access","22,22",4. Roadside,"0,0",H,H.Urban Minor Arterial,Urban Extensions - Primary Routes,Not GUARDRAIL,Not HIT_RUN,"10,12",1,3. Three Approaches,123180206,C,0,0,37.034983,37.034983,0,0.92,Not LRTRUCK,2. Daylight,LOCATED,-76.464095,-76.464095,MAINLINE,MAIN,0,0,Curbed Grass,6,6,Divided Roadway,"22,22",Not MOTORCYCLE,646041,646041.  SR00152       US00060       US00060,28661,28027,31145,30036,30645,5,1,0.3,PRI_URBAN,,,,,,,,,0,145,60,0,1,,0,0,,,,,,,,,Not PED,,1,0,Newport News,121,5,NOT-RD,1. Main-Line Roadway,0,262.75,262.88,1. Straight - Level,1. No Defects,"3. Two-Way, Divided, Positive Median Barrier",1. Dry,1. Concrete,WARWICK BLVD,USPRI,US,R-VA   US00060WB,"Urbanized (Population 200,000 and over)",3. No,"0,0",25200,24643,27671,26685,27226,Not SENIOR,Left and Right sides,"5,5","5,35",Not SPEED,"5,35",646042,0.37,"1. Yes,2. No",0,"0,0",3PM TO 6PM,1,1,1. No Traffic Control,6. No Traffic Control Device Present,Not a Parkway - Trucks and Commercial Vehicles Allowed,"1,2","9. Bicycle,2. Truck - Pick-up/Passenger Truck",MERCURY,"1. Going Straight Ahead,2. Making Right Turn",MOUNTAINEER,1999,5,5.Hampton Roads,1. No Adverse Condition (Clear/Cloudy),Not Provided,2. No,Not Provided,Not YOUNG
Partial Access Control,Not ALCIHOL,Urban,0,0,Bituminous Concrete (Black Base),JB-99-27-114/YORK - ELIZABETH CITY CL/NCL HAM,Not UNBELTED,56,Male,C,1,BIKE,4.29,0,0,55,2. Angle,"Not Provided,Not Provided","Not Provided,Not Provided",SR00134,4.559,4,3/14/2012,3/14/2012,20. Motor Vehicle In Transport,1936,C.Non-Visible Injury,2012,None,1,1,Hampton,Urban,20. Motor Vehicle In Transport,MAIN,6PM TO 9PM,114.Hampton,58,Intersection,Reset Filters,VDOT_OTHER,Wednesday,Not DEER,"West,South",,5,1,121300064,51,Male,"C,PDO","1,2","37. Other,1. No Improper Action","3. Unavailable/Not Applicable,2. Not Deployed","4. No Test,4. No Test","1. No Defects,1. No Defects","Not Applicable,Not Applicable","1. Had Not Been Drinking,1. Had Not Been Drinking","2. No,2. No","1. Not Ejected,1. Not Ejected","Yes,No","No,No","8. No Restraint Used,3. Lap and Shoulder Belt","1. Not Obscured,1. Not Obscured",,,5,253017,114-07034(B)/SEMPLE FARM RD,0,2,"2.Divided, partial control of access","20,22",1. On Roadway,"0,0",E,E.Urban Other Principle Arterials; Connecting Links of Other Rural Principal Arterial,Urban Extensions - Primary Routes,Not GUARDRAIL,Not HIT_RUN,"12,10",1,"5. Five-Point, or More",121300064,C,0,0,37.093443,37.093443,8,0.28,Not LRTRUCK,4. Darkness - Road Lighted,LOCATED,-76.396241,-76.396241,MAINLINE,MAIN,4,4,Grass/Unprotected,25,25,Divided Roadway,"20,22",Not MOTORCYCLE,253017,253017.  SR00134       SR00134      11407034      11407034,36958,36840,36006,43265,36118,4,1,0.011,PRI_URBAN,,,,,,,,,0,79,44,0,1,,0,0,,,,,,,,,Not PED,,1,0,Hampton,114,5,NOT-RD,10. Intersection Related - Within 150 Feet,8,4.5,4.57,1. Straight - Level,1. No Defects,"2. Two-Way, Divided, Unprotected Median",1. Dry,"2. Blacktop, Asphalt, Bituminous",magruder blvd,STPRI,SR,R-VA   SR00134EB,"Urbanized (Population 200,000 and over)",3. No,"0,0",23868,23340,22214,21423,21857,Not SENIOR,None,3,"0,55",Not SPEED,"0,55",50652,0,"1. Yes,2. No",0,"0,0",6PM TO 9PM,1,1,3. Traffic Signal,1. Yes - Working,Truck Access System,"1,2","9. Bicycle,2. Truck - Pick-up/Passenger Truck","mongoose,nissan","1. Going Straight Ahead,1. Going Straight Ahead","bike,frontier",2000,5,5.Hampton Roads,1. No Adverse Condition (Clear/Cloudy),Not Provided,2. No,Not Provided,Not YOUNG
No Access Control,Not ALCIHOL,Urban,0,0,"N/A, Unknown, or Unstabilized",CYPRESS AVE(B)/,Not UNBELTED,48,Male,B,2,BIKE,0.69,1,1,,2. Angle,"Not Provided,Not Provided","Not Provided,Not Provided",13408818,0.693,4,1/10/2014,1/10/2014,22. Bicycle,750,B.Visiible Injury,2014,Left and Right sides,0,0,Virginia Beach,Urban,22. Bicycle,MAIN,6AM TO 9AM,134.Virginia Beach,"1,093",Intersection,Reset Filters,VDOT_OTHER,Friday,Not DEER,"North,East",DISTRACTED,5,1,140115108,41,Male,"PDO,B","1,2","11. Did Not Have Right-of-Way,1. No Improper Action","2. Not Deployed,8. Deployed - Combination","Not Applicable,Not Applicable","1. No Defects,1. No Defects","7. Eyes Not on Road,14. No Driver Distraction","1. Had Not Been Drinking,1. Had Not Been Drinking","Not Applicable,Not Applicable","1. Not Ejected,2. Partially Ejected","No,Yes","No,No","3. Lap and Shoulder Belt,8. No Restraint Used","1. Not Obscured,1. Not Obscured",,,1,542475,SHOREHAME CT(R)/,0,0,"0.Two-way, non-divided","22,20",1. On Roadway,"0,0",I,I.Urban Collector,Other City or Town Streets (not state maintained),Not GUARDRAIL,Not HIT_RUN,"11,1",1,4. Four Approaches,140115108,C,0,0,36.84573,36.84573,0,0.05,Not LRTRUCK,1. Dawn,LOCATED,-75.98347,-75.98347,MAINLINE,MAIN,0,0,0,0,0,Undivided Roadway,"22,26",Not MOTORCYCLE,541982,541982. 13408721      13408721      13408818      13408818,13139,9889,9980,9618,6234,4,1,0.207,SEC_URBAN,,,,,,,,,0,0,52,0,1,,0,0,,,,,,,,,Not PED,,1,0,Virginia Beach,134,5,NOT-RD,9. Within Intersection,0,0.5,0.69,1. Straight - Level,1. No Defects,"1. Two-Way, Not Divided",1. Dry,"2. Blacktop, Asphalt, Bituminous",1900 CYPRESS AVE,URB,UR,R-VA134UR08818EB,"Urbanized (Population 200,000 and over)",3. No,"0,0",5284,3405,3436,3312,4014,Not SENIOR,Left and Right sides,"2,5","25,25",Not SPEED,"25,25",542474,0,"1. Yes,2. No",0,"0,0",6AM TO 9AM,1,1,4. Stop Sign,1. Yes - Working,Not a Parkway - Trucks and Commercial Vehicles Allowed,"1,2","2. Truck - Pick-up/Passenger Truck,9. Bicycle","TOYOTA,HUFFY","1. Going Straight Ahead,1. Going Straight Ahead","TACOMA,CRUISER",2001,5,5.Hampton Roads,1. No Adverse Condition (Clear/Cloudy),Not Provided,2. No,Not Provided,Not YOUNG
,Not ALCIHOL,Urban,0,0,,,Not UNBELTED,10,Male,C,2,BIKE,,0,0,,2. Angle,"Not Provided,Not Provided","Not Provided,Not Provided",,,,3/15/2012,3/15/2012,22. Bicycle,1530,C.Non-Visible Injury,2012,,1,1,Norfolk,Urban,22. Bicycle,MAIN,3PM TO 6PM,122.Norfolk,,Not Intersection,Reset Filters,VDOT_OTHER,Thursday,Not DEER,"South,West",,5,1,120960037,25,Female,"C,PDO","2,1","11. Did Not Have Right-of-Way,1. No Improper Action","3. Unavailable/Not Applicable,2. Not Deployed","Not Applicable,Not Applicable","1. No Defects,1. No Defects","Not Applicable,Not Applicable","1. Had Not Been Drinking,1. Had Not Been Drinking","2. No,2. No","1. Not Ejected,1. Not Ejected","Yes,No","No,No","8. No Restraint Used,3. Lap and Shoulder Belt","10. Parked Vehicle(s),1. Not Obscured",,,,,,,,,"20,22",1. On Roadway,"0,0",,,,Not GUARDRAIL,Not HIT_RUN,"12,12",1,1. Not at Intersection,,C,0,0,36.864028,36.864028,,,Not LRTRUCK,2. Daylight,UNLOCATED,-76.274865,-76.274865,MAINLINE,,,,,,,,"20,22",Not MOTORCYCLE,,.,,,,,,,1,,SEC_URBAN,,,,,,,,,,,,0,1,,0,0,,,,,,,,,Not PED,,1,0,Norfolk,122,5,NOT-RD,8. Non-Intersection,,,,1. Straight - Level,1. No Defects,"4. One-Way, Not Divided",1. Dry,"2. Blacktop, Asphalt, Bituminous",800 a ave,UNKWN,SC,U-VA122SC99999UK,,3. No,"0,0",,,,,,Not SENIOR,,20,"0,25",Not SPEED,"0,25",,,"2. No,2. No",,"0,0",3PM TO 6PM,1,1,1. No Traffic Control,6. No Traffic Control Device Present,,"2,1","9. Bicycle,3. Van","huffy,chrysler","15. Other,1. Going Straight Ahead","raven,town & country",20052002,5,5.Hampton Roads,1. No Adverse Condition (Clear/Cloudy),Not Provided,2. No,Not Provided,Not YOUNG