Access Control,Alcohol Notalcohol,Area Type1,A Crash,A People,Basetypedesc,Begin Node Dsc,Belted Unbelted,Bikeage,Bikegen,Bikeinjurytype,Bikevehiclenumber,Bike Nonbike,BMP,B Crash,B People,Carspeedlimit,Collision Type,Comm Cargo Body Type Cd,Comm Vehicle Body Type Cd,Cotedrouteid,Coted Mp,Count App,CRASH_DT (copy),Crash Dt,Crash Event Type Dsc,Crash Military Tm,Crash Severity,Crash Year,Curbgutterdesc,C Crash,C People,Juris Name Used,Area Type Used,First Harmful Event of Entire Crash,MAINLINE,Time Slicing Used,Phy_Juris_Nm,Offset-Ft,Intersection Analysis,Clear,Calculation_9640323132123359,Day Of Week,Deer Nodeer,Direction Of Travel Cd,Distracted Notdistracted,VSP,TOTAL CRASH,Document Nbr,Driverage,Drivergen,Driverinjurytype,Drivervehiclenumber,Driver Action Type Cd,Driver Airbag Deployment,Driver Alcohol Test Type Cd,Driver Condition Type Cd,Driver Distraction Type Cd,Driver Drinking Type Cd,Driver Drug Use Cd,Driver Ejected From Vehicle,Driver Ems Transport Ind,Driver Fled Scene Ind,Driver Safety Equip Used,Driver Vis Obscured Type Cd,Drowsy Notdrowsy,Drug Nodrug,EMP,End Node,End Node Dsc,End Offset,Facility,FAC,First Crash Event Cd,First Harmful Event,Fourth Crash Event Cd,Functionalclass,FUN,Govcondesc,Gr Nogr,Hitrun Not Hitrun,Initial Veh Impact Area Cd,Injury Crashes,Intersection Type,Int Doc,Jurtype,K_CRASH,K People,LAT (copy),LAT,Leftshoulderwidth,Length,Lgtruck Nonlgtruck,Light Condition,Located Unlocated,LON (copy),LON,MAINLINE (group),Mainline Yn,Medianleftshoulderwidth,Medianrightshoulderwidth,Mediantypedesc,Medianwidthmax,Medianwidthmin,Median Type,Most Harmful Crash Event Cd,Motor Nonmotor,Node,Node Info,Node Totaadt2011,Node Totaadt2012,Node Totaadt2013,Node Totaadt2014,Node Totaadt2015,Numberoflane,Number of Records,Offset,Ownership,Passage,Passgen,Passinjurytype,Passvehiclenumber,Pass Airbag Deployment,Pass Ejected From Vehicle,Pass Ems Transport Ind,Pass Safety Equip Used,Pavementconditionvalue,Pavementroughnessvalue,Pavementwidth,Pdo Crash,Total People Killed & Injured,Pedage,Pedestrians Injured,Pedestrians Killed,Pedgen,Pedinjurytype,Pednumber,Ped Action,Ped Al Test,Ped Cond,Ped Drink,Ped Drug,Ped Nonped,Ped Rflct,Persons Injured,Persons Killed,Physical Juris Nm,PJR,VSP_Used,Rd Type,Relation To Roadway,Rightshoulderwidth,RNS_MP (0.25 mi bin),Rns Mp,Roadway Alignment,Roadway Defect,Roadway Description,Roadway Surface Cond,Roadway Surface Type,Route Or Street Nm,Rte Category Cd,Rte Cat,Rte Nm,Ruralurbandesc,School Zone,Second Crash Event Cd,Segtotaadt2011,Segtotaadt2012,Segtotaadt2013,Segtotaadt2014,Segtotaadt2015,Senior Notsenior,Sidewalkdesc,Speed Before,Speed Max Safe,Speed Notspeed,Speed Posted,Start Node,Start Offset,Summons Issued Cd,Surfacedesc,Third Crash Event Cd,Time Slicing,Total Crashes including Property Damage Only,Total Crash,Traffic Control Type,Trfc Ctrl Status Type,Truckcommr,Vehiclenumber,Vehicle Body Type Cd,Vehicle Make Nm,Vehicle Maneuver Type Cd,Vehicle Model Nm,Vehicle Year Nbr,District,District_Used ,Weather Condition,Work Zone Location,Work Zone Related,Work Zone Type,Young Notyoung
No Access Control,Not ALCIHOL,Urban,0,0,Bituminous Concrete (Black Base),FOUNDRY LANE(R)/,Not UNBELTED,19,Female,B,2,BIKE,504.16,1,1,55,3. Head On,"Not Provided,Not Provided","Not Provided,Not Provided",US00058,505.093,4,3/15/2012,3/15/2012,22. Bicycle,1938,B.Visiible Injury,2012,Left and Right sides,0,0,Virginia Beach,Urban,22. Bicycle,MAIN,6PM TO 9PM,134.Virginia Beach,671,Intersection,Reset Filters,VDOT_OTHER,Thursday,Not DEER,"West,East",,5,1,120785220,45,Female,"PDO,B","1,2","11. Did Not Have Right-of-Way,10. Wrong Side Of Road - Not Overtaking","2. Not Deployed,3. Unavailable/Not Applicable","Not Applicable,Not Applicable","1. No Defects,1. No Defects","14. No Driver Distraction,14. No Driver Distraction","1. Had Not Been Drinking,1. Had Not Been Drinking","2. No,2. No","1. Not Ejected,Not Provided","No,Yes","No,No","3. Lap and Shoulder Belt,9. Not Applicable","1. Not Obscured,1. Not Obscured",,,505,541073,SR-00279(L)/134-08685(R)/GR NECK RD,0,1,"1.Divided, no control of access","22,20","8. Off Roadway, Location Unknown","0,0",E,E.Urban Other Principle Arterials; Connecting Links of Other Rural Principal Arterial,Urban Extensions - Primary Routes,Not GUARDRAIL,Not HIT_RUN,"12,9",1,1. Not at Intersection,120785220,C,0,0,36.841942,36.841942,0,1.06,Not LRTRUCK,2. Daylight,LOCATED,-76.050503,-76.050503,MAINLINE,MAIN,0,0,Curbed Grass,28,4,Divided Roadway,"22,20",Not MOTORCYCLE,541073,541073.  SR00279       US00058       US00058      13408685,72812,72157,72823,70180,68463,8,1,0.127,PRI_URBAN,,,,,,,,,0,151,99,0,1,,0,0,,,,,,,,,Not PED,,1,0,Virginia Beach,134,5,NOT-RD,8. Non-Intersection,0,504.75,504.99,7. Dip - Straight,1. No Defects,"2. Two-Way, Divided, Unprotected Median",1. Dry,1. Concrete,2400 VIRGINIA BEACH BLVD.,USPRI,US,R-VA   US00058WB,"Urbanized (Population 200,000 and over)",3. No,"0,0",48198,41600,41984,40460,41278,Not SENIOR,Left and Right sides,"5,5","20,20",Not SPEED,"20,20",541074,0,"1. Yes,2. No",0,"0,0",6PM TO 9PM,1,1,1. No Traffic Control,6. No Traffic Control Device Present,Not a Parkway - Trucks and Commercial Vehicles Allowed,"1,2","2. Truck - Pick-up/Passenger Truck,9. Bicycle",Chevrolet,"2. Making Right Turn,1. Going Straight Ahead",Avalanche,2004,5,5.Hampton Roads,1. No Adverse Condition (Clear/Cloudy),Not Provided,2. No,Not Provided,YOUNG
No Access Control,ALCOHOL,Urban,0,0,"N/A, Unknown, or Unstabilized",134-08684(L)/VA-BEACH-NORFOLK EXPWY,Not UNBELTED,34,Female,PDO,2,BIKE,0.28,0,0,,2. Angle,"Not Provided,Not Provided","Not Provided,Not Provided",13408719,0.281,3,3/16/2012,3/16/2012,22. Bicycle,208,PDO.Property Damage Only,2012,Left and Right sides,0,0,Virginia Beach,Urban,22. Bicycle,MAIN,0AM TO 3AM,134.Virginia Beach,5,Intersection,Reset Filters,VDOT_OTHER,Friday,Not DEER,"East,South",DISTRACTED,5,1,120805229,40,Female,"PDO,PDO","1,2","1. No Improper Action,11. Did Not Have Right-of-Way","2. Not Deployed,3. Unavailable/Not Applicable","4. No Test,4. No Test","1. No Defects,1. No Defects","Not Applicable,3. Looking at Scenery","6. Unknown,5. Drinking - Not Known Whether Impaired","2. No,2. No","1. Not Ejected,1. Not Ejected","No,No","No,No","3. Lap and Shoulder Belt,9. Not Applicable","1. Not Obscured,1. Not Obscured",,,0,541963,134-08722(L)/22ND ST,0,0,"0.Two-way, non-divided","22,22",1. On Roadway,"0,0",I,I.Urban Collector,Other City or Town Streets (not state maintained),Not GUARDRAIL,Not HIT_RUN,"10,12",0,3. Three Approaches,120805229,C,0,0,36.849261,36.849261,0,0.06,Not LRTRUCK,4. Darkness - Road Lighted,LOCATED,-75.975371,-75.975371,MAINLINE,MAIN,0,0,0,0,0,Undivided Roadway,"22,22",Not MOTORCYCLE,541659,541659. 13408684      13408719      13408719,11035,8682,8762,8444,8560,2,1,0.001,SEC_URBAN,,,,,,,,,0,0,50,1,0,,0,0,,,,,,,,,Not PED,,0,0,Virginia Beach,134,5,NOT-RD,9. Within Intersection,0,0.25,0.28,1. Straight - Level,1. No Defects,"1. Two-Way, Not Divided",1. Dry,"2. Blacktop, Asphalt, Bituminous",ATLANTIC AVENUE,URB,UR,R-VA134UR08719SB,"Urbanized (Population 200,000 and over)",3. No,"0,0",8390,7490,7559,7285,6867,Not SENIOR,Left and Right sides,"5,5","25,25",Not SPEED,"25,25",541659,0,"1. Yes,1. Yes",0,"0,0",0AM TO 3AM,1,1,3. Traffic Signal,1. Yes - Working,Not a Parkway - Trucks and Commercial Vehicles Allowed,"1,2","1. Passenger car,9. Bicycle",Mercedes Benz,"3. Making Left Turn,1. Going Straight Ahead",S550,2007,5,5.Hampton Roads,1. No Adverse Condition (Clear/Cloudy),Not Provided,2. No,Not Provided,Not YOUNG
No Access Control,Not ALCIHOL,Urban,0,0,"N/A, Unknown, or Unstabilized",GIMBERT DR(L)/,Not UNBELTED,,Female,B,2,BIKE,1.86,1,1,,3. Head On,"Not Provided,Not Provided","Not Provided,Not Provided",13408726,1.961,4,3/18/2012,3/18/2012,22. Bicycle,1520,B.Visiible Injury,2012,Left and Right sides,0,1,Virginia Beach,Urban,22. Bicycle,MAIN,3PM TO 6PM,134.Virginia Beach,100,Intersection,Reset Filters,VDOT_OTHER,Sunday,Not DEER,"South,South",,5,1,120885222,82,Female,"C,B","1,2","21. Disregarded Traffic Signal,1. No Improper Action","2. Not Deployed,3. Unavailable/Not Applicable","4. No Test,4. No Test","1. No Defects,1. No Defects","14. No Driver Distraction,14. No Driver Distraction","1. Had Not Been Drinking,1. Had Not Been Drinking","2. No,2. No","1. Not Ejected,Not Provided","No,Yes","No,No","3. Lap and Shoulder Belt,9. Not Applicable","1. Not Obscured,1. Not Obscured",,,2,541294,134-00014(B)/S LYNNHAVEN RD,0,0,"0.Two-way, non-divided","22,27",1. On Roadway,"0,0",I,I.Urban Collector,Other City or Town Streets (not state maintained),Not GUARDRAIL,Not HIT_RUN,"1,3",1,4. Four Approaches,120885222,C,0,0,36.833255,36.833255,0,0.12,Not LRTRUCK,2. Daylight,LOCATED,-76.067668,-76.067668,MAINLINE,MAIN,0,0,0,0,0,Undivided Roadway,"22,27",Not MOTORCYCLE,541294,541294. 13400014      13400014      13408726      13408726,56874,47841,48283,46530,48567,4,1,0.019,SEC_URBAN,,,,,,,,,3.7,0,0,0,2,,0,0,,,,,,,,,Not PED,,2,0,Virginia Beach,134,5,NOT-RD,9. Within Intersection,0,1.75,1.97,1. Straight - Level,1. No Defects,"2. Two-Way, Divided, Unprotected Median",1. Dry,"2. Blacktop, Asphalt, Bituminous",498 S. LYNNHAVEN ROAD,URB,UR,R-VA134UR08726NB,"Urbanized (Population 200,000 and over)",3. No,"0,0",17373,16446,16598,15995,15699,SENIOR,Left and Right sides,"10,5","35,35",Not SPEED,"35,35",542069,0,"1. Yes,Not Provided",0,"0,0",3PM TO 6PM,1,1,3. Traffic Signal,1. Yes - Working,Not a Parkway - Trucks and Commercial Vehicles Allowed,"1,2","1. Passenger car,9. Bicycle",HYUNDAI,"2. Making Right Turn,1. Going Straight Ahead","SONATA,BICYCLE",2010,5,5.Hampton Roads,1. No Adverse Condition (Clear/Cloudy),Not Provided,2. No,Not Provided,Not YOUNG
No Access Control,Not ALCIHOL,Urban,1,1,Bituminous Concrete (Black Base),HOLLAND AVE(B)/,Not UNBELTED,58,Male,A,1,BIKE,0.17,0,0,,1. Rear End,"Not Provided,Not Provided","Not Provided,Not Provided",12208767,0.202,3,9/22/2012,9/22/2012,22. Bicycle,1600,A.Ambulatory Injury,2012,Left and Right sides,0,0,Norfolk,Urban,22. Bicycle,MAIN,3PM TO 6PM,122.Norfolk,"1,067",Intersection,Reset Filters,VDOT_OTHER,Saturday,Not DEER,"South,South",,5,1,123130230,,Male,"A,PDO","1,2","37. Other,Not Applicable","3. Unavailable/Not Applicable,Not Provided","Not Applicable,Not Applicable","9. Unknown,Not Applicable","Not Applicable,Not Applicable","1. Had Not Been Drinking,Not Applicable","Not Applicable,Not Applicable","1. Not Ejected,Not Provided","No,NotProvided","No,No","9. Not Applicable,Not Provided","1. Not Obscured,Not Applicable",,,0,485919,MORRIS AVE(B)/,0,0,"0.Two-way, non-divided","22,22",1. On Roadway,"0,0",I,I.Urban Collector,Other City or Town Streets (not state maintained),Not GUARDRAIL,Not HIT_RUN,"12,7",1,4. Four Approaches,123130230,C,0,0,36.880712,36.880712,0,0.04,Not LRTRUCK,2. Daylight,LOCATED,-76.267827,-76.267827,MAINLINE,MAIN,0,0,0,0,0,Undivided Roadway,"22,22",Not MOTORCYCLE,483547,483547.  SR00247       SR00247      12208767,16397,14587,14722,14188,16025,2,1,0.202,SEC_URBAN,,,,,,,,,0,0,26,0,1,,0,0,,,,,,,,,Not PED,,1,0,Norfolk,122,5,NOT-RD,10. Intersection Related - Within 150 Feet,0,0,0.2,1. Straight - Level,1. No Defects,"1. Two-Way, Not Divided",1. Dry,"2. Blacktop, Asphalt, Bituminous",3300 blk norway pl.,URB,UR,R-VA122UR08767SB,"Urbanized (Population 200,000 and over)",3. No,"0,0",1299,1142,1153,1111,1064,Not SENIOR,Left and Right sides,8,"25,25",Not SPEED,"25,25",485918,0,"2. No,Not Provided",0,"0,0",3PM TO 6PM,1,1,1. No Traffic Control,6. No Traffic Control Device Present,Not a Parkway - Trucks and Commercial Vehicles Allowed,"1,2","9. Bicycle,Not Applicable",nissan,"1. Going Straight Ahead,11. Parked","bicycle,altima",2006,5,5.Hampton Roads,1. No Adverse Condition (Clear/Cloudy),Not Provided,2. No,Not Provided,Not YOUNG
No Access Control,Not ALCIHOL,Rural,0,0,"N/A, Unknown, or Unstabilized",MAGNOLIA DR(R)/,Not UNBELTED,85,Male,B,1,BIKE,0.33,1,1,,2. Angle,"Not Provided,Not Provided","Not Provided,Not Provided",19000008,0.33,3,9/22/2012,9/22/2012,22. Bicycle,1035,B.Visiible Injury,2012,None,0,0,Chincoteaque,Rural,22. Bicycle,MAIN,9AM TO 12PM,190.Chincoteaque,"1,214",Intersection,Reset Filters,VDOT_OTHER,Saturday,Not DEER,"South,South",,5,1,122775239,16,Male,"B,PDO","1,2","13. Fail to Signal or Improper Signal,1. No Improper Action","3. Unavailable/Not Applicable,2. Not Deployed","4. No Test,4. No Test","3. Hearing Defective,1. No Defects","14. No Driver Distraction,14. No Driver Distraction","1. Had Not Been Drinking,1. Had Not Been Drinking","2. No,2. No","2. Partially Ejected,1. Not Ejected","Yes,No","No,No","5. Helmet,3. Lap and Shoulder Belt","1. Not Obscured,1. Not Obscured",,,0,715255,QUILLEN DR(L)/,0,0,"0.Two-way, non-divided","22,22",1. On Roadway,"0,0",4,4.Rural Major Collector,Other City or Town Streets (not state maintained),Not GUARDRAIL,Not HIT_RUN,"9,11",1,1. Not at Intersection,122775239,T,0,0,37.934696,37.934696,3,0.12,Not LRTRUCK,2. Daylight,LOCATED,-75.363214,-75.363214,MAINLINE,MAIN,0,0,0,0,0,Undivided Roadway,"22,22",Not MOTORCYCLE,715264,715264. 19000002      19000008      19000008,3050,3078,3107,3181,3210,2,1,0.23,VDOT_SEC,,,,,,,,,0,0,18,0,1,,0,0,,,,,,,,,Not PED,,1,0,Chincoteaque,190,5,NOT-RD,8. Non-Intersection,3,0.25,0.33,1. Straight - Level,1. No Defects,"1. Two-Way, Not Divided",1. Dry,"2. Blacktop, Asphalt, Bituminous",DEEP HOLE ROAD,URB,UR,R-VA190UR00008EB,Rural,3. No,"0,0",2315,2336,2358,2321,2342,SENIOR,None,"5,10","25,25",Not SPEED,"25,25",715254,0,"2. No,2. No",0,"0,0",9AM TO 12PM,1,1,7. No Passing Lines,6. No Traffic Control Device Present,Not a Parkway - Trucks and Commercial Vehicles Allowed,"1,2","9. Bicycle,2. Truck - Pick-up/Passenger Truck","BICYCLE,CHEVROLET","4. Making U-Turn,1. Going Straight Ahead","NA,SILVERADO 1500",,5,5.Hampton Roads,1. No Adverse Condition (Clear/Cloudy),Not Provided,2. No,Not Provided,YOUNG
,Not ALCIHOL,Urban,0,0,,,Not UNBELTED,58,Not Provided,B,2,BIKE,,1,1,,16. Other,"Not Provided,Not Provided","Not Provided,Not Provided",,,,9/22/2012,9/22/2012,15. Other Fixed Object,2243,B.Visiible Injury,2012,,0,0,Norfolk,Urban,15. Other Fixed Object,MAIN,9PM TO 12AM,122.Norfolk,,Not Intersection,Reset Filters,VDOT_OTHER,Saturday,Not DEER,"East,North",DISTRACTED,5,1,123130215,,Not Provided,"PDO,B","1,2","Not Applicable,40. Fail to Maintain Proper Control","3. Unavailable/Not Applicable,3. Unavailable/Not Applicable","Not Applicable,Not Applicable","Not Applicable,1. No Defects","Not Applicable,3. Looking at Scenery","Not Applicable,1. Had Not Been Drinking","Not Applicable,3. Unknown","1. Not Ejected,1. Not Ejected","NotProvided,Yes","No,No","9. Not Applicable,5. Helmet","Not Applicable,1. Not Obscured",,,,,,,,,"6,15",4. Roadside,"0,0",,,,Not GUARDRAIL,Not HIT_RUN,"7,0",1,2. Two Approaches,,C,0,0,36.888759,36.888759,,,Not LRTRUCK,4. Darkness - Road Lighted,UNLOCATED,-76.314917,-76.314917,MAINLINE,,,,,,,,"6,15",Not MOTORCYCLE,,.,,,,,,,1,,SEC_URBAN,,,,,,,,,,,,0,1,,0,0,,,,,,,,,Not PED,,1,0,Norfolk,122,5,NOT-RD,1. Main-Line Roadway,,,,1. Straight - Level,1. No Defects,"1. Two-Way, Not Divided",1. Dry,1. Concrete,1650 longwood dr,UNKWN,SC,U-VA122SC99999UK,,3. No,"0,0",,,,,,Not SENIOR,,"0,15","0,25",Not SPEED,"0,25",,,"Not Provided,Not Provided",,"0,0",9PM TO 12AM,1,1,1. No Traffic Control,6. No Traffic Control Device Present,,"1,2","22. Truck - Sport Utility Vehicle (SUV),9. Bicycle","toyo,FUJI","11. Parked,2. Making Right Turn",ROUBAIX,1999,5,5.Hampton Roads,1. No Adverse Condition (Clear/Cloudy),Not Provided,2. No,Not Provided,Not YOUNG
No Access Control,Not ALCIHOL,Urban,0,0,Bituminous Concrete (Black Base),KENYA LN(R)/,Not UNBELTED,33,Male,B,1,BIKE,2.82,1,1,,2. Angle,"Not Provided,Not Provided","Not Provided,Not Provided",13408723,2.82,3,9/23/2012,9/23/2012,20. Motor Vehicle In Transport,1245,B.Visiible Injury,2012,Left and Right sides,0,0,Virginia Beach,Urban,20. Motor Vehicle In Transport,MAIN,12PM TO 3PM,134.Virginia Beach,317,Intersection,Reset Filters,VDOT_OTHER,Sunday,Not DEER,"South,West",,5,1,122765197,34,Male,"B,PDO","1,2","37. Other,37. Other","3. Unavailable/Not Applicable,2. Not Deployed","Not Applicable,Not Applicable","1. No Defects,1. No Defects","14. No Driver Distraction,14. No Driver Distraction","1. Had Not Been Drinking,1. Had Not Been Drinking","3. Unknown,3. Unknown","1. Not Ejected,1. Not Ejected","No,NotProvided","No,No","9. Not Applicable,3. Lap and Shoulder Belt","6. Building,6. Building",,,3,542021,MILLER LN(L)/,0,1,"1.Divided, no control of access","20,20",1. On Roadway,"0,0",H,H.Urban Minor Arterial,Other City or Town Streets (not state maintained),Not GUARDRAIL,Not HIT_RUN,"11,1",1,2. Two Approaches,122765197,C,0,0,36.838811,36.838811,0,0.03,Not LRTRUCK,2. Daylight,LOCATED,-75.998112,-75.998112,MAINLINE,MAIN,0,0,Grass/Unprotected,14,3,Divided Roadway,"20,20",Not MOTORCYCLE,542019,542019. 13408723      13408723      13408724,17300,19878,20062,19334,19644,4,1,0.06,SEC_URBAN,,,,,,,,,0,0,56,0,1,,0,0,,,,,,,,,Not PED,,1,0,Virginia Beach,134,5,NOT-RD,9. Within Intersection,0,2.75,2.76,1. Straight - Level,1. No Defects,"1. Two-Way, Not Divided",1. Dry,"2. Blacktop, Asphalt, Bituminous",114 N. BIRDNECK RD,URB,UR,R-VA134UR08723NB,"Urbanized (Population 200,000 and over)",3. No,"0,0",11644,13955,14084,13573,13770,Not SENIOR,Left and Right sides,"1,1","10,25",Not SPEED,"35,25",542020,0,"2. No,2. No",0,"0,0",12PM TO 3PM,1,1,4. Stop Sign,1. Yes - Working,Not a Parkway - Trucks and Commercial Vehicles Allowed,"1,2","9. Bicycle,1. Passenger car","UPLAND,NISSAN","1. Going Straight Ahead,2. Making Right Turn","BEACH CRUISER,SENTRA",2008,5,5.Hampton Roads,1. No Adverse Condition (Clear/Cloudy),Not Provided,2. No,Not Provided,Not YOUNG
No Access Control,Not ALCIHOL,Urban,0,0,"N/A, Unknown, or Unstabilized",1SR-00247-P(B)/COLLEY AV,Not UNBELTED,25,Male,B,1,BIKE,1.28,1,1,,2. Angle,"Not Provided,Not Provided","Not Provided,Not Provided",12208563,1.286,4,9/24/2012,9/24/2012,20. Motor Vehicle In Transport,1108,B.Visiible Injury,2012,Left and Right sides,0,0,Norfolk,Urban,20. Motor Vehicle In Transport,MAIN,9AM TO 12PM,122.Norfolk,32,Intersection,Reset Filters,VDOT_OTHER,Monday,Not DEER,"West,South",,5,1,123180314,21,Male,"B,PDO","1,2","11. Did Not Have Right-of-Way,1. No Improper Action","3. Unavailable/Not Applicable,2. Not Deployed","Not Applicable,Not Applicable","1. No Defects,1. No Defects","Not Applicable,Not Applicable","1. Had Not Been Drinking,1. Had Not Been Drinking","2. No,2. No","3. Totally Ejected,1. Not Ejected","Yes,No","No,No","8. No Restraint Used,3. Lap and Shoulder Belt","1. Not Obscured,1. Not Obscured",,,1,485088,28TH STREET(B)/,0,1,"1.Divided, no control of access","20,22",1. On Roadway,"0,0",H,H.Urban Minor Arterial,Other City or Town Streets (not state maintained),Not GUARDRAIL,Not HIT_RUN,"5,12",1,3. Three Approaches,123180314,C,0,0,36.875234,36.875234,0,0.06,Not LRTRUCK,2. Daylight,LOCATED,-76.29513,-76.29513,MAINLINE,MAIN,0,0,Curbed Grass,40,12,Divided Roadway,"20,22",Not MOTORCYCLE,483569,483569. 12208563      12208563      1SR00247P     1SR00247P,24144,23285,23500,22647,23309,4,1,0.006,SEC_URBAN,,,,,,,,,0,0,56,0,1,,0,0,,,,,,,,,Not PED,,1,0,Norfolk,122,5,NOT-RD,9. Within Intersection,0,1.25,1.28,1. Straight - Level,1. No Defects,"3. Two-Way, Divided, Positive Median Barrier",1. Dry,"2. Blacktop, Asphalt, Bituminous",2700 blk colley ave,URB,UR,R-VA122UR08563SB,"Urbanized (Population 200,000 and over)",3. No,"0,0",13625,13908,14036,13527,13627,Not SENIOR,Left and Right sides,"5,10","25,25",Not SPEED,"25,25",483569,0,"2. No,2. No",0,"0,0",9AM TO 12PM,1,1,3. Traffic Signal,1. Yes - Working,Not a Parkway - Trucks and Commercial Vehicles Allowed,"1,2","9. Bicycle,1. Passenger car","huffy,ford","1. Going Straight Ahead,1. Going Straight Ahead",focus,2007,5,5.Hampton Roads,1. No Adverse Condition (Clear/Cloudy),Not Provided,2. No,Not Provided,Not YOUNG
No Access Control,Not ALCIHOL,Urban,1,1,Bituminous Concrete (Black Base),147-07052(L)/CARY'S CHAPEL RD,Not UNBELTED,21,Male,A,2,BIKE,2.93,0,0,,1. Rear End,"Not Provided,Not Provided","Not Provided,Not Provided",SR00172,3.576,4,9/25/2012,9/25/2012,22. Bicycle,641,A.Ambulatory Injury,2012,None,0,0,Poquoson,Urban,22. Bicycle,MAIN,6AM TO 9AM,147.Poquoson,"2,186",Intersection,Reset Filters,VDOT_OTHER,Tuesday,Not DEER,"North,North",,5,1,122845105,62,Male,"PDO,A","1,2","41. Improper Passing,1. No Improper Action","2. Not Deployed,3. Unavailable/Not Applicable","Not Applicable,Not Applicable","1. No Defects,1. No Defects","14. No Driver Distraction,14. No Driver Distraction","1. Had Not Been Drinking,1. Had Not Been Drinking","2. No,2. No","1. Not Ejected,3. Totally Ejected","No,Yes","No,No","3. Lap and Shoulder Belt,9. Not Applicable","1. Not Obscured,1. Not Obscured",,,4,672325,147-07052(L)/CARY'S CHAPEL RD,0.72,0,"0.Two-way, non-divided","22,20",1. On Roadway,"0,0",H,H.Urban Minor Arterial,Urban Extensions - Primary Routes,Not GUARDRAIL,Not HIT_RUN,"12,6",1,3. Three Approaches,122845105,C,0,0,37.117939,37.117939,6,0.72,Not LRTRUCK,1. Dawn,LOCATED,-76.39241,-76.39241,MAINLINE,MAIN,0,0,0,0,0,Undivided Roadway,"22,20",Not MOTORCYCLE,672314,672314.  SR00171       SR00171       SR00172       SR00172,24472,23930,23957,23103,23572,2,1,0.414,PRI_URBAN,,,,,,,,,0,0,24,0,1,,0,0,,,,,,,,,Not PED,,1,0,Poquoson,147,5,NOT-RD,10. Intersection Related - Within 150 Feet,6,3.5,3.58,3. Grade - Straight,1. No Defects,"1. Two-Way, Not Divided",1. Dry,"2. Blacktop, Asphalt, Bituminous",WYTHE CREEK ROAD,STPRI,SR,R-VA   SR00172NB,"Urbanized (Population 200,000 and over)",3. No,"0,0",12534,12257,12377,11936,12178,Not SENIOR,None,,"35,35",Not SPEED,"35,35",672325,0,"1. Yes,2. No",0,"0,0",6AM TO 9AM,1,1,1. No Traffic Control,6. No Traffic Control Device Present,Not a Parkway - Trucks and Commercial Vehicles Allowed,"1,2","2. Truck - Pick-up/Passenger Truck,9. Bicycle","Ford,BICYCLE","13. Passing,3. Making Left Turn","Ranger,BICYCLE",1993,5,5.Hampton Roads,1. No Adverse Condition (Clear/Cloudy),Not Provided,2. No,Not Provided,Not YOUNG
Partial Access Control,Not ALCIHOL,Urban,0,0,Portland Cement Concrete,SR-00105-W000A(L)/US-00060-W252B(R)/RAMPN FRO,Not UNBELTED,58,Male,K,2,BIKE,0.46,0,0,,4. Sideswipe - Same Direction,"Not Provided,Not Provided","Not Provided,Not Provided",SR00105,0.488,3,9/25/2012,9/25/2012,22. Bicycle,1510,K.Fatal Injury,2012,None,0,0,Newport News,Urban,22. Bicycle,MAIN,3PM TO 6PM,121.Newport News,253,Intersection,Reset Filters,VDOT_OTHER,Tuesday,Not DEER,"West,West",DISTRACTED,5,1,122850001,64,Male,"PDO,K","1,2","41. Improper Passing,1. No Improper Action","2. Not Deployed,3. Unavailable/Not Applicable","Not Applicable,Not Applicable","1. No Defects,1. No Defects","11. Other,Not Applicable","1. Had Not Been Drinking,1. Had Not Been Drinking","2. No,2. No","1. Not Ejected,Not Provided","No,Yes","No,No","3. Lap and Shoulder Belt,9. Not Applicable","1. Not Obscured,1. Not Obscured",,,1,646095,SR-00105-W000A(L)/US-00060-W252B(R)/RAMPN FRO,0.15,2,"2.Divided, partial control of access","22,20",1. On Roadway,"22,0",E,E.Urban Other Principle Arterials; Connecting Links of Other Rural Principal Arterial,Urban Extensions - Primary Routes,Not GUARDRAIL,Not HIT_RUN,"1,11",0,1. Not at Intersection,122850001,C,1,1,37.172559,37.172559,0,0.13,Not LRTRUCK,2. Daylight,LOCATED,-76.563505,-76.563505,MAINLINE,MAIN,0,0,Curbed (solid raised),4,4,Divided Roadway,"0,20",Not MOTORCYCLE,646095,646095.  SR00105       SR00105       US00060W252B,38442,38842,39242,38042,38042,4,1,0.048,PRI_URBAN,,,,,,,,,0,134,72,0,1,,0,0,,,,,,,,,Not PED,,0,1,Newport News,121,5,NOT-RD,"7. Other location not listed above within an interchange area (median, shoulder , roadside)",0,0.25,0.43,1. Straight - Level,10. Edge Pavement Drop Off,"2. Two-Way, Divided, Unprotected Median",1. Dry,"2. Blacktop, Asphalt, Bituminous",F TEUStis blvd,STPRI,SR,R-VA   SR00105WB,"Urbanized (Population 200,000 and over)",3. No,"0,0",38442,38842,39242,38042,38042,Not SENIOR,None,"45,20","45,45",Not SPEED,"45,45",646095,0.02,"2. No,2. No",0,"0,0",3PM TO 6PM,1,1,6. Traffic Lanes Marked,1. Yes - Working,Designated Truck Route - D1,"1,2","1. Passenger car,9. Bicycle",LINCOLNC,"13. Passing,1. Going Straight Ahead","TOWNCAR,BICYCLE",1998,5,5.Hampton Roads,1. No Adverse Condition (Clear/Cloudy),Not Provided,2. No,Not Provided,Not YOUNG