Access Control,Alcohol Notalcohol,Area Type1,A Crash,A People,Basetypedesc,Begin Node Dsc,Belted Unbelted,Bikeage,Bikegen,Bikeinjurytype,Bikevehiclenumber,Bike Nonbike,BMP,B Crash,B People,Carspeedlimit,Collision Type,Comm Cargo Body Type Cd,Comm Vehicle Body Type Cd,Cotedrouteid,Coted Mp,Count App,CRASH_DT (copy),Crash Dt,Crash Event Type Dsc,Crash Military Tm,Crash Severity,Crash Year,Curbgutterdesc,C Crash,C People,Juris Name Used,Area Type Used,First Harmful Event of Entire Crash,MAINLINE,Time Slicing Used,Phy_Juris_Nm,Offset-Ft,Intersection Analysis,Clear,Calculation_9640323132123359,Day Of Week,Deer Nodeer,Direction Of Travel Cd,Distracted Notdistracted,VSP,TOTAL CRASH,Document Nbr,Driverage,Drivergen,Driverinjurytype,Drivervehiclenumber,Driver Action Type Cd,Driver Airbag Deployment,Driver Alcohol Test Type Cd,Driver Condition Type Cd,Driver Distraction Type Cd,Driver Drinking Type Cd,Driver Drug Use Cd,Driver Ejected From Vehicle,Driver Ems Transport Ind,Driver Fled Scene Ind,Driver Safety Equip Used,Driver Vis Obscured Type Cd,Drowsy Notdrowsy,Drug Nodrug,EMP,End Node,End Node Dsc,End Offset,Facility,FAC,First Crash Event Cd,First Harmful Event,Fourth Crash Event Cd,Functionalclass,FUN,Govcondesc,Gr Nogr,Hitrun Not Hitrun,Initial Veh Impact Area Cd,Injury Crashes,Intersection Type,Int Doc,Jurtype,K_CRASH,K People,LAT (copy),LAT,Leftshoulderwidth,Length,Lgtruck Nonlgtruck,Light Condition,Located Unlocated,LON (copy),LON,MAINLINE (group),Mainline Yn,Medianleftshoulderwidth,Medianrightshoulderwidth,Mediantypedesc,Medianwidthmax,Medianwidthmin,Median Type,Most Harmful Crash Event Cd,Motor Nonmotor,Node,Node Info,Node Totaadt2011,Node Totaadt2012,Node Totaadt2013,Node Totaadt2014,Node Totaadt2015,Numberoflane,Number of Records,Offset,Ownership,Passage,Passgen,Passinjurytype,Passvehiclenumber,Pass Airbag Deployment,Pass Ejected From Vehicle,Pass Ems Transport Ind,Pass Safety Equip Used,Pavementconditionvalue,Pavementroughnessvalue,Pavementwidth,Pdo Crash,Total People Killed & Injured,Pedage,Pedestrians Injured,Pedestrians Killed,Pedgen,Pedinjurytype,Pednumber,Ped Action,Ped Al Test,Ped Cond,Ped Drink,Ped Drug,Ped Nonped,Ped Rflct,Persons Injured,Persons Killed,Physical Juris Nm,PJR,VSP_Used,Rd Type,Relation To Roadway,Rightshoulderwidth,RNS_MP (0.25 mi bin),Rns Mp,Roadway Alignment,Roadway Defect,Roadway Description,Roadway Surface Cond,Roadway Surface Type,Route Or Street Nm,Rte Category Cd,Rte Cat,Rte Nm,Ruralurbandesc,School Zone,Second Crash Event Cd,Segtotaadt2011,Segtotaadt2012,Segtotaadt2013,Segtotaadt2014,Segtotaadt2015,Senior Notsenior,Sidewalkdesc,Speed Before,Speed Max Safe,Speed Notspeed,Speed Posted,Start Node,Start Offset,Summons Issued Cd,Surfacedesc,Third Crash Event Cd,Time Slicing,Total Crashes including Property Damage Only,Total Crash,Traffic Control Type,Trfc Ctrl Status Type,Truckcommr,Vehiclenumber,Vehicle Body Type Cd,Vehicle Make Nm,Vehicle Maneuver Type Cd,Vehicle Model Nm,Vehicle Year Nbr,District,District_Used ,Weather Condition,Work Zone Location,Work Zone Related,Work Zone Type,Young Notyoung
No Access Control,Not ALCIHOL,Urban,0,0,Bituminous Concrete (Black Base),UPPER CHESLA REA(R)RIVER RD(L)(B)/,Not UNBELTED,50,Male,PDO,2,BIKE,3.88,1,1,,2. Angle,"Not Provided,Not Provided","Not Provided,Not Provided",SR00279,4.254,3,9/26/2012,9/26/2012,22. Bicycle,1510,B.Visiible Injury,2012,Left and Right sides,0,0,Virginia Beach,Urban,22. Bicycle,MAIN,3PM TO 6PM,134.Virginia Beach,"6,843",Intersection,Reset Filters,VDOT_OTHER,Wednesday,Not DEER,"East,North",,5,1,122835314,28,Male,"PDO,PDO","1,2","1. No Improper Action,1. No Improper Action","2. Not Deployed,2. Not Deployed","Not Applicable,Not Applicable","1. No Defects,1. No Defects","14. No Driver Distraction,14. No Driver Distraction","1. Had Not Been Drinking,1. Had Not Been Drinking","2. No,2. No","1. Not Ejected,2. Partially Ejected","NotProvided,NotProvided","No,No","3. Lap and Shoulder Belt,5. Helmet","1. Not Obscured,1. Not Obscured",,,4,541234,THOMAS BISHOP LANE(R)/,0,1,"1.Divided, no control of access","22,20",1. On Roadway,"0,0",H,H.Urban Minor Arterial,Urban Extensions - Primary Routes,Not GUARDRAIL,Not HIT_RUN,"12,10",1,3. Three Approaches,122835314,C,0,0,36.8951,36.8951,0,0.61,Not LRTRUCK,2. Daylight,LOCATED,-76.060293,-76.060293,MAINLINE,MAIN,0,0,Curbed Grass,40,4,Divided Roadway,"22,20",Not MOTORCYCLE,541119,541119.  SR00279       US00060       US00060,40261,36798,36789,36155,35925,4,1,1.296,PRI_URBAN,4,Female,B,2,2. Not Deployed,1. Not Ejected,No,5. Helmet,0,0,52,0,1,,0,0,,,,,,,,,Not PED,,1,0,Virginia Beach,134,5,NOT-RD,9. Within Intersection,0,4.25,4.25,1. Straight - Level,1. No Defects,"2. Two-Way, Divided, Unprotected Median",1. Dry,"2. Blacktop, Asphalt, Bituminous",1800 N. GREAT NECK RD,STPRI,SR,R-VA   SR00279SB,"Urbanized (Population 200,000 and over)",2. Yes - With School Activity,"0,0",37780,34644,34964,33695,30384,Not SENIOR,Left and Right sides,"2,5","25,25",Not SPEED,"25,25",541233,0,"2. No,2. No",0,"0,0",3PM TO 6PM,1,1,4. Stop Sign,1. Yes - Working,Not a Parkway - Trucks and Commercial Vehicles Allowed,"1,2","2. Truck - Pick-up/Passenger Truck,9. Bicycle",CHEVROLET,"2. Making Right Turn,1. Going Straight Ahead","SILVERADO 1500,BICYCLE",2006,5,5.Hampton Roads,1. No Adverse Condition (Clear/Cloudy),Not Provided,2. No,Not Provided,Not YOUNG
,Not ALCIHOL,Urban,0,0,,,Not UNBELTED,53,Male,B,1,BIKE,,1,1,,2. Angle,"Not Provided,Not Provided","Not Provided,Not Provided",,,,9/26/2012,9/26/2012,20. Motor Vehicle In Transport,1759,B.Visiible Injury,2012,,0,1,Hampton,Urban,20. Motor Vehicle In Transport,MAIN,3PM TO 6PM,114.Hampton,,Not Intersection,Reset Filters,VDOT_OTHER,Wednesday,Not DEER,"East,South",,5,1,123420041,28,Male,"B,C","1,2","11. Did Not Have Right-of-Way,1. No Improper Action","3. Unavailable/Not Applicable,2. Not Deployed","4. No Test,4. No Test","1. No Defects,1. No Defects","Not Applicable,Not Applicable","1. Had Not Been Drinking,1. Had Not Been Drinking","2. No,2. No","1. Not Ejected,1. Not Ejected","Yes,No","No,No","8. No Restraint Used,3. Lap and Shoulder Belt","1. Not Obscured,1. Not Obscured",,,,,,,,,"20,22",1. On Roadway,"0,0",,,,Not GUARDRAIL,Not HIT_RUN,"12,2",1,3. Three Approaches,,C,0,0,37.061739,37.061739,,,Not LRTRUCK,2. Daylight,UNLOCATED,-76.433307,-76.433307,MAINLINE,,,,,,,,"20,22",Not MOTORCYCLE,,.,,,,,,,1,,SEC_URBAN,,,,,,,,,,,,0,2,,0,0,,,,,,,,,Not PED,,2,0,Hampton,114,5,NOT-RD,9. Within Intersection,,,,1. Straight - Level,1. No Defects,"2. Two-Way, Divided, Unprotected Median",1. Dry,"2. Blacktop, Asphalt, Bituminous",PARK RANGER WAY,UNKWN,SC,U-VA114SC99999UK,,3. No,"0,0",,,,,,Not SENIOR,,"1,15","15,15",Not SPEED,"15,15",,,"2. No,2. No",,"0,0",3PM TO 6PM,1,1,4. Stop Sign,1. Yes - Working,,"1,2","9. Bicycle,2. Truck - Pick-up/Passenger Truck","Ross,NISSAN","3. Making Left Turn,1. Going Straight Ahead","MOUNTAIN BIKE,FRONTIER",2010,5,5.Hampton Roads,1. No Adverse Condition (Clear/Cloudy),Not Provided,2. No,Not Provided,Not YOUNG
No Access Control,ALCOHOL,Urban,1,1,"N/A, Unknown, or Unstabilized",25TH STREET(R)/,Not UNBELTED,38,Female,A,2,BIKE,302.49,0,0,,2. Angle,"Not Provided,Not Provided","Not Provided,Not Provided",US00060,302.544,4,9/27/2012,9/27/2012,22. Bicycle,2332,A.Ambulatory Injury,2012,Left and Right sides,0,0,Virginia Beach,Urban,22. Bicycle,MAIN,9PM TO 12AM,134.Virginia Beach,718,Intersection,Reset Filters,VDOT_OTHER,Thursday,Not DEER,"South,East",,5,1,122755241,24,Female,"PDO,A","1,2","1. No Improper Action,1. No Improper Action","2. Not Deployed,3. Unavailable/Not Applicable","4. No Test,4. No Test","1. No Defects,1. No Defects","14. No Driver Distraction,14. No Driver Distraction","4. Drinking - Ability Not Impaired,1. Had Not Been Drinking","2. No,2. No","1. Not Ejected,3. Totally Ejected","No,Yes","No,No","3. Lap and Shoulder Belt,9. Not Applicable","1. Not Obscured,1. Not Obscured",,,303,541108,134-08722(B)/22SD ST,0,1,"1.Divided, no control of access","22,20",1. On Roadway,"0,0",E,E.Urban Other Principle Arterials; Connecting Links of Other Rural Principal Arterial,Urban Extensions - Primary Routes,Not GUARDRAIL,Not HIT_RUN,"12,10",1,4. Four Approaches,122755241,C,0,0,36.851867,36.851867,0,0.19,Not LRTRUCK,4. Darkness - Road Lighted,LOCATED,-75.97735,-75.97735,MAINLINE,MAIN,0,0,Curbed (solid raised),2,2,Divided Roadway,"22,20",Not MOTORCYCLE,541108,541108.  US00060       US00060      13408722      13408722,25340,24166,24141,23764,24222,4,1,0.136,PRI_URBAN,,,,,,,,,0,235,44,0,1,,0,0,,,,,,,,,Not PED,,1,0,Virginia Beach,134,5,NOT-RD,9. Within Intersection,0,302.5,302.54,1. Straight - Level,1. No Defects,"1. Two-Way, Not Divided",1. Dry,"2. Blacktop, Asphalt, Bituminous",2300 PACIFIC AVENUE,USPRI,US,R-VA   US00060EB,"Urbanized (Population 200,000 and over)",3. No,"0,0",16522,15296,15206,15119,15239,Not SENIOR,Left and Right sides,"10,2","35,35",Not SPEED,"35,35",541109,0.05,"2. No,2. No",0,"0,0",9PM TO 12AM,1,1,4. Stop Sign,1. Yes - Working,Not a Parkway - Trucks and Commercial Vehicles Allowed,"1,2","22. Truck - Sport Utility Vehicle (SUV),9. Bicycle","Honda,RALEIGH","3. Making Left Turn,1. Going Straight Ahead","CR-V,BEACH CRUISER BICYCLE",2008,5,5.Hampton Roads,1. No Adverse Condition (Clear/Cloudy),Not Provided,2. No,Not Provided,Not YOUNG
No Access Control,Not ALCIHOL,Urban,0,0,Bituminous Concrete (Black Base),PLEASANT VALLEY RD(B)/,Not UNBELTED,11,Male,B,2,BIKE,2.68,1,1,,2. Angle,"Not Provided,Not Provided","Not Provided,Not Provided",13408717,2.687,4,3/20/2012,3/20/2012,22. Bicycle,1659,B.Visiible Injury,2012,Left and Right sides,0,0,Virginia Beach,Urban,22. Bicycle,MAIN,3PM TO 6PM,134.Virginia Beach,"3,047",Intersection,Reset Filters,VDOT_OTHER,Tuesday,Not DEER,"North,South",DISTRACTED,5,1,120815131,33,Male,"PDO,B","1,2","11. Did Not Have Right-of-Way,1. No Improper Action","2. Not Deployed,3. Unavailable/Not Applicable","4. No Test,4. No Test","1. No Defects,1. No Defects","11. Other,Not Applicable","1. Had Not Been Drinking,1. Had Not Been Drinking","2. No,2. No","1. Not Ejected,3. Totally Ejected","No,Yes","No,No","3. Lap and Shoulder Belt,9. Not Applicable","1. Not Obscured,1. Not Obscured",,,3,541927,QUARTER WAY(L)/,0,1,"1.Divided, no control of access","22,20",1. On Roadway,"0,0",H,H.Urban Minor Arterial,Other City or Town Streets (not state maintained),Not GUARDRAIL,Not HIT_RUN,"1,10",1,4. Four Approaches,120815131,C,0,0,36.786633,36.786633,0,0.21,Not LRTRUCK,2. Daylight,LOCATED,-76.14964,-76.14964,MAINLINE,MAIN,0,0,Curbed Grass,16,4,Divided Roadway,"22,20",Not MOTORCYCLE,541318,541318. 13408590      13408590      13408717      13408717,34382,32723,33025,31827,32703,4,1,0.577,SEC_URBAN,,,,,,,,,0,0,52,0,1,,0,0,,,,,,,,,Not PED,,1,0,Virginia Beach,134,5,NOT-RD,9. Within Intersection,0,2.5,2.69,1. Straight - Level,1. No Defects,"2. Two-Way, Divided, Unprotected Median",1. Dry,"2. Blacktop, Asphalt, Bituminous",2400 LYNNHAVEN PARKWAY,URB,UR,R-VA134UR08717WB,"Urbanized (Population 200,000 and over)",3. No,"0,0",21241,20529,20719,19967,19828,Not SENIOR,Left and Right sides,"5,3","0,0",Not SPEED,"45,45",541926,0,"1. Yes,2. No",0,"0,0",3PM TO 6PM,1,1,3. Traffic Signal,1. Yes - Working,Not a Parkway - Trucks and Commercial Vehicles Allowed,"1,2","1. Passenger car,9. Bicycle","SATURN,N/A","2. Making Right Turn,1. Going Straight Ahead","ION,BICYCLE",20032011,5,5.Hampton Roads,1. No Adverse Condition (Clear/Cloudy),Not Provided,2. No,Not Provided,Not YOUNG
,Not ALCIHOL,Urban,0,0,,,Not UNBELTED,45,Female,C,2,BIKE,,0,0,,5. Sideswipe - Opposite Direction,"Not Provided,Not Provided","Not Provided,Not Provided",,,,1/15/2014,1/15/2014,20. Motor Vehicle In Transport,1110,C.Non-Visible Injury,2014,,1,1,Norfolk,Urban,20. Motor Vehicle In Transport,MAIN,9AM TO 12PM,122.Norfolk,,Not Intersection,Reset Filters,VDOT_OTHER,Wednesday,Not DEER,"East,West",DISTRACTED,5,1,141110035,46,Female,"PDO,C","1,2","37. Other,37. Other","2. Not Deployed,Not Provided","Not Applicable,Not Applicable","9. Unknown,9. Unknown","11. Other,11. Other","Not Applicable,Not Applicable","3. Unknown,3. Unknown","1. Not Ejected,Not Provided","No,No","No,No","3. Lap and Shoulder Belt,Not Provided","13. Other,13. Other",,,,,,,,,"19,20",1. On Roadway,"0,0",,,,Not GUARDRAIL,Not HIT_RUN,"9,12",1,4. Four Approaches,,C,0,0,36.91637,36.91637,,,Not LRTRUCK,2. Daylight,UNLOCATED,-76.25412,-76.25412,MAINLINE,,,,,,,,"20,20",Not MOTORCYCLE,,.,,,,,,,1,,SEC_URBAN,,,,,,,,,,,,0,1,,0,0,,,,,,,,,Not PED,,1,0,Norfolk,122,5,NOT-RD,9. Within Intersection,,,,1. Straight - Level,1. No Defects,"4. One-Way, Not Divided",1. Dry,"2. Blacktop, Asphalt, Bituminous",600 BLK E LITTLE CREEK,UNKWN,SC,U-VA122SC99999UK,,3. No,"0,0",,,,,,Not SENIOR,,"15,10","35,35",Not SPEED,"35,35",,,"Not Provided,Not Provided",,"0,0",9AM TO 12PM,1,1,3. Traffic Signal,1. Yes - Working,,"1,2","1. Passenger car,9. Bicycle",Volvo,"3. Making Left Turn,1. Going Straight Ahead",XC90,2006,5,5.Hampton Roads,1. No Adverse Condition (Clear/Cloudy),Not Provided,2. No,Not Provided,Not YOUNG
No Access Control,Not ALCIHOL,Urban,0,0,Bituminous Concrete (Black Base),EXECUTIVE BLVD(R)/,Not UNBELTED,11,Female,B,2,BIKE,3.49,1,1,,2. Angle,"Not Provided,Not Provided","Not Provided,Not Provided",13108665,3.493,4,9/30/2012,9/30/2012,22. Bicycle,1100,B.Visiible Injury,2012,Left and Right sides,0,0,Chesapeake,Urban,22. Bicycle,MAIN,9AM TO 12PM,131.Chesapeake,"4,208",Intersection,Reset Filters,VDOT_OTHER,Sunday,Not DEER,"East,North",,5,1,122745088,60,Female,"PDO,B","1,2","1. No Improper Action,1. No Improper Action","2. Not Deployed,3. Unavailable/Not Applicable","Not Applicable,Not Applicable","1. No Defects,1. No Defects","14. No Driver Distraction,14. No Driver Distraction","1. Had Not Been Drinking,1. Had Not Been Drinking","2. No,2. No","1. Not Ejected,3. Totally Ejected","No,Yes","No,No","3. Lap and Shoulder Belt,5. Helmet","1. Not Obscured,1. Not Obscured",,,4,484879,FAIRWAY DRIVE(L)/,0,1,"1.Divided, no control of access","22,20",1. On Roadway,"0,0",H,H.Urban Minor Arterial,Other City or Town Streets (not state maintained),Not GUARDRAIL,Not HIT_RUN,"11,6",1,3. Three Approaches,122745088,C,0,0,36.755493,36.755493,0,0.17,Not LRTRUCK,2. Daylight,LOCATED,-76.224604,-76.224604,MAINLINE,MAIN,0,0,Curbed Grass,16,4,Divided Roadway,"22,20",Not MOTORCYCLE,483473,483473.  SR00190       SR00190      13108665      13108665,44161,43183,43427,44442,45324,4,1,0.797,SEC_URBAN,,,,,,,,,4.2,0,54,0,1,,0,0,,,,,,,,,Not PED,,1,0,Chesapeake,131,5,NOT-RD,9. Within Intersection,0,3.25,3.49,1. Straight - Level,1. No Defects,"3. Two-Way, Divided, Positive Median Barrier",1. Dry,"2. Blacktop, Asphalt, Bituminous",GREENBRIER PW,URB,UR,R-VA131UR08665EB,"Urbanized (Population 200,000 and over)",3. No,"0,0",25829,25257,25400,26734,27265,Not SENIOR,Left and Right sides,"2,5","0,0",Not SPEED,"35,35",484880,0,"2. No,2. No",0,"0,0",9AM TO 12PM,1,1,3. Traffic Signal,1. Yes - Working,Not a Parkway - Trucks and Commercial Vehicles Allowed,"1,2","22. Truck - Sport Utility Vehicle (SUV),9. Bicycle","Honda,RED","2. Making Right Turn,1. Going Straight Ahead","CR-V,BICYCLE",20082012,5,5.Hampton Roads,1. No Adverse Condition (Clear/Cloudy),Not Provided,2. No,Not Provided,Not YOUNG
Partial Access Control,Not ALCIHOL,Urban,0,0,Bituminous Concrete (Black Base),114-07021(B)/HAMPTON RDS CENTER PKWY,Not UNBELTED,60,Not Provided,C,2,BIKE,1.2,0,0,,4. Sideswipe - Same Direction,"Not Provided,Not Provided","Not Provided,Not Provided",11407026,1.269,4,9/30/2012,9/30/2012,22. Bicycle,629,C.Non-Visible Injury,2012,None,1,1,Hampton,Urban,22. Bicycle,MAIN,6AM TO 9AM,114.Hampton,364,Intersection,Reset Filters,VDOT_OTHER,Sunday,Not DEER,"East,East",,5,1,123310205,,Not Provided,"PDO,C","1,2","34. Hit and Run,1. No Improper Action","Not Provided,3. Unavailable/Not Applicable","Not Applicable,4. No Test","9. Unknown,1. No Defects","Not Applicable,Not Applicable","6. Unknown,1. Had Not Been Drinking","3. Unknown,2. No","Not Provided,1. Not Ejected","NotProvided,No","Yes,No","Not Provided,5. Helmet","Not Applicable,1. Not Obscured",,,1,716619,IS-00064-E261A(L)/FROM RT 64 EAST,0,2,"2.Divided, partial control of access","22,20",2. Shoulder,"0,0",B,B.Urban Freeways and Expressways; Connecting Links of Rural Principle Arterial,Other City or Town Streets (not state maintained),Not GUARDRAIL,HIT_RUN,"2,10",1,1. Not at Intersection,123310205,C,0,0,37.059767,37.059767,8,0.26,Not LRTRUCK,1. Dawn,LOCATED,-76.42617,-76.42617,MAINLINE,MAIN,6,6,Grass/Unprotected,54,54,Divided Roadway,"22,20",Not MOTORCYCLE,716613,716613. 11407021      11407021      11407026      11407026,56237,55815,52023,50969,51396,4,1,0.069,SEC_URBAN,,,,,,,,,0,119,46,0,1,,0,0,,,,,,,,,Not PED,,1,0,Hampton,114,5,NOT-RD,8. Non-Intersection,8,1,1.2,1. Straight - Level,1. No Defects,"2. Two-Way, Divided, Unprotected Median",1. Dry,"2. Blacktop, Asphalt, Bituminous",HAMPTON RDS CENTER PKWY,URB,UR,R-VA114UR07026EB,"Urbanized (Population 200,000 and over)",3. No,"0,0",42765,42916,43332,42849,42913,Not SENIOR,None,,"0,0",Not SPEED,"0,0",716613,0,"Not Provided,2. No",0,"0,0",6AM TO 9AM,1,1,1. No Traffic Control,6. No Traffic Control Device Present,Not a Parkway - Trucks and Commercial Vehicles Allowed,"1,2","1. Passenger car,9. Bicycle",SCHWINN,"1. Going Straight Ahead,1. Going Straight Ahead",VOYAGEUR,,5,5.Hampton Roads,1. No Adverse Condition (Clear/Cloudy),Not Provided,2. No,Not Provided,Not YOUNG
,Not ALCIHOL,Urban,1,1,,,Not UNBELTED,24,Female,A,2,BIKE,,0,0,,2. Angle,"Not Provided,Not Provided","Not Provided,Not Provided",,,3,10/2/2012,10/2/2012,22. Bicycle,1600,A.Ambulatory Injury,2012,,0,0,Hampton,Urban,22. Bicycle,MAIN,3PM TO 6PM,114.Hampton,0,Intersection,Reset Filters,VDOT_OTHER,Tuesday,Not DEER,"North,West",DISTRACTED,5,1,123310226,67,Female,"PDO,A","1,2","11. Did Not Have Right-of-Way,1. No Improper Action","2. Not Deployed,3. Unavailable/Not Applicable","4. No Test,4. No Test","1. No Defects,Not Applicable","11. Other,Not Applicable","1. Had Not Been Drinking,1. Had Not Been Drinking","2. No,2. No","1. Not Ejected,1. Not Ejected","No,No","No,No","3. Lap and Shoulder Belt,8. No Restraint Used","1. Not Obscured,1. Not Obscured",,,,,,,0,,"22,20",1. On Roadway,"0,0",I,,,Not GUARDRAIL,Not HIT_RUN,"12,9",1,3. Three Approaches,123310226,C,0,0,37.042777,37.042777,,,Not LRTRUCK,2. Daylight,UNLOCATED,-76.433003,-76.433003,MAINLINE,,,,,,,,"22,20",Not MOTORCYCLE,253058,253058.  SR00152       SR00152      11407017,18978,18558,20628,19893,20296,,1,0,SEC_URBAN,,,,,,,,,,,,0,1,,0,0,,,,,,,,,Not PED,,1,0,Hampton,114,5,NOT-RD,8. Non-Intersection,,1.25,1.47,1. Straight - Level,1. No Defects,"1. Two-Way, Not Divided",1. Dry,"2. Blacktop, Asphalt, Bituminous",WHEALTON ROAD,URB,UR,R-VA114UR07017NB,,3. No,"0,0",,,,,,SENIOR,,"5,5","35,40",Not SPEED,"35,40",,,"1. Yes,2. No",,"0,0",3PM TO 6PM,1,1,3. Traffic Signal,1. Yes - Working,,"1,2","3. Van,9. Bicycle","CHRYSLER,BIKE","2. Making Right Turn,1. Going Straight Ahead","TOWN  7 COUNTY,TONY HAWK",2008,5,5.Hampton Roads,1. No Adverse Condition (Clear/Cloudy),Not Provided,2. No,Not Provided,Not YOUNG
No Access Control,Not ALCIHOL,Urban,0,0,"N/A, Unknown, or Unstabilized",HARBINGER RD.(L)/,Not UNBELTED,44,Female,C,1,BIKE,1.32,0,0,,2. Angle,"Not Provided,Not Provided","Not Provided,Not Provided",13408739,1.434,4,5/16/2015,5/16/2015,20. Motor Vehicle In Transport,2010,C.Non-Visible Injury,2015,Left and Right sides,1,1,Virginia Beach,Urban,20. Motor Vehicle In Transport,MAIN,6PM TO 9PM,134.Virginia Beach,32,Intersection,Reset Filters,VDOT_OTHER,Saturday,Not DEER,"West,South",,5,1,151415142,27,Male,"C,PDO","1,2","11. Did Not Have Right-of-Way,1. No Improper Action","5. Unknown,2. Not Deployed","Not Applicable,Not Applicable","1. No Defects,1. No Defects","14. No Driver Distraction,14. No Driver Distraction","1. Had Not Been Drinking,1. Had Not Been Drinking","2. No,2. No","2. Partially Ejected,1. Not Ejected","No,No","No,No","6. Other,3. Lap and Shoulder Belt","1. Not Obscured,1. Not Obscured",,,1,541940,134-08717(B)/ROSEMONT RD,0,1,"1.Divided, no control of access","20,20",1. On Roadway,"0,0",H,H.Urban Minor Arterial,Other City or Town Streets (not state maintained),Not GUARDRAIL,Not HIT_RUN,"5,12",1,4. Four Approaches,151415142,C,0,0,36.79527,36.79527,0,0.12,Not LRTRUCK,4. Darkness - Road Lighted,LOCATED,-76.09853,-76.09853,MAINLINE,MAIN,0,0,Curbed Grass,20,8,Divided Roadway,"20,20",Not MOTORCYCLE,541940,541940. 13408717      13408717      13408739      13408739,45140,46263,46690,44996,46353,4,1,0.006,SEC_URBAN,,,,,,,,,0,0,54,0,1,,0,0,,,,,,,,,Not PED,,1,0,Virginia Beach,134,5,NOT-RD,9. Within Intersection,0,1.25,1.43,1. Straight - Level,1. No Defects,"3. Two-Way, Divided, Positive Median Barrier",1. Dry,"2. Blacktop, Asphalt, Bituminous",LYNNHAVEN PKWY,URB,UR,R-VA134UR08739NB,"Urbanized (Population 200,000 and over)",3. No,"0,0",16677,16145,16294,15703,17379,Not SENIOR,Left and Right sides,"5,5","45,45",Not SPEED,"45,45",715456,0,"2. No,2. No",0,"0,0",6PM TO 9PM,1,1,14. Ped Crosswalk,1. Yes - Working,Not a Parkway - Trucks and Commercial Vehicles Allowed,"1,2","9. Bicycle,1. Passenger car","BIKE,CHEVROLET","1. Going Straight Ahead,2. Making Right Turn","BIKE,IMPALA",20152004,5,5.Hampton Roads,1. No Adverse Condition (Clear/Cloudy),Not Provided,2. No,Not Provided,Not YOUNG
No Access Control,Not ALCIHOL,Urban,1,1,Bituminous Concrete (Black Base),131-08806(R)/VOLVO PKWY,Not UNBELTED,70,Male,A,2,BIKE,2.64,0,0,,2. Angle,"Not Provided,Not Provided","Not Provided,Not Provided",13108717,2.684,3,5/18/2015,5/18/2015,22. Bicycle,1108,A.Ambulatory Injury,2015,Left and Right sides,0,0,Chesapeake,Urban,22. Bicycle,MAIN,9AM TO 12PM,131.Chesapeake,232,Intersection,Reset Filters,VDOT_OTHER,Monday,Not DEER,"North,West",,5,1,151385213,32,Female,"PDO,A","1,2","1. No Improper Action,1. No Improper Action","2. Not Deployed,3. Unavailable/Not Applicable","Not Applicable,Not Applicable","1. No Defects,1. No Defects","14. No Driver Distraction,14. No Driver Distraction","1. Had Not Been Drinking,1. Had Not Been Drinking","2. No,2. No","1. Not Ejected,3. Totally Ejected","No,Yes","No,No","3. Lap and Shoulder Belt,8. No Restraint Used","1. Not Obscured,1. Not Obscured",,,3,723011,MASTERS ROW(L)/,0,1,"1.Divided, no control of access","22,22",4. Roadside,"0,0",H,H.Urban Minor Arterial,Other City or Town Streets (not state maintained),Not GUARDRAIL,Not HIT_RUN,"12,11",1,1. Not at Intersection,151385213,C,0,0,36.76881,36.76881,0,0.17,Not LRTRUCK,2. Daylight,LOCATED,-76.21875,-76.21875,MAINLINE,MAIN,0,0,Curbed Grass,24,4,Divided Roadway,"22,22",Not MOTORCYCLE,484923,484923. 13108717      13108717      13108806,30086,29419,29586,29544,30131,4,1,0.044,SEC_URBAN,,,,,,,,,0,0,52,0,1,,0,0,,,,,,,,,Not PED,,1,0,Chesapeake,131,5,NOT-RD,"13. Driveway, Alley-Access - Related",0,2.5,2.68,1. Straight - Level,1. No Defects,"2. Two-Way, Divided, Unprotected Median",1. Dry,"2. Blacktop, Asphalt, Bituminous",1214 VOLVO PKWY,URB,UR,R-VA131UR08717WB,"Urbanized (Population 200,000 and over)",3. No,"0,0",26134,25555,25700,25103,25602,SENIOR,Left and Right sides,"2,1","35,35",Not SPEED,"35,35",484923,0,"2. No,2. No",0,"0,0",9AM TO 12PM,1,1,6. Traffic Lanes Marked,1. Yes - Working,Not a Parkway - Trucks and Commercial Vehicles Allowed,"1,2","1. Passenger car,9. Bicycle","TOYOTA,BICYCLE","16. Entering Street From Parking Lot,1. Going Straight Ahead","CAMRY,BICYCLE",20112012,5,5.Hampton Roads,1. No Adverse Condition (Clear/Cloudy),Not Provided,2. No,Not Provided,Not YOUNG
,Not ALCIHOL,Urban,0,0,,,Not UNBELTED,50,Male,B,1,BIKE,,1,1,,2. Angle,"Not Provided,Not Provided","Not Provided,Not Provided",,,,5/18/2015,5/18/2015,22. Bicycle,1620,B.Visiible Injury,2015,,0,0,Virginia Beach,Urban,22. Bicycle,MAIN,3PM TO 6PM,134.Virginia Beach,,Not Intersection,Reset Filters,VDOT_OTHER,Monday,Not DEER,"West,South",,5,1,151415343,,Not Provided,"B,PDO","1,2","11. Did Not Have Right-of-Way,1. No Improper Action","2. Not Deployed,2. Not Deployed","Not Applicable,Not Applicable","1. No Defects,1. No Defects","14. No Driver Distraction,14. No Driver Distraction","1. Had Not Been Drinking,1. Had Not Been Drinking","2. No,2. No","3. Totally Ejected,1. Not Ejected","Yes,NotProvided","No,Yes","8. No Restraint Used,9. Not Applicable","1. Not Obscured,1. Not Obscured",,,,,,,,,"20,22",1. On Roadway,"0,0",,,,Not GUARDRAIL,HIT_RUN,"0,0",1,4. Four Approaches,,C,0,0,36.91231,36.91231,,,Not LRTRUCK,2. Daylight,UNLOCATED,-76.06181,-76.06181,MAINLINE,,,,,,,,"20,22",Not MOTORCYCLE,,.,,,,,,,1,,SEC_URBAN,,,,,,,,,,,,0,1,,0,0,,,,,,,,,Not PED,,1,0,Virginia Beach,134,5,NOT-RD,1. Main-Line Roadway,,,,1. Straight - Level,1. No Defects,"1. Two-Way, Not Divided",1. Dry,"2. Blacktop, Asphalt, Bituminous",2200 BAYBERRY ST,UNKWN,SC,U-VA134SC99999UK,,3. No,"0,0",,,,,,Not SENIOR,,"10,10","25,25",Not SPEED,"25,25",,,"2. No,Not Provided",,"0,0",3PM TO 6PM,1,1,4. Stop Sign,1. Yes - Working,,"1,2","9. Bicycle,1. Passenger car",GT,"1. Going Straight Ahead,1. Going Straight Ahead",BACKWOODS EXPERT,,5,5.Hampton Roads,1. No Adverse Condition (Clear/Cloudy),Not Provided,2. No,Not Provided,Not YOUNG