Access Control,Alcohol Notalcohol,Area Type1,A Crash,A People,Basetypedesc,Begin Node Dsc,Belted Unbelted,Bikeage,Bikegen,Bikeinjurytype,Bikevehiclenumber,Bike Nonbike,BMP,B Crash,B People,Carspeedlimit,Collision Type,Comm Cargo Body Type Cd,Comm Vehicle Body Type Cd,Cotedrouteid,Coted Mp,Count App,CRASH_DT (copy),Crash Dt,Crash Event Type Dsc,Crash Military Tm,Crash Severity,Crash Year,Curbgutterdesc,C Crash,C People,Juris Name Used,Area Type Used,First Harmful Event of Entire Crash,MAINLINE,Time Slicing Used,Phy_Juris_Nm,Offset-Ft,Intersection Analysis,Clear,Calculation_9640323132123359,Day Of Week,Deer Nodeer,Direction Of Travel Cd,Distracted Notdistracted,VSP,TOTAL CRASH,Document Nbr,Driverage,Drivergen,Driverinjurytype,Drivervehiclenumber,Driver Action Type Cd,Driver Airbag Deployment,Driver Alcohol Test Type Cd,Driver Condition Type Cd,Driver Distraction Type Cd,Driver Drinking Type Cd,Driver Drug Use Cd,Driver Ejected From Vehicle,Driver Ems Transport Ind,Driver Fled Scene Ind,Driver Safety Equip Used,Driver Vis Obscured Type Cd,Drowsy Notdrowsy,Drug Nodrug,EMP,End Node,End Node Dsc,End Offset,Facility,FAC,First Crash Event Cd,First Harmful Event,Fourth Crash Event Cd,Functionalclass,FUN,Govcondesc,Gr Nogr,Hitrun Not Hitrun,Initial Veh Impact Area Cd,Injury Crashes,Intersection Type,Int Doc,Jurtype,K_CRASH,K People,LAT (copy),LAT,Leftshoulderwidth,Length,Lgtruck Nonlgtruck,Light Condition,Located Unlocated,LON (copy),LON,MAINLINE (group),Mainline Yn,Medianleftshoulderwidth,Medianrightshoulderwidth,Mediantypedesc,Medianwidthmax,Medianwidthmin,Median Type,Most Harmful Crash Event Cd,Motor Nonmotor,Node,Node Info,Node Totaadt2011,Node Totaadt2012,Node Totaadt2013,Node Totaadt2014,Node Totaadt2015,Numberoflane,Number of Records,Offset,Ownership,Passage,Passgen,Passinjurytype,Passvehiclenumber,Pass Airbag Deployment,Pass Ejected From Vehicle,Pass Ems Transport Ind,Pass Safety Equip Used,Pavementconditionvalue,Pavementroughnessvalue,Pavementwidth,Pdo Crash,Total People Killed & Injured,Pedage,Pedestrians Injured,Pedestrians Killed,Pedgen,Pedinjurytype,Pednumber,Ped Action,Ped Al Test,Ped Cond,Ped Drink,Ped Drug,Ped Nonped,Ped Rflct,Persons Injured,Persons Killed,Physical Juris Nm,PJR,VSP_Used,Rd Type,Relation To Roadway,Rightshoulderwidth,RNS_MP (0.25 mi bin),Rns Mp,Roadway Alignment,Roadway Defect,Roadway Description,Roadway Surface Cond,Roadway Surface Type,Route Or Street Nm,Rte Category Cd,Rte Cat,Rte Nm,Ruralurbandesc,School Zone,Second Crash Event Cd,Segtotaadt2011,Segtotaadt2012,Segtotaadt2013,Segtotaadt2014,Segtotaadt2015,Senior Notsenior,Sidewalkdesc,Speed Before,Speed Max Safe,Speed Notspeed,Speed Posted,Start Node,Start Offset,Summons Issued Cd,Surfacedesc,Third Crash Event Cd,Time Slicing,Total Crashes including Property Damage Only,Total Crash,Traffic Control Type,Trfc Ctrl Status Type,Truckcommr,Vehiclenumber,Vehicle Body Type Cd,Vehicle Make Nm,Vehicle Maneuver Type Cd,Vehicle Model Nm,Vehicle Year Nbr,District,District_Used ,Weather Condition,Work Zone Location,Work Zone Related,Work Zone Type,Young Notyoung
,ALCOHOL,Urban,0,0,,,Not UNBELTED,34,Male,B,2,BIKE,,1,1,,16. Other,"Not Provided,Not Provided","Not Provided,Not Provided",,,,5/18/2015,5/18/2015,22. Bicycle,2209,B.Visiible Injury,2015,,0,1,Virginia Beach,Urban,22. Bicycle,MAIN,9PM TO 12AM,134.Virginia Beach,,Not Intersection,Reset Filters,VDOT_OTHER,Monday,Not DEER,"East,South",,5,1,151395297,52,Female,"C,B","1,2","11. Did Not Have Right-of-Way,1. No Improper Action","2. Not Deployed,3. Unavailable/Not Applicable","4. No Test,4. No Test","1. No Defects,1. No Defects","14. No Driver Distraction,14. No Driver Distraction","1. Had Not Been Drinking,4. Drinking - Ability Not Impaired","2. No,2. No","1. Not Ejected,1. Not Ejected","No,No","No,No","3. Lap and Shoulder Belt,5. Helmet","1. Not Obscured,1. Not Obscured",,,,,,,,,"22,20",1. On Roadway,"0,0",,,,Not GUARDRAIL,Not HIT_RUN,"5,0",1,3. Three Approaches,,C,0,0,36.8323,36.8323,,,Not LRTRUCK,4. Darkness - Road Lighted,UNLOCATED,-76.05157,-76.05157,MAINLINE,,,,,,,,"22,20",Not MOTORCYCLE,,.,,,,,,,1,,SEC_URBAN,,,,,,,,,,,,0,2,,0,0,,,,,,,,,Not PED,,2,0,Virginia Beach,134,5,NOT-RD,9. Within Intersection,,,,1. Straight - Level,1. No Defects,"1. Two-Way, Not Divided",1. Dry,"2. Blacktop, Asphalt, Bituminous",2299 WOLF ST,UNKWN,SC,U-VA134SC99999UK,,3. No,"0,0",,,,,,Not SENIOR,,"5,5","25,25",Not SPEED,"25,25",,,"2. No,2. No",,"0,0",9PM TO 12AM,1,1,4. Stop Sign,1. Yes - Working,,"1,2","22. Truck - Sport Utility Vehicle (SUV),9. Bicycle","CHEVROLET,GIANT","5. Slowing or Stopping,1. Going Straight Ahead","K1500 TAHOE,DEFY",20002012,5,5.Hampton Roads,1. No Adverse Condition (Clear/Cloudy),Not Provided,2. No,Not Provided,Not YOUNG
No Access Control,ALCOHOL,Urban,0,0,Bituminous Concrete (Black Base),81ST STREET(B)/,Not UNBELTED,18,Male,B,1,BIKE,298.76,1,1,,4. Sideswipe - Same Direction,"Not Provided,Not Provided","Not Provided,Not Provided",US00060,298.76,3,1/18/2014,1/18/2014,28. Ran Off Road,1530,B.Visiible Injury,2014,None,0,1,Virginia Beach,Urban,28. Ran Off Road,MAIN,3PM TO 6PM,134.Virginia Beach,634,Intersection,Reset Filters,VDOT_OTHER,Saturday,Not DEER,"North,North",,5,1,140535149,62,Female,"B,C","1,2","1. No Improper Action,34. Hit and Run","3. Unavailable/Not Applicable,2. Not Deployed","Not Applicable,2. Breath","1. No Defects,8. Other","14. No Driver Distraction,14. No Driver Distraction","Not Applicable,2. Drinking - Obviously Drunk","Not Applicable,Not Applicable","Not Provided,1. Not Ejected","Yes,No","No,Yes","9. Not Applicable,3. Lap and Shoulder Belt","1. Not Obscured,1. Not Obscured",,,301,541115,50TH STREET(R)/,0,0,"0.Two-way, non-divided","20,28",1. On Roadway,"0,0",E,E.Urban Other Principle Arterials; Connecting Links of Other Rural Principal Arterial,Urban Extensions - Primary Routes,Not GUARDRAIL,HIT_RUN,"10,3",1,1. Not at Intersection,140535149,C,0,0,36.90524,36.90524,4,1.95,Not LRTRUCK,2. Daylight,LOCATED,-75.9926,-75.9926,MAINLINE,MAIN,0,0,0,0,0,Undivided Roadway,"20,22",Not MOTORCYCLE,541117,541117.  US00060       US00060      13408669,14676,13328,13276,13148,13017,4,1,0.12,PRI_URBAN,,,,,,,,,0,189,40,0,2,,0,0,,,,,,,,,Not PED,,2,0,Virginia Beach,134,5,NOT-RD,8. Non-Intersection,4,298.75,298.75,1. Straight - Level,1. No Defects,"1. Two-Way, Not Divided",1. Dry,"2. Blacktop, Asphalt, Bituminous",8000 ATLANTIC AVE,USPRI,US,R-VA   US00060WB,"Urbanized (Population 200,000 and over)",3. No,"0,22",14674,13003,12927,12853,13428,Not SENIOR,None,"20,45","35,35",SPEED,"35,35",541116,0.06,"2. No,1. Yes",0,"0,0",3PM TO 6PM,1,1,5. Slow or Warning Sign,1. Yes - Working,Not a Parkway - Trucks and Commercial Vehicles Allowed,"1,2","9. Bicycle,22. Truck - Sport Utility Vehicle (SUV)",Isuzu,"1. Going Straight Ahead,9. Ran Off Road - Right","BICYCLE,Rodeo",1994,5,5.Hampton Roads,1. No Adverse Condition (Clear/Cloudy),Not Provided,2. No,Not Provided,YOUNG
,ALCOHOL,Urban,1,1,,,Not UNBELTED,53,Male,A,2,BIKE,,0,0,,2. Angle,"Not Provided,Not Provided","Not Provided,Not Provided",,,,1/18/2014,1/18/2014,20. Motor Vehicle In Transport,2035,A.Ambulatory Injury,2014,,0,0,Norfolk,Urban,20. Motor Vehicle In Transport,MAIN,6PM TO 9PM,122.Norfolk,,Not Intersection,Reset Filters,VDOT_OTHER,Saturday,Not DEER,"South,South",DISTRACTED,5,1,141080258,33,Male,"PDO,A","1,2","11. Did Not Have Right-of-Way,1. No Improper Action","2. Not Deployed,3. Unavailable/Not Applicable","2. Breath,Not Applicable","8. Other,1. No Defects","7. Eyes Not on Road,Not Applicable","4. Drinking - Ability Not Impaired,1. Had Not Been Drinking","2. No,2. No","1. Not Ejected,1. Not Ejected","No,Yes","No,No","3. Lap and Shoulder Belt,8. No Restraint Used","1. Not Obscured,1. Not Obscured",,,,,,,,,"22,20",1. On Roadway,"0,0",,,,Not GUARDRAIL,Not HIT_RUN,"1,5",1,4. Four Approaches,,C,0,0,36.91212,36.91212,,,Not LRTRUCK,4. Darkness - Road Lighted,UNLOCATED,-76.25512,-76.25512,MAINLINE,,,,,,,,"22,20",Not MOTORCYCLE,,.,,,,,,,1,,SEC_URBAN,,,,,,,,,,,,0,1,,0,0,,,,,,,,,Not PED,,1,0,Norfolk,122,5,NOT-RD,10. Intersection Related - Within 150 Feet,,,,1. Straight - Level,1. No Defects,"1. Two-Way, Not Divided",1. Dry,"2. Blacktop, Asphalt, Bituminous",700 BLK CENTRAL BUSINESS PARK,UNKWN,SC,U-VA122SC99999UK,,3. No,"0,0",,,,,,Not SENIOR,,"25,10","25,35",Not SPEED,"25,35",,,"1. Yes,2. No",,"0,0",6PM TO 9PM,1,1,3. Traffic Signal,1. Yes - Working,,"1,2","2. Truck - Pick-up/Passenger Truck,9. Bicycle","FORD,AVALON","3. Making Left Turn,1. Going Straight Ahead","F150,6061",20022013,5,5.Hampton Roads,1. No Adverse Condition (Clear/Cloudy),Not Provided,2. No,Not Provided,Not YOUNG
No Access Control,Not ALCIHOL,Urban,0,0,"N/A, Unknown, or Unstabilized",TYLER STREET(R)/,Not UNBELTED,10,Female,B,1,BIKE,0.23,1,1,,2. Angle,"Not Provided,Not Provided","Not Provided,Not Provided",SR00152,0.372,4,10/6/2012,10/6/2012,22. Bicycle,1438,B.Visiible Injury,2012,Left and Right sides,0,0,Newport News,Urban,22. Bicycle,MAIN,12PM TO 3PM,121.Newport News,201,Intersection,Reset Filters,VDOT_OTHER,Saturday,Not DEER,"North,West",DISTRACTED,5,1,130020255,46,Female,"B,PDO","1,2","17. Other Improper Turn,1. No Improper Action","2. Not Deployed,2. Not Deployed","4. No Test,4. No Test","1. No Defects,1. No Defects","7. Eyes Not on Road,Not Applicable","1. Had Not Been Drinking,1. Had Not Been Drinking","2. No,2. No","1. Not Ejected,1. Not Ejected","Yes,Yes","No,No","8. No Restraint Used,3. Lap and Shoulder Belt","1. Not Obscured,1. Not Obscured",,,0,646008,US-00017(B)/,0,0,"0.Two-way, non-divided","22,22",1. On Roadway,"0,0",H,H.Urban Minor Arterial,Urban Extensions - Primary Routes,Not GUARDRAIL,Not HIT_RUN,"10,2",1,4. Four Approaches,130020255,C,0,0,37.036641,37.036641,0,0.18,Not LRTRUCK,2. Daylight,LOCATED,-76.455876,-76.455876,MAINLINE,MAIN,0,0,0,0,0,Undivided Roadway,"22,22",Not MOTORCYCLE,646008,646008.  SR00152       SR00152       US00017       US00017,52303,53662,49446,49228,49582,4,1,0.038,PRI_URBAN,,,,,,,,,0,0,64,0,1,,0,0,,,,,,,,,Not PED,,1,0,Newport News,121,5,NOT-RD,1. Main-Line Roadway,0,0.25,0.37,1. Straight - Level,1. No Defects,"2. Two-Way, Divided, Unprotected Median",1. Dry,1. Concrete,main st,STPRI,SR,R-VA   SR00152EB,"Urbanized (Population 200,000 and over)",3. No,"0,0",10674,10438,11700,11283,11512,Not SENIOR,Left and Right sides,"1,15","1,35",Not SPEED,"1,35",646132,0.02,"2. No,2. No",0,"0,0",12PM TO 3PM,1,1,1. No Traffic Control,1. Yes - Working,Not a Parkway - Trucks and Commercial Vehicles Allowed,"1,2","9. Bicycle,2. Truck - Pick-up/Passenger Truck",chrysler,"3. Making Left Turn,1. Going Straight Ahead",PACIFICA,2005,5,5.Hampton Roads,1. No Adverse Condition (Clear/Cloudy),Not Provided,2. No,Not Provided,Not YOUNG
No Access Control,Not ALCIHOL,Urban,0,0,Bituminous Concrete (Black Base),121-07036(R)/HIDEN BLVD,Not UNBELTED,30,Male,B,2,BIKE,259.89,1,1,,2. Angle,"Not Provided,Not Provided","Not Provided,Not Provided",US00060,260.07,3,10/8/2012,10/8/2012,22. Bicycle,1741,B.Visiible Injury,2012,Left and Right sides,0,0,Newport News,Urban,22. Bicycle,MAIN,3PM TO 6PM,121.Newport News,950,Intersection,Reset Filters,VDOT_OTHER,Monday,Not DEER,"West,South",,5,1,130375187,31,Male,"PDO,B","1,2","1. No Improper Action,11. Did Not Have Right-of-Way","2. Not Deployed,3. Unavailable/Not Applicable","4. No Test,4. No Test","1. No Defects,1. No Defects","14. No Driver Distraction,14. No Driver Distraction","1. Had Not Been Drinking,1. Had Not Been Drinking","2. No,2. No","1. Not Ejected,Not Provided","No,No","No,No","3. Lap and Shoulder Belt,9. Not Applicable","2. Rain, Snow, etc. on Windshield,2. Rain, Snow, etc. on Windshield",,,260,716351,121-00021(R)/SHOE LN,0,1,"1.Divided, no control of access","22,20",1. On Roadway,"0,0",H,H.Urban Minor Arterial,Urban Extensions - Primary Routes,Not GUARDRAIL,Not HIT_RUN,"12,9",1,4. Four Approaches,130375187,C,0,0,37.066727,37.066727,0,0.52,Not LRTRUCK,3. Dusk,LOCATED,-76.49204,-76.49204,MAINLINE,MAIN,0,0,Curbed Grass,14,14,Divided Roadway,"22,20",Not MOTORCYCLE,646044,646044.  US00060       US00060      12107036,35438,34654,43239,41699,42544,4,1,0.18,PRI_URBAN,,,,,,,,,0,255,48,0,1,,0,0,,,,,,,,,Not PED,,1,0,Newport News,121,5,NOT-RD,10. Intersection Related - Within 150 Feet,0,260,260.08,2. Curve - Level,1. No Defects,"1. Two-Way, Not Divided",2. Wet,"2. Blacktop, Asphalt, Bituminous",UNIVERSITY PLACE,USPRI,US,R-VA   US00060WB,"Urbanized (Population 200,000 and over)",3. No,"0,0",31484,30788,39115,37722,38486,Not SENIOR,Left and Right sides,"5,3","25,25",Not SPEED,"25,25",646044,0,"2. No,2. No",0,"0,0",3PM TO 6PM,1,1,4. Stop Sign,1. Yes - Working,Not a Parkway - Trucks and Commercial Vehicles Allowed,"1,2","22. Truck - Sport Utility Vehicle (SUV),9. Bicycle",Toyota,"2. Making Right Turn,1. Going Straight Ahead","4Runner,MOUNTAIN BIKE",2006,5,5.Hampton Roads,5. Rain,Not Provided,2. No,Not Provided,Not YOUNG
No Access Control,Not ALCIHOL,Urban,0,0,Bituminous Concrete (Black Base),LILAC AVE(R)/,Not UNBELTED,22,Male,B,2,BIKE,1.66,1,1,,2. Angle,"Not Provided,Not Provided","Not Provided,Not Provided",SR00407,1.704,4,1/21/2014,1/21/2014,22. Bicycle,1714,B.Visiible Injury,2014,Left and Right sides,0,0,Chesapeake,Urban,22. Bicycle,MAIN,3PM TO 6PM,131.Chesapeake,"2,249",Intersection,Reset Filters,VDOT_OTHER,Tuesday,Not DEER,"North,West",,5,1,140415151,53,Male,"PDO,B","1,2","1. No Improper Action,10. Wrong Side Of Road - Not Overtaking","2. Not Deployed,3. Unavailable/Not Applicable","4. No Test,4. No Test","1. No Defects,1. No Defects","14. No Driver Distraction,14. No Driver Distraction","1. Had Not Been Drinking,1. Had Not Been Drinking","2. No,2. No","1. Not Ejected,2. Partially Ejected","No,Yes","No,No","3. Lap and Shoulder Belt,9. Not Applicable","1. Not Obscured,1. Not Obscured",,,2,726873,MYRTLE AVE(R)/,0,1,"1.Divided, no control of access","22,20",1. On Roadway,"0,0",H,H.Urban Minor Arterial,Urban Extensions - Primary Routes,Not GUARDRAIL,Not HIT_RUN,"12,9",1,2. Two Approaches,140415151,C,0,0,36.82256,36.82256,0,0.07,Not LRTRUCK,4. Darkness - Road Lighted,LOCATED,-76.23404,-76.23404,MAINLINE,MAIN,0,0,Curbed Grass,16,4,Divided Roadway,"22,20",Not MOTORCYCLE,483826,483826.  SR00407       SR00407      13108645      13108645,32271,31556,31735,31206,31827,6,1,0.426,PRI_URBAN,,,,,,,,,3.3,0,78,0,1,,0,0,,,,,,,,,Not PED,,1,0,Chesapeake,131,5,NOT-RD,10. Intersection Related - Within 150 Feet,0,1.5,1.7,1. Straight - Level,1. No Defects,"3. Two-Way, Divided, Positive Median Barrier",3. Snowy,1. Concrete,INDIAN RIVER RD,STPRI,SR,R-VA   SR00407EB,"Urbanized (Population 200,000 and over)",3. No,"0,0",26192,25612,25757,25378,25882,Not SENIOR,Left and Right sides,"1,10","25,25",Not SPEED,"25,25",483825,0,"Not Provided,Not Provided",0,"0,0",3PM TO 6PM,1,1,1. No Traffic Control,6. No Traffic Control Device Present,Truck Access System,"1,2","1. Passenger car,9. Bicycle","Jeep,BICYCLE","1. Going Straight Ahead,1. Going Straight Ahead","Wrangler,BICYCLE",20082005,5,5.Hampton Roads,6. Snow,Not Provided,2. No,Not Provided,Not YOUNG
No Access Control,ALCOHOL,Urban,0,0,Bituminous Concrete (Black Base),MT. VERNON AVE.(R)/,Not UNBELTED,57,Male,C,1,BIKE,0.27,0,0,,13. Bicyclist,"Not Provided,Not Provided","Not Provided,Not Provided",13707075,0.273,4,1/21/2014,1/21/2014,22. Bicycle,1320,C.Non-Visible Injury,2014,Left and Right sides,1,1,Williamsburg,Urban,22. Bicycle,MAIN,12PM TO 3PM,137.Williamsburg,512,Intersection,Reset Filters,VDOT_OTHER,Tuesday,Not DEER,"West,North",,5,1,141140075,71,Female,"C,PDO","1,2","11. Did Not Have Right-of-Way,1. No Improper Action","3. Unavailable/Not Applicable,2. Not Deployed","Not Applicable,Not Applicable","1. No Defects,1. No Defects","Not Applicable,Not Applicable","4. Drinking - Ability Not Impaired,1. Had Not Been Drinking","2. No,2. No","1. Not Ejected,1. Not Ejected","Yes,No","No,No","9. Not Applicable,3. Lap and Shoulder Belt","1. Not Obscured,1. Not Obscured",,,0,398813,137-07077(L)/137-07083(R)/Gap Terminus/RICHMO,0,0,"0.Two-way, non-divided","20,22",1. On Roadway,"0,0",H,H.Urban Minor Arterial,Other City or Town Streets (not state maintained),Not GUARDRAIL,Not HIT_RUN,"12,2",1,3. Three Approaches,141140075,C,0,0,37.28352,37.28352,0,0.1,Not LRTRUCK,2. Daylight,LOCATED,-76.71983,-76.71983,MAINLINE,MAIN,0,0,0,0,0,Undivided Roadway,"20,22",Not MOTORCYCLE,398813,398813. 13707075      13707075      13707077      13707083,27434,26827,25596,24685,25185,2,1,0.097,SEC_URBAN,,,,,,,,,0,0,40,0,1,,0,0,,,,,,,,,Not PED,,1,0,Williamsburg,137,5,NOT-RD,9. Within Intersection,0,0.25,0.27,1. Straight - Level,1. No Defects,"1. Two-Way, Not Divided",1. Dry,"2. Blacktop, Asphalt, Bituminous",RICHMOND ROAD,URB,UR,R-VA137UR07075EB,"Urbanized (Population 200,000 and over)",3. No,"0,0",17873,17477,18549,17888,18251,SENIOR,Left and Right sides,5,"0,25",Not SPEED,"0,25",724022,0,"1. Yes,2. No",0,"0,0",12PM TO 3PM,1,1,3. Traffic Signal,1. Yes - Working,Not a Parkway - Trucks and Commercial Vehicles Allowed,"1,2","9. Bicycle,1. Passenger car",TOYOTA,"1. Going Straight Ahead,3. Making Left Turn",SEDAN,2010,5,5.Hampton Roads,1. No Adverse Condition (Clear/Cloudy),Not Provided,2. No,Not Provided,Not YOUNG
No Access Control,Not ALCIHOL,Urban,0,0,"N/A, Unknown, or Unstabilized",131-08778(L)/BARNES RD,Not UNBELTED,47,Not Provided,PDO,2,BIKE,395.32,0,0,,16. Other,"Not Provided,Not Provided","Not Provided,Not Provided",US00460,395.327,3,3/22/2012,3/22/2012,33. Explosion or Fire,643,PDO.Property Damage Only,2012,Left and Right sides,0,0,Chesapeake,Urban,33. Explosion or Fire,MAIN,6AM TO 9AM,131.Chesapeake,37,Intersection,Reset Filters,VDOT_OTHER,Thursday,Not DEER,"South,South",,5,1,120960131,,Not Provided,"PDO,PDO","1,2","37. Other,Not Applicable","Not Provided,3. Unavailable/Not Applicable","Not Applicable,Not Applicable","8. Other,Not Applicable","Not Applicable,Not Applicable","6. Unknown,Not Applicable","3. Unknown,2. No","Not Provided,1. Not Ejected","NotProvided,Yes","Yes,No","Not Provided,9. Not Applicable","1. Not Obscured,Not Applicable",,,396,483778,131-08776(L)/PARK AV,0,0,"0.Two-way, non-divided","22,20",1. On Roadway,"0,0",H,H.Urban Minor Arterial,Urban Extensions - Primary Routes,Not GUARDRAIL,HIT_RUN,"12,6",0,4. Four Approaches,120960131,C,0,0,36.806807,36.806807,0,0.34,Not LRTRUCK,1. Dawn,LOCATED,-76.276864,-76.276864,MAINLINE,MAIN,0,0,0,0,0,Undivided Roadway,"22,20",Not MOTORCYCLE,483779,483779.  US00460       US00460      13108778,8865,8691,8681,9199,9381,4,1,0.007,PRI_URBAN,,,,,,,,,0,230,40,1,0,,0,0,,,,,,,,,Not PED,,0,0,Chesapeake,131,5,NOT-RD,9. Within Intersection,0,395.25,395.33,1. Straight - Level,1. No Defects,"1. Two-Way, Not Divided",1. Dry,"2. Blacktop, Asphalt, Bituminous",bainbridge bl,USPRI,US,R-VA   US00460EB,"Urbanized (Population 200,000 and over)",3. No,"0,0",8356,8193,8180,8666,8838,Not SENIOR,None,10,"0,45",Not SPEED,"0,45",483779,0,"Not Provided,Not Provided",0,"0,0",6AM TO 9AM,1,1,6. Traffic Lanes Marked,1. Yes - Working,Not a Parkway - Trucks and Commercial Vehicles Allowed,"1,2","2. Truck - Pick-up/Passenger Truck,9. Bicycle",bicycle,"1. Going Straight Ahead,1. Going Straight Ahead",,2012,5,5.Hampton Roads,1. No Adverse Condition (Clear/Cloudy),Not Provided,2. No,Not Provided,Not YOUNG
No Access Control,Not ALCIHOL,Urban,0,0,Dual Type,IS-00264-W011A(L)/FROM ROUTE 264 WEST,Not UNBELTED,58,Male,C,2,BIKE,398.5,0,0,,2. Angle,"Not Provided,Not Provided","Not Provided,Not Provided",US00460,398.576,3,3/23/2012,3/23/2012,20. Motor Vehicle In Transport,600,C.Non-Visible Injury,2012,Left and Right sides,1,1,Norfolk,Urban,20. Motor Vehicle In Transport,MAIN,3AM TO 6AM,122.Norfolk,21,Intersection,Reset Filters,VDOT_OTHER,Friday,Not DEER,"West,South",,5,1,121090039,33,Male,"PDO,C","1,2","1. No Improper Action,1. No Improper Action","2. Not Deployed,3. Unavailable/Not Applicable","Not Applicable,Not Applicable","1. No Defects,1. No Defects","Not Applicable,Not Applicable","1. Had Not Been Drinking,1. Had Not Been Drinking","2. No,2. No","1. Not Ejected,1. Not Ejected","No,No","No,No","3. Lap and Shoulder Belt,9. Not Applicable","1. Not Obscured,1. Not Obscured",,,399,483362,SR-00166(R)/,0,0,"0.Two-way, non-divided","22,20",1. On Roadway,"0,0",E,E.Urban Other Principle Arterials; Connecting Links of Other Rural Principal Arterial,Urban Extensions - Primary Routes,Not GUARDRAIL,Not HIT_RUN,"3,12",1,4. Four Approaches,121090039,C,0,0,36.846618,36.846618,0,0.08,Not LRTRUCK,4. Darkness - Road Lighted,LOCATED,-76.270351,-76.270351,MAINLINE,MAIN,0,0,0,4,4,Undivided Roadway,"22,20",Not MOTORCYCLE,483362,483362.  SR00166       US00460       US00460,43175,42727,43122,41557,45929,4,1,0.004,PRI_URBAN,,,,,,,,,0,154,70,0,1,,0,0,,,,,,,,,Not PED,,1,0,Norfolk,122,5,NOT-RD,9. Within Intersection,0,398.5,398.58,1. Straight - Level,1. No Defects,"1. Two-Way, Not Divided",1. Dry,"2. Blacktop, Asphalt, Bituminous",1500 E BRAMBLETON AVE,USPRI,US,R-VA   US00460EB,"Urbanized (Population 200,000 and over)",3. No,"0,0",42839,41100,41479,39974,43699,Not SENIOR,None,"10,5","30,30",Not SPEED,"30,30",483766,0.03,"2. No,2. No",0,"0,0",3AM TO 6AM,1,1,3. Traffic Signal,1. Yes - Working,Truck Access System,"1,2","1. Passenger car,9. Bicycle","NISSAN,HUFFY","2. Making Right Turn,1. Going Straight Ahead","4D,PRO CYCLE",2005,5,5.Hampton Roads,1. No Adverse Condition (Clear/Cloudy),Not Provided,2. No,Not Provided,Not YOUNG
No Access Control,Not ALCIHOL,Urban,0,0,"Stabilized with Selected Material (Soil,Gravel,Stone,etc.)",DERBY RUN(R)/,Not UNBELTED,17,Male,B,2,BIKE,2.66,1,1,,16. Other,"Not Provided,Not Provided","Not Provided,Not Provided",13408690,2.756,3,3/24/2012,3/24/2012,22. Bicycle,2058,B.Visiible Injury,2012,None,0,0,Virginia Beach,Urban,22. Bicycle,MAIN,6PM TO 9PM,134.Virginia Beach,602,Intersection,Reset Filters,VDOT_OTHER,Saturday,Not DEER,"East,East",,5,1,120855229,35,Male,"PDO,B","1,2","1. No Improper Action,37. Other","2. Not Deployed,3. Unavailable/Not Applicable","4. No Test,4. No Test","1. No Defects,1. No Defects","14. No Driver Distraction,14. No Driver Distraction","1. Had Not Been Drinking,1. Had Not Been Drinking","2. No,2. No","1. Not Ejected,1. Not Ejected","No,Yes","No,No","3. Lap and Shoulder Belt,9. Not Applicable","2. Rain, Snow, etc. on Windshield,Not Applicable",,,3,541708,134-08729(B)/OCEANA BLVD,0,0,"0.Two-way, non-divided","22,20",1. On Roadway,"0,0",I,I.Urban Collector,Other City or Town Streets (not state maintained),Not GUARDRAIL,Not HIT_RUN,"1,6",1,1. Not at Intersection,120855229,C,0,0,36.799585,36.799585,4,0.21,Not LRTRUCK,5. Darkness - Road Not Lighted,LOCATED,-76.006035,-76.006035,MAINLINE,MAIN,0,0,0,0,0,Undivided Roadway,"22,20",Not MOTORCYCLE,541708,541708. 13408690      13408729      13408729,36479,34571,34987,34507,35682,2,1,0.114,SEC_URBAN,,,,,,,,,0,0,22,0,1,,0,0,,,,,,,,,Not PED,,1,0,Virginia Beach,134,5,NOT-RD,8. Non-Intersection,4,2.75,2.76,1. Straight - Level,1. No Defects,"1. Two-Way, Not Divided",2. Wet,"2. Blacktop, Asphalt, Bituminous",1300 HARPERS ROAD,URB,UR,R-VA134UR08690EB,"Urbanized (Population 200,000 and over)",3. No,"0,0",6826,6630,6691,6448,7129,Not SENIOR,None,"35,3","35,35",Not SPEED,"35,35",541707,0,"2. No,2. No",0,"0,0",6PM TO 9PM,1,1,6. Traffic Lanes Marked,1. Yes - Working,Not a Parkway - Trucks and Commercial Vehicles Allowed,"1,2","1. Passenger car,9. Bicycle","NISSAN,BICYCLE","1. Going Straight Ahead,1. Going Straight Ahead","ALTIMA,BICYCLE",20122012,5,5.Hampton Roads,5. Rain,Not Provided,2. No,Not Provided,YOUNG