Access Control,Alcohol Notalcohol,Area Type1,A Crash,A People,Basetypedesc,Begin Node Dsc,Belted Unbelted,Bikeage,Bikegen,Bikeinjurytype,Bikevehiclenumber,Bike Nonbike,BMP,B Crash,B People,Carspeedlimit,Collision Type,Comm Cargo Body Type Cd,Comm Vehicle Body Type Cd,Cotedrouteid,Coted Mp,Count App,CRASH_DT (copy),Crash Dt,Crash Event Type Dsc,Crash Military Tm,Crash Severity,Crash Year,Curbgutterdesc,C Crash,C People,Juris Name Used,Area Type Used,First Harmful Event of Entire Crash,MAINLINE,Time Slicing Used,Phy_Juris_Nm,Offset-Ft,Intersection Analysis,Clear,Calculation_9640323132123359,Day Of Week,Deer Nodeer,Direction Of Travel Cd,Distracted Notdistracted,VSP,TOTAL CRASH,Document Nbr,Driverage,Drivergen,Driverinjurytype,Drivervehiclenumber,Driver Action Type Cd,Driver Airbag Deployment,Driver Alcohol Test Type Cd,Driver Condition Type Cd,Driver Distraction Type Cd,Driver Drinking Type Cd,Driver Drug Use Cd,Driver Ejected From Vehicle,Driver Ems Transport Ind,Driver Fled Scene Ind,Driver Safety Equip Used,Driver Vis Obscured Type Cd,Drowsy Notdrowsy,Drug Nodrug,EMP,End Node,End Node Dsc,End Offset,Facility,FAC,First Crash Event Cd,First Harmful Event,Fourth Crash Event Cd,Functionalclass,FUN,Govcondesc,Gr Nogr,Hitrun Not Hitrun,Initial Veh Impact Area Cd,Injury Crashes,Intersection Type,Int Doc,Jurtype,K_CRASH,K People,LAT (copy),LAT,Leftshoulderwidth,Length,Lgtruck Nonlgtruck,Light Condition,Located Unlocated,LON (copy),LON,MAINLINE (group),Mainline Yn,Medianleftshoulderwidth,Medianrightshoulderwidth,Mediantypedesc,Medianwidthmax,Medianwidthmin,Median Type,Most Harmful Crash Event Cd,Motor Nonmotor,Node,Node Info,Node Totaadt2011,Node Totaadt2012,Node Totaadt2013,Node Totaadt2014,Node Totaadt2015,Numberoflane,Number of Records,Offset,Ownership,Passage,Passgen,Passinjurytype,Passvehiclenumber,Pass Airbag Deployment,Pass Ejected From Vehicle,Pass Ems Transport Ind,Pass Safety Equip Used,Pavementconditionvalue,Pavementroughnessvalue,Pavementwidth,Pdo Crash,Total People Killed & Injured,Pedage,Pedestrians Injured,Pedestrians Killed,Pedgen,Pedinjurytype,Pednumber,Ped Action,Ped Al Test,Ped Cond,Ped Drink,Ped Drug,Ped Nonped,Ped Rflct,Persons Injured,Persons Killed,Physical Juris Nm,PJR,VSP_Used,Rd Type,Relation To Roadway,Rightshoulderwidth,RNS_MP (0.25 mi bin),Rns Mp,Roadway Alignment,Roadway Defect,Roadway Description,Roadway Surface Cond,Roadway Surface Type,Route Or Street Nm,Rte Category Cd,Rte Cat,Rte Nm,Ruralurbandesc,School Zone,Second Crash Event Cd,Segtotaadt2011,Segtotaadt2012,Segtotaadt2013,Segtotaadt2014,Segtotaadt2015,Senior Notsenior,Sidewalkdesc,Speed Before,Speed Max Safe,Speed Notspeed,Speed Posted,Start Node,Start Offset,Summons Issued Cd,Surfacedesc,Third Crash Event Cd,Time Slicing,Total Crashes including Property Damage Only,Total Crash,Traffic Control Type,Trfc Ctrl Status Type,Truckcommr,Vehiclenumber,Vehicle Body Type Cd,Vehicle Make Nm,Vehicle Maneuver Type Cd,Vehicle Model Nm,Vehicle Year Nbr,District,District_Used ,Weather Condition,Work Zone Location,Work Zone Related,Work Zone Type,Young Notyoung
No Access Control,Not ALCIHOL,Urban,0,0,"N/A, Unknown, or Unstabilized",ENT TO WEDGEWOOD PLAZA(R)/,Not UNBELTED,25,Male,C,1,BIKE,0.87,0,0,,13. Bicyclist,"Not Provided,Not Provided","Not Provided,Not Provided",SR00170,0.88,4,1/25/2014,1/25/2014,20. Motor Vehicle In Transport,1855,C.Non-Visible Injury,2014,None,1,1,Norfolk,Urban,20. Motor Vehicle In Transport,MAIN,6PM TO 9PM,122.Norfolk,"1,056",Intersection,Reset Filters,VDOT_OTHER,Saturday,Not DEER,"West,North",,5,1,141190244,57,Male,"C,PDO","1,2","37. Other,1. No Improper Action","2. Not Deployed,2. Not Deployed","Not Applicable,Not Applicable","1. No Defects,1. No Defects","Not Applicable,Not Applicable","1. Had Not Been Drinking,1. Had Not Been Drinking","2. No,2. No","1. Not Ejected,1. Not Ejected","Yes,No","No,No","5. Helmet,1. Lap Belt Only","1. Not Obscured,14. Blind Spot",,,1,746447,ENT TO WEDGEWOOD PLAZA(R)/,0.16,1,"1.Divided, no control of access","20,22",2. Shoulder,"0,0",E,E.Urban Other Principle Arterials; Connecting Links of Other Rural Principal Arterial,Urban Extensions - Primary Routes,Not GUARDRAIL,Not HIT_RUN,"12,1",1,1. Not at Intersection,141190244,C,0,0,36.91566,36.91566,10,0.16,Not LRTRUCK,4. Darkness - Road Lighted,LOCATED,-76.22417,-76.22417,MAINLINE,MAIN,2,2,Grass/Unprotected,20,4,Divided Roadway,"20,22",Not MOTORCYCLE,483459,483459.  SR00170       SR00170      12208631      12208631,30719,28910,29368,28638,28378,4,1,0.2,PRI_URBAN,,,,,,,,,0,170,46,0,1,,0,0,,,,,,,,,Not PED,,1,0,Norfolk,122,5,NOT-RD,8. Non-Intersection,10,0.75,0.88,1. Straight - Level,1. No Defects,"2. Two-Way, Divided, Unprotected Median",1. Dry,"2. Blacktop, Asphalt, Bituminous",1800 BLK E LITTLE CREEK RD,STPRI,SR,R-VA   SR00170EB,"Urbanized (Population 200,000 and over)",3. No,"0,0",25669,24296,24718,24168,23603,Not SENIOR,None,"5,5","35,35",Not SPEED,"35,35",746447,0,"2. No,2. No",0,"0,0",6PM TO 9PM,1,1,3. Traffic Signal,1. Yes - Working,Not a Parkway - Trucks and Commercial Vehicles Allowed,"1,2","9. Bicycle,1. Passenger car","NEXT,cadillac","1. Going Straight Ahead,2. Making Right Turn","AVALON (BIKE),DEVILLE",2003,5,5.Hampton Roads,1. No Adverse Condition (Clear/Cloudy),Not Provided,2. No,Not Provided,Not YOUNG
,Not ALCIHOL,Urban,0,0,,,Not UNBELTED,42,Male,C,1,BIKE,,0,0,,2. Angle,"Not Provided,Not Provided","Not Provided,Not Provided",,,,1/27/2014,1/27/2014,20. Motor Vehicle In Transport,1140,C.Non-Visible Injury,2014,,1,1,Virginia Beach,Urban,20. Motor Vehicle In Transport,MAIN,9AM TO 12PM,134.Virginia Beach,,Not Intersection,Reset Filters,VDOT_OTHER,Monday,Not DEER,"East,South",,5,1,140285046,47,Male,"C,PDO","1,2","1. No Improper Action,17. Other Improper Turn","3. Unavailable/Not Applicable,2. Not Deployed","Not Applicable,Not Applicable","1. No Defects,1. No Defects","Not Applicable,Not Applicable","1. Had Not Been Drinking,1. Had Not Been Drinking","Not Applicable,Not Applicable","1. Not Ejected,1. Not Ejected","No,No","No,No","5. Helmet,3. Lap and Shoulder Belt","1. Not Obscured,1. Not Obscured",,,,,,,,,"20,20",1. On Roadway,"0,0",,,,Not GUARDRAIL,Not HIT_RUN,"12,12",1,4. Four Approaches,,C,0,0,36.84745,36.84745,,,Not LRTRUCK,2. Daylight,UNLOCATED,-76.0891,-76.0891,MAINLINE,,,,,,,,"20,20",Not MOTORCYCLE,,.,,,,,,,1,,SEC_URBAN,,,,,,,,,,,,0,1,,0,0,,,,,,,,,Not PED,,1,0,Virginia Beach,134,5,NOT-RD,1. Main-Line Roadway,,,,1. Straight - Level,1. No Defects,"1. Two-Way, Not Divided",1. Dry,"2. Blacktop, Asphalt, Bituminous",EDINBURGH DR,UNKWN,SC,U-VA134SC99999UK,,3. No,"0,0",,,,,,Not SENIOR,,,"25,25",Not SPEED,"25,25",,,"2. No,1. Yes",,"0,0",9AM TO 12PM,1,1,1. No Traffic Control,6. No Traffic Control Device Present,,"1,2","9. Bicycle,22. Truck - Sport Utility Vehicle (SUV)","BMC,HONDA","1. Going Straight Ahead,3. Making Left Turn","BICYCLE,SUV",2009,5,5.Hampton Roads,1. No Adverse Condition (Clear/Cloudy),Not Provided,2. No,Not Provided,Not YOUNG
,Not ALCIHOL,Urban,0,0,,,Not UNBELTED,41,Male,B,1,BIKE,,1,1,,2. Angle,"Not Provided,Not Provided","Not Provided,Not Provided",,,,1/27/2014,1/27/2014,20. Motor Vehicle In Transport,915,B.Visiible Injury,2014,,0,0,Virginia Beach,Urban,20. Motor Vehicle In Transport,MAIN,9AM TO 12PM,134.Virginia Beach,,Not Intersection,Reset Filters,VDOT_OTHER,Monday,Not DEER,"West,East",DISTRACTED,5,1,140365047,27,Female,"B,PDO","1,2","37. Other,37. Other","2. Not Deployed,2. Not Deployed","Not Applicable,Not Applicable","1. No Defects,1. No Defects","11. Other,11. Other","1. Had Not Been Drinking,1. Had Not Been Drinking","Not Applicable,Not Applicable","1. Not Ejected,1. Not Ejected","No,No","No,No","5. Helmet,3. Lap and Shoulder Belt","1. Not Obscured,1. Not Obscured",,,,,,,,,"20,20",1. On Roadway,"0,0",,,,Not GUARDRAIL,Not HIT_RUN,"12,12",1,2. Two Approaches,,C,0,0,36.8432,36.8432,,,Not LRTRUCK,1. Dawn,UNLOCATED,-76.122,-76.122,MAINLINE,,,,,,,,"20,20",Not MOTORCYCLE,,.,,,,,,,1,,SEC_URBAN,,,,,,,,,,,,0,1,,0,0,,,,,,,,,Not PED,,1,0,Virginia Beach,134,5,NOT-RD,1. Main-Line Roadway,,,,1. Straight - Level,1. No Defects,"1. Two-Way, Not Divided",2. Wet,"2. Blacktop, Asphalt, Bituminous",VA BEACH BLVD,UNKWN,SC,U-VA134SC99999UK,,3. No,"0,0",,,,,,Not SENIOR,,,"45,25",Not SPEED,"45,25",,,"1. Yes,1. Yes",,"0,0",9AM TO 12PM,1,1,4. Stop Sign,1. Yes - Working,,"1,2","9. Bicycle,1. Passenger car","SCHWINN,NISSAN","1. Going Straight Ahead,2. Making Right Turn","MOUNTAIN BIKE,2DR",2009,5,5.Hampton Roads,1. No Adverse Condition (Clear/Cloudy),Not Provided,2. No,Not Provided,Not YOUNG
,Not ALCIHOL,Urban,1,1,,,Not UNBELTED,33,Male,A,2,BIKE,,0,0,,2. Angle,"Not Provided,Not Provided","Not Provided,Not Provided",,,,5/20/2015,5/20/2015,20. Motor Vehicle In Transport,2353,A.Ambulatory Injury,2015,,0,0,Virginia Beach,Urban,20. Motor Vehicle In Transport,MAIN,9PM TO 12AM,134.Virginia Beach,,Not Intersection,Reset Filters,VDOT_OTHER,Wednesday,Not DEER,"South,East",DISTRACTED,5,1,151425010,28,Female,"PDO,A","1,2","1. No Improper Action,11. Did Not Have Right-of-Way","2. Not Deployed,3. Unavailable/Not Applicable","Not Applicable,Not Applicable","1. No Defects,1. No Defects","14. No Driver Distraction,5. Radio/CD, etc.","1. Had Not Been Drinking,1. Had Not Been Drinking","2. No,3. Unknown","1. Not Ejected,1. Not Ejected","No,Yes","No,No","3. Lap and Shoulder Belt,8. No Restraint Used","1. Not Obscured,10. Parked Vehicle(s)",,,,,,,,,"22,20",1. On Roadway,"0,0",,,,Not GUARDRAIL,Not HIT_RUN,"2,12",1,4. Four Approaches,,C,0,0,36.85104,36.85104,,,Not LRTRUCK,4. Darkness - Road Lighted,UNLOCATED,-75.98991,-75.98991,MAINLINE,,,,,,,,"22,20",Not MOTORCYCLE,,.,,,,,,,1,,SEC_URBAN,,,,,,,,,,,,0,1,,0,0,,,,,,,,,Not PED,,1,0,Virginia Beach,134,5,NOT-RD,9. Within Intersection,,,,1. Straight - Level,1. No Defects,"1. Two-Way, Not Divided",1. Dry,"2. Blacktop, Asphalt, Bituminous",BARBERTON DRIVE,UNKWN,SC,U-VA134SC99999UK,,3. No,"0,0",,,,,,Not SENIOR,,"15,5","25,25",Not SPEED,"25,25",,,"2. No,3. Pending",,"0,0",9PM TO 12AM,1,1,4. Stop Sign,1. Yes - Working,,"1,2","1. Passenger car,9. Bicycle","MAZDA,BICYCLE","1. Going Straight Ahead,1. Going Straight Ahead","5,BICYCLE",2008,5,5.Hampton Roads,1. No Adverse Condition (Clear/Cloudy),Not Provided,2. No,Not Provided,Not YOUNG
No Access Control,ALCOHOL,Urban,0,0,Bituminous Concrete (Black Base),134-08829(L)/GREEN RUN BLVD,Not UNBELTED,27,Female,B,2,BIKE,2.82,1,1,,2. Angle,"Not Provided,Not Provided","Not Provided,Not Provided",13400012,2.906,4,3/25/2012,3/25/2012,22. Bicycle,2045,B.Visiible Injury,2012,Left and Right sides,0,0,Virginia Beach,Urban,22. Bicycle,MAIN,6PM TO 9PM,134.Virginia Beach,74,Intersection,Reset Filters,VDOT_OTHER,Sunday,Not DEER,"South,West",,5,1,120885115,32,Female,"PDO,B","1,2","1. No Improper Action,37. Other","2. Not Deployed,3. Unavailable/Not Applicable","4. No Test,4. No Test","1. No Defects,1. No Defects","Not Applicable,Not Applicable","1. Had Not Been Drinking,3. Drinking - Ability Impaired","2. No,3. Unknown","1. Not Ejected,3. Totally Ejected","No,Yes","No,No","3. Lap and Shoulder Belt,5. Helmet","1. Not Obscured,1. Not Obscured",,,3,541275,134-00014(L)/134-08717(R)/Gap Terminus/LYNNHA,0,1,"1.Divided, no control of access","22,20",1. On Roadway,"0,0",H,H.Urban Minor Arterial,Other City or Town Streets (not state maintained),Not GUARDRAIL,Not HIT_RUN,"12,3",1,4. Four Approaches,120885115,C,0,0,36.800399,36.800399,0,0.1,Not LRTRUCK,4. Darkness - Road Lighted,LOCATED,-76.085906,-76.085906,MAINLINE,MAIN,0,0,Curbed Grass,16,4,Divided Roadway,"22,20",Not MOTORCYCLE,541275,541275. 13400012      13400012      13400014      13408717,57323,59152,59698,57532,59080,4,1,0.014,SEC_URBAN,,,,,,,,,0,0,52,0,1,,0,0,,,,,,,,,Not PED,,1,0,Virginia Beach,134,5,NOT-RD,9. Within Intersection,0,2.75,2.91,1. Straight - Level,1. No Defects,"2. Two-Way, Divided, Unprotected Median",2. Wet,"2. Blacktop, Asphalt, Bituminous",3301 HOLLAND RD,URB,UR,R-VA134UR00012WB,"Urbanized (Population 200,000 and over)",3. No,"0,0",28098,29924,30200,29104,29116,Not SENIOR,Left and Right sides,7,"45,45",Not SPEED,"45,45",541274,0,"2. No,1. Yes",0,"0,0",6PM TO 9PM,1,1,3. Traffic Signal,1. Yes - Working,Not a Parkway - Trucks and Commercial Vehicles Allowed,"1,2","22. Truck - Sport Utility Vehicle (SUV),9. Bicycle",LEXUS,"1. Going Straight Ahead,1. Going Straight Ahead","SUV,BICYCLE",2000,5,5.Hampton Roads,5. Rain,Not Provided,2. No,Not Provided,Not YOUNG
No Access Control,Not ALCIHOL,Urban,0,0,"N/A, Unknown, or Unstabilized",HILBER STREET(R)/,Not UNBELTED,18,Not Provided,B,2,BIKE,1.64,1,1,,2. Angle,"Not Provided,Not Provided","Not Provided,Not Provided",13400013,1.669,3,3/27/2012,3/27/2012,22. Bicycle,1455,B.Visiible Injury,2012,Left and Right sides,0,0,Virginia Beach,Urban,22. Bicycle,MAIN,12PM TO 3PM,134.Virginia Beach,5,Intersection,Reset Filters,VDOT_OTHER,Tuesday,Not DEER,"West,North",,5,1,120925007,,Not Provided,"PDO,B","1,2","34. Hit and Run,1. No Improper Action","Not Provided,3. Unavailable/Not Applicable","Not Applicable,Not Applicable","Not Applicable,Not Applicable","Not Applicable,Not Applicable","6. Unknown,1. Had Not Been Drinking","3. Unknown,2. No","Not Provided,1. Not Ejected","NotProvided,No","Yes,No","Not Provided,6. Other","Not Applicable,Not Applicable",,,2,541284,IS-00264-E018A(L)/FROM ROUTE 254 EAST,0,1,"1.Divided, no control of access","22,20",1. On Roadway,"0,0",H,H.Urban Minor Arterial,Other City or Town Streets (not state maintained),Not GUARDRAIL,HIT_RUN,"0,10",1,3. Three Approaches,120925007,C,0,0,36.837233,36.837233,0,0.03,Not LRTRUCK,2. Daylight,LOCATED,-76.096467,-76.096467,MAINLINE,MAIN,0,0,Curbed Grass,14,4,Divided Roadway,"22,20",Not MOTORCYCLE,541284,541284.  IS00264E018A 13400013      13400013,32096,31540,39605,38450,30108,4,1,0.001,SEC_URBAN,,,,,,,,,0,0,52,0,1,,0,0,,,,,,,,,Not PED,,1,0,Virginia Beach,134,5,NOT-RD,9. Within Intersection,0,1.5,1.67,1. Straight - Level,1. No Defects,"3. Two-Way, Divided, Positive Median Barrier",1. Dry,"2. Blacktop, Asphalt, Bituminous",100 ROSEMONT ROAD S.,URB,UR,R-VA134UR00013NB,"Urbanized (Population 200,000 and over)",3. No,"0,0",32096,31540,31831,30676,29087,Not SENIOR,Right side,3,"0,45",Not SPEED,"0,45",735002,0.01,"Not Provided,2. No",0,"0,0",12PM TO 3PM,1,1,6. Traffic Lanes Marked,1. Yes - Working,Not a Parkway - Trucks and Commercial Vehicles Allowed,"1,2","2. Truck - Pick-up/Passenger Truck,9. Bicycle",BICYCLE,"3. Making Left Turn,1. Going Straight Ahead",BICYCLE,2011,5,5.Hampton Roads,1. No Adverse Condition (Clear/Cloudy),Not Provided,2. No,Not Provided,YOUNG
,Not ALCIHOL,Urban,1,1,,,Not UNBELTED,67,Male,A,1,BIKE,,0,0,,2. Angle,"Not Provided,Not Provided","Not Provided,Not Provided",,,,3/27/2012,3/27/2012,20. Motor Vehicle In Transport,802,A.Ambulatory Injury,2012,,0,0,Virginia Beach,Urban,20. Motor Vehicle In Transport,MAIN,6AM TO 9AM,134.Virginia Beach,,Not Intersection,Reset Filters,VDOT_OTHER,Tuesday,Not DEER,"West,South",DISTRACTED,5,1,121115135,65,Male,"A,PDO","1,2","22. Disregarded Stop or Yield Sign,1. No Improper Action","3. Unavailable/Not Applicable,2. Not Deployed","4. No Test,4. No Test","1. No Defects,1. No Defects","3. Looking at Scenery,Not Applicable","1. Had Not Been Drinking,1. Had Not Been Drinking","2. No,2. No","3. Totally Ejected,1. Not Ejected","Yes,No","No,No","9. Not Applicable,3. Lap and Shoulder Belt","1. Not Obscured,1. Not Obscured",,,,,,,,,"20,22",1. On Roadway,"0,0",,,,Not GUARDRAIL,Not HIT_RUN,"3,12",1,4. Four Approaches,,C,0,0,36.84523,36.84523,,,Not LRTRUCK,2. Daylight,UNLOCATED,-76.143816,-76.143816,MAINLINE,,,,,,,,"20,22",Not MOTORCYCLE,,.,,,,,,,1,,SEC_URBAN,,,,,,,,,,,,0,1,,0,0,,,,,,,,,Not PED,,1,0,Virginia Beach,134,5,NOT-RD,9. Within Intersection,,,,1. Straight - Level,1. No Defects,"1. Two-Way, Not Divided",1. Dry,"2. Blacktop, Asphalt, Bituminous",4800 BROAD STREET,UNKWN,SC,U-VA134SC99999UK,,3. No,"0,0",,,,,,SENIOR,,"20,15","0,25",Not SPEED,"25,25",,,"3. Pending,2. No",,"0,0",6AM TO 9AM,1,1,4. Stop Sign,1. Yes - Working,,"1,2","9. Bicycle,2. Truck - Pick-up/Passenger Truck",DODGE,"1. Going Straight Ahead,1. Going Straight Ahead","BICYCLE,RAM 1500",2010,5,5.Hampton Roads,1. No Adverse Condition (Clear/Cloudy),Not Provided,2. No,Not Provided,Not YOUNG
No Access Control,Not ALCIHOL,Urban,1,1,"N/A, Unknown, or Unstabilized",122-08641(B)/AZA GARDEN RD,Not UNBELTED,59,Male,A,2,BIKE,0.25,0,0,,3. Head On,"Not Provided,Not Provided","Not Provided,Not Provided",SR00194,0.25,4,10/9/2012,10/9/2012,22. Bicycle,1415,A.Ambulatory Injury,2012,Left and Right sides,0,0,Norfolk,Urban,22. Bicycle,MAIN,12PM TO 3PM,122.Norfolk,0,Intersection,Reset Filters,VDOT_OTHER,Tuesday,Not DEER,"South,North",,5,1,123340140,32,Female,"PDO,A","1,2","1. No Improper Action,11. Did Not Have Right-of-Way","2. Not Deployed,3. Unavailable/Not Applicable","Not Applicable,Not Applicable","1. No Defects,1. No Defects","Not Applicable,Not Applicable","1. Had Not Been Drinking,1. Had Not Been Drinking","2. No,2. No","1. Not Ejected,1. Not Ejected","No,Yes","No,No","3. Lap and Shoulder Belt,8. No Restraint Used","1. Not Obscured,1. Not Obscured",,,0,746472,DENVER AVE.(B)/,0,0,"0.Two-way, non-divided","22,20",1. On Roadway,"0,0",H,H.Urban Minor Arterial,Urban Extensions - Primary Routes,Not GUARDRAIL,Not HIT_RUN,"12,12",1,4. Four Approaches,123340140,C,0,0,36.871113,36.871113,0,0.06,Not LRTRUCK,2. Daylight,LOCATED,-76.23217,-76.23217,MAINLINE,MAIN,0,0,0,0,0,Undivided Roadway,"22,20",Not MOTORCYCLE,483513,483513.  SR00194       SR00194      12208641      12208641,24864,22555,22764,21937,23330,4,1,0,PRI_URBAN,,,,,,,,,0,0,55,0,1,,0,0,,,,,,,,,Not PED,,1,0,Norfolk,122,5,NOT-RD,9. Within Intersection,0,0.25,0.25,1. Straight - Level,1. No Defects,"2. Two-Way, Divided, Unprotected Median",1. Dry,1. Concrete,2300 blk azalea garden rd,STPRI,SR,R-VA   SR00194SB,"Urbanized (Population 200,000 and over)",3. No,"0,0",12631,11888,11998,11562,11606,Not SENIOR,Left and Right sides,"15,10","30,30",Not SPEED,"30,30",483513,0,"2. No,1. Yes",0,"0,0",12PM TO 3PM,1,1,3. Traffic Signal,1. Yes - Working,Not a Parkway - Trucks and Commercial Vehicles Allowed,"1,2","1. Passenger car,9. Bicycle","honda,roadmaster","1. Going Straight Ahead,3. Making Left Turn","accord,silverado pass",2004,5,5.Hampton Roads,1. No Adverse Condition (Clear/Cloudy),Not Provided,2. No,Not Provided,Not YOUNG
No Access Control,Not ALCIHOL,Urban,0,0,Penetration Macadam and Water Bound Macadam,US-00058(B)/,Not UNBELTED,17,Male,B,2,BIKE,0.59,1,1,,2. Angle,"Not Provided,Not Provided","Not Provided,Not Provided",13400009,0.709,4,10/11/2012,10/11/2012,22. Bicycle,1753,B.Visiible Injury,2012,Left and Right sides,0,0,Virginia Beach,Urban,22. Bicycle,MAIN,3PM TO 6PM,134.Virginia Beach,628,Intersection,Reset Filters,VDOT_OTHER,Thursday,Not DEER,"North,North",,5,1,122955245,24,Male,"PDO,B","1,2","1. No Improper Action,11. Did Not Have Right-of-Way","2. Not Deployed,3. Unavailable/Not Applicable","4. No Test,4. No Test","1. No Defects,1. No Defects","Not Applicable,14. No Driver Distraction","6. Unknown,1. Had Not Been Drinking","3. Unknown,2. No","1. Not Ejected,3. Totally Ejected","No,Yes","No,No","3. Lap and Shoulder Belt,9. Not Applicable","1. Not Obscured,1. Not Obscured",,,1,734938,REPUBLIC ROAD(L)/LAUREL LANE(R)/,0,1,"1.Divided, no control of access","22,20",1. On Roadway,"0,0",H,H.Urban Minor Arterial,Other City or Town Streets (not state maintained),Not GUARDRAIL,Not HIT_RUN,"12,6",1,1. Not at Intersection,122955245,C,0,0,36.852342,36.852342,0,0.17,Not LRTRUCK,2. Daylight,LOCATED,-76.022467,-76.022467,MAINLINE,MAIN,0,0,Curbed Grass,16,4,Divided Roadway,"22,20",Not MOTORCYCLE,541066,541066.  US00058       US00058      13400009      13400009,63023,61504,62556,60804,62575,4,1,0.119,SEC_URBAN,,,,,,,,,0,0,52,0,1,,0,0,,,,,,,,,Not PED,,1,0,Virginia Beach,134,5,NOT-RD,1. Main-Line Roadway,0,0.5,0.71,1. Straight - Level,1. No Defects,"1. Two-Way, Not Divided",1. Dry,"2. Blacktop, Asphalt, Bituminous",799 FIRST COLONIAL RD,URB,UR,R-VA134UR00009NB,"Urbanized (Population 200,000 and over)",3. No,"0,0",36525,34557,34876,33610,35142,Not SENIOR,Left and Right sides,"25,5","35,35",Not SPEED,"35,35",541066,0,"2. No,3. Pending",0,"0,0",3PM TO 6PM,1,1,1. No Traffic Control,6. No Traffic Control Device Present,Not a Parkway - Trucks and Commercial Vehicles Allowed,"1,2","22. Truck - Sport Utility Vehicle (SUV),9. Bicycle","MAZDA,MONGOOSE","1. Going Straight Ahead,15. Other","TRIBUTE,BICYCLE",20042008,5,5.Hampton Roads,1. No Adverse Condition (Clear/Cloudy),Not Provided,2. No,Not Provided,YOUNG
No Access Control,ALCOHOL,Urban,0,0,Portland Cement Concrete,SR-00196(L)/131-08605(R)/CANAL RD,Not UNBELTED,49,Male,B,1,BIKE,38.15,1,1,,2. Angle,"Not Provided,Not Provided","Not Provided,Not Provided",US00013,38.908,3,1/31/2014,1/31/2014,22. Bicycle,1816,B.Visiible Injury,2014,None,0,1,Chesapeake,Urban,22. Bicycle,MAIN,6PM TO 9PM,131.Chesapeake,961,Intersection,Reset Filters,VDOT_OTHER,Friday,Not DEER,"East,East",,5,1,140375093,34,Male,"B,C","1,2","28. Driving Without Lights,1. No Improper Action","3. Unavailable/Not Applicable,2. Not Deployed","4. No Test,Not Applicable","8. Other,Not Applicable","Not Applicable,Not Applicable","3. Drinking - Ability Impaired,Not Applicable","Not Applicable,Not Applicable","1. Not Ejected,1. Not Ejected","Yes,No","No,No","9. Not Applicable,3. Lap and Shoulder Belt","1. Not Obscured,1. Not Obscured",,,39,483039,131-08604(R)/SHELL RD,0,1,"1.Divided, no control of access","20,22",1. On Roadway,"0,0",E,E.Urban Other Principle Arterials; Connecting Links of Other Rural Principal Arterial,Urban Extensions - Primary Routes,Not GUARDRAIL,Not HIT_RUN,"8,1",1,1. Not at Intersection,140375093,C,0,0,36.77313,36.77313,6,0.94,Not LRTRUCK,5. Darkness - Road Not Lighted,LOCATED,-76.31149,-76.31149,MAINLINE,MAIN,0,0,Grass/Unprotected,16,4,Divided Roadway,"20,22",Not MOTORCYCLE,483039,483039.  US00013       US00013      13108604,22809,18769,18184,27752,31894,4,1,0.182,PRI_URBAN,,,,,,,,,0,161,40,0,2,,0,0,,,,,,,,,Not PED,,2,0,Chesapeake,131,5,NOT-RD,8. Non-Intersection,6,38.75,38.87,1. Straight - Level,1. No Defects,"2. Two-Way, Divided, Unprotected Median",2. Wet,"2. Blacktop, Asphalt, Bituminous",MILITARY HWY,USPRI,US,R-VA   US00013NB,"Urbanized (Population 200,000 and over)",3. No,"0,0",21586,17573,16981,26570,30689,Not SENIOR,None,"5,35","50,50",Not SPEED,"50,50",483040,0,"2. No,2. No",0,"0,0",6PM TO 9PM,1,1,6. Traffic Lanes Marked,6. No Traffic Control Device Present,Not a Parkway - Trucks and Commercial Vehicles Allowed,"1,2","9. Bicycle,4. Truck - Single Unit Truck (2-Axles)","HUFFY,FORD","14. Changing Lanes,1. Going Straight Ahead","BICYCLE,TRUCK",2005,5,5.Hampton Roads,5. Rain,Not Provided,2. No,Not Provided,Not YOUNG
,ALCOHOL,Urban,0,0,,,Not UNBELTED,44,Male,B,1,BIKE,,1,1,,2. Angle,"Not Provided,Not Provided","Not Provided,Not Provided",,,,5/23/2015,5/23/2015,22. Bicycle,1200,B.Visiible Injury,2015,,0,0,Virginia Beach,Urban,22. Bicycle,MAIN,9AM TO 12PM,134.Virginia Beach,,Not Intersection,Reset Filters,VDOT_OTHER,Saturday,Not DEER,"West,North",DISTRACTED,5,1,151445045,48,Male,"B,PDO","1,2","11. Did Not Have Right-of-Way,1. No Improper Action","3. Unavailable/Not Applicable,2. Not Deployed","4. No Test,4. No Test","2. Eyesight Defective,1. No Defects","11. Other,14. No Driver Distraction","2. Drinking - Obviously Drunk,1. Had Not Been Drinking","2. No,2. No","3. Totally Ejected,1. Not Ejected","Yes,NotProvided","No,No","6. Other,3. Lap and Shoulder Belt","13. Other,1. Not Obscured",,,,,,,,,"20,22",1. On Roadway,"0,0",,,,Not GUARDRAIL,Not HIT_RUN,"9,1",1,1. Not at Intersection,,C,0,0,36.84376,36.84376,,,Not LRTRUCK,2. Daylight,UNLOCATED,-76.08889,-76.08889,MAINLINE,,,,,,,,"20,22",Not MOTORCYCLE,,.,,,,,,,1,,SEC_URBAN,,,,,,,,,,,,0,1,,0,0,,,,,,,,,Not PED,,1,0,Virginia Beach,134,5,NOT-RD,1. Main-Line Roadway,,,,1. Straight - Level,1. No Defects,"1. Two-Way, Not Divided",1. Dry,"2. Blacktop, Asphalt, Bituminous",KING RICHARD DR,UNKWN,SC,U-VA134SC99999UK,,3. No,"0,0",,,,,,Not SENIOR,,"1,15","25,25",Not SPEED,"25,25",,,"1. Yes,2. No",,"0,0",9AM TO 12PM,1,1,4. Stop Sign,1. Yes - Working,,"1,2","9. Bicycle,2. Truck - Pick-up/Passenger Truck","OTH,FORD","16. Entering Street From Parking Lot,1. Going Straight Ahead","BICYCLE,F250SD",2011,5,5.Hampton Roads,1. No Adverse Condition (Clear/Cloudy),Not Provided,2. No,Not Provided,Not YOUNG