Access Control,Alcohol Notalcohol,Area Type1,A Crash,A People,Basetypedesc,Begin Node Dsc,Belted Unbelted,Bikeage,Bikegen,Bikeinjurytype,Bikevehiclenumber,Bike Nonbike,BMP,B Crash,B People,Carspeedlimit,Collision Type,Comm Cargo Body Type Cd,Comm Vehicle Body Type Cd,Cotedrouteid,Coted Mp,Count App,CRASH_DT (copy),Crash Dt,Crash Event Type Dsc,Crash Military Tm,Crash Severity,Crash Year,Curbgutterdesc,C Crash,C People,Juris Name Used,Area Type Used,First Harmful Event of Entire Crash,MAINLINE,Time Slicing Used,Phy_Juris_Nm,Offset-Ft,Intersection Analysis,Clear,Calculation_9640323132123359,Day Of Week,Deer Nodeer,Direction Of Travel Cd,Distracted Notdistracted,VSP,TOTAL CRASH,Document Nbr,Driverage,Drivergen,Driverinjurytype,Drivervehiclenumber,Driver Action Type Cd,Driver Airbag Deployment,Driver Alcohol Test Type Cd,Driver Condition Type Cd,Driver Distraction Type Cd,Driver Drinking Type Cd,Driver Drug Use Cd,Driver Ejected From Vehicle,Driver Ems Transport Ind,Driver Fled Scene Ind,Driver Safety Equip Used,Driver Vis Obscured Type Cd,Drowsy Notdrowsy,Drug Nodrug,EMP,End Node,End Node Dsc,End Offset,Facility,FAC,First Crash Event Cd,First Harmful Event,Fourth Crash Event Cd,Functionalclass,FUN,Govcondesc,Gr Nogr,Hitrun Not Hitrun,Initial Veh Impact Area Cd,Injury Crashes,Intersection Type,Int Doc,Jurtype,K_CRASH,K People,LAT (copy),LAT,Leftshoulderwidth,Length,Lgtruck Nonlgtruck,Light Condition,Located Unlocated,LON (copy),LON,MAINLINE (group),Mainline Yn,Medianleftshoulderwidth,Medianrightshoulderwidth,Mediantypedesc,Medianwidthmax,Medianwidthmin,Median Type,Most Harmful Crash Event Cd,Motor Nonmotor,Node,Node Info,Node Totaadt2011,Node Totaadt2012,Node Totaadt2013,Node Totaadt2014,Node Totaadt2015,Numberoflane,Number of Records,Offset,Ownership,Passage,Passgen,Passinjurytype,Passvehiclenumber,Pass Airbag Deployment,Pass Ejected From Vehicle,Pass Ems Transport Ind,Pass Safety Equip Used,Pavementconditionvalue,Pavementroughnessvalue,Pavementwidth,Pdo Crash,Total People Killed & Injured,Pedage,Pedestrians Injured,Pedestrians Killed,Pedgen,Pedinjurytype,Pednumber,Ped Action,Ped Al Test,Ped Cond,Ped Drink,Ped Drug,Ped Nonped,Ped Rflct,Persons Injured,Persons Killed,Physical Juris Nm,PJR,VSP_Used,Rd Type,Relation To Roadway,Rightshoulderwidth,RNS_MP (0.25 mi bin),Rns Mp,Roadway Alignment,Roadway Defect,Roadway Description,Roadway Surface Cond,Roadway Surface Type,Route Or Street Nm,Rte Category Cd,Rte Cat,Rte Nm,Ruralurbandesc,School Zone,Second Crash Event Cd,Segtotaadt2011,Segtotaadt2012,Segtotaadt2013,Segtotaadt2014,Segtotaadt2015,Senior Notsenior,Sidewalkdesc,Speed Before,Speed Max Safe,Speed Notspeed,Speed Posted,Start Node,Start Offset,Summons Issued Cd,Surfacedesc,Third Crash Event Cd,Time Slicing,Total Crashes including Property Damage Only,Total Crash,Traffic Control Type,Trfc Ctrl Status Type,Truckcommr,Vehiclenumber,Vehicle Body Type Cd,Vehicle Make Nm,Vehicle Maneuver Type Cd,Vehicle Model Nm,Vehicle Year Nbr,District,District_Used ,Weather Condition,Work Zone Location,Work Zone Related,Work Zone Type,Young Notyoung
,Not ALCIHOL,Urban,0,0,,,Not UNBELTED,7,Male,B,2,BIKE,,1,1,,2. Angle,"Not Provided,Not Provided","Not Provided,Not Provided",,,,5/25/2015,5/25/2015,22. Bicycle,1225,B.Visiible Injury,2015,,0,0,Suffolk,Urban,22. Bicycle,MAIN,12PM TO 3PM,133.Suffolk,,Not Intersection,Reset Filters,VDOT_OTHER,Monday,Not DEER,"South,West",,5,1,151475395,59,Male,"PDO,B","1,2","31. Avoiding Other Vehicle,11. Did Not Have Right-of-Way","2. Not Deployed,3. Unavailable/Not Applicable","4. No Test,4. No Test","1. No Defects,1. No Defects","14. No Driver Distraction,14. No Driver Distraction","1. Had Not Been Drinking,1. Had Not Been Drinking","2. No,2. No","1. Not Ejected,1. Not Ejected","No,No","No,No","3. Lap and Shoulder Belt,8. No Restraint Used","1. Not Obscured,10. Parked Vehicle(s)",,,,,,,,,"37,20",1. On Roadway,"0,0",,,,Not GUARDRAIL,Not HIT_RUN,"1,5",1,1. Not at Intersection,,C,0,0,36.72398,36.72398,,,Not LRTRUCK,2. Daylight,UNLOCATED,-76.57432,-76.57432,MAINLINE,,,,,,,,"22,20",Not MOTORCYCLE,,.,,,,,,,1,,SEC_URBAN,,,,,,,,,,,,0,1,,0,0,,,,,,,,,Not PED,,1,0,Suffolk,133,5,NOT-RD,1. Main-Line Roadway,,,,1. Straight - Level,5. Loose Material,"1. Two-Way, Not Divided","11. Sand, Dirt, Gravel",1. Concrete,132 MULBERRY ST,UNKWN,SC,U-VA133SC99999UK,,3. No,"22,0",,,,,,Not SENIOR,,"25,5","25,25",Not SPEED,"25,25",,,"2. No,2. No",,"0,0",12PM TO 3PM,1,1,1. No Traffic Control,6. No Traffic Control Device Present,,"1,2","3. Van,9. Bicycle",MAZD,"1. Going Straight Ahead,Not Applicable","VAN,BICYCLE",,5,5.Hampton Roads,1. No Adverse Condition (Clear/Cloudy),Not Provided,2. No,Not Provided,Not YOUNG
,Not ALCIHOL,Urban,0,0,,,Not UNBELTED,49,Male,B,2,BIKE,,1,1,,3. Head On,"Not Provided,Not Provided","Not Provided,Not Provided",,,,5/25/2015,5/25/2015,22. Bicycle,1602,B.Visiible Injury,2015,,0,0,Virginia Beach,Urban,22. Bicycle,MAIN,3PM TO 6PM,134.Virginia Beach,,Not Intersection,Reset Filters,VDOT_OTHER,Monday,Not DEER,"North,South",,5,1,151475489,26,Male,"PDO,B","1,2","1. No Improper Action,1. No Improper Action","2. Not Deployed,3. Unavailable/Not Applicable","Not Applicable,Not Applicable","1. No Defects,1. No Defects","14. No Driver Distraction,14. No Driver Distraction","1. Had Not Been Drinking,1. Had Not Been Drinking","3. Unknown,3. Unknown","1. Not Ejected,3. Totally Ejected","No,Yes","No,No","3. Lap and Shoulder Belt,8. No Restraint Used","1. Not Obscured,1. Not Obscured",,,,,,,,,"22,20",1. On Roadway,"0,0",,,,Not GUARDRAIL,Not HIT_RUN,"12,12",1,2. Two Approaches,,C,0,0,36.84833,36.84833,,,Not LRTRUCK,2. Daylight,UNLOCATED,-76.16032,-76.16032,MAINLINE,,,,,,,,"22,20",Not MOTORCYCLE,,.,,,,,,,1,,SEC_URBAN,,,,,,,,,,,,0,1,,0,0,,,,,,,,,Not PED,,1,0,Virginia Beach,134,5,NOT-RD,9. Within Intersection,,,,1. Straight - Level,1. No Defects,"1. Two-Way, Not Divided",1. Dry,"2. Blacktop, Asphalt, Bituminous",OSPREY STREET,UNKWN,SC,U-VA134SC99999UK,,3. No,"0,0",,,,,,Not SENIOR,,"25,5","25,25",Not SPEED,"25,25",,,"2. No,2. No",,"0,0",3PM TO 6PM,1,1,1. No Traffic Control,6. No Traffic Control Device Present,,"1,2","1. Passenger car,9. Bicycle","LINCOLN,BICYCLE","3. Making Left Turn,1. Going Straight Ahead",LS,2000,5,5.Hampton Roads,1. No Adverse Condition (Clear/Cloudy),Not Provided,2. No,Not Provided,Not YOUNG
No Access Control,Not ALCIHOL,Urban,0,0,"N/A, Unknown, or Unstabilized",134-08748(R)/CHESTER ST,Not UNBELTED,50,Male,B,2,BIKE,1.59,1,1,,4. Sideswipe - Same Direction,"Not Provided,Not Provided","Not Provided,Not Provided",13400013,1.592,3,3/29/2012,3/29/2012,22. Bicycle,720,B.Visiible Injury,2012,Left and Right sides,0,1,Virginia Beach,Urban,22. Bicycle,MAIN,6AM TO 9AM,134.Virginia Beach,11,Intersection,Reset Filters,VDOT_OTHER,Thursday,Not DEER,"South,South",,5,1,120905044,27,Female,"C,B","1,2","1. No Improper Action,41. Improper Passing","2. Not Deployed,3. Unavailable/Not Applicable","4. No Test,4. No Test","1. No Defects,1. No Defects","14. No Driver Distraction,14. No Driver Distraction","1. Had Not Been Drinking,1. Had Not Been Drinking","2. No,2. No","1. Not Ejected,1. Not Ejected","No,Yes","No,No","3. Lap and Shoulder Belt,5. Helmet","1. Not Obscured,1. Not Obscured",,,2,735002,HILBER STREET(R)/,0,1,"1.Divided, no control of access","22,20",1. On Roadway,"0,0",H,H.Urban Minor Arterial,Other City or Town Streets (not state maintained),Not GUARDRAIL,Not HIT_RUN,"4,12",1,4. Four Approaches,120905044,C,0,0,36.834215,36.834215,0,0.04,Not LRTRUCK,2. Daylight,LOCATED,-76.095343,-76.095343,MAINLINE,MAIN,0,0,Curbed Grass,14,4,Divided Roadway,"22,20",Not MOTORCYCLE,541285,541285. 13400013      13400013      13408748,32775,32121,32418,31241,29603,4,1,0.002,SEC_URBAN,,,,,,,,,0,0,52,0,2,,0,0,,,,,,,,,Not PED,,2,0,Virginia Beach,134,5,NOT-RD,9. Within Intersection,0,1.5,1.59,1. Straight - Level,1. No Defects,"2. Two-Way, Divided, Unprotected Median",1. Dry,"2. Blacktop, Asphalt, Bituminous",200 S ROSEMONT RD,URB,UR,R-VA134UR00013SB,"Urbanized (Population 200,000 and over)",3. No,"0,0",32096,31540,31831,30676,29087,Not SENIOR,Left and Right sides,"5,5","35,35",Not SPEED,"35,35",541285,0,"2. No,2. No",0,"0,0",6AM TO 9AM,1,1,6. Traffic Lanes Marked,1. Yes - Working,Not a Parkway - Trucks and Commercial Vehicles Allowed,"1,2","1. Passenger car,9. Bicycle","Dodge,SPECIALIZED","2. Making Right Turn,1. Going Straight Ahead","Neon,BICYCLE",20042010,5,5.Hampton Roads,1. No Adverse Condition (Clear/Cloudy),Not Provided,2. No,Not Provided,Not YOUNG
No Access Control,Not ALCIHOL,Urban,1,1,"Stabilized with Selected Material (Soil,Gravel,Stone,etc.)",99-00607(L)/,Not UNBELTED,45,Male,A,2,BIKE,0.22,0,0,35,2. Angle,"Not Provided,Not Provided","Not Provided,Not Provided",9900641,0.22,3,3/30/2012,3/30/2012,20. Motor Vehicle In Transport,1000,A.Ambulatory Injury,2012,Left and Right sides,0,0,York,Urban,20. Motor Vehicle In Transport,MAIN,9AM TO 12PM,99.York,0,Intersection,Reset Filters,VDOT_OTHER,Friday,Not DEER,"North,West",,5,1,120945236,75,Male,"PDO,A","1,2","11. Did Not Have Right-of-Way,1. No Improper Action","2. Not Deployed,3. Unavailable/Not Applicable","Not Applicable,Not Applicable","1. No Defects,1. No Defects","14. No Driver Distraction,14. No Driver Distraction","1. Had Not Been Drinking,1. Had Not Been Drinking","2. No,2. No","1. Not Ejected,3. Totally Ejected","No,Yes","No,No","3. Lap and Shoulder Belt,9. Not Applicable","1. Not Obscured,1. Not Obscured",,,0,671024,99-00605(L)/,0,0,"0.Two-way, non-divided","20,20",1. On Roadway,"0,0",I,I.Urban Collector,State Secondary,Not GUARDRAIL,Not HIT_RUN,"12,9",1,3. Three Approaches,120945236,N,0,0,37.26734,37.26734,0,0.1,Not LRTRUCK,2. Daylight,LOCATED,-76.681726,-76.681726,MAINLINE,MAIN,0,0,0,0,0,Undivided Roadway,"20,20",Not MOTORCYCLE,671036,671036.  9900607       9900641       9900641,2993,2935,3139,3041,3095,2,1,0,VDOT_SEC,,,,,,,,,0,152,0,0,1,,0,0,,,,,,,,,Not PED,,1,0,York,99,5,NOT-RD,9. Within Intersection,0,0,0.22,1. Straight - Level,1. No Defects,"1. Two-Way, Not Divided",1. Dry,"2. Blacktop, Asphalt, Bituminous",ROUTE 641,SEC,SC,R-VA099SC00641EB,"Urbanized (Population 200,000 and over)",3. No,"0,0",2610,2552,2744,2646,2700,SENIOR,None,"10,10","0,10",Not SPEED,"35,35",671036,0,"1. Yes,2. No",Paved (unofficial definition),"0,0",9AM TO 12PM,1,1,6. Traffic Lanes Marked,1. Yes - Working,Not a Parkway - Trucks and Commercial Vehicles Allowed,"1,2","1. Passenger car,9. Bicycle","Toyota,VOODOO","3. Making Left Turn,1. Going Straight Ahead","Camry,BICYCLE",1999,5,5.Hampton Roads,1. No Adverse Condition (Clear/Cloudy),Not Provided,2. No,Not Provided,Not YOUNG
No Access Control,Not ALCIHOL,Urban,0,0,Bituminous Concrete (Black Base),MERNER LANE(L)/,Not UNBELTED,32,Male,B,2,BIKE,0.92,1,1,,4. Sideswipe - Same Direction,"Not Provided,Not Provided","Not Provided,Not Provided",13400008,1.02,4,2/4/2014,2/4/2014,22. Bicycle,755,B.Visiible Injury,2014,Left and Right sides,0,0,Virginia Beach,Urban,22. Bicycle,MAIN,6AM TO 9AM,134.Virginia Beach,"3,062",Intersection,Reset Filters,VDOT_OTHER,Tuesday,Not DEER,"South,South",,5,1,140385052,45,Female,"PDO,B","1,2","9. Other Improper Passing,1. No Improper Action","2. Not Deployed,3. Unavailable/Not Applicable","4. No Test,4. No Test","1. No Defects,1. No Defects","14. No Driver Distraction,14. No Driver Distraction","1. Had Not Been Drinking,1. Had Not Been Drinking","2. No,2. No","1. Not Ejected,3. Totally Ejected","No,No","No,No","3. Lap and Shoulder Belt,5. Helmet","11. Moving Vehicle(s),1. Not Obscured",,,1,724423,LAWSON HALL RD(L)/LAWSON HALL KEY(R)/,0,1,"1.Divided, no control of access","22,20",1. On Roadway,"0,0",H,H.Urban Minor Arterial,Other City or Town Streets (not state maintained),Not GUARDRAIL,Not HIT_RUN,"2,11",1,1. Not at Intersection,140385052,C,0,0,36.87933,36.87933,0,0.11,Not LRTRUCK,2. Daylight,LOCATED,-76.17281,-76.17281,MAINLINE,MAIN,0,0,Curbed Grass,22,4,Divided Roadway,"22,20",Not MOTORCYCLE,541365,541365. 13400008      13400008      13408638      13408638,38995,36861,37202,35852,37003,4,1,0.58,SEC_URBAN,,,,,,,,,0,0,54,0,1,,0,0,,,,,,,,,Not PED,,1,0,Virginia Beach,134,5,NOT-RD,8. Non-Intersection,0,1,1.03,1. Straight - Level,1. No Defects,"2. Two-Way, Divided, Unprotected Median",1. Dry,"2. Blacktop, Asphalt, Bituminous",1000 BLOCK DIAMOND SPRINGS RD.,URB,UR,R-VA134UR00008SB,"Urbanized (Population 200,000 and over)",3. No,"0,0",19971,20637,20828,20072,19349,Not SENIOR,Left and Right sides,"45,15","45,45",Not SPEED,"45,45",724428,0,"1. Yes,2. No",0,"0,0",6AM TO 9AM,1,1,6. Traffic Lanes Marked,6. No Traffic Control Device Present,Not a Parkway - Trucks and Commercial Vehicles Allowed,"1,2","1. Passenger car,9. Bicycle",CHEV,"13. Passing,1. Going Straight Ahead","IMPALA,BICYCLE",2010,5,5.Hampton Roads,1. No Adverse Condition (Clear/Cloudy),Not Provided,2. No,Not Provided,Not YOUNG
No Access Control,Not ALCIHOL,Urban,0,0,"N/A, Unknown, or Unstabilized",US-00258(B)/OLD BUCKROE RD,Not UNBELTED,36,Male,C,1,BIKE,0,0,0,,16. Other,"Not Provided,Not Provided","Not Provided,Not Provided",11407051,0.004,3,5/26/2015,5/26/2015,22. Bicycle,715,C.Non-Visible Injury,2015,None,1,1,Hampton,Urban,22. Bicycle,MAIN,6AM TO 9AM,114.Hampton,21,Intersection,Reset Filters,VDOT_OTHER,Tuesday,Not DEER,"East,South",,5,1,151565153,40,Female,"C,PDO","1,2","10. Wrong Side Of Road - Not Overtaking,1. No Improper Action","3. Unavailable/Not Applicable,2. Not Deployed","4. No Test,4. No Test","1. No Defects,1. No Defects","Not Applicable,Not Applicable","1. Had Not Been Drinking,1. Had Not Been Drinking","2. No,2. No","3. Totally Ejected,1. Not Ejected","Yes,No","No,No","8. No Restraint Used,3. Lap and Shoulder Belt","1. Not Obscured,1. Not Obscured",,,0,253510,KIMBERLY AVE(L)/,0,0,"0.Two-way, non-divided","20,22",1. On Roadway,"0,0",I,I.Urban Collector,Other City or Town Streets (not state maintained),Not GUARDRAIL,Not HIT_RUN,"10,12",1,4. Four Approaches,151565153,C,0,0,37.02518,37.02518,3,0.06,Not LRTRUCK,2. Daylight,LOCATED,-76.32236,-76.32236,MAINLINE,MAIN,0,0,0,0,0,Undivided Roadway,"20,22",Not MOTORCYCLE,253155,253155.  US00258       US00258      11407051,13375,13079,10950,10560,10774,2,1,0.004,SEC_URBAN,,,,,,,,,0,0,22,0,1,,0,0,,,,,,,,,Not PED,,1,0,Hampton,114,5,NOT-RD,9. Within Intersection,3,0,0,1. Straight - Level,1. No Defects,"2. Two-Way, Divided, Unprotected Median",1. Dry,"2. Blacktop, Asphalt, Bituminous",E MERCURY BLVD,URB,UR,R-VA114UR07051SB,"Urbanized (Population 200,000 and over)",3. No,"0,0",3522,3444,3134,3022,3084,Not SENIOR,Right side,"5,5","45,45",Not SPEED,"45,45",253155,0,"1. Yes,2. No",0,"0,0",6AM TO 9AM,1,1,3. Traffic Signal,1. Yes - Working,Not a Parkway - Trucks and Commercial Vehicles Allowed,"1,2","9. Bicycle,1. Passenger car",DODG,"1. Going Straight Ahead,2. Making Right Turn",CHARGER,2011,5,5.Hampton Roads,1. No Adverse Condition (Clear/Cloudy),Not Provided,2. No,Not Provided,Not YOUNG
No Access Control,Not ALCIHOL,Urban,0,0,"N/A, Unknown, or Unstabilized",SR-00170(B)/MEADOW CK RD,Not UNBELTED,52,Male,C,2,BIKE,0,0,0,,3. Head On,"Not Provided,Not Provided","Not Provided,Not Provided",12208629,0.01,3,5/27/2015,5/27/2015,22. Bicycle,1440,C.Non-Visible Injury,2015,None,1,1,Norfolk,Urban,22. Bicycle,MAIN,12PM TO 3PM,122.Norfolk,53,Intersection,Reset Filters,VDOT_OTHER,Wednesday,Not DEER,"East,South",,5,1,152310010,23,Female,"PDO,C","1,2","1. No Improper Action,10. Wrong Side Of Road - Not Overtaking","2. Not Deployed,3. Unavailable/Not Applicable","Not Applicable,Not Applicable","1. No Defects,1. No Defects","Not Applicable,Not Applicable","Not Applicable,Not Applicable","Not Applicable,Not Applicable","1. Not Ejected,1. Not Ejected","No,Yes","Yes,No","3. Lap and Shoulder Belt,9. Not Applicable","1. Not Obscured,1. Not Obscured",,,0,485663,122-08768(R)/WAPITI AVE(L)/(8629-MEADOW CREEK,0,0,"0.Two-way, non-divided","22,20",1. On Roadway,"0,0",I,I.Urban Collector,Other City or Town Streets (not state maintained),Not GUARDRAIL,HIT_RUN,"11,9",1,3. Three Approaches,152310010,C,0,0,36.91698,36.91698,3,0.17,Not LRTRUCK,2. Daylight,LOCATED,-76.22985,-76.22985,MAINLINE,MAIN,0,0,0,0,0,Undivided Roadway,"22,20",Not MOTORCYCLE,483460,483460.  SR00170       SR00170      12208629,26905,25385,25817,25227,24688,2,1,0.01,SEC_URBAN,,,,,,,,,0,0,24,0,1,,0,0,,,,,,,,,Not PED,,1,0,Norfolk,122,5,NOT-RD,9. Within Intersection,3,0,0.01,1. Straight - Level,1. No Defects,"2. Two-Way, Divided, Unprotected Median",1. Dry,"2. Blacktop, Asphalt, Bituminous",EAST LITTLE CREEK,URB,UR,R-VA122UR08629SB,"Urbanized (Population 200,000 and over)",3. No,"0,0",2472,2178,2198,2118,2169,Not SENIOR,None,"10,5","35,35",Not SPEED,"35,35",483460,0,"2. No,1. Yes",0,"0,0",12PM TO 3PM,1,1,3. Traffic Signal,1. Yes - Working,Not a Parkway - Trucks and Commercial Vehicles Allowed,"1,2","1. Passenger car,9. Bicycle","HONDA,BICYCLE","2. Making Right Turn,1. Going Straight Ahead",CIVIC,2013,5,5.Hampton Roads,5. Rain,Not Provided,2. No,Not Provided,Not YOUNG
No Access Control,Not ALCIHOL,Urban,0,0,"N/A, Unknown, or Unstabilized",134-08722(L)/22ND ST,Not UNBELTED,22,Female,B,2,BIKE,0.34,1,1,,2. Angle,"Not Provided,Not Provided","Not Provided,Not Provided",13408719,0.34,3,5/29/2015,5/29/2015,20. Motor Vehicle In Transport,2316,B.Visiible Injury,2015,Left and Right sides,0,0,Virginia Beach,Urban,20. Motor Vehicle In Transport,MAIN,9PM TO 12AM,134.Virginia Beach,0,Intersection,Reset Filters,VDOT_OTHER,Friday,Not DEER,"West,South",DISTRACTED,5,1,151525405,19,Female,"PDO,B","1,2","1. No Improper Action,31. Avoiding Other Vehicle","2. Not Deployed,3. Unavailable/Not Applicable","Not Applicable,Not Applicable","1. No Defects,1. No Defects","14. No Driver Distraction,7. Eyes Not on Road","1. Had Not Been Drinking,1. Had Not Been Drinking","Not Applicable,Not Applicable","1. Not Ejected,1. Not Ejected","NotProvided,Yes","No,No","3. Lap and Shoulder Belt,8. No Restraint Used","1. Not Obscured,1. Not Obscured",,,0,541964,23RD ST(L)/,0,0,"0.Two-way, non-divided","20,22",1. On Roadway,"0,0",I,I.Urban Collector,Other City or Town Streets (not state maintained),Not GUARDRAIL,Not HIT_RUN,"2,12",1,2. Two Approaches,151525405,C,0,0,36.85024,36.85024,0,0.07,Not LRTRUCK,4. Darkness - Road Lighted,LOCATED,-75.97565,-75.97565,MAINLINE,MAIN,0,0,0,0,0,Undivided Roadway,"20,22",Not MOTORCYCLE,541963,541963. 13408719      13408719      13408722,9733,8949,9032,8704,8322,2,1,0,SEC_URBAN,,,,,,,,,0,0,50,0,1,,0,0,,,,,,,,,Not PED,,1,0,Virginia Beach,134,5,NOT-RD,9. Within Intersection,0,0.25,0.34,1. Straight - Level,1. No Defects,"1. Two-Way, Not Divided",1. Dry,"2. Blacktop, Asphalt, Bituminous",2200 ATLANTIC AVE,URB,UR,R-VA134UR08719SB,"Urbanized (Population 200,000 and over)",3. No,"0,0",8390,7490,7559,7285,6867,Not SENIOR,Left and Right sides,"5,8","25,25",Not SPEED,"25,25",541963,0,"2. No,2. No",0,"0,0",9PM TO 12AM,1,1,3. Traffic Signal,1. Yes - Working,Not a Parkway - Trucks and Commercial Vehicles Allowed,"1,2","1. Passenger car,9. Bicycle","CHEVROLET,UNK","3. Making Left Turn,1. Going Straight Ahead","COBALT,BICYCLE",2007,5,5.Hampton Roads,1. No Adverse Condition (Clear/Cloudy),Not Provided,2. No,Not Provided,YOUNG
No Access Control,Not ALCIHOL,Urban,0,0,Bituminous Concrete (Black Base),NARROW STREET(B)/,Not UNBELTED,68,Male,C,2,BIKE,19.74,0,0,,16. Other,"13. Intermodel Container Chassis,Not Provided","7. Truck Trailer(s) [Single-Unit Truck Pulling Trailer(s)],Not Provided",SR00168,19.74,3,5/30/2015,5/30/2015,20. Motor Vehicle In Transport,1133,C.Non-Visible Injury,2015,None,1,1,Chesapeake,Urban,20. Motor Vehicle In Transport,MAIN,9AM TO 12PM,131.Chesapeake,"3,696",Intersection,Reset Filters,VDOT_OTHER,Saturday,Not DEER,"East,North",,5,1,151505220,63,Male,"PDO,C","1,2","11. Did Not Have Right-of-Way,1. No Improper Action","2. Not Deployed,3. Unavailable/Not Applicable","Not Applicable,Not Applicable","1. No Defects,1. No Defects","14. No Driver Distraction,14. No Driver Distraction","1. Had Not Been Drinking,1. Had Not Been Drinking","3. Unknown,3. Unknown","1. Not Ejected,2. Partially Ejected","No,Yes","No,No","3. Lap and Shoulder Belt,8. No Restraint Used","1. Not Obscured,1. Not Obscured",,,20,484798,STRAWBERRY LANE(R)/,0,1,"1.Divided, no control of access","22,20",1. On Roadway,"0,0",E,E.Urban Other Principle Arterials; Connecting Links of Other Rural Principal Arterial,Urban Extensions - Primary Routes,Not GUARDRAIL,Not HIT_RUN,"11,9",1,4. Four Approaches,151505220,C,0,0,36.8035,36.8035,0,0.08,LRTRUCK,2. Daylight,LOCATED,-76.26325,-76.26325,MAINLINE,MAIN,0,0,Curbed Grass,14,4,Divided Roadway,"22,20",Not MOTORCYCLE,484804,484804.  SR00168       SR00168      13108657,14296,14112,14187,16458,16895,4,1,0.7,PRI_URBAN,,,,,,,,,0,217,54,0,1,,0,0,,,,,,,,,Not PED,,1,0,Chesapeake,131,5,NOT-RD,9. Within Intersection,0,19.5,19.74,1. Straight - Level,1. No Defects,"3. Two-Way, Divided, Positive Median Barrier",1. Dry,1. Concrete,ATLANTIC AVE,STPRI,SR,R-VA   SR00168SB,"Urbanized (Population 200,000 and over)",3. No,"0,0",15971,15792,15874,16161,16626,SENIOR,None,"5,5","25,45",Not SPEED,"25,45",484797,0,"1. Yes,2. No",0,"0,0",9AM TO 12PM,1,1,4. Stop Sign,1. Yes - Working,Not a Parkway - Trucks and Commercial Vehicles Allowed,"1,2","23. Truck - Single Unit Truck (3 Axles or More),9. Bicycle","FRIEGHTLINER,BICYCLE","2. Making Right Turn,1. Going Straight Ahead","TRACTOR TRUCK,BICYCLE",20152015,5,5.Hampton Roads,1. No Adverse Condition (Clear/Cloudy),Not Provided,2. No,Not Provided,Not YOUNG
No Access Control,ALCOHOL,Urban,0,0,"N/A, Unknown, or Unstabilized",23RD ST(L)/,Not UNBELTED,30,Male,B,2,BIKE,0.41,1,1,,2. Angle,"Not Provided,Not Provided","Not Provided,Not Provided",13408719,0.41,3,5/30/2015,5/30/2015,20. Motor Vehicle In Transport,2300,B.Visiible Injury,2015,Left and Right sides,0,0,Virginia Beach,Urban,20. Motor Vehicle In Transport,MAIN,9PM TO 12AM,134.Virginia Beach,370,Intersection,Reset Filters,VDOT_OTHER,Saturday,Not DEER,"South,North",,5,1,151525408,66,Male,"PDO,B","1,2","11. Did Not Have Right-of-Way,1. No Improper Action","2. Not Deployed,3. Unavailable/Not Applicable","Not Applicable,2. Breath","1. No Defects,1. No Defects","14. No Driver Distraction,14. No Driver Distraction","1. Had Not Been Drinking,1. Had Not Been Drinking","2. No,2. No","1. Not Ejected,Not Provided","No,Yes","No,No","3. Lap and Shoulder Belt,6. Other","1. Not Obscured,1. Not Obscured",,,0,541965,24TH ST(L)/,0,0,"0.Two-way, non-divided","22,20",1. On Roadway,"0,0",I,I.Urban Collector,Other City or Town Streets (not state maintained),Not GUARDRAIL,Not HIT_RUN,"12,9",1,1. Not at Intersection,151525408,C,0,0,36.85137,36.85137,0,0.07,Not LRTRUCK,2. Daylight,LOCATED,-75.97585,-75.97585,MAINLINE,MAIN,0,0,0,0,0,Undivided Roadway,"22,20",Not MOTORCYCLE,541963,541963. 13408719      13408719      13408722,9733,8949,9032,8704,8322,2,1,0.07,SEC_URBAN,,,,,,,,,0,0,50,0,1,,0,0,,,,,,,,,Not PED,,1,0,Virginia Beach,134,5,NOT-RD,"13. Driveway, Alley-Access - Related",0,0.25,0.42,1. Straight - Level,1. No Defects,"1. Two-Way, Not Divided",1. Dry,"2. Blacktop, Asphalt, Bituminous",2301 Atlantic Avenue,URB,UR,R-VA134UR08719NB,"Urbanized (Population 200,000 and over)",3. No,"0,0",8390,7490,7559,7285,6867,SENIOR,Left and Right sides,"10,5","25,25",Not SPEED,"25,25",541964,0,"1. Yes,2. No",0,"0,0",9PM TO 12AM,1,1,6. Traffic Lanes Marked,1. Yes - Working,Not a Parkway - Trucks and Commercial Vehicles Allowed,"1,2","2. Truck - Pick-up/Passenger Truck,9. Bicycle",TOYOTA,"3. Making Left Turn,1. Going Straight Ahead","TACOMA,BICYCLE",2003,5,5.Hampton Roads,1. No Adverse Condition (Clear/Cloudy),Not Provided,2. No,Not Provided,Not YOUNG