Access Control,Alcohol Notalcohol,Area Type1,A Crash,A People,Basetypedesc,Begin Node Dsc,Belted Unbelted,Bikeage,Bikegen,Bikeinjurytype,Bikevehiclenumber,Bike Nonbike,BMP,B Crash,B People,Carspeedlimit,Collision Type,Comm Cargo Body Type Cd,Comm Vehicle Body Type Cd,Cotedrouteid,Coted Mp,Count App,CRASH_DT (copy),Crash Dt,Crash Event Type Dsc,Crash Military Tm,Crash Severity,Crash Year,Curbgutterdesc,C Crash,C People,Juris Name Used,Area Type Used,First Harmful Event of Entire Crash,MAINLINE,Time Slicing Used,Phy_Juris_Nm,Offset-Ft,Intersection Analysis,Clear,Calculation_9640323132123359,Day Of Week,Deer Nodeer,Direction Of Travel Cd,Distracted Notdistracted,VSP,TOTAL CRASH,Document Nbr,Driverage,Drivergen,Driverinjurytype,Drivervehiclenumber,Driver Action Type Cd,Driver Airbag Deployment,Driver Alcohol Test Type Cd,Driver Condition Type Cd,Driver Distraction Type Cd,Driver Drinking Type Cd,Driver Drug Use Cd,Driver Ejected From Vehicle,Driver Ems Transport Ind,Driver Fled Scene Ind,Driver Safety Equip Used,Driver Vis Obscured Type Cd,Drowsy Notdrowsy,Drug Nodrug,EMP,End Node,End Node Dsc,End Offset,Facility,FAC,First Crash Event Cd,First Harmful Event,Fourth Crash Event Cd,Functionalclass,FUN,Govcondesc,Gr Nogr,Hitrun Not Hitrun,Initial Veh Impact Area Cd,Injury Crashes,Intersection Type,Int Doc,Jurtype,K_CRASH,K People,LAT (copy),LAT,Leftshoulderwidth,Length,Lgtruck Nonlgtruck,Light Condition,Located Unlocated,LON (copy),LON,MAINLINE (group),Mainline Yn,Medianleftshoulderwidth,Medianrightshoulderwidth,Mediantypedesc,Medianwidthmax,Medianwidthmin,Median Type,Most Harmful Crash Event Cd,Motor Nonmotor,Node,Node Info,Node Totaadt2011,Node Totaadt2012,Node Totaadt2013,Node Totaadt2014,Node Totaadt2015,Numberoflane,Number of Records,Offset,Ownership,Passage,Passgen,Passinjurytype,Passvehiclenumber,Pass Airbag Deployment,Pass Ejected From Vehicle,Pass Ems Transport Ind,Pass Safety Equip Used,Pavementconditionvalue,Pavementroughnessvalue,Pavementwidth,Pdo Crash,Total People Killed & Injured,Pedage,Pedestrians Injured,Pedestrians Killed,Pedgen,Pedinjurytype,Pednumber,Ped Action,Ped Al Test,Ped Cond,Ped Drink,Ped Drug,Ped Nonped,Ped Rflct,Persons Injured,Persons Killed,Physical Juris Nm,PJR,VSP_Used,Rd Type,Relation To Roadway,Rightshoulderwidth,RNS_MP (0.25 mi bin),Rns Mp,Roadway Alignment,Roadway Defect,Roadway Description,Roadway Surface Cond,Roadway Surface Type,Route Or Street Nm,Rte Category Cd,Rte Cat,Rte Nm,Ruralurbandesc,School Zone,Second Crash Event Cd,Segtotaadt2011,Segtotaadt2012,Segtotaadt2013,Segtotaadt2014,Segtotaadt2015,Senior Notsenior,Sidewalkdesc,Speed Before,Speed Max Safe,Speed Notspeed,Speed Posted,Start Node,Start Offset,Summons Issued Cd,Surfacedesc,Third Crash Event Cd,Time Slicing,Total Crashes including Property Damage Only,Total Crash,Traffic Control Type,Trfc Ctrl Status Type,Truckcommr,Vehiclenumber,Vehicle Body Type Cd,Vehicle Make Nm,Vehicle Maneuver Type Cd,Vehicle Model Nm,Vehicle Year Nbr,District,District_Used ,Weather Condition,Work Zone Location,Work Zone Related,Work Zone Type,Young Notyoung
No Access Control,Not ALCIHOL,Urban,0,0,Bituminous Concrete (Black Base),PINEWOOD RD(B)/,UNBELTED,54,Female,B,2,BIKE,1.07,1,1,,2. Angle,"Not Provided,Not Provided","Not Provided,Not Provided",13408721,1.079,4,5/31/2015,5/31/2015,22. Bicycle,1534,B.Visiible Injury,2015,None,0,0,Virginia Beach,Urban,22. Bicycle,MAIN,3PM TO 6PM,134.Virginia Beach,417,Intersection,Reset Filters,VDOT_OTHER,Sunday,Not DEER,"South,West",,5,1,151525311,64,Female,"PDO,B","1,2","37. Other,1. No Improper Action","2. Not Deployed,5. Unknown","Not Applicable,Not Applicable","1. No Defects,1. No Defects","14. No Driver Distraction,14. No Driver Distraction","1. Had Not Been Drinking,1. Had Not Been Drinking","2. No,2. No","1. Not Ejected,1. Not Ejected","No,Yes","No,No","8. No Restraint Used,6. Other","14. Blind Spot,1. Not Obscured",,,1,541994,33RD ST(R)/,0,0,"0.Two-way, non-divided","22,20",1. On Roadway,"0,0",I,I.Urban Collector,Other City or Town Streets (not state maintained),Not GUARDRAIL,Not HIT_RUN,"11,3",1,4. Four Approaches,151525311,C,0,0,36.85971,36.85971,1,0.07,Not LRTRUCK,2. Daylight,LOCATED,-75.98233,-75.98233,MAINLINE,MAIN,0,0,0,0,0,Undivided Roadway,"22,20",Not MOTORCYCLE,541058,541058.  US00058       US00058      13408721      13408721,36599,34646,35409,34600,35262,2,1,0.079,SEC_URBAN,,,,,,,,,3.7,0,24,0,1,,0,0,,,,,,,,,Not PED,,1,0,Virginia Beach,134,5,NOT-RD,9. Within Intersection,1,1,1.08,1. Straight - Level,1. No Defects,"1. Two-Way, Not Divided",1. Dry,"2. Blacktop, Asphalt, Bituminous",3200 HOLLY RD,URB,UR,R-VA134UR08721SB,"Urbanized (Population 200,000 and over)",3. No,"0,0",8697,9687,9776,9422,9612,Not SENIOR,None,"5,3","25,25",Not SPEED,"25,25",541993,0,"2. No,2. No",0,"0,0",3PM TO 6PM,1,1,3. Traffic Signal,1. Yes - Working,Not a Parkway - Trucks and Commercial Vehicles Allowed,"1,2","3. Van,9. Bicycle","DODGE,SPECIALIZED","2. Making Right Turn,1. Going Straight Ahead","RAM VAN,EXPEDITION",1995,5,5.Hampton Roads,1. No Adverse Condition (Clear/Cloudy),Not Provided,2. No,Not Provided,Not YOUNG
,Not ALCIHOL,Urban,1,1,,,Not UNBELTED,24,Male,A,2,BIKE,,0,0,,2. Angle,"Not Provided,Not Provided","Not Provided,Not Provided",,,,6/2/2015,6/2/2015,22. Bicycle,1057,A.Ambulatory Injury,2015,,0,0,Virginia Beach,Urban,22. Bicycle,MAIN,9AM TO 12PM,134.Virginia Beach,,Not Intersection,Reset Filters,VDOT_OTHER,Tuesday,Not DEER,"East,North",DISTRACTED,5,1,151735212,46,Male,"PDO,A","1,2","1. No Improper Action,10. Wrong Side Of Road - Not Overtaking","2. Not Deployed,3. Unavailable/Not Applicable","Not Applicable,Not Applicable","1. No Defects,1. No Defects","Not Applicable,6. Cell Phone","1. Had Not Been Drinking,1. Had Not Been Drinking","2. No,2. No","1. Not Ejected,2. Partially Ejected","No,Yes","No,No","3. Lap and Shoulder Belt,9. Not Applicable","1. Not Obscured,1. Not Obscured",,,,,,,,,"22,20",1. On Roadway,"0,0",,,,Not GUARDRAIL,Not HIT_RUN,"11,10",1,3. Three Approaches,,C,0,0,36.90671,36.90671,,,Not LRTRUCK,2. Daylight,UNLOCATED,-76.12797,-76.12797,MAINLINE,,,,,,,,"22,20",Not MOTORCYCLE,,.,,,,,,,1,,SEC_URBAN,,,,,,,,,,,,0,1,,0,0,,,,,,,,,Not PED,,1,0,Virginia Beach,134,5,NOT-RD,9. Within Intersection,,,,1. Straight - Level,1. No Defects,"1. Two-Way, Not Divided",1. Dry,"2. Blacktop, Asphalt, Bituminous",2200 GREENWELL RD,UNKWN,SC,U-VA134SC99999UK,,3. No,"0,0",,,,,,Not SENIOR,,"5,10","25,25",Not SPEED,"25,25",,,"3. Pending,3. Pending",,"0,0",9AM TO 12PM,1,1,6. Traffic Lanes Marked,1. Yes - Working,,"1,2","1. Passenger car,9. Bicycle","HONDA,OTH","2. Making Right Turn,14. Changing Lanes","CIVIC,BICYCLE",2005,5,5.Hampton Roads,1. No Adverse Condition (Clear/Cloudy),Not Provided,2. No,Not Provided,Not YOUNG
No Access Control,Not ALCIHOL,Urban,0,0,Bituminous Concrete (Black Base),134-08829(B)/,Not UNBELTED,17,Female,B,2,BIKE,3.76,1,1,,2. Angle,"Not Provided,Not Provided","Not Provided,Not Provided",13408627,3.76,4,4/6/2012,4/6/2012,22. Bicycle,1045,B.Visiible Injury,2012,Left and Right sides,0,0,Virginia Beach,Urban,22. Bicycle,MAIN,9AM TO 12PM,134.Virginia Beach,0,Intersection,Reset Filters,VDOT_OTHER,Friday,Not DEER,"West,North",,5,1,121015024,30,Female,"PDO,B","1,2","1. No Improper Action,21. Disregarded Traffic Signal","2. Not Deployed,3. Unavailable/Not Applicable","Not Applicable,Not Applicable","1. No Defects,1. No Defects","14. No Driver Distraction,14. No Driver Distraction","1. Had Not Been Drinking,1. Had Not Been Drinking","Not Applicable,Not Applicable","1. Not Ejected,Not Provided","NotProvided,No","No,No","3. Lap and Shoulder Belt,9. Not Applicable","1. Not Obscured,1. Not Obscured",,,4,541353,134-08734(L)/Gap Terminus/WINDSOR OAKS BLVD,0,1,"1.Divided, no control of access","22,22",1. On Roadway,"0,0",H,H.Urban Minor Arterial,Other City or Town Streets (not state maintained),Not GUARDRAIL,Not HIT_RUN,"12,3",1,4. Four Approaches,121015024,C,0,0,36.802186,36.802186,0,0.4,Not LRTRUCK,2. Daylight,LOCATED,-76.112219,-76.112219,MAINLINE,MAIN,6,6,Grass/Unprotected,40,24,Divided Roadway,"22,22",Not MOTORCYCLE,541352,541352. 13408627      13408627      13408829      13408829,31219,30975,31261,30126,30346,4,1,0,SEC_URBAN,,,,,,,,,0,0,52,0,1,,0,0,,,,,,,,,Not PED,,1,0,Virginia Beach,134,5,NOT-RD,9. Within Intersection,0,3.75,3.76,1. Straight - Level,1. No Defects,"3. Two-Way, Divided, Positive Median Barrier",1. Dry,"2. Blacktop, Asphalt, Bituminous",1898 S. INDEPENDENCE BLVD,URB,UR,R-VA134UR08627NB,"Urbanized (Population 200,000 and over)",1. Yes,"0,0",24984,25066,25297,24379,25174,Not SENIOR,Left and Right sides,"15,5","45,45",Not SPEED,"45,45",541352,0,"2. No,1. Yes",0,"0,0",9AM TO 12PM,1,1,3. Traffic Signal,1. Yes - Working,Not a Parkway - Trucks and Commercial Vehicles Allowed,"1,2","1. Passenger car,9. Bicycle",MITSUBISHI,"1. Going Straight Ahead,1. Going Straight Ahead","Galant,BICYCLE",2009,5,5.Hampton Roads,1. No Adverse Condition (Clear/Cloudy),Not Provided,2. No,Not Provided,YOUNG
No Access Control,Not ALCIHOL,Urban,0,0,Bituminous Concrete (Black Base),RUDEE POINT ROAD(R)/HARBOR POINT(L)/,Not UNBELTED,31,Male,B,2,BIKE,22.18,1,1,,2. Angle,"Not Provided,Not Provided","Not Provided,Not Provided",13408669,22.257,4,4/7/2012,4/7/2012,22. Bicycle,1045,B.Visiible Injury,2012,Left and Right sides,0,0,Virginia Beach,Urban,22. Bicycle,MAIN,9AM TO 12PM,134.Virginia Beach,"1,441",Intersection,Reset Filters,VDOT_OTHER,Saturday,Not DEER,"East,North",,5,1,121095065,53,Male,"PDO,B","1,2","1. No Improper Action,11. Did Not Have Right-of-Way","2. Not Deployed,3. Unavailable/Not Applicable","4. No Test,4. No Test","1. No Defects,1. No Defects","Not Applicable,Not Applicable","1. Had Not Been Drinking,1. Had Not Been Drinking","2. No,2. No","1. Not Ejected,3. Totally Ejected","No,Yes","No,No","3. Lap and Shoulder Belt,9. Not Applicable","1. Not Obscured,1. Not Obscured",,,22,541489,5TH ST(R)/WINSTON SALEM AVE(L)/,0,1,"1.Divided, no control of access","22,22",1. On Roadway,"0,0",H,H.Urban Minor Arterial,Other City or Town Streets (not state maintained),Not GUARDRAIL,Not HIT_RUN,"1,12",1,4. Four Approaches,121095065,C,0,0,36.833477,36.833477,0,0.08,Not LRTRUCK,2. Daylight,LOCATED,-75.97243,-75.97243,MAINLINE,MAIN,0,0,Positive Barrier *_(PF1 FOR NOTE),2,2,Divided Roadway,"22,22",Not MOTORCYCLE,541493,541493. 13408669      13408669      13408724      13408724,26452,23305,23520,22666,22386,4,1,0.273,SEC_URBAN,,,,,,,,,0,0,56,0,1,,0,0,,,,,,,,,Not PED,,1,0,Virginia Beach,134,5,NOT-RD,9. Within Intersection,0,22.25,22.26,4. Grade - Curve,1. No Defects,"1. Two-Way, Not Divided",1. Dry,"2. Blacktop, Asphalt, Bituminous",400 PACIFIC AVE,URB,UR,R-VA134UR08669SB,"Urbanized (Population 200,000 and over)",3. No,"0,0",15328,16751,17349,16731,11352,Not SENIOR,Left and Right sides,"2,5","25,25",Not SPEED,"25,25",742546,0.27,"2. No,1. Yes",0,"0,0",9AM TO 12PM,1,1,3. Traffic Signal,1. Yes - Working,Not a Parkway - Trucks and Commercial Vehicles Allowed,"1,2","22. Truck - Sport Utility Vehicle (SUV),9. Bicycle","Ford,UPLAND","2. Making Right Turn,1. Going Straight Ahead","Explorer,SPIRIT BICYCLE",2004,5,5.Hampton Roads,1. No Adverse Condition (Clear/Cloudy),Not Provided,2. No,Not Provided,Not YOUNG
No Access Control,Not ALCIHOL,Urban,0,0,"N/A, Unknown, or Unstabilized",SR-00168-S026B(L)/TO RT 64 WEST,Not UNBELTED,22,Male,B,2,BIKE,27.62,1,1,,2. Angle,"Not Provided,Not Provided","Not Provided,Not Provided",SR00168,27.646,3,4/8/2012,4/8/2012,22. Bicycle,1042,B.Visiible Injury,2012,Left and Right sides,0,0,Norfolk,Urban,22. Bicycle,MAIN,9AM TO 12PM,122.Norfolk,137,Intersection,Reset Filters,VDOT_OTHER,Sunday,Not DEER,"East,North",,5,1,121090529,57,Male,"PDO,B","1,2","1. No Improper Action,1. No Improper Action","2. Not Deployed,3. Unavailable/Not Applicable","4. No Test,4. No Test","1. No Defects,1. No Defects","Not Applicable,Not Applicable","1. Had Not Been Drinking,1. Had Not Been Drinking","2. No,2. No","1. Not Ejected,2. Partially Ejected","NotProvided,No","No,No","3. Lap and Shoulder Belt,9. Not Applicable","1. Not Obscured,1. Not Obscured",,,28,483433,BILTMORE ROAD(L)/EASY STREET(R)/,0,1,"1.Divided, no control of access","22,22",1. On Roadway,"0,0",H,H.Urban Minor Arterial,Urban Extensions - Primary Routes,Not GUARDRAIL,Not HIT_RUN,"1,12",1,1. Not at Intersection,121090529,C,0,0,36.909402,36.909402,0,0.05,Not LRTRUCK,2. Daylight,LOCATED,-76.256385,-76.256385,MAINLINE,MAIN,0,0,Curbed (solid raised),4,4,Divided Roadway,"22,22",Not MOTORCYCLE,483432,483432.  SR00168       SR00168       SR00168S026B,27542,31553,31830,30732,29068,5,1,0.026,PRI_URBAN,,,,,,,,,0,246,64,0,1,,0,0,,,,,,,,,Not PED,,1,0,Norfolk,122,5,NOT-RD,8. Non-Intersection,0,27.5,27.65,1. Straight - Level,1. No Defects,"2. Two-Way, Divided, Unprotected Median",1. Dry,"2. Blacktop, Asphalt, Bituminous",7431 TIDEWATER DR,STPRI,SR,R-VA   SR00168SB,"Urbanized (Population 200,000 and over)",3. No,"0,0",27542,29979,30256,29158,27494,Not SENIOR,None,0,"10,0",Not SPEED,"10,0",483432,0,"2. No,2. No",0,"0,0",9AM TO 12PM,1,1,6. Traffic Lanes Marked,1. Yes - Working,Not a Parkway - Trucks and Commercial Vehicles Allowed,"1,2","1. Passenger car,9. Bicycle","BUICK, bicycle","2. Making Right Turn,1. Going Straight Ahead",LACROSSE,2007,5,5.Hampton Roads,1. No Adverse Condition (Clear/Cloudy),Not Provided,2. No,Not Provided,Not YOUNG
No Access Control,Not ALCIHOL,Urban,0,0,Bituminous Concrete (Black Base),SR-00306(L)/121-07027(R)/HARPERSVILLE RD,Not UNBELTED,44,Male,C,1,BIKE,54.13,0,0,,12. Ped,"Not Provided,Not Provided","Not Provided,Not Provided",US00017,54.137,4,4/8/2012,4/8/2012,22. Bicycle,2218,C.Non-Visible Injury,2012,Left and Right sides,1,1,Newport News,Urban,22. Bicycle,MAIN,9PM TO 12AM,121.Newport News,37,Intersection,Reset Filters,VDOT_OTHER,Sunday,Not DEER,"North,West",,5,1,121500052,22,Male,"C,PDO","1,2","11. Did Not Have Right-of-Way,1. No Improper Action","3. Unavailable/Not Applicable,3. Unavailable/Not Applicable","4. No Test,4. No Test","1. No Defects,1. No Defects","Not Applicable,Not Applicable","1. Had Not Been Drinking,1. Had Not Been Drinking","2. No,2. No","1. Not Ejected,1. Not Ejected","Yes,No","No,No","8. No Restraint Used,5. Helmet","1. Not Obscured,1. Not Obscured",,,55,756306,US-00017-N055A(R)/RAMP TO US 17,0,1,"1.Divided, no control of access","20,19",1. On Roadway,"0,0",E,E.Urban Other Principle Arterials; Connecting Links of Other Rural Principal Arterial,Urban Extensions - Primary Routes,Not GUARDRAIL,Not HIT_RUN,"1,11",1,4. Four Approaches,121500052,C,0,0,37.059464,37.059464,0,1.09,Not LRTRUCK,4. Darkness - Road Lighted,LOCATED,-76.465786,-76.465786,MAINLINE,MAIN,0,0,Curbed Grass,14,4,Divided Roadway,"20,19",MOTORCYCLE,646006,646006.  SR00306       US00017       US00017      12107027,60649,61968,58803,58409,58883,6,1,0.007,PRI_URBAN,,,,,,,,,0,179,72,0,1,,0,0,,,,,,,,,Not PED,,1,0,Newport News,121,5,NOT-RD,9. Within Intersection,0,54,54.14,1. Straight - Level,1. No Defects,"3. Two-Way, Divided, Positive Median Barrier",1. Dry,"2. Blacktop, Asphalt, Bituminous",JEFFERSON AVE,USPRI,US,R-VA   US00017NB,"Urbanized (Population 200,000 and over)",3. No,"0,0",47241,48276,47486,47670,47853,Not SENIOR,Left and Right sides,"0,40","0,35",SPEED,"0,35",646006,0,"1. Yes,2. No",0,"0,0",9PM TO 12AM,1,1,3. Traffic Signal,1. Yes - Working,Designated Truck Route - D2,"1,2","9. Bicycle,11. Motorcycle",honda,"1. Going Straight Ahead,1. Going Straight Ahead",,2006,5,5.Hampton Roads,1. No Adverse Condition (Clear/Cloudy),Not Provided,2. No,Not Provided,Not YOUNG
No Access Control,Not ALCIHOL,Urban,0,0,Bituminous Concrete (Black Base),C7US-00058(B)/BIRDNECK RD,Not UNBELTED,56,Male,B,1,BIKE,3.07,1,1,,2. Angle,"Not Provided,Not Provided","Not Provided,Not Provided",13408723,3.07,4,6/6/2015,6/6/2015,22. Bicycle,719,B.Visiible Injury,2015,Left and Right sides,0,1,Virginia Beach,Urban,22. Bicycle,MAIN,6AM TO 9AM,134.Virginia Beach,0,Intersection,Reset Filters,VDOT_OTHER,Saturday,Not DEER,"East,North",,5,1,151755195,52,Female,"B,C","1,2","11. Did Not Have Right-of-Way,1. No Improper Action","2. Not Deployed,2. Not Deployed","4. No Test,4. No Test","1. No Defects,1. No Defects","14. No Driver Distraction,14. No Driver Distraction","1. Had Not Been Drinking,1. Had Not Been Drinking","2. No,2. No","1. Not Ejected,1. Not Ejected","Yes,No","No,No","6. Other,3. Lap and Shoulder Belt","1. Not Obscured,1. Not Obscured",,,3,542024,CARVER AVE(L)/,0,1,"1.Divided, no control of access","20,22",1. On Roadway,"0,0",H,H.Urban Minor Arterial,Other City or Town Streets (not state maintained),Not GUARDRAIL,Not HIT_RUN,"1,12",1,4. Four Approaches,151755195,C,0,0,36.84163,36.84163,0,0.09,Not LRTRUCK,2. Daylight,LOCATED,-75.99602,-75.99602,MAINLINE,MAIN,0,0,Grass/Unprotected,14,3,Divided Roadway,"20,22",Not MOTORCYCLE,541093,541093. 13408723      13408723     C7US00058     C7US00058,31884,31906,32201,31032,32535,4,1,0,SEC_URBAN,,,,,,,,,0,0,56,0,2,,0,0,,,,,,,,,Not PED,,2,0,Virginia Beach,134,5,NOT-RD,9. Within Intersection,0,2.75,2.85,1. Straight - Level,1. No Defects,"3. Two-Way, Divided, Positive Median Barrier",1. Dry,"2. Blacktop, Asphalt, Bituminous",200 BIRDNECK RD N,URB,UR,R-VA134UR08723NB,"Urbanized (Population 200,000 and over)",3. No,"0,0",25641,26357,26600,25635,28421,Not SENIOR,Left and Right sides,"5,5","35,35",Not SPEED,"35,35",541093,0,"2. No,2. No",0,"0,0",6AM TO 9AM,1,1,14. Ped Crosswalk,1. Yes - Working,Not a Parkway - Trucks and Commercial Vehicles Allowed,"1,2","9. Bicycle,1. Passenger car","BICYCLE,TOYOTA","1. Going Straight Ahead,1. Going Straight Ahead","UNK,CAMRY",2007,5,5.Hampton Roads,1. No Adverse Condition (Clear/Cloudy),Not Provided,2. No,Not Provided,Not YOUNG
No Access Control,Not ALCIHOL,Urban,0,0,Bituminous Concrete (Black Base),Gap Terminus/,Not UNBELTED,76,Female,B,1,BIKE,20.47,1,1,15,2. Angle,"Not Provided,Not Provided","Not Provided,Not Provided",SR00031,20.737,4,6/8/2015,6/8/2015,20. Motor Vehicle In Transport,1142,B.Visiible Injury,2015,None,0,0,James City,Urban,20. Motor Vehicle In Transport,MAIN,9AM TO 12PM,47.James City,16,Intersection,Reset Filters,VDOT_OTHER,Monday,Not DEER,"South,West",,5,1,151605079,,Not Provided,"B,PDO","1,2","1. No Improper Action,22. Disregarded Stop or Yield Sign","3. Unavailable/Not Applicable,Not Provided","4. No Test,4. No Test","1. No Defects,9. Unknown","Not Applicable,Not Applicable","1. Had Not Been Drinking,6. Unknown","2. No,3. Unknown","3. Totally Ejected,Not Provided","Yes,No","No,Yes","5. Helmet,Not Provided","1. Not Obscured,1. Not Obscured",,,21,398714,FR-00665(L)/SR-00359(R)/,0,0,"0.Two-way, non-divided","20,22",1. On Roadway,"0,0",H,H.Urban Minor Arterial,State Primary and Interstate,Not GUARDRAIL,HIT_RUN,"12,8",1,4. Four Approaches,151605079,N,0,0,37.22775,37.22775,6,0.27,Not LRTRUCK,2. Daylight,LOCATED,-76.78272,-76.78272,MAINLINE,MAIN,0,0,0,0,0,Undivided Roadway,"20,22",Not MOTORCYCLE,398714,398714.  FR00665       SR00031       SR00031       SR00359,17035,16658,9547,9208,9641,2,1,0.003,VDOT_PRI,,,,,,,,,0,65,22,0,1,,0,0,,,,,,,,,Not PED,,1,0,James City,47,5,NOT-RD,10. Intersection Related - Within 150 Feet,6,20.5,20.74,1. Straight - Level,1. No Defects,"1. Two-Way, Not Divided",1. Dry,"4. Slag, Gravel, Stone",COLONIAL PARKWAY,STPRI,SR,R-VA   SR00031NB,"Urbanized (Population 200,000 and over)",3. No,"0,0",15957,15604,7136,6882,7268,SENIOR,None,"10,10","25,25",Not SPEED,"25,25",726712,0.37,"2. No,Not Provided",0,"0,0",9AM TO 12PM,1,1,4. Stop Sign,1. Yes - Working,Not a Parkway - Trucks and Commercial Vehicles Allowed,"1,2","9. Bicycle,1. Passenger car",,"1. Going Straight Ahead,3. Making Left Turn",,,5,5.Hampton Roads,1. No Adverse Condition (Clear/Cloudy),Not Provided,2. No,Not Provided,Not YOUNG
No Access Control,Not ALCIHOL,Urban,0,0,Bituminous Concrete (Black Base),99-00782(B)/YORKTOWN ROAD,Not UNBELTED,62,Male,C,1,BIKE,5.05,0,0,55,2. Angle,"Not Provided,Not Provided","Not Provided,Not Provided",SR00171,5.065,4,10/12/2012,10/12/2012,22. Bicycle,1124,C.Non-Visible Injury,2012,None,1,1,York,Urban,22. Bicycle,MAIN,9AM TO 12PM,99.York,79,Intersection,Reset Filters,VDOT_OTHER,Friday,Not DEER,"East,East",,5,1,122865155,54,Male,"C,PDO","1,2","42. Improper or Unsafe Lane Change,1. No Improper Action","3. Unavailable/Not Applicable,2. Not Deployed","Not Applicable,Not Applicable","1. No Defects,1. No Defects","14. No Driver Distraction,14. No Driver Distraction","1. Had Not Been Drinking,1. Had Not Been Drinking","2. No,2. No","1. Not Ejected,1. Not Ejected","No,NotProvided","No,No","5. Helmet,3. Lap and Shoulder Belt","1. Not Obscured,1. Not Obscured",,,5,671313,99-00691(R)/ELLIOTT ROAD,0,0,"0.Two-way, non-divided","20,22",1. On Roadway,"0,0",H,H.Urban Minor Arterial,State Primary and Interstate,Not GUARDRAIL,Not HIT_RUN,"7,11",1,1. Not at Intersection,122865155,N,0,0,37.124741,37.124741,8,0.2,Not LRTRUCK,2. Daylight,LOCATED,-76.409699,-76.409699,MAINLINE,MAIN,0,0,0,0,0,Undivided Roadway,"20,22",Not MOTORCYCLE,671470,671470.  9900782       9900782       SR00171       SR00171,24600,24056,23484,22647,23106,2,1,0.015,VDOT_PRI,,,,,,,,,0,120,25,0,1,,0,0,,,,,,,,,Not PED,,1,0,York,99,5,NOT-RD,8. Non-Intersection,8,5,5.05,1. Straight - Level,1. No Defects,"1. Two-Way, Not Divided",1. Dry,"2. Blacktop, Asphalt, Bituminous",VICTORY BLVD,STPRI,SR,R-VA   SR00171EB,"Urbanized (Population 200,000 and over)",3. No,"0,0",19704,19268,18559,17898,18261,Not SENIOR,None,"5,50","5,55",Not SPEED,"55,55",671470,0,"2. No,2. No",0,"0,0",9AM TO 12PM,1,1,6. Traffic Lanes Marked,1. Yes - Working,Not a Parkway - Trucks and Commercial Vehicles Allowed,"1,2","9. Bicycle,1. Passenger car","TREK,LINCOLN","4. Making U-Turn,1. Going Straight Ahead","MADONE 5.2,MK2",20082012,5,5.Hampton Roads,1. No Adverse Condition (Clear/Cloudy),Not Provided,2. No,Not Provided,Not YOUNG
,Not ALCIHOL,Urban,0,0,,,Not UNBELTED,20,Male,B,2,BIKE,,1,1,,2. Angle,"Not Provided,Not Provided","Not Provided,Not Provided",,,,10/12/2012,10/12/2012,22. Bicycle,1127,B.Visiible Injury,2012,,0,0,Newport News,Urban,22. Bicycle,MAIN,9AM TO 12PM,121.Newport News,,Not Intersection,Reset Filters,VDOT_OTHER,Friday,Not DEER,"West,South",,5,1,122865183,46,Male,"PDO,B","1,2","37. Other,1. No Improper Action","2. Not Deployed,3. Unavailable/Not Applicable","4. No Test,4. No Test","1. No Defects,1. No Defects","14. No Driver Distraction,14. No Driver Distraction","1. Had Not Been Drinking,1. Had Not Been Drinking","Not Applicable,Not Applicable","1. Not Ejected,1. Not Ejected","NotProvided,NotProvided","No,No","3. Lap and Shoulder Belt,8. No Restraint Used","5. Trees, Crops, etc.,5. Trees, Crops, etc.",,,,,,,,,"22,20",1. On Roadway,"0,0",,,,Not GUARDRAIL,Not HIT_RUN,"3,0",1,1. Not at Intersection,,C,0,0,37.061785,37.061785,,,Not LRTRUCK,2. Daylight,UNLOCATED,-76.498818,-76.498818,MAINLINE,,,,,,,,"22,20",Not MOTORCYCLE,,.,,,,,,,1,,SEC_URBAN,,,,,,,,,,,,0,1,,0,0,,,,,,,,,Not PED,,1,0,Newport News,121,5,NOT-RD,1. Main-Line Roadway,,,,1. Straight - Level,1. No Defects,"1. Two-Way, Not Divided",1. Dry,"2. Blacktop, Asphalt, Bituminous",UNIVERSITY PLACE,UNKWN,SC,U-VA121SC99999UK,,3. No,"0,0",,,,,,Not SENIOR,,"5,10","10,10",Not SPEED,"10,10",,,"3. Pending,Not Provided",,"0,0",9AM TO 12PM,1,1,1. No Traffic Control,6. No Traffic Control Device Present,,"1,2","1. Passenger car,9. Bicycle","FIAT,HARO","1. Going Straight Ahead,1. Going Straight Ahead","FIAT 500,MOUNTAIN BIKE",2012,5,5.Hampton Roads,1. No Adverse Condition (Clear/Cloudy),Not Provided,2. No,Not Provided,YOUNG