Access Control,Alcohol Notalcohol,Area Type1,A Crash,A People,Basetypedesc,Begin Node Dsc,Belted Unbelted,Bikeage,Bikegen,Bikeinjurytype,Bikevehiclenumber,Bike Nonbike,BMP,B Crash,B People,Carspeedlimit,Collision Type,Comm Cargo Body Type Cd,Comm Vehicle Body Type Cd,Cotedrouteid,Coted Mp,Count App,CRASH_DT (copy),Crash Dt,Crash Event Type Dsc,Crash Military Tm,Crash Severity,Crash Year,Curbgutterdesc,C Crash,C People,Juris Name Used,Area Type Used,First Harmful Event of Entire Crash,MAINLINE,Time Slicing Used,Phy_Juris_Nm,Offset-Ft,Intersection Analysis,Clear,Calculation_9640323132123359,Day Of Week,Deer Nodeer,Direction Of Travel Cd,Distracted Notdistracted,VSP,TOTAL CRASH,Document Nbr,Driverage,Drivergen,Driverinjurytype,Drivervehiclenumber,Driver Action Type Cd,Driver Airbag Deployment,Driver Alcohol Test Type Cd,Driver Condition Type Cd,Driver Distraction Type Cd,Driver Drinking Type Cd,Driver Drug Use Cd,Driver Ejected From Vehicle,Driver Ems Transport Ind,Driver Fled Scene Ind,Driver Safety Equip Used,Driver Vis Obscured Type Cd,Drowsy Notdrowsy,Drug Nodrug,EMP,End Node,End Node Dsc,End Offset,Facility,FAC,First Crash Event Cd,First Harmful Event,Fourth Crash Event Cd,Functionalclass,FUN,Govcondesc,Gr Nogr,Hitrun Not Hitrun,Initial Veh Impact Area Cd,Injury Crashes,Intersection Type,Int Doc,Jurtype,K_CRASH,K People,LAT (copy),LAT,Leftshoulderwidth,Length,Lgtruck Nonlgtruck,Light Condition,Located Unlocated,LON (copy),LON,MAINLINE (group),Mainline Yn,Medianleftshoulderwidth,Medianrightshoulderwidth,Mediantypedesc,Medianwidthmax,Medianwidthmin,Median Type,Most Harmful Crash Event Cd,Motor Nonmotor,Node,Node Info,Node Totaadt2011,Node Totaadt2012,Node Totaadt2013,Node Totaadt2014,Node Totaadt2015,Numberoflane,Number of Records,Offset,Ownership,Passage,Passgen,Passinjurytype,Passvehiclenumber,Pass Airbag Deployment,Pass Ejected From Vehicle,Pass Ems Transport Ind,Pass Safety Equip Used,Pavementconditionvalue,Pavementroughnessvalue,Pavementwidth,Pdo Crash,Total People Killed & Injured,Pedage,Pedestrians Injured,Pedestrians Killed,Pedgen,Pedinjurytype,Pednumber,Ped Action,Ped Al Test,Ped Cond,Ped Drink,Ped Drug,Ped Nonped,Ped Rflct,Persons Injured,Persons Killed,Physical Juris Nm,PJR,VSP_Used,Rd Type,Relation To Roadway,Rightshoulderwidth,RNS_MP (0.25 mi bin),Rns Mp,Roadway Alignment,Roadway Defect,Roadway Description,Roadway Surface Cond,Roadway Surface Type,Route Or Street Nm,Rte Category Cd,Rte Cat,Rte Nm,Ruralurbandesc,School Zone,Second Crash Event Cd,Segtotaadt2011,Segtotaadt2012,Segtotaadt2013,Segtotaadt2014,Segtotaadt2015,Senior Notsenior,Sidewalkdesc,Speed Before,Speed Max Safe,Speed Notspeed,Speed Posted,Start Node,Start Offset,Summons Issued Cd,Surfacedesc,Third Crash Event Cd,Time Slicing,Total Crashes including Property Damage Only,Total Crash,Traffic Control Type,Trfc Ctrl Status Type,Truckcommr,Vehiclenumber,Vehicle Body Type Cd,Vehicle Make Nm,Vehicle Maneuver Type Cd,Vehicle Model Nm,Vehicle Year Nbr,District,District_Used ,Weather Condition,Work Zone Location,Work Zone Related,Work Zone Type,Young Notyoung
,Not ALCIHOL,Urban,0,0,,,Not UNBELTED,68,Male,B,1,BIKE,,1,1,,2. Angle,"Not Provided,Not Provided","Not Provided,Not Provided",,,,10/12/2012,10/12/2012,19. Ped,1330,B.Visiible Injury,2012,,0,0,Norfolk,Urban,19. Ped,MAIN,12PM TO 3PM,122.Norfolk,,Not Intersection,Reset Filters,VDOT_OTHER,Friday,Not DEER,"West,Not Provided",,5,1,130860042,51,Male,"B,PDO","1,2","1. No Improper Action,1. No Improper Action","3. Unavailable/Not Applicable,2. Not Deployed","Not Applicable,Not Applicable","2. Eyesight Defective,1. No Defects","Not Applicable,Not Applicable","1. Had Not Been Drinking,1. Had Not Been Drinking","2. No,2. No","3. Totally Ejected,1. Not Ejected","Yes,No","No,No","9. Not Applicable,3. Lap and Shoulder Belt","10. Parked Vehicle(s),10. Parked Vehicle(s)",,,,,,,,,"19,0",1. On Roadway,"0,0",,,,Not GUARDRAIL,Not HIT_RUN,"1,0",1,4. Four Approaches,,C,0,0,36.870703,36.870703,,,Not LRTRUCK,2. Daylight,UNLOCATED,-76.287892,-76.287892,MAINLINE,,,,,,,,"19,0",Not MOTORCYCLE,,.,,,,,,,1,,SEC_URBAN,,,,,,,,,,,,0,1,,0,0,,,,,,,,,Not PED,,1,0,Norfolk,122,5,NOT-RD,10. Intersection Related - Within 150 Feet,,,,1. Straight - Level,1. No Defects,"1. Two-Way, Not Divided",1. Dry,"2. Blacktop, Asphalt, Bituminous",300 W 24TH ST,UNKWN,SC,U-VA122SC99999UK,,3. No,"0,0",,,,,,SENIOR,,20,"0,25",Not SPEED,"0,25",,,"2. No,Not Provided",,"0,0",12PM TO 3PM,1,1,4. Stop Sign,1. Yes - Working,,"1,2","9. Bicycle,1. Passenger car",CHRYSLER,"15. Other,2. Making Right Turn",300,2005,5,5.Hampton Roads,1. No Adverse Condition (Clear/Cloudy),Not Provided,2. No,Not Provided,Not YOUNG
No Access Control,Not ALCIHOL,Urban,0,0,Bituminous Concrete (Black Base),PALACE GREEN BLVD(B)/,Not UNBELTED,85,Female,B,2,BIKE,1.62,1,1,,2. Angle,"Not Provided,Not Provided","Not Provided,Not Provided",13408733,1.62,3,10/14/2012,10/14/2012,22. Bicycle,1556,B.Visiible Injury,2012,Left and Right sides,0,0,Virginia Beach,Urban,22. Bicycle,MAIN,3PM TO 6PM,134.Virginia Beach,"2,006",Intersection,Reset Filters,VDOT_OTHER,Sunday,Not DEER,"West,North",,5,1,122895213,42,Female,"PDO,B","1,2","1. No Improper Action,37. Other","2. Not Deployed,2. Not Deployed","4. No Test,4. No Test","1. No Defects,1. No Defects","14. No Driver Distraction,14. No Driver Distraction","1. Had Not Been Drinking,1. Had Not Been Drinking","2. No,2. No","1. Not Ejected,3. Totally Ejected","No,Yes","No,No","3. Lap and Shoulder Belt,8. No Restraint Used","1. Not Obscured,1. Not Obscured",,,2,542153,PRESIDENTIAL BLVD(B)/,0,0,"0.Two-way, non-divided","22,20",1. On Roadway,"0,0",H,H.Urban Minor Arterial,Other City or Town Streets (not state maintained),Not GUARDRAIL,Not HIT_RUN,"12,4",1,4. Four Approaches,122895213,C,0,0,36.829391,36.829391,0,0.22,Not LRTRUCK,2. Daylight,LOCATED,-76.104757,-76.104757,MAINLINE,MAIN,0,0,0,0,0,Undivided Roadway,"22,20",Not MOTORCYCLE,542150,542150. 13408733      13408733      13408742,12568,9816,9907,9547,9685,2,1,0.38,SEC_URBAN,,,,,,,,,0,0,40,0,1,,0,0,,,,,,,,,Not PED,,1,0,Virginia Beach,134,5,NOT-RD,9. Within Intersection,0,1.5,1.62,1. Straight - Level,1. No Defects,"1. Two-Way, Not Divided",1. Dry,"2. Blacktop, Asphalt, Bituminous",3799 S PLAZA TL,URB,UR,R-VA134UR08733SB,"Urbanized (Population 200,000 and over)",3. No,"0,0",11812,9165,9250,8914,8978,SENIOR,Left and Right sides,25,"25,25",Not SPEED,"25,25",542152,0,"2. No,2. No",0,"0,0",3PM TO 6PM,1,1,1. No Traffic Control,6. No Traffic Control Device Present,Not a Parkway - Trucks and Commercial Vehicles Allowed,"1,2","1. Passenger car,9. Bicycle","NISSAN,UNK","1. Going Straight Ahead,1. Going Straight Ahead","VERSA,BICYCLE",2011,5,5.Hampton Roads,1. No Adverse Condition (Clear/Cloudy),Not Provided,2. No,Not Provided,Not YOUNG
No Access Control,ALCOHOL,Urban,1,1,"N/A, Unknown, or Unstabilized",WAGNER ST(R)/,Not UNBELTED,39,Male,A,1,BIKE,3.17,0,0,,3. Head On,"Not Provided,Not Provided","Not Provided,Not Provided",13408738,3.17,4,10/14/2012,10/14/2012,20. Motor Vehicle In Transport,215,A.Ambulatory Injury,2012,Left and Right sides,0,0,Virginia Beach,Urban,20. Motor Vehicle In Transport,MAIN,0AM TO 3AM,134.Virginia Beach,"2,534",Intersection,Reset Filters,VDOT_OTHER,Sunday,Not DEER,"East,West",,5,1,122955261,26,Male,"A,PDO","1,2","10. Wrong Side Of Road - Not Overtaking,1. No Improper Action","3. Unavailable/Not Applicable,2. Not Deployed","4. No Test,4. No Test","1. No Defects,1. No Defects","14. No Driver Distraction,14. No Driver Distraction","2. Drinking - Obviously Drunk,4. Drinking - Ability Not Impaired","3. Unknown,2. No","1. Not Ejected,1. Not Ejected","Yes,No","No,No","8. No Restraint Used,3. Lap and Shoulder Belt","1. Not Obscured,1. Not Obscured",,,3,542248,CHESTNUT CT(R)/,0,0,"0.Two-way, non-divided","20,22",1. On Roadway,"0,0",I,I.Urban Collector,Other City or Town Streets (not state maintained),Not GUARDRAIL,Not HIT_RUN,"12,12",1,3. Three Approaches,122955261,C,0,0,36.839249,36.839249,0,0.11,Not LRTRUCK,4. Darkness - Road Lighted,LOCATED,-76.10615,-76.10615,MAINLINE,MAIN,0,0,0,0,0,Undivided Roadway,"20,22",Not MOTORCYCLE,541279,541279.  IS00264W018A 13400013      13400013      13408738,38270,39034,44038,42608,43581,4,1,0.48,SEC_URBAN,,,,,,,,,0,0,52,0,1,,0,0,,,,,,,,,Not PED,,1,0,Virginia Beach,134,5,RD-UNKNOWN,9. Within Intersection,0,3,3.17,1. Straight - Level,1. No Defects,"1. Two-Way, Not Divided",1. Dry,"2. Blacktop, Asphalt, Bituminous",3800 BONNEY ROAD,URB,UR,R-VA134UR08738WB,"Urbanized (Population 200,000 and over)",3. No,"0,0",13066,13161,13283,12800,13473,Not SENIOR,None,35,"35,35",Not SPEED,"35,35",542247,0,"3. Pending,2. No",0,"0,0",0AM TO 3AM,1,1,6. Traffic Lanes Marked,1. Yes - Working,Not a Parkway - Trucks and Commercial Vehicles Allowed,"1,2","9. Bicycle,1. Passenger car","TREK,CHEVY","1. Going Straight Ahead,1. Going Straight Ahead","ANTELOPE,CAPRICE",1995,5,5.Hampton Roads,1. No Adverse Condition (Clear/Cloudy),Not Provided,2. No,Not Provided,Not YOUNG
No Access Control,Not ALCIHOL,Urban,0,0,Portland Cement Concrete,124-08547(B)/DEEP CREEK BLVD,Not UNBELTED,22,Male,C,2,BIKE,26.88,0,0,,2. Angle,"Not Provided,Not Provided","Not Provided,Not Provided",US00017,26.885,4,4/9/2012,4/9/2012,22. Bicycle,1310,C.Non-Visible Injury,2012,Left and Right sides,1,1,Portsmouth,Urban,22. Bicycle,MAIN,12PM TO 3PM,124.Portsmouth,26,Intersection,Reset Filters,VDOT_OTHER,Monday,Not DEER,"West,East",,5,1,121675055,26,Male,"PDO,C","1,2","1. No Improper Action,21. Disregarded Traffic Signal","2. Not Deployed,3. Unavailable/Not Applicable","Not Applicable,Not Applicable","1. No Defects,Not Applicable","Not Applicable,Not Applicable","1. Had Not Been Drinking,1. Had Not Been Drinking","2. No,3. Unknown","1. Not Ejected,3. Totally Ejected","No,No","No,No","3. Lap and Shoulder Belt,9. Not Applicable","1. Not Obscured,1. Not Obscured",,,27,483080,US-00017-N027A(R)/TO ROUTE 264 EAST,0,1,"1.Divided, no control of access","22,22",1. On Roadway,"0,0",E,E.Urban Other Principle Arterials; Connecting Links of Other Rural Principal Arterial,Urban Extensions - Primary Routes,Not GUARDRAIL,Not HIT_RUN,"1,7",1,2. Two Approaches,121675055,C,0,0,36.817826,36.817826,0,0.35,Not LRTRUCK,2. Daylight,LOCATED,-76.32681,-76.32681,MAINLINE,MAIN,0,0,Curbed Grass,26,26,Divided Roadway,"22,22",Not MOTORCYCLE,483081,483081.  US00017       US00017      12408547      12408547,27241,27855,23498,23899,24667,4,1,0.005,PRI_URBAN,,,,,,,,,0,226,48,0,1,,0,0,,,,,,,,,Not PED,,1,0,Portsmouth,124,5,NOT-RD,10. Intersection Related - Within 150 Feet,0,26.75,26.88,1. Straight - Level,1. No Defects,"3. Two-Way, Divided, Positive Median Barrier",1. Dry,1. Concrete,FREDERICK BLVD,USPRI,US,R-VA   US00017SB,"Urbanized (Population 200,000 and over)",3. No,"0,0",23918,24791,19362,20095,20829,Not SENIOR,Left side,"35,10","35,25",Not SPEED,"35,35",483081,0,"Not Provided,Not Provided",0,"0,0",12PM TO 3PM,1,1,3. Traffic Signal,1. Yes - Working,Designated Truck Route - D2,"1,2","1. Passenger car,9. Bicycle",CHRY,"1. Going Straight Ahead,1. Going Straight Ahead",SEBRING,2003,5,5.Hampton Roads,1. No Adverse Condition (Clear/Cloudy),Not Provided,2. No,Not Provided,Not YOUNG
No Access Control,Not ALCIHOL,Urban,0,0,Bituminous Concrete (Black Base),NIMMO PKWY(B)/,UNBELTED,17,Female,PDO,2,BIKE,16.76,1,1,,16. Other,"Not Provided,Not Provided","Not Provided,Not Provided",13408669,17.132,3,4/9/2012,4/9/2012,20. Motor Vehicle In Transport,1615,B.Visiible Injury,2012,Left and Right sides,0,0,Virginia Beach,Urban,20. Motor Vehicle In Transport,MAIN,3PM TO 6PM,134.Virginia Beach,"3,495",Intersection,Reset Filters,VDOT_OTHER,Monday,Not DEER,"North,East",,5,1,121025108,19,Female,"B,PDO","1,2","11. Did Not Have Right-of-Way,1. No Improper Action","3. Unavailable/Not Applicable,2. Not Deployed","4. No Test,4. No Test","1. No Defects,1. No Defects","Not Applicable,Not Applicable","1. Had Not Been Drinking,1. Had Not Been Drinking","2. No,2. No","1. Not Ejected,1. Not Ejected","Yes,No","No,No","8. No Restraint Used,3. Lap and Shoulder Belt","1. Not Obscured,1. Not Obscured",,,17,742541,RED MILL BLVD(R)/LONDON BRIDGE ROAD(L)/,0,1,"1.Divided, no control of access","20,22",1. On Roadway,"0,0",E,E.Urban Other Principle Arterials; Connecting Links of Other Rural Principal Arterial,Other City or Town Streets (not state maintained),Not GUARDRAIL,Not HIT_RUN,"9,12",1,4. Four Approaches,121025108,C,0,0,36.768446,36.768446,0,0.38,Not LRTRUCK,2. Daylight,LOCATED,-76.013314,-76.013314,MAINLINE,MAIN,0,0,Curbed Grass,40,16,Divided Roadway,"20,22",Not MOTORCYCLE,541141,541141.  SR00149      13408669      13408669,44046,39106,39467,38035,31486,4,1,0.662,SEC_URBAN,,,,,,,,,0,0,52,0,1,,0,0,,,,,,,,,Not PED,,1,0,Virginia Beach,134,5,NOT-RD,9. Within Intersection,0,17,17.13,1. Straight - Level,1. No Defects,"2. Two-Way, Divided, Unprotected Median",1. Dry,"2. Blacktop, Asphalt, Bituminous",GENERAL BOOTH BLVD,URB,UR,R-VA134UR08669NB,"Urbanized (Population 200,000 and over)",3. No,"0,0",45628,37263,37607,36242,34903,Not SENIOR,Left and Right sides,"2,5","35,35",Not SPEED,"35,35",736637,0,"2. No,2. No",0,"0,0",3PM TO 6PM,1,1,3. Traffic Signal,1. Yes - Working,Not a Parkway - Trucks and Commercial Vehicles Allowed,"1,2","2. Truck - Pick-up/Passenger Truck,9. Bicycle","HUFFY,Ford","1. Going Straight Ahead,2. Making Right Turn","BEACH CRUISER,Excursion",20112001,5,5.Hampton Roads,1. No Adverse Condition (Clear/Cloudy),Not Provided,2. No,Not Provided,YOUNG
No Access Control,Not ALCIHOL,Urban,0,0,Bituminous Concrete (Black Base),SR-00143(R)/US-00258(R)/,Not UNBELTED,57,Female,C,2,BIKE,51.13,0,0,,12. Ped,"Not Provided,Not Provided","Not Provided,Not Provided",US00017,51.136,4,4/12/2012,4/12/2012,22. Bicycle,1635,C.Non-Visible Injury,2012,Left and Right sides,1,1,Newport News,Urban,22. Bicycle,MAIN,3PM TO 6PM,121.Newport News,32,Intersection,Reset Filters,VDOT_OTHER,Thursday,Not DEER,"East,West",,5,1,121770140,26,Female,"PDO,C","1,2","1. No Improper Action,20. Disregarded Officer or Flagger","2. Not Deployed,3. Unavailable/Not Applicable","4. No Test,4. No Test","1. No Defects,1. No Defects","Not Applicable,Not Applicable","1. Had Not Been Drinking,1. Had Not Been Drinking","Not Applicable,3. Unknown","1. Not Ejected,1. Not Ejected","No,No","No,No","3. Lap and Shoulder Belt,9. Not Applicable","1. Not Obscured,1. Not Obscured",,,51,756246,US-00258-W059B(L)/US-00017-S051A(L)/RAMP TO U,0,1,"1.Divided, no control of access","22,20",1. On Roadway,"0,0",E,E.Urban Other Principle Arterials; Connecting Links of Other Rural Principal Arterial,Urban Extensions - Primary Routes,Not GUARDRAIL,Not HIT_RUN,"12,12",1,4. Four Approaches,121770140,C,0,0,37.019783,37.019783,0,0.06,Not LRTRUCK,2. Daylight,LOCATED,-76.444567,-76.444567,MAINLINE,MAIN,0,0,Curbed Grass,14,4,Divided Roadway,"22,20",Not MOTORCYCLE,910001,910001.  SR00143       US00017       US00017       US00258,73776,74973,68366,68709,69798,6,1,0.006,PRI_URBAN,,,,,,,,,0,179,72,0,1,,0,0,,,,,,,,,Not PED,,1,0,Newport News,121,5,NOT-RD,9. Within Intersection,0,11.25,11.26,1. Straight - Level,1. No Defects,"2. Two-Way, Divided, Unprotected Median",1. Dry,"2. Blacktop, Asphalt, Bituminous",JEFFERSON AVE,USPRI,US,R-VA   US00017NB,"Urbanized (Population 200,000 and over)",3. No,"0,0",40702,41593,39530,39683,39836,Not SENIOR,Left and Right sides,"1,3","35,35",Not SPEED,"35,35",910001,0,"2. No,1. Yes",0,"0,0",3PM TO 6PM,1,1,3. Traffic Signal,1. Yes - Working,Designated Truck Route - D2,"1,2","1. Passenger car,9. Bicycle",TOYOTA,"2. Making Right Turn,1. Going Straight Ahead",COROLLA,2009,5,5.Hampton Roads,1. No Adverse Condition (Clear/Cloudy),Not Provided,2. No,Not Provided,Not YOUNG
No Access Control,Not ALCIHOL,Urban,0,0,"N/A, Unknown, or Unstabilized",134-08719(L)/ATLANTIC AV,Not UNBELTED,,"Female,Female,Female","B,B,B",,BIKE,303.14,1,3,,3. Head On,"Not Provided,Not Provided,Not Provided,Not Provided","Not Provided,Not Provided,Not Provided,Not Provided",US00060,303.255,3,4/12/2012,4/12/2012,22. Bicycle,552,B.Visiible Injury,2012,Left side,0,1,Virginia Beach,Urban,22. Bicycle,MAIN,3AM TO 6AM,134.Virginia Beach,871,Intersection,Reset Filters,VDOT_OTHER,Thursday,Not DEER,"South,North,North,North",,5,1,121185033,65323423,Male,"C,B,B,B","1,2,3,4","11. Did Not Have Right-of-Way,1. No Improper Action,1. No Improper Action,1. No Improper Action","2. Not Deployed,3. Unavailable/Not Applicable,3. Unavailable/Not Applicable,3. Unavailable/Not Applicable","4. No Test,4. No Test,4. No Test,4. No Test","1. No Defects,1. No Defects,1. No Defects,1. No Defects","14. No Driver Distraction,14. No Driver Distraction,14. No Driver Distraction,14. No Driver Distraction","1. Had Not Been Drinking,1. Had Not Been Drinking,1. Had Not Been Drinking,1. Had Not Been Drinking","2. No,2. No,2. No,2. No","1. Not Ejected,3. Totally Ejected,3. Totally Ejected,1. Not Ejected","No,Yes,Yes,No","No,No,No,No","3. Lap and Shoulder Belt,5. Helmet,5. Helmet,5. Helmet","1. Not Obscured,1. Not Obscured,1. Not Obscured,1. Not Obscured",,,303,541105,134-08719(L)/ATLANTIC AV,0.33,0,"0.Two-way, non-divided","22,20,20,20",1. On Roadway,"0,0,0,0",I,I.Urban Collector,Urban Extensions - Primary Routes,Not GUARDRAIL,Not HIT_RUN,"12,12,12,12",1,1. Not at Intersection,121185033,C,0,0,36.842501,36.842501,0,0.28,Not LRTRUCK,1. Dawn,LOCATED,-75.973556,-75.973556,MAINLINE,MAIN,0,0,0,0,0,Undivided Roadway,"22,20,20,20",Not MOTORCYCLE,541105,541105.  US00060       US00060      13408719,12256,9957,10050,9685,9651,4,1,0.165,PRI_URBAN,,,,,,,,,0,108,46,0,4,,0,0,,,,,,,,,Not PED,,4,0,Virginia Beach,134,5,NOT-RD,8. Non-Intersection,6,303.25,303.25,1. Straight - Level,1. No Defects,"1. Two-Way, Not Divided",1. Dry,"2. Blacktop, Asphalt, Bituminous",1300 ATLANTIC AVE,USPRI,US,R-VA   US00060EB,"Urbanized (Population 200,000 and over)",3. No,"22,0,0,0",7746,6878,6942,6690,6381,SENIOR,Left side,"10,25,25,25","25,25,25,25",Not SPEED,"25,25,25,25",541105,0.05,"1. Yes,2. No,2. No,2. No",0,"22,0,0,0",3AM TO 6AM,1,1,6. Traffic Lanes Marked,1. Yes - Working,Not a Parkway - Trucks and Commercial Vehicles Allowed,"1,2,3,4","1. Passenger car,9. Bicycle,9. Bicycle,9. Bicycle","Chevrolet,TREK,CERVELO,TREK","3. Making Left Turn,1. Going Straight Ahead,1. Going Straight Ahead,1. Going Straight Ahead","Monte Carlo,CRV CARBON,T3,CLV CARBON",2.00E+15,5,5.Hampton Roads,1. No Adverse Condition (Clear/Cloudy),Not Provided,2. No,Not Provided,Not YOUNG
No Access Control,Not ALCIHOL,Urban,0,0,Bituminous Concrete (Black Base),SEWARD DRIVE(R)/,Not UNBELTED,51,Female,B,2,BIKE,0.43,1,1,,16. Other,"Not Provided,Not Provided","Not Provided,Not Provided",11407008,0.432,4,6/10/2015,6/10/2015,19. Ped,1541,B.Visiible Injury,2015,Left and Right sides,0,0,Hampton,Urban,19. Ped,MAIN,3PM TO 6PM,114.Hampton,"1,204",Intersection,Reset Filters,VDOT_OTHER,Wednesday,Not DEER,"North,South",,5,1,152165201,53,Female,"PDO,B","1,2","11. Did Not Have Right-of-Way,Not Applicable","2. Not Deployed,3. Unavailable/Not Applicable","4. No Test,4. No Test","1. No Defects,1. No Defects","Not Applicable,Not Applicable","1. Had Not Been Drinking,1. Had Not Been Drinking","2. No,2. No","1. Not Ejected,3. Totally Ejected","No,Yes","No,No","3. Lap and Shoulder Belt,8. No Restraint Used","1. Not Obscured,1. Not Obscured",,,1,253252,114-07053(B)/ANDREWS BLVD,0,1,"1.Divided, no control of access","22,22",1. On Roadway,"0,0",I,I.Urban Collector,Other City or Town Streets (not state maintained),Not GUARDRAIL,Not HIT_RUN,"8,12",1,1. Not at Intersection,152165201,C,0,0,37.05034,37.05034,0,0.23,Not LRTRUCK,2. Daylight,LOCATED,-76.31077,-76.31077,MAINLINE,MAIN,0,0,Curbed Grass,16,3,Divided Roadway,"22,22",Not MOTORCYCLE,253252,253252. 11407008      11407008      11407053      11407053,9866,9658,8182,7890,8050,3,1,0.228,SEC_URBAN,,,,,,,,,3,0,48,0,1,,0,0,,,,,,,,,Not PED,,1,0,Hampton,114,5,NOT-RD,1. Main-Line Roadway,0,0.25,0.43,1. Straight - Level,1. No Defects,"3. Two-Way, Divided, Positive Median Barrier",1. Dry,"2. Blacktop, Asphalt, Bituminous",2070 NICKERSON BLVD,URB,UR,R-VA114UR07008WB,"Urbanized (Population 200,000 and over)",3. No,"0,0",4783,4687,3783,3648,3722,Not SENIOR,Left and Right sides,"10,10","35,35",Not SPEED,"35,35",253251,0,"1. Yes,2. No",0,"0,0",3PM TO 6PM,1,1,1. No Traffic Control,6. No Traffic Control Device Present,Not a Parkway - Trucks and Commercial Vehicles Allowed,"1,2","1. Passenger car,9. Bicycle",FORD,"Not Applicable,1. Going Straight Ahead",4DSN,2010,5,5.Hampton Roads,1. No Adverse Condition (Clear/Cloudy),Not Provided,2. No,Not Provided,Not YOUNG
,Not ALCIHOL,Urban,0,0,,,Not UNBELTED,8,Female,C,2,BIKE,,0,0,,2. Angle,"Not Provided,Not Provided","Not Provided,Not Provided",,,,6/10/2015,6/10/2015,22. Bicycle,1939,C.Non-Visible Injury,2015,,1,1,Norfolk,Urban,22. Bicycle,MAIN,6PM TO 9PM,122.Norfolk,,Not Intersection,Reset Filters,VDOT_OTHER,Wednesday,Not DEER,"North,West",,5,1,152310014,3,Male,"PDO,C","1,2","1. No Improper Action,11. Did Not Have Right-of-Way","2. Not Deployed,3. Unavailable/Not Applicable","Not Applicable,Not Applicable","1. No Defects,1. No Defects","Not Applicable,Not Applicable","1. Had Not Been Drinking,1. Had Not Been Drinking","2. No,2. No","1. Not Ejected,3. Totally Ejected","No,Yes","No,No","3. Lap and Shoulder Belt,9. Not Applicable","1. Not Obscured,1. Not Obscured",,,,,,,,,"22,20",1. On Roadway,"0,0",,,,Not GUARDRAIL,Not HIT_RUN,"1,12",1,3. Three Approaches,,C,0,0,36.92025,36.92025,,,Not LRTRUCK,2. Daylight,UNLOCATED,-76.19461,-76.19461,MAINLINE,,,,,,,,"22,20",Not MOTORCYCLE,,.,,,,,,,1,,SEC_URBAN,,,,,,,,,,,,0,1,,0,0,,,,,,,,,Not PED,,1,0,Norfolk,122,5,NOT-RD,9. Within Intersection,,,,1. Straight - Level,1. No Defects,"1. Two-Way, Not Divided",1. Dry,"2. Blacktop, Asphalt, Bituminous",7900 RANSOM RD,UNKWN,SC,U-VA122SC99999UK,,3. No,"0,0",,,,,,Not SENIOR,,25,"25,0",Not SPEED,"25,0",,,"2. No,2. No",,"0,0",6PM TO 9PM,1,1,1. No Traffic Control,6. No Traffic Control Device Present,,"1,2","2. Truck - Pick-up/Passenger Truck,9. Bicycle",FORD,"1. Going Straight Ahead,1. Going Straight Ahead",F150,1998,5,5.Hampton Roads,1. No Adverse Condition (Clear/Cloudy),Not Provided,2. No,Not Provided,Not YOUNG
No Access Control,Not ALCIHOL,Urban,1,1,Bituminous Concrete (Black Base),MICALE AVE(R)/,Not UNBELTED,19,Male,A,2,BIKE,0.34,0,0,,12. Ped,"Not Provided,Not Provided","Not Provided,Not Provided",11407026,0.34,4,6/11/2015,6/11/2015,22. Bicycle,1435,A.Ambulatory Injury,2015,None,0,0,Hampton,Urban,22. Bicycle,MAIN,12PM TO 3PM,114.Hampton,"4,541",Intersection,Reset Filters,VDOT_OTHER,Thursday,Not DEER,"North,West",,5,1,152165209,,Male,"PDO,A","1,2","1. No Improper Action,Not Applicable","2. Not Deployed,3. Unavailable/Not Applicable","4. No Test,4. No Test","1. No Defects,1. No Defects","Not Applicable,Not Applicable","1. Had Not Been Drinking,1. Had Not Been Drinking","2. No,2. No","1. Not Ejected,1. Not Ejected","No,No","No,No","3. Lap and Shoulder Belt,8. No Restraint Used","1. Not Obscured,Not Applicable",,,1,734435,STREET(L)/,0,1,"1.Divided, no control of access","22,20",1. On Roadway,"0,0",B,B.Urban Freeways and Expressways; Connecting Links of Rural Principle Arterial,Other City or Town Streets (not state maintained),Not GUARDRAIL,Not HIT_RUN,"3,10",1,3. Three Approaches,152165209,C,0,0,37.06238,37.06238,7,0.51,Not LRTRUCK,2. Daylight,LOCATED,-76.44245,-76.44245,MAINLINE,MAIN,5,5,Grass/Unprotected,38,24,Divided Roadway,"22,20",Not MOTORCYCLE,716613,716613. 11407021      11407021      11407026      11407026,56237,55815,52023,50969,51396,4,1,0.86,SEC_URBAN,,,,,,,,,0,56,54,0,1,,0,0,,,,,,,,,Not PED,,1,0,Hampton,114,5,NOT-RD,9. Within Intersection,7,0.25,0.34,1. Straight - Level,1. No Defects,"3. Two-Way, Divided, Positive Median Barrier",1. Dry,"2. Blacktop, Asphalt, Bituminous",HAMPTON ROADS CENTER PKWY,URB,UR,R-VA114UR07026EB,"Urbanized (Population 200,000 and over)",3. No,"0,0",21321,21396,21819,21579,21608,Not SENIOR,Left side,"5,5","25,45",Not SPEED,"25,45",734434,0,"2. No,2. No",0,"0,0",12PM TO 3PM,1,1,3. Traffic Signal,1. Yes - Working,Not a Parkway - Trucks and Commercial Vehicles Allowed,"1,2","1. Passenger car,9. Bicycle","TOYT,UNK","3. Making Left Turn,1. Going Straight Ahead","COROLLA,UNKNOWN",,5,5.Hampton Roads,1. No Adverse Condition (Clear/Cloudy),Not Provided,2. No,Not Provided,YOUNG