Access Control,Alcohol Notalcohol,Area Type1,A Crash,A People,Basetypedesc,Begin Node Dsc,Belted Unbelted,Bikeage,Bikegen,Bikeinjurytype,Bikevehiclenumber,Bike Nonbike,BMP,B Crash,B People,Carspeedlimit,Collision Type,Comm Cargo Body Type Cd,Comm Vehicle Body Type Cd,Cotedrouteid,Coted Mp,Count App,CRASH_DT (copy),Crash Dt,Crash Event Type Dsc,Crash Military Tm,Crash Severity,Crash Year,Curbgutterdesc,C Crash,C People,Juris Name Used,Area Type Used,First Harmful Event of Entire Crash,MAINLINE,Time Slicing Used,Phy_Juris_Nm,Offset-Ft,Intersection Analysis,Clear,Calculation_9640323132123359,Day Of Week,Deer Nodeer,Direction Of Travel Cd,Distracted Notdistracted,VSP,TOTAL CRASH,Document Nbr,Driverage,Drivergen,Driverinjurytype,Drivervehiclenumber,Driver Action Type Cd,Driver Airbag Deployment,Driver Alcohol Test Type Cd,Driver Condition Type Cd,Driver Distraction Type Cd,Driver Drinking Type Cd,Driver Drug Use Cd,Driver Ejected From Vehicle,Driver Ems Transport Ind,Driver Fled Scene Ind,Driver Safety Equip Used,Driver Vis Obscured Type Cd,Drowsy Notdrowsy,Drug Nodrug,EMP,End Node,End Node Dsc,End Offset,Facility,FAC,First Crash Event Cd,First Harmful Event,Fourth Crash Event Cd,Functionalclass,FUN,Govcondesc,Gr Nogr,Hitrun Not Hitrun,Initial Veh Impact Area Cd,Injury Crashes,Intersection Type,Int Doc,Jurtype,K_CRASH,K People,LAT (copy),LAT,Leftshoulderwidth,Length,Lgtruck Nonlgtruck,Light Condition,Located Unlocated,LON (copy),LON,MAINLINE (group),Mainline Yn,Medianleftshoulderwidth,Medianrightshoulderwidth,Mediantypedesc,Medianwidthmax,Medianwidthmin,Median Type,Most Harmful Crash Event Cd,Motor Nonmotor,Node,Node Info,Node Totaadt2011,Node Totaadt2012,Node Totaadt2013,Node Totaadt2014,Node Totaadt2015,Numberoflane,Number of Records,Offset,Ownership,Passage,Passgen,Passinjurytype,Passvehiclenumber,Pass Airbag Deployment,Pass Ejected From Vehicle,Pass Ems Transport Ind,Pass Safety Equip Used,Pavementconditionvalue,Pavementroughnessvalue,Pavementwidth,Pdo Crash,Total People Killed & Injured,Pedage,Pedestrians Injured,Pedestrians Killed,Pedgen,Pedinjurytype,Pednumber,Ped Action,Ped Al Test,Ped Cond,Ped Drink,Ped Drug,Ped Nonped,Ped Rflct,Persons Injured,Persons Killed,Physical Juris Nm,PJR,VSP_Used,Rd Type,Relation To Roadway,Rightshoulderwidth,RNS_MP (0.25 mi bin),Rns Mp,Roadway Alignment,Roadway Defect,Roadway Description,Roadway Surface Cond,Roadway Surface Type,Route Or Street Nm,Rte Category Cd,Rte Cat,Rte Nm,Ruralurbandesc,School Zone,Second Crash Event Cd,Segtotaadt2011,Segtotaadt2012,Segtotaadt2013,Segtotaadt2014,Segtotaadt2015,Senior Notsenior,Sidewalkdesc,Speed Before,Speed Max Safe,Speed Notspeed,Speed Posted,Start Node,Start Offset,Summons Issued Cd,Surfacedesc,Third Crash Event Cd,Time Slicing,Total Crashes including Property Damage Only,Total Crash,Traffic Control Type,Trfc Ctrl Status Type,Truckcommr,Vehiclenumber,Vehicle Body Type Cd,Vehicle Make Nm,Vehicle Maneuver Type Cd,Vehicle Model Nm,Vehicle Year Nbr,District,District_Used ,Weather Condition,Work Zone Location,Work Zone Related,Work Zone Type,Young Notyoung
No Access Control,Not ALCIHOL,Urban,0,0,Dual Type,SR-00332(R)/,Not UNBELTED,24,Male,B,1,BIKE,14.45,1,1,,2. Angle,"Not Provided,Not Provided","Not Provided,Not Provided",SR00166,14.487,3,6/16/2015,6/16/2015,20. Motor Vehicle In Transport,812,B.Visiible Injury,2015,Left side,0,0,Virginia Beach,Urban,20. Motor Vehicle In Transport,MAIN,6AM TO 9AM,134.Virginia Beach,195,Intersection,Reset Filters,VDOT_OTHER,Tuesday,Not DEER,"East,South",,5,1,151695056,49,Female,"B,PDO","1,2","11. Did Not Have Right-of-Way,1. No Improper Action","3. Unavailable/Not Applicable,2. Not Deployed","Not Applicable,Not Applicable","1. No Defects,1. No Defects","14. No Driver Distraction,14. No Driver Distraction","1. Had Not Been Drinking,1. Had Not Been Drinking","2. No,2. No","1. Not Ejected,1. Not Ejected","No,No","No,No","8. No Restraint Used,3. Lap and Shoulder Belt","1. Not Obscured,1. Not Obscured",,,15,486033,SR-00332(R)/,0.07,1,"1.Divided, no control of access","20,22",1. On Roadway,"0,0",H,H.Urban Minor Arterial,Urban Extensions - Primary Routes,Not GUARDRAIL,Not HIT_RUN,"11,12",1,1. Not at Intersection,151695056,C,0,0,36.89267,36.89267,0,0.07,Not LRTRUCK,2. Daylight,LOCATED,-76.1811,-76.1811,MAINLINE,MAIN,2,2,Grass/Unprotected,34,8,Divided Roadway,"20,22",Not MOTORCYCLE,486033,486033.  SR00166       SR00166       SR00332,27966,26976,27225,26237,27090,4,1,0.037,PRI_URBAN,,,,,,,,,0,103,44,0,1,,0,0,,,,,,,,,Not PED,,1,0,Virginia Beach,134,5,NOT-RD,8. Non-Intersection,5,14.25,14.49,1. Straight - Level,1. No Defects,"2. Two-Way, Divided, Unprotected Median",1. Dry,1. Concrete,1400  DIAMOND  SPRINGS  ROAD,STPRI,SR,R-VA   SR00166WB,"Urbanized (Population 200,000 and over)",3. No,"0,28",27966,26976,27225,26237,27090,Not SENIOR,None,"5,45","45,45",Not SPEED,"45,45",486033,0,"2. No,2. No",0,"0,0",6AM TO 9AM,1,1,6. Traffic Lanes Marked,1. Yes - Working,Truck Access System,"1,2","9. Bicycle,1. Passenger car","TREK,FORD","1. Going Straight Ahead,10. Ran Off Road - Left","3500  BICYCLE,MUSTANG",20152008,5,5.Hampton Roads,1. No Adverse Condition (Clear/Cloudy),Not Provided,2. No,Not Provided,Not YOUNG
No Access Control,Not ALCIHOL,Urban,1,1,"N/A, Unknown, or Unstabilized",122-08573(B)/BALLENTINE BLVD,Not UNBELTED,52,Male,A,1,BIKE,9.87,0,0,,1. Rear End,"Not Provided,Not Provided","Not Provided,Not Provided",SR00166,9.975,4,6/16/2015,6/16/2015,22. Bicycle,615,A.Ambulatory Injury,2015,Left side,0,0,Norfolk,Urban,22. Bicycle,MAIN,6AM TO 9AM,122.Norfolk,502,Intersection,Reset Filters,VDOT_OTHER,Tuesday,Not DEER,"West,West",,5,1,152310016,36,Male,"A,PDO","1,2","11. Did Not Have Right-of-Way,1. No Improper Action","3. Unavailable/Not Applicable,2. Not Deployed","Not Applicable,Not Applicable","1. No Defects,1. No Defects","Not Applicable,Not Applicable","1. Had Not Been Drinking,1. Had Not Been Drinking","2. No,2. No","1. Not Ejected,1. Not Ejected","Yes,No","No,No","8. No Restraint Used,3. Lap and Shoulder Belt","1. Not Obscured,1. Not Obscured",,,10,483355,122-08639(B)/INGLESIDE AV,0,0,"0.Two-way, non-divided","20,22",1. On Roadway,"0,0",E,E.Urban Other Principle Arterials; Connecting Links of Other Rural Principal Arterial,Urban Extensions - Primary Routes,Not GUARDRAIL,Not HIT_RUN,"6,12",1,1. Not at Intersection,152310016,C,0,0,36.86244,36.86244,0,0.2,Not LRTRUCK,2. Daylight,LOCATED,-76.24562,-76.24562,MAINLINE,MAIN,0,0,0,0,0,Undivided Roadway,"20,22",Not MOTORCYCLE,483355,483355.  SR00166       SR00166      12208639      12208639,34255,32986,32959,32565,34731,4,1,0.095,PRI_URBAN,,,,,,,,,0,155,48,0,1,,0,0,,,,,,,,,Not PED,,1,0,Norfolk,122,5,NOT-RD,8. Non-Intersection,8,9.75,9.97,1. Straight - Level,1. No Defects,"1. Two-Way, Not Divided",1. Dry,"2. Blacktop, Asphalt, Bituminous",3300 BLK E PRINCESS ANNE RD,STPRI,SR,R-VA   SR00166WB,"Urbanized (Population 200,000 and over)",3. No,"0,13",20315,20428,20285,20351,21108,Not SENIOR,Left side,"10,35","40,40",Not SPEED,"40,40",483356,0.16,"2. No,2. No",0,"0,0",6AM TO 9AM,1,1,6. Traffic Lanes Marked,1. Yes - Working,Not a Parkway - Trucks and Commercial Vehicles Allowed,"1,2","9. Bicycle,1. Passenger car","MINT CRAFT,BMW","14. Changing Lanes,1. Going Straight Ahead","BEACH CRUISER,325 I ",2001,5,5.Hampton Roads,1. No Adverse Condition (Clear/Cloudy),Not Provided,2. No,Not Provided,Not YOUNG
No Access Control,Not ALCIHOL,Urban,0,0,Bituminous Concrete (Black Base),99-01197(L)/FREEDOM BLVD.,Not UNBELTED,50,Male,B,2,BIKE,6.71,1,1,45,2. Angle,"Not Provided,Not Provided","Not Provided,Not Provided",SR00173,6.735,3,10/20/2012,10/20/2012,20. Motor Vehicle In Transport,1138,B.Visiible Injury,2012,None,0,0,York,Urban,20. Motor Vehicle In Transport,MAIN,9AM TO 12PM,99.York,132,Intersection,Reset Filters,VDOT_OTHER,Saturday,Not DEER,"East,West",,5,1,123115214,69,Male,"PDO,B","1,2","1. No Improper Action,1. No Improper Action","2. Not Deployed,3. Unavailable/Not Applicable","Not Applicable,Not Applicable","3. Hearing Defective,1. No Defects","14. No Driver Distraction,14. No Driver Distraction","1. Had Not Been Drinking,1. Had Not Been Drinking","2. No,2. No","1. Not Ejected,1. Not Ejected","No,Yes","No,No","3. Lap and Shoulder Belt,5. Helmet","14. Blind Spot,1. Not Obscured",,,7,671418,99-00732(R)/NORTH,0,0,"0.Two-way, non-divided","20,20",1. On Roadway,"0,0",I,I.Urban Collector,State Primary and Interstate,Not GUARDRAIL,Not HIT_RUN,"12,12",1,1. Not at Intersection,123115214,N,0,0,37.175932,37.175932,6,0.05,LRTRUCK,2. Daylight,LOCATED,-76.472211,-76.472211,MAINLINE,MAIN,0,0,0,0,0,Undivided Roadway,"20,20",Not MOTORCYCLE,671418,671418.  9900732       SR00173       SR00173,8525,8338,8948,8631,8805,2,1,0.025,VDOT_PRI,,,,,,,,,0,138,36,0,1,,0,0,,,,,,,,,Not PED,,1,0,York,99,5,NOT-RD,8. Non-Intersection,6,6.5,6.74,1. Straight - Level,1. No Defects,"2. Two-Way, Divided, Unprotected Median",1. Dry,"2. Blacktop, Asphalt, Bituminous",RTE 173 GOODWIN NECK,STPRI,SR,R-VA   SR00173EB,"Urbanized (Population 200,000 and over)",3. No,"0,0",8480,8293,8902,8585,8759,SENIOR,None,"5,10","45,45",Not SPEED,"45,45",744104,0,"2. No,2. No",0,"0,0",9AM TO 12PM,1,1,6. Traffic Lanes Marked,1. Yes - Working,Not a Parkway - Trucks and Commercial Vehicles Allowed,"1,2","23. Truck - Single Unit Truck (3 Axles or More),9. Bicycle","Toyota,CANNODALE","3. Making Left Turn,3. Making Left Turn","Tacoma,SRX",2006,5,5.Hampton Roads,1. No Adverse Condition (Clear/Cloudy),Not Provided,2. No,Not Provided,Not YOUNG
,Not ALCIHOL,Urban,1,1,,,Not UNBELTED,44,Female,A,2,BIKE,,0,0,,2. Angle,"Not Provided,Not Provided","Not Provided,Not Provided",,,,10/21/2012,10/21/2012,22. Bicycle,1550,A.Ambulatory Injury,2012,,0,0,Virginia Beach,Urban,22. Bicycle,MAIN,3PM TO 6PM,134.Virginia Beach,,Not Intersection,Reset Filters,VDOT_OTHER,Sunday,Not DEER,"North,East",,5,1,122975020,39,Female,"PDO,A","1,2","1. No Improper Action,11. Did Not Have Right-of-Way","2. Not Deployed,3. Unavailable/Not Applicable","4. No Test,4. No Test","1. No Defects,1. No Defects","14. No Driver Distraction,14. No Driver Distraction","1. Had Not Been Drinking,1. Had Not Been Drinking","2. No,2. No","1. Not Ejected,3. Totally Ejected","No,Yes","No,No","3. Lap and Shoulder Belt,9. Not Applicable","1. Not Obscured,1. Not Obscured",,,,,,,,,"22,20",1. On Roadway,"0,0",,,,Not GUARDRAIL,Not HIT_RUN,"12,9",1,4. Four Approaches,,C,0,0,36.851376,36.851376,,,Not LRTRUCK,2. Daylight,UNLOCATED,-75.981092,-75.981092,MAINLINE,,,,,,,,"22,20",Not MOTORCYCLE,,.,,,,,,,1,,SEC_URBAN,,,,,,,,,,,,0,1,,0,0,,,,,,,,,Not PED,,1,0,Virginia Beach,134,5,NOT-RD,9. Within Intersection,,,,1. Straight - Level,1. No Defects,"3. Two-Way, Divided, Positive Median Barrier",1. Dry,"2. Blacktop, Asphalt, Bituminous",2398 BALTIC AVENUE,URB,UR,R-VA134UR08721SB,,3. No,"0,39",,,,,,Not SENIOR,,"25,5","25,25",Not SPEED,"25,25",,,"2. No,1. Yes",,"0,0",3PM TO 6PM,1,1,14. Ped Crosswalk,1. Yes - Working,,"1,2","1. Passenger car,9. Bicycle","CADILLAC,BICYCLE","1. Going Straight Ahead,1. Going Straight Ahead","CTS,TREK/RTS",2005,5,5.Hampton Roads,1. No Adverse Condition (Clear/Cloudy),Not Provided,2. No,Not Provided,Not YOUNG
No Access Control,Not ALCIHOL,Urban,0,0,Bituminous Concrete (Black Base),GREENBRIER ROAD(R)/,Not UNBELTED,39,Male,B,2,BIKE,3.79,1,1,,2. Angle,"Not Provided,Not Provided","Not Provided,Not Provided",13108665,4.274,4,10/22/2012,10/22/2012,22. Bicycle,1700,B.Visiible Injury,2012,Left and Right sides,0,0,Chesapeake,Urban,22. Bicycle,MAIN,3PM TO 6PM,131.Chesapeake,84,Intersection,Reset Filters,VDOT_OTHER,Monday,Not DEER,"South,East",,5,1,122965295,56,Male,"PDO,B","1,2","1. No Improper Action,10. Wrong Side Of Road - Not Overtaking","2. Not Deployed,3. Unavailable/Not Applicable","Not Applicable,Not Applicable","1. No Defects,1. No Defects","14. No Driver Distraction,14. No Driver Distraction","1. Had Not Been Drinking,1. Had Not Been Drinking","2. No,2. No","1. Not Ejected,1. Not Ejected","No,Yes","No,No","3. Lap and Shoulder Belt,5. Helmet","1. Not Obscured,1. Not Obscured",,,4,483473,SR-00190(B)/BUTTS STA RD,0,1,"1.Divided, no control of access","22,20",1. On Roadway,"0,0",H,H.Urban Minor Arterial,Other City or Town Streets (not state maintained),Not GUARDRAIL,Not HIT_RUN,"1,11",1,4. Four Approaches,122965295,C,0,0,36.744378,36.744378,0,0.5,Not LRTRUCK,2. Daylight,LOCATED,-76.221517,-76.221517,MAINLINE,MAIN,0,0,Curbed Grass,16,4,Divided Roadway,"22,20",Not MOTORCYCLE,483473,483473.  SR00190       SR00190      13108665      13108665,44161,43183,43427,44442,45324,4,1,0.016,SEC_URBAN,,,,,,,,,4.2,0,54,0,1,,0,0,,,,,,,,,Not PED,,1,0,Chesapeake,131,5,NOT-RD,9. Within Intersection,0,4.25,4.27,1. Straight - Level,1. No Defects,"3. Two-Way, Divided, Positive Median Barrier",1. Dry,"2. Blacktop, Asphalt, Bituminous",GREENBRIER PW,URB,UR,R-VA131UR08665WB,"Urbanized (Population 200,000 and over)",3. No,"0,0",25829,25257,25400,26734,27265,Not SENIOR,Left and Right sides,"5,5","45,45",Not SPEED,"45,45",484878,0,"2. No,2. No",0,"0,0",3PM TO 6PM,1,1,3. Traffic Signal,1. Yes - Working,Not a Parkway - Trucks and Commercial Vehicles Allowed,"1,2","2. Truck - Pick-up/Passenger Truck,9. Bicycle","FORD,SCOTT","2. Making Right Turn,1. Going Straight Ahead","F-150 PICKUP,BICYCLE",19862011,5,5.Hampton Roads,1. No Adverse Condition (Clear/Cloudy),Not Provided,2. No,Not Provided,Not YOUNG
,Not ALCIHOL,Urban,1,1,,,Not UNBELTED,,Male,A,2,BIKE,,0,0,,2. Angle,"Not Provided,Not Provided","Not Provided,Not Provided",,,,10/22/2012,10/22/2012,22. Bicycle,950,A.Ambulatory Injury,2012,,0,0,Hampton,Urban,22. Bicycle,MAIN,9AM TO 12PM,114.Hampton,,Not Intersection,Reset Filters,VDOT_OTHER,Monday,Not DEER,"West,Not Provided",,5,1,130360035,24,Male,"PDO,A","1,2","1. No Improper Action,Not Applicable","2. Not Deployed,3. Unavailable/Not Applicable","4. No Test,Not Applicable","1. No Defects,Not Applicable","Not Applicable,Not Applicable","1. Had Not Been Drinking,Not Applicable","2. No,Not Applicable","1. Not Ejected,1. Not Ejected","NotProvided,Yes","No,No","3. Lap and Shoulder Belt,9. Not Applicable","1. Not Obscured,Not Applicable",,,,,,,,,"22,0",1. On Roadway,"0,0",,,,Not GUARDRAIL,Not HIT_RUN,"0,0",1,1. Not at Intersection,,C,0,0,37.026718,37.026718,,,Not LRTRUCK,2. Daylight,UNLOCATED,-76.437259,-76.437259,MAINLINE,,,,,,,,"22,0",Not MOTORCYCLE,,.,,,,,,,1,,SEC_URBAN,,,,,,,,,,,,0,1,,0,0,,,,,,,,,Not PED,,1,0,Hampton,114,5,NOT-RD,8. Non-Intersection,,,,1. Straight - Level,1. No Defects,"2. Two-Way, Divided, Unprotected Median",1. Dry,"2. Blacktop, Asphalt, Bituminous",NETCENTER WAY,UNKWN,SC,U-VA114SC99999UK,,3. No,"0,0",,,,,,Not SENIOR,,15,"25,0",Not SPEED,"25,0",,,"2. No,1. Yes",,"0,0",9AM TO 12PM,1,1,7. No Passing Lines,6. No Traffic Control Device Present,,"1,2","1. Passenger car,9. Bicycle","NISSAN,BIKE","1. Going Straight Ahead,Not Applicable",SENTRA,2006,5,5.Hampton Roads,1. No Adverse Condition (Clear/Cloudy),Not Provided,2. No,Not Provided,Not YOUNG
No Access Control,ALCOHOL,Urban,0,0,Bituminous Concrete (Black Base),CAMPBELL RD(B)/,Not UNBELTED,50,Male,B,1,BIKE,0.17,1,1,,13. Bicyclist,"Not Provided,Not Provided","Not Provided,Not Provided",12107104,0.176,4,2/19/2014,2/19/2014,22. Bicycle,1920,B.Visiible Injury,2014,Left and Right sides,0,0,Newport News,Urban,22. Bicycle,MAIN,6PM TO 9PM,121.Newport News,929,Intersection,Reset Filters,VDOT_OTHER,Wednesday,Not DEER,"North,West",,5,1,141470148,26,Female,"B,PDO","1,2","28. Driving Without Lights,1. No Improper Action","3. Unavailable/Not Applicable,2. Not Deployed","4. No Test,Not Applicable","8. Other,1. No Defects","Not Applicable,Not Applicable","5. Drinking - Not Known Whether Impaired,1. Had Not Been Drinking","2. No,2. No","3. Totally Ejected,1. Not Ejected","No,No","No,No","9. Not Applicable,3. Lap and Shoulder Belt","1. Not Obscured,1. Not Obscured",,,1,727304,CHATHAM DR(R)/,0,1,"1.Divided, no control of access","20,22",1. On Roadway,"0,0",H,H.Urban Minor Arterial,Other City or Town Streets (not state maintained),Not GUARDRAIL,Not HIT_RUN,"1,11",1,4. Four Approaches,141470148,C,0,0,37.12224,37.12224,0,0.55,Not LRTRUCK,4. Darkness - Road Lighted,LOCATED,-76.52322,-76.52322,MAINLINE,MAIN,0,0,Curbed Grass,14,4,Divided Roadway,"20,22",Not MOTORCYCLE,716487,716487.  US00060       US00060      12100014      12107104,52093,50941,53018,51129,52166,4,1,0.176,SEC_URBAN,,,,,,,,,0,0,54,0,1,,0,0,,,,,,,,,Not PED,,1,0,Newport News,121,5,NOT-RD,9. Within Intersection,0,0,0.18,1. Straight - Level,1. No Defects,"3. Two-Way, Divided, Positive Median Barrier",1. Dry,"2. Blacktop, Asphalt, Bituminous",BLAND BLVD,URB,UR,R-VA121UR07104WB,"Urbanized (Population 200,000 and over)",3. No,"0,0",30985,30300,29532,28480,29057,Not SENIOR,Left and Right sides,"4,5","0,45",Not SPEED,"45,45",727303,0,"1. Yes,2. No",0,"0,0",6PM TO 9PM,1,1,3. Traffic Signal,1. Yes - Working,Not a Parkway - Trucks and Commercial Vehicles Allowed,"1,2","9. Bicycle,22. Truck - Sport Utility Vehicle (SUV)",HYUNDAI,"1. Going Straight Ahead,1. Going Straight Ahead",SANTA FE,2013,5,5.Hampton Roads,1. No Adverse Condition (Clear/Cloudy),Not Provided,2. No,Not Provided,Not YOUNG
No Access Control,Not ALCIHOL,Urban,1,1,Portland Cement Concrete,122-08636(L)/ROBIN HOOD ROAD(R)/,Not UNBELTED,48,Not Provided,A,2,BIKE,33.42,0,0,,2. Angle,"Not Provided,Not Provided","Not Provided,Not Provided",SR00165,33.753,4,10/23/2012,10/23/2012,20. Motor Vehicle In Transport,1715,A.Ambulatory Injury,2012,None,0,0,Norfolk,Urban,20. Motor Vehicle In Transport,MAIN,3PM TO 6PM,122.Norfolk,354,Intersection,Reset Filters,VDOT_OTHER,Tuesday,Not DEER,"South,South",,5,1,123400177,,0,"PDO,A","1,2","34. Hit and Run,1. No Improper Action","3. Unavailable/Not Applicable,3. Unavailable/Not Applicable","Not Applicable,Not Applicable","9. Unknown,1. No Defects","Not Applicable,Not Applicable","6. Unknown,1. Had Not Been Drinking","3. Unknown,2. No","1. Not Ejected,3. Totally Ejected","NotProvided,Yes","Yes,No","9. Not Applicable,8. No Restraint Used","Not Applicable,1. Not Obscured",,,34,483318,SR-00192(R)/122-08641(L)/AZALEA GARDEN RD,0,0,"0.Two-way, non-divided","22,20",1. On Roadway,"0,0",E,E.Urban Other Principle Arterials; Connecting Links of Other Rural Principal Arterial,Urban Extensions - Primary Routes,Not GUARDRAIL,HIT_RUN,"12,9",1,1. Not at Intersection,123400177,C,0,0,36.888915,36.888915,8,0.4,Not LRTRUCK,2. Daylight,LOCATED,-76.2194,-76.2194,MAINLINE,MAIN,0,0,0,0,0,Undivided Roadway,"22,20",Not MOTORCYCLE,483318,483318.  SR00165       SR00165       SR00192      12208641,34598,26840,27087,33011,33492,4,1,0.067,PRI_URBAN,,,,,,,,,0,176,60,0,1,,0,0,,,,,,,,,Not PED,,1,0,Norfolk,122,5,NOT-RD,1. Main-Line Roadway,8,33.75,33.75,1. Straight - Level,1. No Defects,"2. Two-Way, Divided, Unprotected Median",1. Dry,"2. Blacktop, Asphalt, Bituminous",3400 N MILITARY HWY,STPRI,SR,R-VA   SR00165SB,"Urbanized (Population 200,000 and over)",3. No,"0,0",24485,12195,12308,25674,24801,Not SENIOR,None,3,"45,45",Not SPEED,"45,45",483319,0.14,"Not Provided,2. No",0,"0,0",3PM TO 6PM,1,1,1. No Traffic Control,6. No Traffic Control Device Present,Not a Parkway - Trucks and Commercial Vehicles Allowed,"1,2","2. Truck - Pick-up/Passenger Truck,9. Bicycle",CGEV,"2. Making Right Turn,1. Going Straight Ahead",,,5,5.Hampton Roads,1. No Adverse Condition (Clear/Cloudy),Not Provided,2. No,Not Provided,Not YOUNG
No Access Control,Not ALCIHOL,Urban,0,0,Bituminous Concrete (Black Base),STONEMOSS CT/,Not UNBELTED,26,Male,B,1,BIKE,0.76,1,1,,2. Angle,"Not Provided,Not Provided","Not Provided,Not Provided",13408832,0.8,3,10/24/2012,10/24/2012,22. Bicycle,720,B.Visiible Injury,2012,Left and Right sides,0,1,Virginia Beach,Urban,22. Bicycle,MAIN,6AM TO 9AM,134.Virginia Beach,106,Intersection,Reset Filters,VDOT_OTHER,Wednesday,Not DEER,"South,East",,5,1,122995075,27,Male,"B,C","1,2","21. Disregarded Traffic Signal,1. No Improper Action","3. Unavailable/Not Applicable,2. Not Deployed","Not Applicable,Not Applicable","1. No Defects,1. No Defects","14. No Driver Distraction,14. No Driver Distraction","1. Had Not Been Drinking,1. Had Not Been Drinking","3. Unknown,2. No","3. Totally Ejected,1. Not Ejected","Yes,No","No,No","9. Not Applicable,3. Lap and Shoulder Belt","1. Not Obscured,1. Not Obscured",,,1,541356,134-08627(B)/GREEN MEADOWS DRIVE(U)/,0,0,"0.Two-way, non-divided","20,22",1. On Roadway,"0,0",I,I.Urban Collector,Other City or Town Streets (not state maintained),Not GUARDRAIL,Not HIT_RUN,"2,11",1,4. Four Approaches,122995075,C,0,0,36.816865,36.816865,0,0.06,Not LRTRUCK,2. Daylight,LOCATED,-76.127003,-76.127003,MAINLINE,MAIN,0,0,0,0,0,Undivided Roadway,"20,22",Not MOTORCYCLE,541356,541356. 13408627      13408627      13408832,37096,37989,38339,36948,36657,2,1,0.02,SEC_URBAN,,,,,,,,,0,0,36,0,2,,0,0,,,,,,,,,Not PED,,2,0,Virginia Beach,134,5,NOT-RD,9. Within Intersection,0,0.75,0.8,1. Straight - Level,1. No Defects,"3. Two-Way, Divided, Positive Median Barrier",1. Dry,"2. Blacktop, Asphalt, Bituminous",1500 S. INDEPENDENCE BLVD,URB,UR,R-VA134UR08832EB,"Urbanized (Population 200,000 and over)",3. No,"0,0",3553,3621,3654,3522,3295,Not SENIOR,Left and Right sides,"5,45","35,45",Not SPEED,"35,45",542623,0,"1. Yes,2. No",0,"0,0",6AM TO 9AM,1,1,3. Traffic Signal,1. Yes - Working,Not a Parkway - Trucks and Commercial Vehicles Allowed,"1,2","9. Bicycle,1. Passenger car","KENOL,FORD","1. Going Straight Ahead,1. Going Straight Ahead","BICYCLE,ESCAPE",20122009,5,5.Hampton Roads,1. No Adverse Condition (Clear/Cloudy),Not Provided,2. No,Not Provided,Not YOUNG
No Access Control,ALCOHOL,Urban,1,1,"N/A, Unknown, or Unstabilized",114-07059(B)/POWHATAN PKWY,Not UNBELTED,48,Female,A,2,BIKE,271.64,0,0,,2. Angle,"Not Provided,Not Provided","Not Provided,Not Provided",US00060,271.663,4,10/24/2012,10/24/2012,22. Bicycle,1332,A.Ambulatory Injury,2012,Left and Right sides,0,0,Hampton,Urban,22. Bicycle,MAIN,12PM TO 3PM,114.Hampton,"1,357",Intersection,Reset Filters,VDOT_OTHER,Wednesday,Not DEER,"East,East",DISTRACTED,5,1,123470192,26,Female,"PDO,A","1,2","1. No Improper Action,42. Improper or Unsafe Lane Change","2. Not Deployed,2. Not Deployed","4. No Test,4. No Test","1. No Defects,9. Unknown","Not Applicable,9. Eating/Drinking","1. Had Not Been Drinking,2. Drinking - Obviously Drunk","2. No,2. No","1. Not Ejected,3. Totally Ejected","No,Yes","No,No","3. Lap and Shoulder Belt,9. Not Applicable","1. Not Obscured,1. Not Obscured",,,272,253012,114-07035(B)/LASALLE AV,0,0,"0.Two-way, non-divided","22,20",1. On Roadway,"0,0",H,H.Urban Minor Arterial,Urban Extensions - Primary Routes,Not GUARDRAIL,Not HIT_RUN,"1,6",1,1. Not at Intersection,123470192,C,0,0,37.007921,37.007921,0,0.28,Not LRTRUCK,2. Daylight,LOCATED,-76.364341,-76.364341,MAINLINE,MAIN,0,0,0,0,0,Undivided Roadway,"19,20",Not MOTORCYCLE,253012,253012.  US00060       US00060      11407035      11407035,10661,10425,10024,9667,9863,4,1,0.257,PRI_URBAN,,,,,,,,,0,185,44,0,1,,0,0,,,,,,,,,Not PED,,1,0,Hampton,114,5,NOT-RD,8. Non-Intersection,0,271.5,271.66,1. Straight - Level,1. No Defects,"2. Two-Way, Divided, Unprotected Median",1. Dry,"2. Blacktop, Asphalt, Bituminous",3403 KEOUGHTON RD,USPRI,US,R-VA   US00060EB,"Urbanized (Population 200,000 and over)",1. Yes,"19,0",5999,5867,5898,5688,5803,Not SENIOR,Left side,35,"35,0",Not SPEED,"35,0",253013,0.75,"2. No,1. Yes",0,"0,0",12PM TO 3PM,1,1,6. Traffic Lanes Marked,1. Yes - Working,Not a Parkway - Trucks and Commercial Vehicles Allowed,"1,2","1. Passenger car,9. Bicycle","HYUN,BICYCLE","1. Going Straight Ahead,14. Changing Lanes",ACCENT,2005,5,5.Hampton Roads,1. No Adverse Condition (Clear/Cloudy),Not Provided,2. No,Not Provided,Not YOUNG
,Not ALCIHOL,Urban,0,0,,,Not UNBELTED,,Male,C,2,BIKE,,0,0,,2. Angle,"Not Provided,Not Provided","Not Provided,Not Provided",,,,10/25/2012,10/25/2012,22. Bicycle,1619,C.Non-Visible Injury,2012,,1,1,Norfolk,Urban,22. Bicycle,MAIN,3PM TO 6PM,122.Norfolk,,Not Intersection,Reset Filters,VDOT_OTHER,Thursday,Not DEER,"South,North",,5,1,123470041,,Not Provided,"PDO,C","1,2","11. Did Not Have Right-of-Way,1. No Improper Action","Not Provided,3. Unavailable/Not Applicable","Not Applicable,Not Applicable","9. Unknown,1. No Defects","Not Applicable,Not Applicable","6. Unknown,1. Had Not Been Drinking","3. Unknown,Not Applicable","Not Provided,2. Partially Ejected","NotProvided,Yes","Yes,No","Not Provided,8. No Restraint Used","1. Not Obscured,1. Not Obscured",,,,,,,,,"22,20",1. On Roadway,"0,0",,,,Not GUARDRAIL,HIT_RUN,"11,0",1,3. Three Approaches,,C,0,0,36.862401,36.862401,,,Not LRTRUCK,2. Daylight,UNLOCATED,-76.276323,-76.276323,MAINLINE,,,,,,,,"22,20",Not MOTORCYCLE,,.,,,,,,,1,,SEC_URBAN,,,,,,,,,,,,0,1,,0,0,,,,,,,,,Not PED,,1,0,Norfolk,122,5,NOT-RD,9. Within Intersection,,,,1. Straight - Level,1. No Defects,"1. Two-Way, Not Divided",1. Dry,"2. Blacktop, Asphalt, Bituminous",803 LEXINGTON,UNKWN,SC,U-VA122SC99999UK,,3. No,"0,0",,,,,,Not SENIOR,,,"0,0",Not SPEED,"0,0",,,"3. Pending,1. Yes",,"0,0",3PM TO 6PM,1,1,4. Stop Sign,1. Yes - Working,,"1,2","1. Passenger car,9. Bicycle",SCHWINN,"2. Making Right Turn,1. Going Straight Ahead",GERNERIC,,5,5.Hampton Roads,1. No Adverse Condition (Clear/Cloudy),Not Provided,2. No,Not Provided,Not YOUNG