Access Control,Alcohol Notalcohol,Area Type1,A Crash,A People,Basetypedesc,Begin Node Dsc,Belted Unbelted,Bikeage,Bikegen,Bikeinjurytype,Bikevehiclenumber,Bike Nonbike,BMP,B Crash,B People,Carspeedlimit,Collision Type,Comm Cargo Body Type Cd,Comm Vehicle Body Type Cd,Cotedrouteid,Coted Mp,Count App,CRASH_DT (copy),Crash Dt,Crash Event Type Dsc,Crash Military Tm,Crash Severity,Crash Year,Curbgutterdesc,C Crash,C People,Juris Name Used,Area Type Used,First Harmful Event of Entire Crash,MAINLINE,Time Slicing Used,Phy_Juris_Nm,Offset-Ft,Intersection Analysis,Clear,Calculation_9640323132123359,Day Of Week,Deer Nodeer,Direction Of Travel Cd,Distracted Notdistracted,VSP,TOTAL CRASH,Document Nbr,Driverage,Drivergen,Driverinjurytype,Drivervehiclenumber,Driver Action Type Cd,Driver Airbag Deployment,Driver Alcohol Test Type Cd,Driver Condition Type Cd,Driver Distraction Type Cd,Driver Drinking Type Cd,Driver Drug Use Cd,Driver Ejected From Vehicle,Driver Ems Transport Ind,Driver Fled Scene Ind,Driver Safety Equip Used,Driver Vis Obscured Type Cd,Drowsy Notdrowsy,Drug Nodrug,EMP,End Node,End Node Dsc,End Offset,Facility,FAC,First Crash Event Cd,First Harmful Event,Fourth Crash Event Cd,Functionalclass,FUN,Govcondesc,Gr Nogr,Hitrun Not Hitrun,Initial Veh Impact Area Cd,Injury Crashes,Intersection Type,Int Doc,Jurtype,K_CRASH,K People,LAT (copy),LAT,Leftshoulderwidth,Length,Lgtruck Nonlgtruck,Light Condition,Located Unlocated,LON (copy),LON,MAINLINE (group),Mainline Yn,Medianleftshoulderwidth,Medianrightshoulderwidth,Mediantypedesc,Medianwidthmax,Medianwidthmin,Median Type,Most Harmful Crash Event Cd,Motor Nonmotor,Node,Node Info,Node Totaadt2011,Node Totaadt2012,Node Totaadt2013,Node Totaadt2014,Node Totaadt2015,Numberoflane,Number of Records,Offset,Ownership,Passage,Passgen,Passinjurytype,Passvehiclenumber,Pass Airbag Deployment,Pass Ejected From Vehicle,Pass Ems Transport Ind,Pass Safety Equip Used,Pavementconditionvalue,Pavementroughnessvalue,Pavementwidth,Pdo Crash,Total People Killed & Injured,Pedage,Pedestrians Injured,Pedestrians Killed,Pedgen,Pedinjurytype,Pednumber,Ped Action,Ped Al Test,Ped Cond,Ped Drink,Ped Drug,Ped Nonped,Ped Rflct,Persons Injured,Persons Killed,Physical Juris Nm,PJR,VSP_Used,Rd Type,Relation To Roadway,Rightshoulderwidth,RNS_MP (0.25 mi bin),Rns Mp,Roadway Alignment,Roadway Defect,Roadway Description,Roadway Surface Cond,Roadway Surface Type,Route Or Street Nm,Rte Category Cd,Rte Cat,Rte Nm,Ruralurbandesc,School Zone,Second Crash Event Cd,Segtotaadt2011,Segtotaadt2012,Segtotaadt2013,Segtotaadt2014,Segtotaadt2015,Senior Notsenior,Sidewalkdesc,Speed Before,Speed Max Safe,Speed Notspeed,Speed Posted,Start Node,Start Offset,Summons Issued Cd,Surfacedesc,Third Crash Event Cd,Time Slicing,Total Crashes including Property Damage Only,Total Crash,Traffic Control Type,Trfc Ctrl Status Type,Truckcommr,Vehiclenumber,Vehicle Body Type Cd,Vehicle Make Nm,Vehicle Maneuver Type Cd,Vehicle Model Nm,Vehicle Year Nbr,District,District_Used ,Weather Condition,Work Zone Location,Work Zone Related,Work Zone Type,Young Notyoung
No Access Control,Not ALCIHOL,Urban,0,0,"N/A, Unknown, or Unstabilized",20TH ST(L)/,Not UNBELTED,25,Male,B,2,BIKE,0.21,1,1,,4. Sideswipe - Same Direction,"Not Provided,Not Provided","Not Provided,Not Provided",13408719,0.235,3,4/19/2012,4/19/2012,22. Bicycle,1356,B.Visiible Injury,2012,Left and Right sides,0,0,Virginia Beach,Urban,22. Bicycle,MAIN,12PM TO 3PM,134.Virginia Beach,238,Intersection,Reset Filters,VDOT_OTHER,Thursday,Not DEER,"South,South",,5,1,121125181,44,Male,"PDO,B","1,2","1. No Improper Action,42. Improper or Unsafe Lane Change","2. Not Deployed,3. Unavailable/Not Applicable","4. No Test,4. No Test","1. No Defects,1. No Defects","14. No Driver Distraction,14. No Driver Distraction","1. Had Not Been Drinking,1. Had Not Been Drinking","2. No,2. No","1. Not Ejected,1. Not Ejected","No,No","No,No","3. Lap and Shoulder Belt,9. Not Applicable","1. Not Obscured,1. Not Obscured",,,0,541659,134-08684(L)/VA-BEACH-NORFOLK EXPWY,0,0,"0.Two-way, non-divided","22,20",1. On Roadway,"0,0",I,I.Urban Collector,Other City or Town Streets (not state maintained),Not GUARDRAIL,Not HIT_RUN,"2,10",1,1. Not at Intersection,121125181,C,0,0,36.848907,36.848907,0,0.07,Not LRTRUCK,2. Daylight,LOCATED,-75.975228,-75.975228,MAINLINE,MAIN,0,0,0,0,0,Undivided Roadway,"22,20",Not MOTORCYCLE,541659,541659. 13408684      13408719      13408719,11035,8682,8762,8444,8560,2,1,0.045,SEC_URBAN,,,,,,,,,0,0,50,0,1,,0,0,,,,,,,,,Not PED,,1,0,Virginia Beach,134,5,NOT-RD,1. Main-Line Roadway,0,0.25,0.25,1. Straight - Level,1. No Defects,"1. Two-Way, Not Divided",1. Dry,"2. Blacktop, Asphalt, Bituminous",2014 ATLANTIC AVE,URB,UR,R-VA134UR08719SB,"Urbanized (Population 200,000 and over)",3. No,"0,0",9020,6158,6215,5989,6539,Not SENIOR,Left and Right sides,"10,10","25,25",Not SPEED,"25,25",541962,0,"2. No,2. No",0,"0,0",12PM TO 3PM,1,1,6. Traffic Lanes Marked,1. Yes - Working,Not a Parkway - Trucks and Commercial Vehicles Allowed,"1,2","1. Passenger car,9. Bicycle","HYUNDAI,PACIFIC SUN","1. Going Straight Ahead,14. Changing Lanes","SONATA,BICYCLE CRUISER",20122010,5,5.Hampton Roads,1. No Adverse Condition (Clear/Cloudy),Not Provided,2. No,Not Provided,Not YOUNG
No Access Control,Not ALCIHOL,Urban,0,0,Bituminous Concrete (Black Base),HEMLOCK RD,Not UNBELTED,,"Male,Male","C,C",,BIKE,53.16,0,0,,2. Angle,"Not Provided,Not Provided,Not Provided","Not Provided,Not Provided,Not Provided",US00017,53.639,4,4/19/2012,4/19/2012,22. Bicycle,1722,C.Non-Visible Injury,2012,Left and Right sides,1,2,Newport News,Urban,22. Bicycle,MAIN,3PM TO 6PM,121.Newport News,"2,592",Intersection,Reset Filters,VDOT_OTHER,Thursday,Not DEER,"West,South,South",,5,1,121370060,281837,Female,"PDO,C,C","1,2,3","1. No Improper Action,11. Did Not Have Right-of-Way,11. Did Not Have Right-of-Way","2. Not Deployed,3. Unavailable/Not Applicable,3. Unavailable/Not Applicable","4. No Test,4. No Test,4. No Test","1. No Defects,1. No Defects,1. No Defects","Not Applicable,Not Applicable,Not Applicable","1. Had Not Been Drinking,1. Had Not Been Drinking,1. Had Not Been Drinking","2. No,2. No,2. No","1. Not Ejected,1. Not Ejected,1. Not Ejected","No,No,No","No,No,No","3. Lap and Shoulder Belt,8. No Restraint Used,8. No Restraint Used","1. Not Obscured,1. Not Obscured,1. Not Obscured",,,54,646006,SR-00306(L)/121-07027(R)/HARPERSVILLE RD,0,1,"1.Divided, no control of access","22,20,20",4. Roadside,"0,0,0",E,E.Urban Other Principle Arterials; Connecting Links of Other Rural Principal Arterial,Urban Extensions - Primary Routes,Not GUARDRAIL,Not HIT_RUN,"2,12,12",1,1. Not at Intersection,121370060,C,0,0,37.053096,37.053096,0,0.97,Not LRTRUCK,2. Daylight,LOCATED,-76.461826,-76.461826,MAINLINE,MAIN,0,0,Curbed Grass,14,4,Divided Roadway,"22,20,20",Not MOTORCYCLE,646006,646006.  SR00306       US00017       US00017      12107027,60649,61968,58803,58409,58883,6,1,0.491,PRI_URBAN,,,,,,,,,0,179,72,0,2,,0,0,,,,,,,,,Not PED,,2,0,Newport News,121,5,NOT-RD,"13. Driveway, Alley-Access - Related",0,53.5,53.64,1. Straight - Level,1. No Defects,"2. Two-Way, Divided, Unprotected Median",1. Dry,1. Concrete,JEFFERSON AVE,USPRI,US,R-VA   US00017NB,"Urbanized (Population 200,000 and over)",3. No,"0,0,0",44461,46718,38625,38774,38924,Not SENIOR,Left and Right sides,"3,3,5","45,45,45",Not SPEED,"45,45,45",646007,0,"1. Yes,2. No,2. No",0,"0,0,0",3PM TO 6PM,1,1,1. No Traffic Control,6. No Traffic Control Device Present,Designated Truck Route - D2,"1,2,3","1. Passenger car,9. Bicycle,9. Bicycle",MERCURY,"16. Entering Street From Parking Lot,1. Going Straight Ahead,1. Going Straight Ahead",SABLE,1998,5,5.Hampton Roads,1. No Adverse Condition (Clear/Cloudy),Not Provided,2. No,Not Provided,YOUNG
,Not ALCIHOL,Urban,0,0,,,Not UNBELTED,30,Male,B,1,BIKE,,1,1,,2. Angle,"Not Provided,Not Provided","Not Provided,Not Provided",,,,4/19/2012,4/19/2012,20. Motor Vehicle In Transport,1530,B.Visiible Injury,2012,,0,0,Newport News,Urban,20. Motor Vehicle In Transport,MAIN,3PM TO 6PM,121.Newport News,,Not Intersection,Reset Filters,VDOT_OTHER,Thursday,Not DEER,"South,West",,5,1,122890083,25,Male,"B,PDO","1,2","37. Other,1. No Improper Action","3. Unavailable/Not Applicable,2. Not Deployed","4. No Test,4. No Test","1. No Defects,1. No Defects","Not Applicable,Not Applicable","1. Had Not Been Drinking,1. Had Not Been Drinking","2. No,2. No","1. Not Ejected,1. Not Ejected","No,No","No,No","9. Not Applicable,3. Lap and Shoulder Belt","5. Trees, Crops, etc.,5. Trees, Crops, etc.",,,,,,,,,"20,22",1. On Roadway,"0,0",,,,Not GUARDRAIL,Not HIT_RUN,"9,1",1,2. Two Approaches,,C,0,0,37.015077,37.015077,,,Not LRTRUCK,2. Daylight,UNLOCATED,-76.44169,-76.44169,MAINLINE,,,,,,,,"20,22",Not MOTORCYCLE,,.,,,,,,,1,,SEC_URBAN,,,,,,,,,,,,0,1,,0,0,,,,,,,,,Not PED,,1,0,Newport News,121,5,NOT-RD,9. Within Intersection,,,,1. Straight - Level,1. No Defects,"3. Two-Way, Divided, Positive Median Barrier",1. Dry,"2. Blacktop, Asphalt, Bituminous",JEFFERSON AVE,UNKWN,SC,U-VA121SC99999UK,,3. No,"0,0",,,,,,Not SENIOR,,"10,2","0,0",SPEED,"0,0",,,"2. No,2. No",,"0,0",3PM TO 6PM,1,1,4. Stop Sign,1. Yes - Working,,"1,2","9. Bicycle,2. Truck - Pick-up/Passenger Truck",TOYOTA,"1. Going Straight Ahead,2. Making Right Turn",TACOMA,2002,5,5.Hampton Roads,1. No Adverse Condition (Clear/Cloudy),Not Provided,2. No,Not Provided,Not YOUNG
No Access Control,Not ALCIHOL,Urban,0,0,Bituminous Concrete (Black Base),121-00014(L)/121-07104(R)/,Not UNBELTED,21,Female,B,1,BIKE,255.88,1,1,,2. Angle,"Not Provided,Not Provided","Not Provided,Not Provided",US00060,256.334,3,4/20/2012,4/20/2012,22. Bicycle,2030,B.Visiible Injury,2012,Left and Right sides,0,0,Newport News,Urban,22. Bicycle,MAIN,6PM TO 9PM,121.Newport News,243,Intersection,Reset Filters,VDOT_OTHER,Friday,Not DEER,"South,West",,5,1,122510019,22,Female,"B,PDO","1,2","11. Did Not Have Right-of-Way,1. No Improper Action","3. Unavailable/Not Applicable,2. Not Deployed","4. No Test,4. No Test","8. Other,1. No Defects","Not Applicable,Not Applicable","1. Had Not Been Drinking,1. Had Not Been Drinking","Not Applicable,2. No","2. Partially Ejected,1. Not Ejected","Yes,No","No,No","9. Not Applicable,3. Lap and Shoulder Belt","1. Not Obscured,1. Not Obscured",,,256,646054,121-07040(R)/COLONY DR,0,1,"1.Divided, no control of access","20,22","8. Off Roadway, Location Unknown","0,0",H,H.Urban Minor Arterial,Urban Extensions - Primary Routes,Not GUARDRAIL,Not HIT_RUN,"12,12",1,1. Not at Intersection,122510019,C,0,0,37.114166,37.114166,0,0.5,Not LRTRUCK,4. Darkness - Road Lighted,LOCATED,-76.519167,-76.519167,MAINLINE,MAIN,0,0,Curbed Grass,28,28,Divided Roadway,"20,22",Not MOTORCYCLE,646054,646054.  US00060       US00060      12107040,35128,34352,37007,35689,36413,4,1,0.046,PRI_URBAN,,,,,,,,,0,115,54,0,1,,0,0,,,,,,,,,Not PED,,1,0,Newport News,121,5,NOT-RD,8. Non-Intersection,0,256.25,256.35,1. Straight - Level,1. No Defects,5. Unknown,1. Dry,1. Concrete,13300 WARWICK BLVD,USPRI,US,R-VA   US00060WB,"Urbanized (Population 200,000 and over)",3. No,"0,0",31394,30700,33849,32643,33305,Not SENIOR,Left and Right sides,"5,3","10,15",Not SPEED,"10,15",716487,0,"2. No,2. No",0,"0,0",6PM TO 9PM,1,1,1. No Traffic Control,6. No Traffic Control Device Present,Not a Parkway - Trucks and Commercial Vehicles Allowed,"1,2","9. Bicycle,1. Passenger car",DODGE,"1. Going Straight Ahead,2. Making Right Turn",NEON,2003,5,5.Hampton Roads,1. No Adverse Condition (Clear/Cloudy),Not Provided,2. No,Not Provided,Not YOUNG
No Access Control,Not ALCIHOL,Urban,0,0,"N/A, Unknown, or Unstabilized",1SR-00337-P(L)/122-08580(L)/MAY STREET(R)/& C,Not UNBELTED,32,Female,B,2,BIKE,26.68,1,1,,2. Angle,"Not Provided,Not Provided","Not Provided,Not Provided",SR00337,26.68,4,4/20/2012,4/20/2012,20. Motor Vehicle In Transport,1544,B.Visiible Injury,2012,Left and Right sides,0,0,Norfolk,Urban,20. Motor Vehicle In Transport,MAIN,3PM TO 6PM,122.Norfolk,0,Intersection,Reset Filters,VDOT_OTHER,Friday,Not DEER,"South,West",,5,1,121300211,47,Female,"PDO,B","1,2","1. No Improper Action,37. Other","2. Not Deployed,3. Unavailable/Not Applicable","Not Applicable,Not Applicable","1. No Defects,1. No Defects","Not Applicable,Not Applicable","1. Had Not Been Drinking,1. Had Not Been Drinking","2. No,2. No","1. Not Ejected,2. Partially Ejected","No,Yes","No,No","3. Lap and Shoulder Belt,9. Not Applicable","16. Stopped Vehicle(s),16. Stopped Vehicle(s)",,,27,483415,SR-00168(L)/US-00460(B)/,0,1,"1.Divided, no control of access","22,20",1. On Roadway,"0,0",E,E.Urban Other Principle Arterials; Connecting Links of Other Rural Principal Arterial,Urban Extensions - Primary Routes,Not GUARDRAIL,Not HIT_RUN,"1,0",1,3. Three Approaches,121300211,C,0,0,36.847546,36.847546,0,0.38,Not LRTRUCK,2. Daylight,LOCATED,-76.277482,-76.277482,MAINLINE,MAIN,0,0,0,0,0,Divided Roadway,"22,20",Not MOTORCYCLE,483666,483666.  SR00337       SR00337      12208580      1SR00337P,22449,20833,20357,19180,22930,7,1,0,PRI_URBAN,,,,,,,,,0,0,0,0,1,,0,0,,,,,,,,,Not PED,,1,0,Norfolk,122,5,NOT-RD,10. Intersection Related - Within 150 Feet,0,26.5,26.68,1. Straight - Level,1. No Defects,"2. Two-Way, Divided, Unprotected Median",1. Dry,"2. Blacktop, Asphalt, Bituminous",400 TIDEWATER DR,STPRI,SR,R-VA   SR00337WB,"Urbanized (Population 200,000 and over)",3. No,"0,0",21525,19907,19422,18279,21893,Not SENIOR,Left and Right sides,10,"30,25",Not SPEED,"30,25",483666,0,"2. No,1. Yes",0,"0,0",3PM TO 6PM,1,1,4. Stop Sign,1. Yes - Working,Not a Parkway - Trucks and Commercial Vehicles Allowed,"1,2","22. Truck - Sport Utility Vehicle (SUV),9. Bicycle","FORD,MAGNA","1. Going Straight Ahead,15. Other","EXPEDITION,GLACIER POINT",2004,5,5.Hampton Roads,1. No Adverse Condition (Clear/Cloudy),Not Provided,2. No,Not Provided,Not YOUNG
No Access Control,Not ALCIHOL,Urban,0,0,Portland Cement Concrete,US-00058(L)/134-08578(R)/LASKIN RD,Not UNBELTED,13,Male,B,1,BIKE,302.03,1,1,,2. Angle,"Not Provided,Not Provided","Not Provided,Not Provided",US00060,302.041,4,4/21/2012,4/21/2012,20. Motor Vehicle In Transport,1209,B.Visiible Injury,2012,Left and Right sides,0,0,Virginia Beach,Urban,20. Motor Vehicle In Transport,MAIN,12PM TO 3PM,134.Virginia Beach,58,Intersection,Reset Filters,VDOT_OTHER,Saturday,Not DEER,"West,South",,5,1,121125169,54,Male,"B,PDO","1,2","11. Did Not Have Right-of-Way,1. No Improper Action","3. Unavailable/Not Applicable,2. Not Deployed","Not Applicable,Not Applicable","1. No Defects,1. No Defects","Not Applicable,Not Applicable","1. Had Not Been Drinking,1. Had Not Been Drinking","2. No,2. No","1. Not Ejected,1. Not Ejected","Yes,No","No,No","9. Not Applicable,3. Lap and Shoulder Belt","1. Not Obscured,1. Not Obscured",,,302,541110,30TH ST,0,0,"0.Two-way, non-divided","22,20",1. On Roadway,"0,0",E,E.Urban Other Principle Arterials; Connecting Links of Other Rural Principal Arterial,Urban Extensions - Primary Routes,Not GUARDRAIL,Not HIT_RUN,"2,12",1,4. Four Approaches,121125169,C,0,0,36.859047,36.859047,0,0.07,Not LRTRUCK,2. Daylight,LOCATED,-75.979356,-75.979356,MAINLINE,MAIN,0,0,0,0,0,Undivided Roadway,"20,20",Not MOTORCYCLE,541057,541057.  US00058       US00060       US00060      13408578,35003,33265,33529,33082,32581,4,1,0.011,PRI_URBAN,,,,,,,,,0,350,62,0,1,,0,0,,,,,,,,,Not PED,,1,0,Virginia Beach,134,5,NOT-RD,9. Within Intersection,0,302,302.04,1. Straight - Level,1. No Defects,"2. Two-Way, Divided, Unprotected Median",1. Dry,"2. Blacktop, Asphalt, Bituminous",3000 PACIFIC AVENUE,USPRI,US,R-VA   US00060EB,"Urbanized (Population 200,000 and over)",3. No,"20,0",16522,15296,15206,15119,15239,Not SENIOR,Left and Right sides,"5,15","35,35",Not SPEED,"35,35",541057,0,"2. No,2. No",0,"0,0",12PM TO 3PM,1,1,3. Traffic Signal,1. Yes - Working,Not a Parkway - Trucks and Commercial Vehicles Allowed,"1,2","9. Bicycle,22. Truck - Sport Utility Vehicle (SUV)","GT FLY,JEEP","1. Going Straight Ahead,1. Going Straight Ahead","BMX 500,LATITUDE",20112011,5,5.Hampton Roads,1. No Adverse Condition (Clear/Cloudy),Not Provided,2. No,Not Provided,Not YOUNG
,Not ALCIHOL,Urban,1,1,,,Not UNBELTED,,Female,A,2,BIKE,,0,0,,2. Angle,"Not Provided,Not Provided","Not Provided,Not Provided",,,,4/21/2012,4/21/2012,22. Bicycle,1745,A.Ambulatory Injury,2012,,0,0,Norfolk,Urban,22. Bicycle,MAIN,3PM TO 6PM,122.Norfolk,,Not Intersection,Reset Filters,VDOT_OTHER,Saturday,Not DEER,"West,South",,5,1,121930053,38,Female,"PDO,A","1,2","1. No Improper Action,8. Cutting In","2. Not Deployed,Not Provided","Not Applicable,Not Applicable","1. No Defects,1. No Defects","Not Applicable,Not Applicable","1. Had Not Been Drinking,1. Had Not Been Drinking","Not Applicable,Not Applicable","1. Not Ejected,Not Provided","No,Yes","No,No","3. Lap and Shoulder Belt,8. No Restraint Used","1. Not Obscured,10. Parked Vehicle(s)",,,,,,,,,"22,20",1. On Roadway,"0,0",,,,Not GUARDRAIL,Not HIT_RUN,"12,12",1,1. Not at Intersection,,C,0,0,36.855552,36.855552,,,Not LRTRUCK,2. Daylight,UNLOCATED,-76.283375,-76.283375,MAINLINE,,,,,,,,"22,20",Not MOTORCYCLE,,.,,,,,,,1,,SEC_URBAN,,,,,,,,,,,,0,1,,0,0,,,,,,,,,Not PED,,1,0,Norfolk,122,5,NOT-RD,8. Non-Intersection,,,,1. Straight - Level,1. No Defects,"1. Two-Way, Not Divided",1. Dry,"2. Blacktop, Asphalt, Bituminous",360 E . OLNEY,UNKWN,SC,U-VA122SC99999UK,,3. No,"0,0",,,,,,Not SENIOR,,20,"25,0",Not SPEED,"25,0",,,"2. No,2. No",,"0,0",3PM TO 6PM,1,1,1. No Traffic Control,6. No Traffic Control Device Present,,"1,2","3. Van,9. Bicycle","FORD,PINK ,BLAC","1. Going Straight Ahead,15. Other",FREESTER,2004,5,5.Hampton Roads,1. No Adverse Condition (Clear/Cloudy),Not Provided,2. No,Not Provided,Not YOUNG
No Access Control,Not ALCIHOL,Urban,0,0,Bituminous Concrete (Black Base),122-08564(B)/38TH ST,Not UNBELTED,21,Female,B,2,BIKE,30.66,1,1,,3. Head On,"Not Provided,Not Provided","Not Provided,Not Provided",SR00337,30.685,4,4/24/2012,4/24/2012,22. Bicycle,1916,B.Visiible Injury,2012,Left and Right sides,0,0,Norfolk,Urban,22. Bicycle,MAIN,6PM TO 9PM,122.Norfolk,554,Intersection,Reset Filters,VDOT_OTHER,Tuesday,Not DEER,"North,East",,5,1,121245068,22,Female,"PDO,B","1,2","1. No Improper Action,21. Disregarded Traffic Signal","1. Deployed - Front,3. Unavailable/Not Applicable","Not Applicable,Not Applicable","1. No Defects,1. No Defects","14. No Driver Distraction,14. No Driver Distraction","1. Had Not Been Drinking,1. Had Not Been Drinking","2. No,2. No","1. Not Ejected,Not Provided","No,No","No,No","3. Lap and Shoulder Belt,9. Not Applicable","12. Sun or Headlight Glare,1. Not Obscured",,,31,483654,122-08562(B)/43RD ST,0,1,"1.Divided, no control of access","22,20",1. On Roadway,"0,0",E,E.Urban Other Principle Arterials; Connecting Links of Other Rural Principal Arterial,Urban Extensions - Primary Routes,Not GUARDRAIL,Not HIT_RUN,"1,12",1,1. Not at Intersection,121245068,C,0,0,36.883528,36.883528,0,0.17,Not LRTRUCK,3. Dusk,LOCATED,-76.302226,-76.302226,MAINLINE,MAIN,0,0,Curbed Grass,14,4,Divided Roadway,"22,20",Not MOTORCYCLE,483655,483655.  SR00337       SR00337      12208564      12208564,38699,40866,40042,37803,32041,6,1,0.105,PRI_URBAN,,,,,,,,,0,180,64,0,1,,0,0,,,,,,,,,Not PED,,1,0,Norfolk,122,5,NOT-RD,1. Main-Line Roadway,0,30.5,30.69,1. Straight - Level,1. No Defects,"3. Two-Way, Divided, Positive Median Barrier",1. Dry,"2. Blacktop, Asphalt, Bituminous",4300 HAMPTON BLVD,STPRI,SR,R-VA   SR00337EB,"Urbanized (Population 200,000 and over)",1. Yes,"0,0",33979,35765,34894,32841,26393,Not SENIOR,Left and Right sides,"5,5","25,25",Not SPEED,"25,25",483655,0.08,"Not Provided,1. Yes",0,"0,0",6PM TO 9PM,1,1,3. Traffic Signal,1. Yes - Working,Not a Parkway - Trucks and Commercial Vehicles Allowed,"1,2","1. Passenger car,9. Bicycle",Volvo,"2. Making Right Turn,1. Going Straight Ahead",740,1991,5,5.Hampton Roads,1. No Adverse Condition (Clear/Cloudy),Not Provided,2. No,Not Provided,Not YOUNG
No Access Control,Not ALCIHOL,Urban,0,0,Bituminous Concrete (Black Base),134-08832(L)/GREEN MEADOWS DRIVE(R)/,Not UNBELTED,,Male,B,2,BIKE,5.1,1,1,,2. Angle,"Not Provided,Not Provided","Not Provided,Not Provided",13408627,5.1,3,6/19/2015,6/19/2015,22. Bicycle,825,B.Visiible Injury,2015,Left and Right sides,0,0,Virginia Beach,Urban,22. Bicycle,MAIN,6AM TO 9AM,134.Virginia Beach,0,Intersection,Reset Filters,VDOT_OTHER,Friday,Not DEER,"South,West",,5,1,151715033,32,Female,"PDO,B","1,2","37. Other,1. No Improper Action","2. Not Deployed,3. Unavailable/Not Applicable","Not Applicable,Not Applicable","1. No Defects,1. No Defects","Not Applicable,Not Applicable","1. Had Not Been Drinking,1. Had Not Been Drinking","2. No,2. No","1. Not Ejected,3. Totally Ejected","No,Yes","No,No","3. Lap and Shoulder Belt,6. Other","1. Not Obscured,1. Not Obscured",,,5,541357,MINNARD COURT/,0,1,"1.Divided, no control of access","22,20",1. On Roadway,"0,0",H,H.Urban Minor Arterial,Other City or Town Streets (not state maintained),Not GUARDRAIL,Not HIT_RUN,"1,11",1,4. Four Approaches,151715033,C,0,0,36.81693,36.81693,0,0.08,Not LRTRUCK,2. Daylight,LOCATED,-76.12679,-76.12679,MAINLINE,MAIN,6,6,Grass/Unprotected,40,24,Divided Roadway,"22,20",Not MOTORCYCLE,541356,541356. 13408627      13408627      13408832,37096,37989,38339,36948,36657,4,1,0,SEC_URBAN,,,,,,,,,0,0,52,0,1,,0,0,,,,,,,,,Not PED,,1,0,Virginia Beach,134,5,NOT-RD,9. Within Intersection,0,5,5.1,1. Straight - Level,1. No Defects,"1. Two-Way, Not Divided",1. Dry,"2. Blacktop, Asphalt, Bituminous",S. INDEPENDENCE BLVD,URB,UR,R-VA134UR08627NB,"Urbanized (Population 200,000 and over)",3. No,"0,0",35319,36178,36512,35187,35009,Not SENIOR,Left and Right sides,"5,1","45,45",Not SPEED,"45,45",541356,0,"2. No,2. No",0,"0,0",6AM TO 9AM,1,1,3. Traffic Signal,1. Yes - Working,Not a Parkway - Trucks and Commercial Vehicles Allowed,"1,2","1. Passenger car,9. Bicycle","NISSAN,OTH","1. Going Straight Ahead,1. Going Straight Ahead","JUKE,BICYCLE",20152015,5,5.Hampton Roads,1. No Adverse Condition (Clear/Cloudy),Not Provided,2. No,Not Provided,Not YOUNG
No Access Control,Not ALCIHOL,Urban,0,0,Bituminous Concrete (Black Base),COMMERCE PARK RD.(R)/,Not UNBELTED,51,Female,B,2,BIKE,0.63,1,1,,12. Ped,"Not Provided,Not Provided","Not Provided,Not Provided",14503904,0.693,4,6/20/2015,6/20/2015,22. Bicycle,1530,B.Visiible Injury,2015,Left and Right sides,0,0,Franklin,Urban,22. Bicycle,MAIN,3PM TO 6PM,145.Franklin,"2,360",Intersection,Reset Filters,VDOT_OTHER,Saturday,Not DEER,"South,East",,5,1,151725217,35,Female,"PDO,B","1,2","11. Did Not Have Right-of-Way,1. No Improper Action","2. Not Deployed,3. Unavailable/Not Applicable","4. No Test,4. No Test","1. No Defects,1. No Defects","14. No Driver Distraction,Not Applicable","1. Had Not Been Drinking,1. Had Not Been Drinking","2. No,2. No","1. Not Ejected,1. Not Ejected","No,Yes","No,No","3. Lap and Shoulder Belt,8. No Restraint Used","1. Not Obscured,1. Not Obscured",,,1,716602,BAILEY DR.(L)/,0,0,"0.Two-way, non-divided","22,20",1. On Roadway,"0,0",H,H.Urban Minor Arterial,Other City or Town Streets (not state maintained),Not GUARDRAIL,Not HIT_RUN,"1,12",1,3. Three Approaches,151725217,C,0,0,36.67027,36.67027,0,0.07,Not LRTRUCK,2. Daylight,LOCATED,-76.94611,-76.94611,MAINLINE,MAIN,0,0,0,0,0,Undivided Roadway,"22,20",Not MOTORCYCLE,611853,611853. 14503904      14503904      14503907      14503907,18681,17948,18114,17457,15949,4,1,0.447,SEC_URBAN,,,,,,,,,3.9,0,64,0,1,,0,0,,,,,,,,,Not PED,,1,0,Franklin,145,5,NOT-RD,9. Within Intersection,0,0.5,0.69,1. Straight - Level,1. No Defects,"1. Two-Way, Not Divided",1. Dry,"2. Blacktop, Asphalt, Bituminous",Bailey Dr.,URB,UR,R-VA145UR03904WB,"Small Urban (Population 5,000 - 49,999)",3. No,"0,0",12321,12981,13101,12625,12509,Not SENIOR,Left and Right sides,3,25,Not SPEED,25,611740,0,"1. Yes,2. No",0,"0,0",3PM TO 6PM,1,1,3. Traffic Signal,1. Yes - Working,Not a Parkway - Trucks and Commercial Vehicles Allowed,"1,2","22. Truck - Sport Utility Vehicle (SUV),9. Bicycle","Ford,Bicycle","2. Making Right Turn,1. Going Straight Ahead",Explorer,2013,5,5.Hampton Roads,1. No Adverse Condition (Clear/Cloudy),Not Provided,2. No,Not Provided,Not YOUNG