Access Control,Alcohol Notalcohol,Area Type1,A Crash,A People,Basetypedesc,Begin Node Dsc,Belted Unbelted,Bikeage,Bikegen,Bikeinjurytype,Bikevehiclenumber,Bike Nonbike,BMP,B Crash,B People,Carspeedlimit,Collision Type,Comm Cargo Body Type Cd,Comm Vehicle Body Type Cd,Cotedrouteid,Coted Mp,Count App,CRASH_DT (copy),Crash Dt,Crash Event Type Dsc,Crash Military Tm,Crash Severity,Crash Year,Curbgutterdesc,C Crash,C People,Juris Name Used,Area Type Used,First Harmful Event of Entire Crash,MAINLINE,Time Slicing Used,Phy_Juris_Nm,Offset-Ft,Intersection Analysis,Clear,Calculation_9640323132123359,Day Of Week,Deer Nodeer,Direction Of Travel Cd,Distracted Notdistracted,VSP,TOTAL CRASH,Document Nbr,Driverage,Drivergen,Driverinjurytype,Drivervehiclenumber,Driver Action Type Cd,Driver Airbag Deployment,Driver Alcohol Test Type Cd,Driver Condition Type Cd,Driver Distraction Type Cd,Driver Drinking Type Cd,Driver Drug Use Cd,Driver Ejected From Vehicle,Driver Ems Transport Ind,Driver Fled Scene Ind,Driver Safety Equip Used,Driver Vis Obscured Type Cd,Drowsy Notdrowsy,Drug Nodrug,EMP,End Node,End Node Dsc,End Offset,Facility,FAC,First Crash Event Cd,First Harmful Event,Fourth Crash Event Cd,Functionalclass,FUN,Govcondesc,Gr Nogr,Hitrun Not Hitrun,Initial Veh Impact Area Cd,Injury Crashes,Intersection Type,Int Doc,Jurtype,K_CRASH,K People,LAT (copy),LAT,Leftshoulderwidth,Length,Lgtruck Nonlgtruck,Light Condition,Located Unlocated,LON (copy),LON,MAINLINE (group),Mainline Yn,Medianleftshoulderwidth,Medianrightshoulderwidth,Mediantypedesc,Medianwidthmax,Medianwidthmin,Median Type,Most Harmful Crash Event Cd,Motor Nonmotor,Node,Node Info,Node Totaadt2011,Node Totaadt2012,Node Totaadt2013,Node Totaadt2014,Node Totaadt2015,Numberoflane,Number of Records,Offset,Ownership,Passage,Passgen,Passinjurytype,Passvehiclenumber,Pass Airbag Deployment,Pass Ejected From Vehicle,Pass Ems Transport Ind,Pass Safety Equip Used,Pavementconditionvalue,Pavementroughnessvalue,Pavementwidth,Pdo Crash,Total People Killed & Injured,Pedage,Pedestrians Injured,Pedestrians Killed,Pedgen,Pedinjurytype,Pednumber,Ped Action,Ped Al Test,Ped Cond,Ped Drink,Ped Drug,Ped Nonped,Ped Rflct,Persons Injured,Persons Killed,Physical Juris Nm,PJR,VSP_Used,Rd Type,Relation To Roadway,Rightshoulderwidth,RNS_MP (0.25 mi bin),Rns Mp,Roadway Alignment,Roadway Defect,Roadway Description,Roadway Surface Cond,Roadway Surface Type,Route Or Street Nm,Rte Category Cd,Rte Cat,Rte Nm,Ruralurbandesc,School Zone,Second Crash Event Cd,Segtotaadt2011,Segtotaadt2012,Segtotaadt2013,Segtotaadt2014,Segtotaadt2015,Senior Notsenior,Sidewalkdesc,Speed Before,Speed Max Safe,Speed Notspeed,Speed Posted,Start Node,Start Offset,Summons Issued Cd,Surfacedesc,Third Crash Event Cd,Time Slicing,Total Crashes including Property Damage Only,Total Crash,Traffic Control Type,Trfc Ctrl Status Type,Truckcommr,Vehiclenumber,Vehicle Body Type Cd,Vehicle Make Nm,Vehicle Maneuver Type Cd,Vehicle Model Nm,Vehicle Year Nbr,District,District_Used ,Weather Condition,Work Zone Location,Work Zone Related,Work Zone Type,Young Notyoung
No Access Control,Not ALCIHOL,Urban,0,0,Bituminous Concrete (Black Base),IS-00064-W255B(R)/FROM RT 64 WEST,Not UNBELTED,20,Male,B,1,BIKE,18.92,1,1,,2. Angle,"Not Provided,Not Provided","Not Provided,Not Provided",SR00143,19.116,3,4/26/2012,4/26/2012,22. Bicycle,2249,B.Visiible Injury,2012,Left and Right sides,0,0,Newport News,Urban,22. Bicycle,MAIN,9PM TO 12AM,121.Newport News,"1,035",Intersection,Reset Filters,VDOT_OTHER,Thursday,Not DEER,"West,North",,5,1,121770196,31,Male,"B,PDO","1,2","11. Did Not Have Right-of-Way,1. No Improper Action","3. Unavailable/Not Applicable,2. Not Deployed","4. No Test,4. No Test","1. No Defects,1. No Defects","Not Applicable,Not Applicable","Not Applicable,1. Had Not Been Drinking","Not Applicable,2. No","3. Totally Ejected,1. Not Ejected","No,No","Yes,No","9. Not Applicable,3. Lap and Shoulder Belt","1. Not Obscured,1. Not Obscured",,,19,730755,WAL-MART WAY(L)/BRICK KILN BLVD(R)/,0,1,"1.Divided, no control of access","22,22",1. On Roadway,"0,0",E,E.Urban Other Principle Arterials; Connecting Links of Other Rural Principal Arterial,Urban Extensions - Primary Routes,Not GUARDRAIL,HIT_RUN,"9,12",1,4. Four Approaches,121770196,C,0,0,37.12132,37.12132,0,0.2,Not LRTRUCK,4. Darkness - Road Lighted,LOCATED,-76.506468,-76.506468,MAINLINE,MAIN,0,0,Curbed Grass,16,4,Divided Roadway,"22,22",Not MOTORCYCLE,672295,672295.  IS00064W255B  SR00143       SR00143,88849,92092,81597,81516,84397,7,1,0.196,PRI_URBAN,,,,,,,,,0,127,90,0,1,,0,0,,,,,,,,,Not PED,,1,0,Newport News,121,5,NOT-RD,1. Main-Line Roadway,0,19,19.12,1. Straight - Level,1. No Defects,"2. Two-Way, Divided, Unprotected Median",1. Dry,"2. Blacktop, Asphalt, Bituminous",BRICK KILN BLVD,STPRI,SR,R-VA   SR00143NB,"Urbanized (Population 200,000 and over)",3. No,"0,0",88849,92092,73009,72928,75809,Not SENIOR,Left and Right sides,"3,45","45,45",Not SPEED,"45,45",672295,0,"2. No,2. No",0,"0,0",9PM TO 12AM,1,1,6. Traffic Lanes Marked,1. Yes - Working,Not a Parkway - Trucks and Commercial Vehicles Allowed,"1,2","9. Bicycle,2. Truck - Pick-up/Passenger Truck",DODGE,"Not Applicable,1. Going Straight Ahead","State,DURANGO",2000,5,5.Hampton Roads,1. No Adverse Condition (Clear/Cloudy),Not Provided,2. No,Not Provided,YOUNG
No Access Control,Not ALCIHOL,Urban,0,0,Bituminous Concrete (Black Base),134-08687(B)/,Not UNBELTED,25,Female,B,2,BIKE,1.7,1,1,,2. Angle,"Not Provided,Not Provided","Not Provided,Not Provided",13408688,1.7,4,10/26/2012,10/26/2012,22. Bicycle,1102,B.Visiible Injury,2012,None,0,0,Virginia Beach,Urban,22. Bicycle,MAIN,9AM TO 12PM,134.Virginia Beach,0,Intersection,Reset Filters,VDOT_OTHER,Friday,Not DEER,"North,South",,5,1,123215044,27,Female,"PDO,B","1,2","1. No Improper Action,37. Other","2. Not Deployed,3. Unavailable/Not Applicable","4. No Test,4. No Test","1. No Defects,1. No Defects","14. No Driver Distraction,14. No Driver Distraction","1. Had Not Been Drinking,1. Had Not Been Drinking","2. No,2. No","1. Not Ejected,3. Totally Ejected","No,Yes","No,No","3. Lap and Shoulder Belt,9. Not Applicable","1. Not Obscured,1. Not Obscured",,,2,715409,134-08690(B)/,0,1,"1.Divided, no control of access","22,20",1. On Roadway,"0,0",H,H.Urban Minor Arterial,Other City or Town Streets (not state maintained),Not GUARDRAIL,Not HIT_RUN,"11,12",1,4. Four Approaches,123215044,C,0,0,36.784848,36.784848,6,0.61,Not LRTRUCK,2. Daylight,LOCATED,-76.049781,-76.049781,MAINLINE,MAIN,4,4,Grass/Unprotected,30,4,Divided Roadway,"22,20",Not MOTORCYCLE,715408,715408. 13408687      13408687      13408688      13408688,53285,54484,54988,52992,48548,4,1,0,SEC_URBAN,,,,,,,,,0,0,48,0,1,,0,0,,,,,,,,,Not PED,,1,0,Virginia Beach,134,5,NOT-RD,9. Within Intersection,6,1.5,1.7,1. Straight - Level,1. No Defects,"2. Two-Way, Divided, Unprotected Median",1. Dry,"2. Blacktop, Asphalt, Bituminous",2299 DAM NECK RD,URB,UR,R-VA134UR08688WB,"Urbanized (Population 200,000 and over)",3. No,"0,0",29016,29756,30031,28941,27481,Not SENIOR,Left and Right sides,"20,1",55,Not SPEED,55,715408,0,"2. No,2. No",0,"0,0",9AM TO 12PM,1,1,3. Traffic Signal,1. Yes - Working,Not a Parkway - Trucks and Commercial Vehicles Allowed,"1,2","1. Passenger car,9. Bicycle",CHEV,"2. Making Right Turn,15. Other","CAVALIER,BICYCLE",2002,5,5.Hampton Roads,1. No Adverse Condition (Clear/Cloudy),Not Provided,2. No,Not Provided,Not YOUNG
No Access Control,Not ALCIHOL,Urban,0,0,Portland Cement Concrete,SR-00194(R)/,Not UNBELTED,52,Male,B,1,BIKE,282.61,1,1,,16. Other,"Not Provided,Not Provided","Not Provided,Not Provided",US00060,282.875,3,6/21/2015,6/21/2015,20. Motor Vehicle In Transport,2146,B.Visiible Injury,2015,Left and Right sides,0,0,Norfolk,Urban,20. Motor Vehicle In Transport,MAIN,9PM TO 12AM,122.Norfolk,"1,399",Intersection,Reset Filters,VDOT_OTHER,Sunday,Not DEER,"South,West",,5,1,152040075,72,Female,"B,PDO","1,2","37. Other,1. No Improper Action","3. Unavailable/Not Applicable,2. Not Deployed","4. No Test,4. No Test","1. No Defects,1. No Defects","Not Applicable,Not Applicable","1. Had Not Been Drinking,1. Had Not Been Drinking","2. No,2. No","3. Totally Ejected,1. Not Ejected","No,NotProvided","No,No","9. Not Applicable,3. Lap and Shoulder Belt","Not Applicable,Not Applicable",,,283,483170,122-08619(R)/BEACH VIEW ST,0,0,"0.Two-way, non-divided","20,22",1. On Roadway,"0,0",E,E.Urban Other Principle Arterials; Connecting Links of Other Rural Principal Arterial,Urban Extensions - Primary Routes,Not GUARDRAIL,Not HIT_RUN,"5,12",1,1. Not at Intersection,152040075,C,0,0,36.94679,36.94679,0,0.58,Not LRTRUCK,4. Darkness - Road Lighted,LOCATED,-76.23971,-76.23971,MAINLINE,MAIN,0,0,0,0,0,Undivided Roadway,"20,22",Not MOTORCYCLE,483171,483171.  SR00194       US00060       US00060,18532,18814,18988,18298,19737,4,1,0.265,PRI_URBAN,,,,,,,,,0,170,64,0,1,,0,0,,,,,,,,,Not PED,,1,0,Norfolk,122,5,NOT-RD,8. Non-Intersection,0,282.75,282.88,1. Straight - Level,1. No Defects,"2. Two-Way, Divided, Unprotected Median",1. Dry,"2. Blacktop, Asphalt, Bituminous",1000 E OCEAN VIEW AVE,USPRI,US,R-VA   US00060WB,"Urbanized (Population 200,000 and over)",3. No,"0,0",14094,13716,13843,13340,15276,SENIOR,Left and Right sides,35,"0,35",Not SPEED,"0,35",483171,0,"2. No,2. No",0,"0,0",9PM TO 12AM,1,1,6. Traffic Lanes Marked,6. No Traffic Control Device Present,Not a Parkway - Trucks and Commercial Vehicles Allowed,"1,2","9. Bicycle,1. Passenger car",TOYOTA,"1. Going Straight Ahead,1. Going Straight Ahead",COROLLA,2006,5,5.Hampton Roads,1. No Adverse Condition (Clear/Cloudy),Not Provided,2. No,Not Provided,Not YOUNG
,Not ALCIHOL,Urban,0,0,,,Not UNBELTED,10,Male,B,1,BIKE,,1,1,,2. Angle,"Not Provided,Not Provided","Not Provided,Not Provided",,,,6/21/2015,6/21/2015,20. Motor Vehicle In Transport,1425,B.Visiible Injury,2015,,0,0,Virginia Beach,Urban,20. Motor Vehicle In Transport,MAIN,12PM TO 3PM,134.Virginia Beach,,Not Intersection,Reset Filters,VDOT_OTHER,Sunday,Not DEER,"West,North",DISTRACTED,5,1,151855054,27,Female,"B,PDO","1,2","22. Disregarded Stop or Yield Sign,1. No Improper Action","3. Unavailable/Not Applicable,2. Not Deployed","4. No Test,4. No Test","1. No Defects,1. No Defects","7. Eyes Not on Road,14. No Driver Distraction","6. Unknown,6. Unknown","3. Unknown,3. Unknown","1. Not Ejected,1. Not Ejected","No,No","No,No","8. No Restraint Used,3. Lap and Shoulder Belt","1. Not Obscured,1. Not Obscured",,,,,,,,,"20,20",1. On Roadway,"0,0",,,,Not GUARDRAIL,Not HIT_RUN,"9,12",1,2. Two Approaches,,C,0,0,36.84082,36.84082,,,Not LRTRUCK,2. Daylight,UNLOCATED,-76.0858,-76.0858,MAINLINE,,,,,,,,"20,20",Not MOTORCYCLE,,.,,,,,,,1,,SEC_URBAN,,,,,,,,,,,,0,1,,0,0,,,,,,,,,Not PED,,1,0,Virginia Beach,134,5,NOT-RD,1. Main-Line Roadway,,,,1. Straight - Level,1. No Defects,"1. Two-Way, Not Divided",1. Dry,"2. Blacktop, Asphalt, Bituminous",200 GROVELAND RD,UNKWN,SC,U-VA134SC99999UK,,3. No,"0,0",,,,,,Not SENIOR,,"10,20","25,25",Not SPEED,"25,25",,,"2. No,2. No",,"0,0",12PM TO 3PM,1,1,4. Stop Sign,1. Yes - Working,,"1,2","9. Bicycle,1. Passenger car","BICYCLE,HYUNDAI","1. Going Straight Ahead,1. Going Straight Ahead","UNKNOWN,ELANTRA",20102013,5,5.Hampton Roads,1. No Adverse Condition (Clear/Cloudy),Not Provided,2. No,Not Provided,Not YOUNG
Full Access Control,Not ALCIHOL,Urban,0,0,"N/A, Unknown, or Unstabilized",134-08723-S003A(L)/FROM BIRDNECK ROAD - SOUTH,Not UNBELTED,21,Female,B,2,BIKE,24.55,1,1,55,2. Angle,"Not Provided,Not Provided","Not Provided,Not Provided",IS00264W,24.751,,6/23/2015,6/23/2015,22. Bicycle,2049,B.Visiible Injury,2015,None,0,0,Virginia Beach,Urban,22. Bicycle,MAIN,6PM TO 9PM,134.Virginia Beach,,Not Intersection,Reset Filters,VDOT_OTHER,Tuesday,Not DEER,"West,West",,5,1,151785094,28,Female,"PDO,B","1,2","11. Did Not Have Right-of-Way,1. No Improper Action","2. Not Deployed,3. Unavailable/Not Applicable","Not Applicable,Not Applicable","1. No Defects,1. No Defects","14. No Driver Distraction,14. No Driver Distraction","1. Had Not Been Drinking,1. Had Not Been Drinking","2. No,2. No","1. Not Ejected,Not Provided","No,Yes","No,No","3. Lap and Shoulder Belt,8. No Restraint Used","1. Not Obscured,1. Not Obscured",,,25,718901,134-08723-N003A(L)/FROM BIRDNECK ROAD - NORTH,0,3,"3.Divided, full control of access","22,20",1. On Roadway,"0,0",A,A.Urban Interstate,State Primary and Interstate,Not GUARDRAIL,Not HIT_RUN,"12,8",1,1. Not at Intersection,,X,0,0,36.84747,36.84747,10,0.28,Not LRTRUCK,5. Darkness - Road Not Lighted,LOCATED,-75.99449,-75.99449,MAINLINE,MAIN,3,0,0,0,0,Divided Roadway,"22,20",Not MOTORCYCLE,,.,,,,,,3,1,,VDOT_IS,,,,,,,,,0,0,36,0,1,,0,0,,,,,,,,,Not PED,,1,0,Virginia Beach,134,5,NOT-RD,5. On Entrance/Exit Ramp,0,24.75,24.75,4. Grade - Curve,1. No Defects,"2. Two-Way, Divided, Unprotected Median",1. Dry,"2. Blacktop, Asphalt, Bituminous",BIRDNECK,IS,IS,R-VA   IS00264WB,"Urbanized (Population 200,000 and over)",3. No,"0,0",12318,12058,12553,12024,17875,Not SENIOR,None,"20,3","0,30",Not SPEED,"30,30",541054,0,"1. Yes,Not Provided",0,"0,0",6PM TO 9PM,1,1,14. Ped Crosswalk,1. Yes - Working,Designated Truck Route - D1,"1,2","22. Truck - Sport Utility Vehicle (SUV),9. Bicycle",HONDA,"1. Going Straight Ahead,1. Going Straight Ahead",CR-V,2016,5,5.Hampton Roads,1. No Adverse Condition (Clear/Cloudy),Not Provided,2. No,Not Provided,Not YOUNG
No Access Control,ALCOHOL,Urban,1,1,Portland Cement Concrete,US-00460(R)/GRANBY ST,Not UNBELTED,27,Male,A,2,BIKE,282.33,0,0,,3. Head On,"Not Provided,Not Provided","Not Provided,Not Provided",US00060,282.428,3,6/23/2015,6/23/2015,22. Bicycle,207,A.Ambulatory Injury,2015,Left and Right sides,0,0,Norfolk,Urban,22. Bicycle,MAIN,0AM TO 3AM,122.Norfolk,961,Intersection,Reset Filters,VDOT_OTHER,Tuesday,Not DEER,"East,East",,5,1,152310020,,Not Provided,"PDO,A","1,2","34. Hit and Run,1. No Improper Action","Not Provided,3. Unavailable/Not Applicable","Not Applicable,Not Applicable","Not Applicable,Not Applicable","Not Applicable,Not Applicable","6. Unknown,5. Drinking - Not Known Whether Impaired","3. Unknown,3. Unknown","Not Provided,1. Not Ejected","NotProvided,Yes","No,No","Not Provided,8. No Restraint Used","Not Applicable,Not Applicable",,,283,483171,SR-00194(R)/,0,0,"0.Two-way, non-divided","22,0",1. On Roadway,"0,0",E,E.Urban Other Principle Arterials; Connecting Links of Other Rural Principal Arterial,Urban Extensions - Primary Routes,Not GUARDRAIL,HIT_RUN,"12,6",1,1. Not at Intersection,152310020,C,0,0,36.94989,36.94989,0,0.28,Not LRTRUCK,4. Darkness - Road Lighted,LOCATED,-76.24593,-76.24593,MAINLINE,MAIN,0,0,0,0,0,Undivided Roadway,"22,0",Not MOTORCYCLE,483171,483171.  SR00194       US00060       US00060,18532,18814,18988,18298,19737,4,1,0.182,PRI_URBAN,,,,,,,,,0,170,64,0,1,,0,0,,,,,,,,,Not PED,,1,0,Norfolk,122,5,RD-UNKNOWN,1. Main-Line Roadway,0,282.25,282.4,2. Curve - Level,1. No Defects,"1. Two-Way, Not Divided",1. Dry,1. Concrete,600 E. OCEAN VIEW AVE,USPRI,US,R-VA   US00060EB,"Urbanized (Population 200,000 and over)",3. No,"0,0",17804,16888,17044,16425,17955,Not SENIOR,Left and Right sides,,"0,0",Not SPEED,"0,0",483172,0.19,"Not Provided,2. No",0,"0,0",0AM TO 3AM,1,1,13. Other,1. Yes - Working,Not a Parkway - Trucks and Commercial Vehicles Allowed,"1,2","Not Applicable,9. Bicycle",TREK,"1. Going Straight Ahead,1. Going Straight Ahead",24 INCH,,5,5.Hampton Roads,1. No Adverse Condition (Clear/Cloudy),Not Provided,2. No,Not Provided,Not YOUNG
No Access Control,Not ALCIHOL,Urban,0,0,"N/A, Unknown, or Unstabilized",122-08575(L)/A1US-00460-P(L)/Gap Terminus/ST,Not UNBELTED,9,Male,B,1,BIKE,9.12,1,1,,3. Head On,"Not Provided,Not Provided,Not Provided","Not Provided,Not Provided,Not Provided",A1US00460,9.134,4,6/24/2015,6/24/2015,22. Bicycle,1520,B.Visiible Injury,2015,Left and Right sides,0,0,Norfolk,Urban,22. Bicycle,MAIN,3PM TO 6PM,122.Norfolk,74,Intersection,Reset Filters,VDOT_OTHER,Wednesday,Not DEER,"East,South,South",DISTRACTED,5,1,152310021,41,FemaleFemale,"B,PDO,PDO","1,2,3","11. Did Not Have Right-of-Way,1. No Improper Action,12. Following Too Close","3. Unavailable/Not Applicable,2. Not Deployed,2. Not Deployed","4. No Test,4. No Test,4. No Test","1. No Defects,1. No Defects,1. No Defects","Not Applicable,Not Applicable,11. Other","1. Had Not Been Drinking,1. Had Not Been Drinking,1. Had Not Been Drinking","Not Applicable,Not Applicable,Not Applicable","3. Totally Ejected,1. Not Ejected,1. Not Ejected","No,No,No","No,No,No","9. Not Applicable,3. Lap and Shoulder Belt,3. Lap and Shoulder Belt","1. Not Obscured,1. Not Obscured,1. Not Obscured",,,9,756710,MARINER STREET(R)/,0,1,"1.Divided, no control of access","20,22,20",1. On Roadway,"0,0,0",E,E.Urban Other Principle Arterials; Connecting Links of Other Rural Principal Arterial,Urban Extensions - Primary Routes,Not GUARDRAIL,Not HIT_RUN,"9,12,12",1,4. Four Approaches,152310021,C,0,0,36.84855,36.84855,0,0.05,Not LRTRUCK,2. Daylight,LOCATED,-76.28455,-76.28455,MAINLINE,MAIN,0,0,Curbed Grass,24,4,Divided Roadway,"20,22,20",Not MOTORCYCLE,756706,756706. 12208575     A1US00460     A1US00460     A1US00460P,50776,48414,48736,47229,45877,8,1,0.014,PRI_URBAN,,,,,,,,,0,0,0,0,1,,0,0,,,,,,,,,Not PED,,1,0,Norfolk,122,5,NOT-RD,9. Within Intersection,0,9,9.13,1. Straight - Level,1. No Defects,"3. Two-Way, Divided, Positive Median Barrier",1. Dry,"2. Blacktop, Asphalt, Bituminous",200 SAINT PAULS BLVD,USPRI,US,R-VA   US00460SBALT001,"Urbanized (Population 200,000 and over)",3. No,"0,20,0",43851,41624,42008,40484,41301,Not SENIOR,Left and Right sides,"25,20","0,35,35",Not SPEED,"0,35,35",756706,0,"2. No,2. No,2. No",0,"0,0,0",3PM TO 6PM,1,1,3. Traffic Signal,1. Yes - Working,Not a Parkway - Trucks and Commercial Vehicles Allowed,"1,2,3","9. Bicycle,1. Passenger car,1. Passenger car","MONGOOSE,HONDA,TOYOTA","15. Other,1. Going Straight Ahead,1. Going Straight Ahead","OUTER LIMIT,ACCORD,CAMRY",20021996,5,5.Hampton Roads,1. No Adverse Condition (Clear/Cloudy),Not Provided,2. No,Not Provided,YOUNG
Partial Access Control,Not ALCIHOL,Urban,0,0,Bituminous Concrete (Black Base),US-00258(B)/114-07033(L)/,Not UNBELTED,37,Male,C,2,BIKE,9.86,0,0,,12. Ped,"Not Provided,Not Provided","Not Provided,Not Provided",SR00134,9.896,4,6/25/2015,6/25/2015,22. Bicycle,430,C.Non-Visible Injury,2015,None,1,1,Hampton,Urban,22. Bicycle,MAIN,3AM TO 6AM,114.Hampton,190,Intersection,Reset Filters,VDOT_OTHER,Thursday,Not DEER,"North,East",,5,1,152165336,20,Female,"PDO,C","1,2","1. No Improper Action,11. Did Not Have Right-of-Way","2. Not Deployed,3. Unavailable/Not Applicable","Not Applicable,Not Applicable","1. No Defects,1. No Defects","Not Applicable,Not Applicable","1. Had Not Been Drinking,1. Had Not Been Drinking","2. No,2. No","1. Not Ejected,1. Not Ejected","No,Yes","No,No","3. Lap and Shoulder Belt,8. No Restraint Used","1. Not Obscured,1. Not Obscured",,,10,253024,114-07022(R)/PINE CHAPEL RD,0,2,"2.Divided, partial control of access","22,20",1. On Roadway,"0,0",E,E.Urban Other Principle Arterials; Connecting Links of Other Rural Principal Arterial,Urban Extensions - Primary Routes,Not GUARDRAIL,Not HIT_RUN,"12,2",1,4. Four Approaches,152165336,C,0,0,37.04376,37.04376,6,0.24,Not LRTRUCK,4. Darkness - Road Lighted,LOCATED,-76.37672,-76.37672,MAINLINE,MAIN,4,4,Grass/Unprotected,40,40,Divided Roadway,"22,20",Not MOTORCYCLE,253023,253023.  SR00134       US00258       US00258      11407033,71588,70701,68826,67365,68698,4,1,0.036,PRI_URBAN,,,,,,,,,0,0,44,0,1,,0,0,,,,,,,,,Not PED,,1,0,Hampton,114,5,NOT-RD,10. Intersection Related - Within 150 Feet,6,9.75,9.9,1. Straight - Level,1. No Defects,"3. Two-Way, Divided, Positive Median Barrier",1. Dry,"2. Blacktop, Asphalt, Bituminous",N ARMISTEAD AVE,STPRI,SR,R-VA   SR00134WB,"Urbanized (Population 200,000 and over)",3. No,"0,0",18779,18363,17782,17149,17496,Not SENIOR,None,"25,0","45,45",Not SPEED,"45,45",253023,0,"2. No,1. Yes",0,"0,0",3AM TO 6AM,1,1,14. Ped Crosswalk,1. Yes - Working,Truck Access System,"1,2","1. Passenger car,9. Bicycle","HYUN,OTH","1. Going Straight Ahead,1. Going Straight Ahead","SONATA,BICYCLIST",,5,5.Hampton Roads,1. No Adverse Condition (Clear/Cloudy),Not Provided,2. No,Not Provided,YOUNG
No Access Control,Not ALCIHOL,Urban,1,1,Bituminous Concrete (Black Base),ARMISTEAD AVE (L) ROAD (R)/,Not UNBELTED,30,Female,A,2,BIKE,1.32,0,0,,16. Other,"Not Provided,Not Provided","Not Provided,Not Provided",13707075,1.403,3,6/26/2015,6/26/2015,20. Motor Vehicle In Transport,1643,A.Ambulatory Injury,2015,Left and Right sides,0,0,Williamsburg,Urban,20. Motor Vehicle In Transport,MAIN,3PM TO 6PM,137.Williamsburg,195,Intersection,Reset Filters,VDOT_OTHER,Friday,Not DEER,"North,West",,5,1,160225272,21,Female,"PDO,A","1,2","11. Did Not Have Right-of-Way,1. No Improper Action","2. Not Deployed,3. Unavailable/Not Applicable","Not Applicable,4. No Test","1. No Defects,1. No Defects","Not Applicable,14. No Driver Distraction","1. Had Not Been Drinking,1. Had Not Been Drinking","2. No,2. No","1. Not Ejected,3. Totally Ejected","No,No","No,No","3. Lap and Shoulder Belt,8. No Restraint Used","1. Not Obscured,1. Not Obscured",,,1,398745,SR-00005(B)/Gap Terminus/DUKE OF GLOUCESTER S,0,0,"0.Two-way, non-divided","20,20",1. On Roadway,"0,0",H,H.Urban Minor Arterial,Other City or Town Streets (not state maintained),Not GUARDRAIL,Not HIT_RUN,"10,4",1,2. Two Approaches,160225272,C,0,0,37.27108,37.27108,0,0.12,Not LRTRUCK,2. Daylight,LOCATED,-76.7075,-76.7075,MAINLINE,MAIN,0,0,0,0,0,Undivided Roadway,"20,20",Not MOTORCYCLE,398745,398745.  SR00005       SR00005      13707075,12163,11894,9446,9110,9294,2,1,0.037,SEC_URBAN,,,,,,,,,0,0,50,0,1,,0,0,,,,,,,,,Not PED,,1,0,Williamsburg,137,5,NOT-RD,9. Within Intersection,0,1.25,1.4,1. Straight - Level,1. No Defects,"3. Two-Way, Divided, Positive Median Barrier",1. Dry,"2. Blacktop, Asphalt, Bituminous",RICHMOND RD,URB,UR,R-VA137UR07075WB,"Urbanized (Population 200,000 and over)",3. No,"0,0",,,,,,Not SENIOR,Left and Right sides,"5,5","25,25",Not SPEED,"25,25",398850,0,"1. Yes,2. No",0,"0,0",3PM TO 6PM,1,1,6. Traffic Lanes Marked,1. Yes - Working,Not a Parkway - Trucks and Commercial Vehicles Allowed,"1,2","1. Passenger car,9. Bicycle","CHEV,UNK","3. Making Left Turn,1. Going Straight Ahead",AVEO,20092010,5,5.Hampton Roads,1. No Adverse Condition (Clear/Cloudy),Not Provided,2. No,Not Provided,Not YOUNG
No Access Control,Not ALCIHOL,Urban,0,0,Bituminous Concrete (Black Base),29TH STREET(B)/,Not UNBELTED,55,Male,C,1,BIKE,1.46,0,0,,2. Angle,"Not Provided,Not Provided","Not Provided,Not Provided",12208569,1.507,3,4/28/2012,4/28/2012,22. Bicycle,935,C.Non-Visible Injury,2012,Left and Right sides,1,1,Norfolk,Urban,22. Bicycle,MAIN,9AM TO 12PM,122.Norfolk,649,Intersection,Reset Filters,VDOT_OTHER,Saturday,Not DEER,"North,East",,5,1,121390094,32,Male,"C,PDO","1,2","1. No Improper Action,30. Avoiding Ped","3. Unavailable/Not Applicable,2. Not Deployed","4. No Test,4. No Test","1. No Defects,1. No Defects","Not Applicable,Not Applicable","6. Unknown,6. Unknown","2. No,2. No","Not Provided,1. Not Ejected","Yes,No","No,No","Not Provided,3. Lap and Shoulder Belt","1. Not Obscured,1. Not Obscured",,,2,485270,30TH STREET(B)/,0,0,"0.Two-way, non-divided","20,22",1. On Roadway,"0,0",I,I.Urban Collector,Other City or Town Streets (not state maintained),Not GUARDRAIL,Not HIT_RUN,"8,12",1,3. Three Approaches,121390094,C,0,0,36.873801,36.873801,0,0.05,Not LRTRUCK,2. Daylight,LOCATED,-76.282439,-76.282439,MAINLINE,MAIN,0,0,0,0,0,Undivided Roadway,"20,22",Not MOTORCYCLE,483756,483756.  US00460       US00460      12208569,28798,29598,29791,28879,27777,2,1,0.123,SEC_URBAN,,,,,,,,,0,0,36,0,1,,0,0,,,,,,,,,Not PED,,1,0,Norfolk,122,5,NOT-RD,9. Within Intersection,0,1.5,1.51,1. Straight - Level,1. No Defects,"2. Two-Way, Divided, Unprotected Median",1. Dry,"2. Blacktop, Asphalt, Bituminous",3000 BLK GRANBY ST,URB,UR,R-VA122UR08569SB,"Urbanized (Population 200,000 and over)",3. No,"0,0",9001,8826,8745,8767,6997,Not SENIOR,Left and Right sides,"5,5","0,30",SPEED,"0,30",485269,0,"2. No,1. Yes",0,"0,0",9AM TO 12PM,1,1,3. Traffic Signal,1. Yes - Working,Not a Parkway - Trucks and Commercial Vehicles Allowed,"1,2","9. Bicycle,22. Truck - Sport Utility Vehicle (SUV)","RALIGH,JEEP","1. Going Straight Ahead,2. Making Right Turn","BICYCLE,CHEROKEE",2005,5,5.Hampton Roads,1. No Adverse Condition (Clear/Cloudy),Not Provided,2. No,Not Provided,Not YOUNG