Access Control,Alcohol Notalcohol,Area Type1,A Crash,A People,Basetypedesc,Begin Node Dsc,Belted Unbelted,Bikeage,Bikegen,Bikeinjurytype,Bikevehiclenumber,Bike Nonbike,BMP,B Crash,B People,Carspeedlimit,Collision Type,Comm Cargo Body Type Cd,Comm Vehicle Body Type Cd,Cotedrouteid,Coted Mp,Count App,CRASH_DT (copy),Crash Dt,Crash Event Type Dsc,Crash Military Tm,Crash Severity,Crash Year,Curbgutterdesc,C Crash,C People,Juris Name Used,Area Type Used,First Harmful Event of Entire Crash,MAINLINE,Time Slicing Used,Phy_Juris_Nm,Offset-Ft,Intersection Analysis,Clear,Calculation_9640323132123359,Day Of Week,Deer Nodeer,Direction Of Travel Cd,Distracted Notdistracted,VSP,TOTAL CRASH,Document Nbr,Driverage,Drivergen,Driverinjurytype,Drivervehiclenumber,Driver Action Type Cd,Driver Airbag Deployment,Driver Alcohol Test Type Cd,Driver Condition Type Cd,Driver Distraction Type Cd,Driver Drinking Type Cd,Driver Drug Use Cd,Driver Ejected From Vehicle,Driver Ems Transport Ind,Driver Fled Scene Ind,Driver Safety Equip Used,Driver Vis Obscured Type Cd,Drowsy Notdrowsy,Drug Nodrug,EMP,End Node,End Node Dsc,End Offset,Facility,FAC,First Crash Event Cd,First Harmful Event,Fourth Crash Event Cd,Functionalclass,FUN,Govcondesc,Gr Nogr,Hitrun Not Hitrun,Initial Veh Impact Area Cd,Injury Crashes,Intersection Type,Int Doc,Jurtype,K_CRASH,K People,LAT (copy),LAT,Leftshoulderwidth,Length,Lgtruck Nonlgtruck,Light Condition,Located Unlocated,LON (copy),LON,MAINLINE (group),Mainline Yn,Medianleftshoulderwidth,Medianrightshoulderwidth,Mediantypedesc,Medianwidthmax,Medianwidthmin,Median Type,Most Harmful Crash Event Cd,Motor Nonmotor,Node,Node Info,Node Totaadt2011,Node Totaadt2012,Node Totaadt2013,Node Totaadt2014,Node Totaadt2015,Numberoflane,Number of Records,Offset,Ownership,Passage,Passgen,Passinjurytype,Passvehiclenumber,Pass Airbag Deployment,Pass Ejected From Vehicle,Pass Ems Transport Ind,Pass Safety Equip Used,Pavementconditionvalue,Pavementroughnessvalue,Pavementwidth,Pdo Crash,Total People Killed & Injured,Pedage,Pedestrians Injured,Pedestrians Killed,Pedgen,Pedinjurytype,Pednumber,Ped Action,Ped Al Test,Ped Cond,Ped Drink,Ped Drug,Ped Nonped,Ped Rflct,Persons Injured,Persons Killed,Physical Juris Nm,PJR,VSP_Used,Rd Type,Relation To Roadway,Rightshoulderwidth,RNS_MP (0.25 mi bin),Rns Mp,Roadway Alignment,Roadway Defect,Roadway Description,Roadway Surface Cond,Roadway Surface Type,Route Or Street Nm,Rte Category Cd,Rte Cat,Rte Nm,Ruralurbandesc,School Zone,Second Crash Event Cd,Segtotaadt2011,Segtotaadt2012,Segtotaadt2013,Segtotaadt2014,Segtotaadt2015,Senior Notsenior,Sidewalkdesc,Speed Before,Speed Max Safe,Speed Notspeed,Speed Posted,Start Node,Start Offset,Summons Issued Cd,Surfacedesc,Third Crash Event Cd,Time Slicing,Total Crashes including Property Damage Only,Total Crash,Traffic Control Type,Trfc Ctrl Status Type,Truckcommr,Vehiclenumber,Vehicle Body Type Cd,Vehicle Make Nm,Vehicle Maneuver Type Cd,Vehicle Model Nm,Vehicle Year Nbr,District,District_Used ,Weather Condition,Work Zone Location,Work Zone Related,Work Zone Type,Young Notyoung
,Not ALCIHOL,Urban,0,0,,,Not UNBELTED,18,Male,B,1,BIKE,,1,1,,2. Angle,"Not Provided,Not Provided","Not Provided,Not Provided",,,,3/1/2014,3/1/2014,22. Bicycle,900,B.Visiible Injury,2014,,0,0,Virginia Beach,Urban,22. Bicycle,MAIN,6AM TO 9AM,134.Virginia Beach,,Not Intersection,Reset Filters,VDOT_OTHER,Saturday,Not DEER,"West,North",,5,1,140615067,36,Female,"B,PDO","1,2","37. Other,1. No Improper Action","3. Unavailable/Not Applicable,2. Not Deployed","4. No Test,4. No Test","1. No Defects,1. No Defects","14. No Driver Distraction,14. No Driver Distraction","1. Had Not Been Drinking,1. Had Not Been Drinking","2. No,2. No","3. Totally Ejected,1. Not Ejected","No,No","No,No","9. Not Applicable,3. Lap and Shoulder Belt","5. Trees, Crops, etc.,5. Trees, Crops, etc.",,,,,,,,,"20,22",1. On Roadway,"0,0",,,,Not GUARDRAIL,Not HIT_RUN,"12,1",1,3. Three Approaches,,C,0,0,36.86903,36.86903,,,Not LRTRUCK,2. Daylight,UNLOCATED,-76.14985,-76.14985,MAINLINE,,,,,,,,"20,22",Not MOTORCYCLE,,.,,,,,,,1,,SEC_URBAN,,,,,,,,,,,,0,1,,0,0,,,,,,,,,Not PED,,1,0,Virginia Beach,134,5,NOT-RD,9. Within Intersection,,,,1. Straight - Level,1. No Defects,"1. Two-Way, Not Divided",1. Dry,1. Concrete,4900 HAYGOOD ROAD,UNKWN,SC,U-VA134SC99999UK,,3. No,"0,0",,,,,,Not SENIOR,,"5,5","35,35",Not SPEED,"35,35",,,"1. Yes,2. No",,"0,0",6AM TO 9AM,1,1,4. Stop Sign,1. Yes - Working,,"1,2","9. Bicycle,22. Truck - Sport Utility Vehicle (SUV)","ROADMASTER,Ford","1. Going Straight Ahead,2. Making Right Turn","MT. FURY,Expedition",2004,5,5.Hampton Roads,1. No Adverse Condition (Clear/Cloudy),Not Provided,2. No,Not Provided,YOUNG
No Access Control,Not ALCIHOL,Urban,0,0,"N/A, Unknown, or Unstabilized",IS-00564-S000A(R)/SR-00165- 038A(L)/FROM RT 5,Not UNBELTED,41,Not Provided,C,2,BIKE,37.47,0,0,,2. Angle,"Not Provided,Not Provided","Not Provided,Not Provided",SR00165,37.471,4,5/1/2012,5/1/2012,20. Motor Vehicle In Transport,551,C.Non-Visible Injury,2012,Left and Right sides,1,1,Norfolk,Urban,20. Motor Vehicle In Transport,MAIN,3AM TO 6AM,122.Norfolk,5,Intersection,Reset Filters,VDOT_OTHER,Tuesday,Not DEER,"South,East",,5,1,121420009,27,Not Provided,"PDO,C","1,2","1. No Improper Action,10. Wrong Side Of Road - Not Overtaking","2. Not Deployed,3. Unavailable/Not Applicable","Not Applicable,Not Applicable","1. No Defects,1. No Defects","Not Applicable,Not Applicable","1. Had Not Been Drinking,1. Had Not Been Drinking","2. No,2. No","1. Not Ejected,1. Not Ejected","No,Yes","No,No","3. Lap and Shoulder Belt,9. Not Applicable","1. Not Obscured,1. Not Obscured",,,38,483307,ADM TUSSIG BLVD(L)WACO ST(R)/,0,1,"1.Divided, no control of access","22,20",1. On Roadway,"0,0",H,H.Urban Minor Arterial,Urban Extensions - Primary Routes,Not GUARDRAIL,Not HIT_RUN,"12,9",1,4. Four Approaches,121420009,C,0,0,36.916578,36.916578,0,0.04,Not LRTRUCK,1. Dawn,LOCATED,-76.267865,-76.267865,MAINLINE,MAIN,0,0,0,54,54,Divided Roadway,"22,20",Not MOTORCYCLE,483308,483308.  IS00564S000A  SR00165       SR00165       SR00165 038A,24388,24219,25389,25456,28492,6,1,0.001,PRI_URBAN,,,,,,,,,0,200,78,0,1,,0,0,,,,,,,,,Not PED,,1,0,Norfolk,122,5,NOT-RD,6. Intersection at end of Ramp,0,37.25,37.47,1. Straight - Level,1. No Defects,"1. Two-Way, Not Divided",1. Dry,1. Concrete,200 E LITTLE CREEK RD,STPRI,SR,R-VA   SR00165NB,"Urbanized (Population 200,000 and over)",3. No,"0,0",24388,21364,21214,21281,24485,Not SENIOR,Left and Right sides,"5,5","30,5",Not SPEED,"30,5",483308,0,"2. No,2. No",0,"0,0",3AM TO 6AM,1,1,3. Traffic Signal,1. Yes - Working,Not a Parkway - Trucks and Commercial Vehicles Allowed,"1,2","1. Passenger car,9. Bicycle","MITSUBISHI,PACIFIC","3. Making Left Turn,1. Going Straight Ahead","GALANT,MTASPEIN",2008,5,5.Hampton Roads,1. No Adverse Condition (Clear/Cloudy),Not Provided,2. No,Not Provided,Not YOUNG
No Access Control,ALCOHOL,Urban,1,1,Bituminous Concrete (Black Base),134-08729(R)/OCEANA BLVD(L)/OCEANA BLVD,Not UNBELTED,41,Male,A,2,BIKE,2.71,0,0,,2. Angle,"Not Provided,Not Provided","Not Provided,Not Provided",C7US00058,2.748,4,5/3/2012,5/3/2012,22. Bicycle,2106,A.Ambulatory Injury,2012,Left and Right sides,0,0,Virginia Beach,Urban,22. Bicycle,MAIN,9PM TO 12AM,134.Virginia Beach,275,Intersection,Reset Filters,VDOT_OTHER,Thursday,Not DEER,"West,North",,5,1,121265090,56,Male,"PDO,A","1,2","1. No Improper Action,11. Did Not Have Right-of-Way","2. Not Deployed,3. Unavailable/Not Applicable","Not Applicable,4. No Test","1. No Defects,1. No Defects","14. No Driver Distraction,14. No Driver Distraction","1. Had Not Been Drinking,2. Drinking - Obviously Drunk","2. No,2. No","1. Not Ejected,3. Totally Ejected","No,Yes","No,No","3. Lap and Shoulder Belt,9. Not Applicable","1. Not Obscured,1. Not Obscured",,,3,541093,134-08723(B)/BIRDNECK RD,0,1,"1.Divided, no control of access","22,20",1. On Roadway,"0,0",H,H.Urban Minor Arterial,Urban Extensions - Primary Routes,Not GUARDRAIL,Not HIT_RUN,"9,12",1,1. Not at Intersection,121265090,C,0,0,36.841889,36.841889,0,0.09,Not LRTRUCK,4. Darkness - Road Lighted,LOCATED,-75.996965,-75.996965,MAINLINE,MAIN,0,0,Curbed Grass,16,4,Divided Roadway,"22,20",Not MOTORCYCLE,541093,541093. 13408723      13408723     C7US00058     C7US00058,31884,31906,32201,31032,32535,4,1,0.052,PRI_URBAN,,,,,,,,,0,96,54,0,1,,0,0,,,,,,,,,Not PED,,1,0,Virginia Beach,134,5,NOT-RD,1. Main-Line Roadway,0,2.5,2.75,1. Straight - Level,1. No Defects,"2. Two-Way, Divided, Unprotected Median",1. Dry,"2. Blacktop, Asphalt, Bituminous",1100 BLOCK VIRGINIA BEACH BLVD,USPRI,US,R-VA   US00058WBBUS007,"Urbanized (Population 200,000 and over)",3. No,"0,0",13535,11995,12106,11666,12096,Not SENIOR,Left and Right sides,"25,5","35,35",Not SPEED,"35,35",541094,0.87,"2. No,2. No",0,"0,0",9PM TO 12AM,1,1,6. Traffic Lanes Marked,6. No Traffic Control Device Present,Not a Parkway - Trucks and Commercial Vehicles Allowed,"1,2","22. Truck - Sport Utility Vehicle (SUV),9. Bicycle",GMC,"1. Going Straight Ahead,1. Going Straight Ahead","Yukon,BICYCLE",2007,5,5.Hampton Roads,1. No Adverse Condition (Clear/Cloudy),Not Provided,2. No,Not Provided,Not YOUNG
No Access Control,Not ALCIHOL,Urban,0,0,"N/A, Unknown, or Unstabilized",25TH STREET(R)/,Not UNBELTED,21,Male,B,2,BIKE,302.49,1,1,,2. Angle,"Not Provided,Not Provided","Not Provided,Not Provided",US00060,302.608,4,5/4/2012,5/4/2012,22. Bicycle,940,B.Visiible Injury,2012,Left and Right sides,0,1,Virginia Beach,Urban,22. Bicycle,MAIN,9AM TO 12PM,134.Virginia Beach,380,Intersection,Reset Filters,VDOT_OTHER,Friday,Not DEER,"North,West",,5,1,121465077,,Male,"C,B","1,2","1. No Improper Action,11. Did Not Have Right-of-Way","2. Not Deployed,3. Unavailable/Not Applicable","4. No Test,4. No Test","1. No Defects,1. No Defects","Not Applicable,Not Applicable","1. Had Not Been Drinking,1. Had Not Been Drinking","2. No,2. No","1. Not Ejected,3. Totally Ejected","No,Yes","No,No","3. Lap and Shoulder Belt,9. Not Applicable","1. Not Obscured,1. Not Obscured",,,303,541108,134-08722(B)/22SD ST,0,1,"1.Divided, no control of access","22,20",1. On Roadway,"0,0",E,E.Urban Other Principle Arterials; Connecting Links of Other Rural Principal Arterial,Urban Extensions - Primary Routes,Not GUARDRAIL,Not HIT_RUN,"2,11",1,4. Four Approaches,121465077,C,0,0,36.851044,36.851044,0,0.19,Not LRTRUCK,2. Daylight,LOCATED,-75.977043,-75.977043,MAINLINE,MAIN,0,0,Curbed (solid raised),2,2,Divided Roadway,"22,20",Not MOTORCYCLE,541108,541108.  US00060       US00060      13408722      13408722,25340,24166,24141,23764,24222,4,1,0.072,PRI_URBAN,,,,,,,,,0,235,44,0,2,,0,0,,,,,,,,,Not PED,,2,0,Virginia Beach,134,5,NOT-RD,1. Main-Line Roadway,0,302.5,302.6,1. Straight - Level,1. No Defects,"2. Two-Way, Divided, Unprotected Median",1. Dry,1. Concrete,2300 PACIFIC AVENUE,USPRI,US,R-VA   US00060EB,"Urbanized (Population 200,000 and over)",3. No,"0,0",16522,15296,15206,15119,15239,Not SENIOR,Left and Right sides,"30,5","35,35",Not SPEED,"35,35",541109,0.05,"2. No,1. Yes",0,"0,0",9AM TO 12PM,1,1,4. Stop Sign,1. Yes - Working,Not a Parkway - Trucks and Commercial Vehicles Allowed,"1,2","1. Passenger car,9. Bicycle","Ford,MURRAY","1. Going Straight Ahead,1. Going Straight Ahead","Focus,CRUISER",20042005,5,5.Hampton Roads,1. No Adverse Condition (Clear/Cloudy),Not Provided,2. No,Not Provided,Not YOUNG
No Access Control,ALCOHOL,Urban,0,0,Dual Type,SR-00404(R)/122-08576(L)/P ANNE RD,Not UNBELTED,42,Female,B,2,BIKE,23.84,1,1,,2. Angle,"Not Provided,Not Provided","Not Provided,Not Provided",SR00168,23.841,4,5/5/2012,5/5/2012,19. Ped,1700,B.Visiible Injury,2012,Left and Right sides,0,0,Norfolk,Urban,19. Ped,MAIN,3PM TO 6PM,122.Norfolk,5,Intersection,Reset Filters,VDOT_OTHER,Saturday,Not DEER,"West,South",,5,1,121500239,66,Female,"PDO,B","1,2","11. Did Not Have Right-of-Way,11. Did Not Have Right-of-Way","2. Not Deployed,3. Unavailable/Not Applicable","Not Applicable,1. Blood","1. No Defects,1. No Defects","Not Applicable,Not Applicable","1. Had Not Been Drinking,2. Drinking - Obviously Drunk","2. No,2. No","1. Not Ejected,3. Totally Ejected","No,Yes","No,No","3. Lap and Shoulder Belt,9. Not Applicable","1. Not Obscured,1. Not Obscured",,,24,483416,SR-00404(R)/122-08576(L)/P ANNE RD,0.16,1,"1.Divided, no control of access","19,12",1. On Roadway,"0,0",E,E.Urban Other Principle Arterials; Connecting Links of Other Rural Principal Arterial,Urban Extensions - Primary Routes,Not GUARDRAIL,Not HIT_RUN,"2,12",1,4. Four Approaches,121500239,C,0,0,36.856517,36.856517,0,0.16,Not LRTRUCK,2. Daylight,LOCATED,-76.273296,-76.273296,MAINLINE,MAIN,0,0,Curbed Grass,26,26,Divided Roadway,"19,12",Not MOTORCYCLE,483416,483416.  SR00168       SR00168       SR00404      12208576,48668,42459,43085,41932,44680,6,1,0.001,PRI_URBAN,,,,,,,,,0,158,88,0,1,,0,0,,,,,,,,,Not PED,,1,0,Norfolk,122,5,NOT-RD,9. Within Intersection,0,23.75,23.84,1. Straight - Level,1. No Defects,"1. Two-Way, Not Divided",1. Dry,"2. Blacktop, Asphalt, Bituminous",1200 BLK TIDEWATER DR,STPRI,SR,R-VA   SR00168NB,"Urbanized (Population 200,000 and over)",3. No,"0,0",30196,28776,29276,28624,31812,SENIOR,None,"0,2","25,5",Not SPEED,"25,5",483416,0,"1. Yes,Not Provided",0,"0,0",3PM TO 6PM,1,1,3. Traffic Signal,1. Yes - Working,Not a Parkway - Trucks and Commercial Vehicles Allowed,"1,2","1. Passenger car,9. Bicycle",HONDA,"3. Making Left Turn,1. Going Straight Ahead",ACCORD,2005,5,5.Hampton Roads,1. No Adverse Condition (Clear/Cloudy),Not Provided,2. No,Not Provided,Not YOUNG
No Access Control,Not ALCIHOL,Urban,0,0,Bituminous Concrete (Black Base),134-00007(L)/134-08590(R)/Gap Terminus/INDIAN,Not UNBELTED,13,Male,B,1,BIKE,9.84,1,1,,2. Angle,"Not Provided,Not Provided","Not Provided,Not Provided",SR00190,10.037,3,7/1/2015,7/1/2015,22. Bicycle,1632,B.Visiible Injury,2015,Left and Right sides,0,0,Virginia Beach,Urban,22. Bicycle,MAIN,3PM TO 6PM,134.Virginia Beach,280,Intersection,Reset Filters,VDOT_OTHER,Wednesday,Not DEER,"East,North",,5,1,151835174,70,Female,"B,PDO","1,2","21. Disregarded Traffic Signal,1. No Improper Action","3. Unavailable/Not Applicable,2. Not Deployed","Not Applicable,Not Applicable","1. No Defects,1. No Defects","14. No Driver Distraction,14. No Driver Distraction","1. Had Not Been Drinking,1. Had Not Been Drinking","2. No,2. No","3. Totally Ejected,1. Not Ejected","Yes,No","No,No","8. No Restraint Used,3. Lap and Shoulder Belt","1. Not Obscured,1. Not Obscured",,,10,541172,134-08731(L)/WHITEHURST LAND RD,0,1,"1.Divided, no control of access","20,22",1. On Roadway,"0,0",H,H.Urban Minor Arterial,Urban Extensions - Primary Routes,Not GUARDRAIL,Not HIT_RUN,"12,10",1,4. Four Approaches,151835174,C,0,0,36.80266,36.80266,0,0.25,Not LRTRUCK,2. Daylight,LOCATED,-76.17371,-76.17371,MAINLINE,MAIN,0,0,Curbed Grass,16,4,Divided Roadway,"20,22",Not MOTORCYCLE,541172,541172.  SR00190       SR00190      13408731,32109,30068,30345,29244,28013,4,1,0.053,PRI_URBAN,,,,,,,,,0,0,52,0,1,,0,0,,,,,,,,,Not PED,,1,0,Virginia Beach,134,5,NOT-RD,9. Within Intersection,0,10,10.04,1. Straight - Level,1. No Defects,"2. Two-Way, Divided, Unprotected Median",1. Dry,"2. Blacktop, Asphalt, Bituminous",1212 KEMPSVILLE RD,STPRI,SR,R-VA   SR00190EB,"Urbanized (Population 200,000 and over)",3. No,"0,0",30350,28211,28471,27438,26297,SENIOR,Left and Right sides,"2,40","45,45",Not SPEED,"45,45",541171,0,"2. No,2. No",0,"0,0",3PM TO 6PM,1,1,3. Traffic Signal,1. Yes - Working,Not a Parkway - Trucks and Commercial Vehicles Allowed,"1,2","9. Bicycle,22. Truck - Sport Utility Vehicle (SUV)","THRUSTER,KIA","1. Going Straight Ahead,1. Going Straight Ahead","BICYCLE,SPORTAGE",2005,5,5.Hampton Roads,1. No Adverse Condition (Clear/Cloudy),Not Provided,2. No,Not Provided,Not YOUNG
No Access Control,Not ALCIHOL,Urban,0,0,Bituminous Concrete (Black Base),TOPAZ LANE(R)/,Not UNBELTED,68,Male,K,3,BIKE,2.06,0,0,,16. Other,"Not Provided,Not Provided,Not Provided","Not Provided,Not Provided,Not Provided",13408627,2.06,4,7/2/2015,7/2/2015,22. Bicycle,1343,K.Fatal Injury,2015,Left and Right sides,0,0,Virginia Beach,Urban,22. Bicycle,MAIN,12PM TO 3PM,134.Virginia Beach,"3,432",Intersection,Reset Filters,VDOT_OTHER,Thursday,Not DEER,"West,West,East",,5,1,151925210,6767,FemaleFemale,"PDO,PDO,K","1,2,3","1. No Improper Action,1. No Improper Action,37. Other","2. Not Deployed,2. Not Deployed,3. Unavailable/Not Applicable","Not Applicable,Not Applicable,Not Applicable","1. No Defects,1. No Defects,9. Unknown","14. No Driver Distraction,14. No Driver Distraction,14. No Driver Distraction","1. Had Not Been Drinking,1. Had Not Been Drinking,6. Unknown","2. No,2. No,3. Unknown","1. Not Ejected,1. Not Ejected,1. Not Ejected","No,No,No","No,No,No","3. Lap and Shoulder Belt,3. Lap and Shoulder Belt,8. No Restraint Used","1. Not Obscured,1. Not Obscured,1. Not Obscured",,,2,724437,ARCTURUS LANE(B)/,0,1,"1.Divided, no control of access","22,22,20",1. On Roadway,"0,0,0",H,H.Urban Minor Arterial,Other City or Town Streets (not state maintained),Not GUARDRAIL,Not HIT_RUN,"4,12,2",0,1. Not at Intersection,151925210,C,1,1,36.78254,36.78254,0,0.17,Not LRTRUCK,2. Daylight,LOCATED,-76.11983,-76.11983,MAINLINE,MAIN,0,0,Curbed Grass,16,4,Divided Roadway,"22,22,20",Not MOTORCYCLE,541155,541155.  SR00165       SR00165      13408627      13408627,60502,58535,58683,57377,62841,4,1,0.65,SEC_URBAN,,,,,,,,,0,0,52,0,1,,0,0,,,,,,,,,Not PED,,0,1,Virginia Beach,134,5,NOT-RD,8. Non-Intersection,0,2,2.12,1. Straight - Level,1. No Defects,"2. Two-Way, Divided, Unprotected Median",1. Dry,"2. Blacktop, Asphalt, Bituminous",SOUTH INDEPENDENCE BOULEVARD,URB,UR,R-VA134UR08627SB,"Urbanized (Population 200,000 and over)",3. No,"0,0,20",8056,7608,7678,7400,7363,SENIOR,Left and Right sides,"40,45,10","45,45,45",Not SPEED,"45,45,45",724441,0,"2. No,2. No,2. No",0,"0,0,0",12PM TO 3PM,1,1,6. Traffic Lanes Marked,1. Yes - Working,Not a Parkway - Trucks and Commercial Vehicles Allowed,"1,2,3","22. Truck - Sport Utility Vehicle (SUV),1. Passenger car,9. Bicycle","FORD,CHEVROLET,BICYCLE","1. Going Straight Ahead,1. Going Straight Ahead,1. Going Straight Ahead","EXPEDITION,IMPALA,BICYCLE",20032008,5,5.Hampton Roads,1. No Adverse Condition (Clear/Cloudy),Not Provided,2. No,Not Provided,Not YOUNG
No Access Control,Not ALCIHOL,Urban,0,0,Portland Cement Concrete,IRONBOUND RD(R)/,Not UNBELTED,67,Male,B,2,BIKE,240.25,1,1,,4. Sideswipe - Same Direction,"Not Provided,Not Provided","Not Provided,Not Provided",US00060,240.268,3,7/3/2015,7/3/2015,22. Bicycle,1322,B.Visiible Injury,2015,Left and Right sides,0,0,Williamsburg,Urban,22. Bicycle,MAIN,12PM TO 3PM,137.Williamsburg,63,Intersection,Reset Filters,VDOT_OTHER,Friday,Not DEER,"East,East",,5,1,160225275,41,Male,"PDO,B","1,2","1. No Improper Action,1. No Improper Action","2. Not Deployed,3. Unavailable/Not Applicable","4. No Test,4. No Test","1. No Defects,1. No Defects","Not Applicable,Not Applicable","1. Had Not Been Drinking,1. Had Not Been Drinking","2. No,2. No","1. Not Ejected,1. Not Ejected","No,No","No,No","3. Lap and Shoulder Belt,5. Helmet","1. Not Obscured,1. Not Obscured",,,240,860027,SR-00005(R)/,0,1,"1.Divided, no control of access","22,20",1. On Roadway,"0,0",E,E.Urban Other Principle Arterials; Connecting Links of Other Rural Principal Arterial,Urban Extensions - Primary Routes,Not GUARDRAIL,Not HIT_RUN,"4,0",1,3. Three Approaches,160225275,C,0,0,37.27859,37.27859,0,0.03,Not LRTRUCK,2. Daylight,LOCATED,-76.69026,-76.69026,MAINLINE,MAIN,0,0,Curbed (solid raised),3,3,Divided Roadway,"22,20",Not MOTORCYCLE,860027,860027.  SR00005       US00060       US00060,16587,16227,18853,18182,18550,4,1,0.012,PRI_URBAN,,,,,,,,,0,66,48,0,1,,0,0,,,,,,,,,Not PED,,1,0,Williamsburg,137,5,NOT-RD,10. Intersection Related - Within 150 Feet,0,240.25,240.27,2. Curve - Level,1. No Defects,"3. Two-Way, Divided, Positive Median Barrier",1. Dry,"2. Blacktop, Asphalt, Bituminous",BYPASS RD,USPRI,US,R-VA   US00060EB,"Urbanized (Population 200,000 and over)",3. No,"0,0",12443,12168,10652,10273,10481,SENIOR,Left and Right sides,"0,15","25,25",Not SPEED,"25,25",398766,0.13,"2. No,2. No",0,"0,0",12PM TO 3PM,1,1,8. Yield Sign,1. Yes - Working,Not a Parkway - Trucks and Commercial Vehicles Allowed,"1,2","2. Truck - Pick-up/Passenger Truck,9. Bicycle",TOYT,"6. Merging Into Traffic Lane,6. Merging Into Traffic Lane","TUNDRA,TREK DOMANE",,5,5.Hampton Roads,1. No Adverse Condition (Clear/Cloudy),Not Provided,2. No,Not Provided,Not YOUNG
No Access Control,Not ALCIHOL,Urban,0,0,Bituminous Concrete (Black Base),MARABOU LN(R)/WATERFRONT DR(L)/,Not UNBELTED,59,Female,B,1,BIKE,3.68,1,1,,2. Angle,"Not Provided,Not Provided","Not Provided,Not Provided",13408723,3.68,4,3/6/2014,3/6/2014,20. Motor Vehicle In Transport,810,B.Visiible Injury,2014,Left and Right sides,0,0,Virginia Beach,Urban,20. Motor Vehicle In Transport,MAIN,6AM TO 9AM,134.Virginia Beach,"1,214",Intersection,Reset Filters,VDOT_OTHER,Thursday,Not DEER,"North,East",,5,1,140685090,29,Male,"B,PDO","1,2","11. Did Not Have Right-of-Way,1. No Improper Action","3. Unavailable/Not Applicable,2. Not Deployed","4. No Test,4. No Test","1. No Defects,1. No Defects","14. No Driver Distraction,14. No Driver Distraction","1. Had Not Been Drinking,1. Had Not Been Drinking","2. No,2. No","1. Not Ejected,1. Not Ejected","No,No","No,No","9. Not Applicable,3. Lap and Shoulder Belt","1. Not Obscured,1. Not Obscured",,,4,542032,FLEMING CIRCLE(R)/,0,1,"1.Divided, no control of access","20,20",1. On Roadway,"0,0",H,H.Urban Minor Arterial,Other City or Town Streets (not state maintained),Not GUARDRAIL,Not HIT_RUN,"9,12",1,4. Four Approaches,140685090,C,0,0,36.85033,36.85033,0,0.05,Not LRTRUCK,2. Daylight,LOCATED,-75.99443,-75.99443,MAINLINE,MAIN,0,0,Grass/Unprotected,14,3,Divided Roadway,"20,20",Not MOTORCYCLE,542029,542029. 13408723      13408723      13408723N003A 13408723S003A,21852,28628,28827,28038,31705,4,1,0.23,SEC_URBAN,,,,,,,,,0,0,56,0,1,,0,0,,,,,,,,,Not PED,,1,0,Virginia Beach,134,5,NOT-RD,9. Within Intersection,0,3.5,3.68,1. Straight - Level,1. No Defects,"2. Two-Way, Divided, Unprotected Median",1. Dry,"2. Blacktop, Asphalt, Bituminous",500 N BIRDNECK RD,URB,UR,R-VA134UR08723SB,"Urbanized (Population 200,000 and over)",3. No,"0,0",21852,21532,21731,20942,24609,Not SENIOR,Left and Right sides,"5,3","35,35",Not SPEED,"35,35",542031,0,"1. Yes,2. No",0,"0,0",6AM TO 9AM,1,1,3. Traffic Signal,1. Yes - Working,Not a Parkway - Trucks and Commercial Vehicles Allowed,"1,2","9. Bicycle,1. Passenger car","DIAMONDBACK,PONTIAC","1. Going Straight Ahead,2. Making Right Turn","BICYCLE,G6",20102008,5,5.Hampton Roads,1. No Adverse Condition (Clear/Cloudy),Not Provided,2. No,Not Provided,Not YOUNG
No Access Control,Not ALCIHOL,Urban,0,0,"N/A, Unknown, or Unstabilized",IS-00064-W277A(L)/FROM RT 64 WEST,Not UNBELTED,52,Male,B,1,BIKE,27.58,1,1,,13. Bicyclist,"Not Provided,Not Provided","Not Provided,Not Provided",SR00168,27.616,3,3/9/2014,3/9/2014,22. Bicycle,1735,B.Visiible Injury,2014,Left and Right sides,0,0,Norfolk,Urban,22. Bicycle,MAIN,3PM TO 6PM,122.Norfolk,21,Intersection,Reset Filters,VDOT_OTHER,Sunday,Not DEER,"West,Not Provided",,5,1,141470048,17,Female,"B,PDO","1,2","11. Did Not Have Right-of-Way,1. No Improper Action","3. Unavailable/Not Applicable,2. Not Deployed","4. No Test,4. No Test","8. Other,1. No Defects","Not Applicable,Not Applicable","1. Had Not Been Drinking,1. Had Not Been Drinking","2. No,2. No","3. Totally Ejected,1. Not Ejected","No,No","No,No","9. Not Applicable,3. Lap and Shoulder Belt","1. Not Obscured,1. Not Obscured",,,28,483432,SR-00168-S026B(L)/TO RT 64 WEST,0,1,"1.Divided, no control of access","20,22",1. On Roadway,"0,0",H,H.Urban Minor Arterial,Urban Extensions - Primary Routes,Not GUARDRAIL,Not HIT_RUN,"8,1",1,2. Two Approaches,141470048,C,0,0,36.90903,36.90903,0,0.04,Not LRTRUCK,2. Daylight,LOCATED,-76.2565,-76.2565,MAINLINE,MAIN,0,0,Curbed (solid raised),4,4,Divided Roadway,"20,22",Not MOTORCYCLE,483432,483432.  SR00168       SR00168       SR00168S026B,27542,31553,31830,30732,29068,5,1,0.004,PRI_URBAN,,,,,,,,,0,246,64,0,1,,0,0,,,,,,,,,Not PED,,1,0,Norfolk,122,5,NOT-RD,9. Within Intersection,0,27.5,27.62,1. Straight - Level,1. No Defects,"4. One-Way, Not Divided",1. Dry,1. Concrete,6900 BLK TIDEWATER DR,STPRI,SR,R-VA   SR00168SB,"Urbanized (Population 200,000 and over)",3. No,"0,0",27542,29979,30256,29158,27494,Not SENIOR,None,35,"35,35",Not SPEED,"35,35",483431,0,"1. Yes,2. No",0,"0,0",3PM TO 6PM,1,1,8. Yield Sign,6. No Traffic Control Device Present,Not a Parkway - Trucks and Commercial Vehicles Allowed,"1,2","9. Bicycle,1. Passenger car","BICYCLE,TOYOTA","2. Making Right Turn,1. Going Straight Ahead","MONGOOSE,CAMRY",2003,5,5.Hampton Roads,1. No Adverse Condition (Clear/Cloudy),Not Provided,2. No,Not Provided,YOUNG