Access Control,Alcohol Notalcohol,Area Type1,A Crash,A People,Basetypedesc,Begin Node Dsc,Belted Unbelted,Bikeage,Bikegen,Bikeinjurytype,Bikevehiclenumber,Bike Nonbike,BMP,B Crash,B People,Carspeedlimit,Collision Type,Comm Cargo Body Type Cd,Comm Vehicle Body Type Cd,Cotedrouteid,Coted Mp,Count App,CRASH_DT (copy),Crash Dt,Crash Event Type Dsc,Crash Military Tm,Crash Severity,Crash Year,Curbgutterdesc,C Crash,C People,Juris Name Used,Area Type Used,First Harmful Event of Entire Crash,MAINLINE,Time Slicing Used,Phy_Juris_Nm,Offset-Ft,Intersection Analysis,Clear,Calculation_9640323132123359,Day Of Week,Deer Nodeer,Direction Of Travel Cd,Distracted Notdistracted,VSP,TOTAL CRASH,Document Nbr,Driverage,Drivergen,Driverinjurytype,Drivervehiclenumber,Driver Action Type Cd,Driver Airbag Deployment,Driver Alcohol Test Type Cd,Driver Condition Type Cd,Driver Distraction Type Cd,Driver Drinking Type Cd,Driver Drug Use Cd,Driver Ejected From Vehicle,Driver Ems Transport Ind,Driver Fled Scene Ind,Driver Safety Equip Used,Driver Vis Obscured Type Cd,Drowsy Notdrowsy,Drug Nodrug,EMP,End Node,End Node Dsc,End Offset,Facility,FAC,First Crash Event Cd,First Harmful Event,Fourth Crash Event Cd,Functionalclass,FUN,Govcondesc,Gr Nogr,Hitrun Not Hitrun,Initial Veh Impact Area Cd,Injury Crashes,Intersection Type,Int Doc,Jurtype,K_CRASH,K People,LAT (copy),LAT,Leftshoulderwidth,Length,Lgtruck Nonlgtruck,Light Condition,Located Unlocated,LON (copy),LON,MAINLINE (group),Mainline Yn,Medianleftshoulderwidth,Medianrightshoulderwidth,Mediantypedesc,Medianwidthmax,Medianwidthmin,Median Type,Most Harmful Crash Event Cd,Motor Nonmotor,Node,Node Info,Node Totaadt2011,Node Totaadt2012,Node Totaadt2013,Node Totaadt2014,Node Totaadt2015,Numberoflane,Number of Records,Offset,Ownership,Passage,Passgen,Passinjurytype,Passvehiclenumber,Pass Airbag Deployment,Pass Ejected From Vehicle,Pass Ems Transport Ind,Pass Safety Equip Used,Pavementconditionvalue,Pavementroughnessvalue,Pavementwidth,Pdo Crash,Total People Killed & Injured,Pedage,Pedestrians Injured,Pedestrians Killed,Pedgen,Pedinjurytype,Pednumber,Ped Action,Ped Al Test,Ped Cond,Ped Drink,Ped Drug,Ped Nonped,Ped Rflct,Persons Injured,Persons Killed,Physical Juris Nm,PJR,VSP_Used,Rd Type,Relation To Roadway,Rightshoulderwidth,RNS_MP (0.25 mi bin),Rns Mp,Roadway Alignment,Roadway Defect,Roadway Description,Roadway Surface Cond,Roadway Surface Type,Route Or Street Nm,Rte Category Cd,Rte Cat,Rte Nm,Ruralurbandesc,School Zone,Second Crash Event Cd,Segtotaadt2011,Segtotaadt2012,Segtotaadt2013,Segtotaadt2014,Segtotaadt2015,Senior Notsenior,Sidewalkdesc,Speed Before,Speed Max Safe,Speed Notspeed,Speed Posted,Start Node,Start Offset,Summons Issued Cd,Surfacedesc,Third Crash Event Cd,Time Slicing,Total Crashes including Property Damage Only,Total Crash,Traffic Control Type,Trfc Ctrl Status Type,Truckcommr,Vehiclenumber,Vehicle Body Type Cd,Vehicle Make Nm,Vehicle Maneuver Type Cd,Vehicle Model Nm,Vehicle Year Nbr,District,District_Used ,Weather Condition,Work Zone Location,Work Zone Related,Work Zone Type,Young Notyoung
No Access Control,Not ALCIHOL,Urban,1,1,Bituminous Concrete (Black Base),NORTH GREENFIELD AVE(R)/,Not UNBELTED,19,Male,A,2,BIKE,0.58,0,0,,4. Sideswipe - Same Direction,"Not Provided,Not Provided","Not Provided,Not Provided",11407033,0.71,3,11/12/2012,11/12/2012,22. Bicycle,1300,A.Ambulatory Injury,2012,Left and Right sides,0,0,Hampton,Urban,22. Bicycle,MAIN,12PM TO 3PM,114.Hampton,53,Intersection,Reset Filters,VDOT_OTHER,Monday,Not DEER,"South,South",DISTRACTED,5,1,130280102,77,0,"PDO,A","1,2","40. Fail to Maintain Proper Control,1. No Improper Action","2. Not Deployed,3. Unavailable/Not Applicable","Not Applicable,Not Applicable","1. No Defects,1. No Defects","11. Other,Not Applicable","1. Had Not Been Drinking,1. Had Not Been Drinking","Not Applicable,Not Applicable","1. Not Ejected,1. Not Ejected","No,No","No,No","3. Lap and Shoulder Belt,8. No Restraint Used","1. Not Obscured,1. Not Obscured",,,1,253383,114-07028(R)/(7028-TIDE MILL LANE/7033-N ARMI,0,1,"1.Divided, no control of access","22,20",1. On Roadway,"0,0",E,E.Urban Other Principle Arterials; Connecting Links of Other Rural Principal Arterial,Other City or Town Streets (not state maintained),Not GUARDRAIL,Not HIT_RUN,"2,10",1,1. Not at Intersection,130280102,C,0,0,37.053955,37.053955,0,0.14,Not LRTRUCK,2. Daylight,LOCATED,-76.379328,-76.379328,MAINLINE,MAIN,0,0,Curbed Grass,16,4,Divided Roadway,"22,20",Not MOTORCYCLE,253383,253383. 11407028      11407033      11407033,26998,27101,24853,23616,23744,4,1,0.01,SEC_URBAN,,,,,,,,,0,126,52,0,1,,0,0,,,,,,,,,Not PED,,1,0,Hampton,114,5,NOT-RD,8. Non-Intersection,0,0.5,0.71,2. Curve - Level,1. No Defects,"2. Two-Way, Divided, Unprotected Median",1. Dry,"2. Blacktop, Asphalt, Bituminous",armistead ave,URB,UR,R-VA114UR07033SB,"Urbanized (Population 200,000 and over)",1. Yes,"0,0",23469,23655,21962,20837,20918,SENIOR,Left and Right sides,40,"40,0",Not SPEED,"40,0",253392,0,"1. Yes,2. No",0,"0,0",12PM TO 3PM,1,1,6. Traffic Lanes Marked,1. Yes - Working,Truck Access System,"1,2","1. Passenger car,9. Bicycle","CADI,bicycle","1. Going Straight Ahead,1. Going Straight Ahead",deville,2003,5,5.Hampton Roads,1. No Adverse Condition (Clear/Cloudy),Not Provided,2. No,Not Provided,YOUNG
No Access Control,ALCOHOL,Urban,0,0,"N/A, Unknown, or Unstabilized",122-08623(R)/,Not UNBELTED,52,Male,C,1,BIKE,281.79,0,0,,13. Bicyclist,"Not Provided,Not Provided","Not Provided,Not Provided",US00060,281.796,3,3/15/2014,3/15/2014,22. Bicycle,2302,C.Non-Visible Injury,2014,Left and Right sides,1,1,Norfolk,Urban,22. Bicycle,MAIN,9PM TO 12AM,122.Norfolk,84,Intersection,Reset Filters,VDOT_OTHER,Saturday,Not DEER,"West,North",,5,1,141500038,35,Male,"C,PDO","1,2","10. Wrong Side Of Road - Not Overtaking,1. No Improper Action","Not Provided,2. Not Deployed","4. No Test,Not Applicable","1. No Defects,1. No Defects","Not Applicable,Not Applicable","3. Drinking - Ability Impaired,1. Had Not Been Drinking","2. No,2. No","3. Totally Ejected,1. Not Ejected","Yes,No","No,No","Not Provided,3. Lap and Shoulder Belt","1. Not Obscured,1. Not Obscured",,,282,483173,US 460(R)/DUFFY LANE,0,1,"1.Divided, no control of access","20,22",1. On Roadway,"0,0",E,E.Urban Other Principle Arterials; Connecting Links of Other Rural Principal Arterial,Urban Extensions - Primary Routes,Not GUARDRAIL,Not HIT_RUN,"9,12",1,3. Three Approaches,141500038,C,0,0,36.95595,36.95595,0,0.17,Not LRTRUCK,4. Darkness - Road Lighted,LOCATED,-76.25342,-76.25342,MAINLINE,MAIN,0,0,Curbed Grass,12,4,Divided Roadway,"20,22",Not MOTORCYCLE,483174,483174.  US00060       US00060      12208623,20871,19841,19906,16201,17032,4,1,0.016,PRI_URBAN,,,,,,,,,0,150,54,0,1,,0,0,,,,,,,,,Not PED,,1,0,Norfolk,122,5,NOT-RD,9. Within Intersection,0,281.75,281.78,1. Straight - Level,1. No Defects,"2. Two-Way, Divided, Unprotected Median",1. Dry,"2. Blacktop, Asphalt, Bituminous",100 BLK WEST OCEAN VIEW AVE,USPRI,US,R-VA   US00060EB,"Urbanized (Population 200,000 and over)",3. No,"0,0",14288,13386,13510,13019,14231,Not SENIOR,Left and Right sides,"5,5","35,0",SPEED,"35,0",483174,0.01,"1. Yes,2. No",0,"0,0",9PM TO 12AM,1,1,4. Stop Sign,6. No Traffic Control Device Present,Not a Parkway - Trucks and Commercial Vehicles Allowed,"1,2","9. Bicycle,1. Passenger car",NISSAN,"1. Going Straight Ahead,2. Making Right Turn",VERSA,2008,5,5.Hampton Roads,1. No Adverse Condition (Clear/Cloudy),Not Provided,2. No,Not Provided,Not YOUNG
No Access Control,Not ALCIHOL,Urban,0,0,Bituminous Concrete (Black Base),JOHN TYLER HWY,Not UNBELTED,19,Female,B,1,BIKE,51.27,1,1,,4. Sideswipe - Same Direction,"Not Provided,Not Provided","Not Provided,Not Provided",SR00005,51.486,3,11/14/2012,11/14/2012,22. Bicycle,1002,B.Visiible Injury,2012,Left and Right sides,0,0,Williamsburg,Urban,22. Bicycle,MAIN,9AM TO 12PM,137.Williamsburg,"3,823",Intersection,Reset Filters,VDOT_OTHER,Wednesday,Not DEER,"North,North",,5,1,130070147,66,Female,"B,PDO","1,2","13. Fail to Signal or Improper Signal,1. No Improper Action","3. Unavailable/Not Applicable,2. Not Deployed","Not Applicable,Not Applicable","1. No Defects,1. No Defects","Not Applicable,Not Applicable","1. Had Not Been Drinking,1. Had Not Been Drinking","2. No,2. No","1. Not Ejected,1. Not Ejected","No,No","No,No","5. Helmet,3. Lap and Shoulder Belt","1. Not Obscured,1. Not Obscured",,,52,398747,JOHN TYLER HWY,1.04,0,"0.Two-way, non-divided","22,0",1. On Roadway,"0,0",H,H.Urban Minor Arterial,Urban Extensions - Primary Routes,Not GUARDRAIL,Not HIT_RUN,"10,2",1,1. Not at Intersection,130070147,C,0,0,37.265396,37.265396,0,0.48,Not LRTRUCK,2. Daylight,LOCATED,-76.718571,-76.718571,MAINLINE,MAIN,0,0,0,0,0,Undivided Roadway,"22,0",Not MOTORCYCLE,398745,398745.  SR00005       SR00005      13707075,12163,11894,9446,9110,9294,2,1,0.724,PRI_URBAN,,,,,,,,,0,103,40,0,1,,0,0,,,,,,,,,Not PED,,1,0,Williamsburg,137,5,NOT-RD,1. Main-Line Roadway,0,51.25,51.49,3. Grade - Straight,1. No Defects,"1. Two-Way, Not Divided",1. Dry,"2. Blacktop, Asphalt, Bituminous",jamestown rd,STPRI,SR,R-VA   SR00005EB,"Urbanized (Population 200,000 and over)",3. No,"0,0",12757,12475,9708,9362,9552,SENIOR,Right side,25,"0,25",Not SPEED,"0,25",398747,0.56,"1. Yes,2. No",0,"0,0",9AM TO 12PM,1,1,6. Traffic Lanes Marked,1. Yes - Working,Not a Parkway - Trucks and Commercial Vehicles Allowed,"1,2","9. Bicycle,1. Passenger car","schwinn,volvo","3. Making Left Turn,1. Going Straight Ahead","skyliner,xc70",2013,5,5.Hampton Roads,1. No Adverse Condition (Clear/Cloudy),Not Provided,2. No,Not Provided,YOUNG
,Not ALCIHOL,Urban,0,0,,,Not UNBELTED,17,Female,B,2,BIKE,,1,1,,2. Angle,"Not Provided,Not Provided","Not Provided,Not Provided",,,,3/17/2014,3/17/2014,22. Bicycle,2018,B.Visiible Injury,2014,,0,1,Virginia Beach,Urban,22. Bicycle,MAIN,6PM TO 9PM,134.Virginia Beach,,Not Intersection,Reset Filters,VDOT_OTHER,Monday,Not DEER,"East,East",,5,1,140915301,57,Female,"C,B","1,2","11. Did Not Have Right-of-Way,1. No Improper Action","2. Not Deployed,3. Unavailable/Not Applicable","4. No Test,4. No Test","1. No Defects,1. No Defects","14. No Driver Distraction,14. No Driver Distraction","1. Had Not Been Drinking,1. Had Not Been Drinking","2. No,2. No","1. Not Ejected,3. Totally Ejected","No,Yes","No,No","3. Lap and Shoulder Belt,6. Other","2. Rain, Snow, etc. on Windshield,1. Not Obscured",,,,,,,,,"22,20",1. On Roadway,"0,0",,,,Not GUARDRAIL,Not HIT_RUN,"12,3",1,3. Three Approaches,,C,0,0,36.85544,36.85544,,,Not LRTRUCK,4. Darkness - Road Lighted,UNLOCATED,-76.1722,-76.1722,MAINLINE,,,,,,,,"22,20",Not MOTORCYCLE,,.,,,,,,,1,,SEC_URBAN,,,,,,,,,,,,0,2,,0,0,,,,,,,,,Not PED,,2,0,Virginia Beach,134,5,NOT-RD,10. Intersection Related - Within 150 Feet,,,,2. Curve - Level,1. No Defects,"1. Two-Way, Not Divided",2. Wet,"2. Blacktop, Asphalt, Bituminous",5500 BLOCK LANDFALL DR,UNKWN,SC,U-VA134SC99999UK,,3. No,"0,0",,,,,,Not SENIOR,,"10,5","25,25",Not SPEED,"25,25",,,"2. No,2. No",,"0,0",6PM TO 9PM,1,1,1. No Traffic Control,6. No Traffic Control Device Present,,"1,2","1. Passenger car,9. Bicycle","Chrysler,N/A","3. Making Left Turn,1. Going Straight Ahead","Sebring,N/A",20082014,5,5.Hampton Roads,5. Rain,Not Provided,2. No,Not Provided,YOUNG
No Access Control,Not ALCIHOL,Urban,0,0,"N/A, Unknown, or Unstabilized",SR-00165(R)/,Not UNBELTED,56,Male,C,2,BIKE,49.87,0,0,,13. Bicyclist,"Not Provided,Not Provided","Not Provided,Not Provided",US00013,49.942,3,3/18/2014,3/18/2014,22. Bicycle,654,C.Non-Visible Injury,2014,None,1,1,Norfolk,Urban,22. Bicycle,MAIN,6AM TO 9AM,122.Norfolk,380,Intersection,Reset Filters,VDOT_OTHER,Tuesday,Not DEER,"East,East",,5,1,141530018,,Not Provided,"PDO,C","1,2","34. Hit and Run,1. No Improper Action","Not Provided,3. Unavailable/Not Applicable","Not Applicable,Not Applicable","9. Unknown,1. No Defects","Not Applicable,Not Applicable","6. Unknown,1. Had Not Been Drinking","3. Unknown,2. No","Not Provided,1. Not Ejected","NotProvided,Yes","Yes,No","Not Provided,9. Not Applicable","Not Applicable,1. Not Obscured",,,50,483003,US-00013-N045A(R)/TO RT 64 WEST,0,1,"1.Divided, no control of access","22,20",1. On Roadway,"0,0",E,E.Urban Other Principle Arterials; Connecting Links of Other Rural Principal Arterial,Urban Extensions - Primary Routes,Not GUARDRAIL,HIT_RUN,"2,11",1,1. Not at Intersection,141530018,C,0,0,36.8743,36.8743,4,0.31,Not LRTRUCK,4. Darkness - Road Lighted,LOCATED,-76.20507,-76.20507,MAINLINE,MAIN,0,0,Curbed Grass,16,4,Divided Roadway,"22,20",Not MOTORCYCLE,483004,483004.  SR00165       US00013       US00013,38602,38728,38847,38042,36136,6,1,0.072,PRI_URBAN,,,,,,,,,0,163,80,0,1,,0,0,,,,,,,,,Not PED,,1,0,Norfolk,122,5,NOT-RD,8. Non-Intersection,4,49.75,49.94,1. Straight - Level,1. No Defects,"3. Two-Way, Divided, Positive Median Barrier",2. Wet,"2. Blacktop, Asphalt, Bituminous",5900 BLOCK OF NORTHAMPTON BLVD,USPRI,US,R-VA   US00013SB,"Urbanized (Population 200,000 and over)",3. No,"0,0",34019,33626,33459,33453,32154,Not SENIOR,None,,"0,0",Not SPEED,"0,0",483004,0,"Not Provided,2. No",0,"0,0",6AM TO 9AM,1,1,6. Traffic Lanes Marked,6. No Traffic Control Device Present,Not a Parkway - Trucks and Commercial Vehicles Allowed,"1,2","Not Applicable,9. Bicycle",NEXT,"1. Going Straight Ahead,1. Going Straight Ahead",ALL TERRAIN,,5,5.Hampton Roads,5. Rain,Not Provided,2. No,Not Provided,Not YOUNG
No Access Control,Not ALCIHOL,Urban,0,0,Bituminous Concrete (Black Base),WOODBERRY FOREST DR(R)/,Not UNBELTED,41,Female,B,2,BIKE,61.29,1,1,,2. Angle,"Not Provided,Not Provided","Not Provided,Not Provided",US00258,61.392,4,11/16/2012,11/16/2012,20. Motor Vehicle In Transport,1549,B.Visiible Injury,2012,Left and Right sides,0,0,Hampton,Urban,20. Motor Vehicle In Transport,MAIN,3PM TO 6PM,114.Hampton,"1,964",Intersection,Reset Filters,VDOT_OTHER,Friday,Not DEER,"North,West",,5,1,130280140,,Female,"PDO,B","1,2","40. Fail to Maintain Proper Control,1. No Improper Action","2. Not Deployed,3. Unavailable/Not Applicable","Not Applicable,Not Applicable","1. No Defects,1. No Defects","Not Applicable,Not Applicable","1. Had Not Been Drinking,1. Had Not Been Drinking","2. No,2. No","1. Not Ejected,3. Totally Ejected","No,No","No,No","3. Lap and Shoulder Belt,9. Not Applicable","1. Not Obscured,1. Not Obscured",,,61,744794,GUMWOOD DRIVE(B)/,0,1,"1.Divided, no control of access","22,20",1. On Roadway,"0,0",E,E.Urban Other Principle Arterials; Connecting Links of Other Rural Principal Arterial,Urban Extensions - Primary Routes,Not GUARDRAIL,Not HIT_RUN,"12,10",1,1. Not at Intersection,130280140,C,0,0,37.033642,37.033642,0,0.19,Not LRTRUCK,2. Daylight,LOCATED,-76.415584,-76.415584,MAINLINE,MAIN,0,0,Curbed Grass,16,4,Divided Roadway,"22,20",Not MOTORCYCLE,253133,253133.  US00258       US00258      11407021      11407021,62930,60554,56708,56896,58310,8,1,0.372,PRI_URBAN,,,,,,,,,0,150,102,0,1,,0,0,,,,,,,,,Not PED,,1,0,Hampton,114,5,NOT-RD,8. Non-Intersection,0,61.25,61.39,1. Straight - Level,1. No Defects,"3. Two-Way, Divided, Positive Median Barrier",1. Dry,"2. Blacktop, Asphalt, Bituminous",3003 w mercury blvd,USPRI,US,R-VA   US00258EB,"Urbanized (Population 200,000 and over)",3. No,"0,0",56311,52167,47785,48306,49551,Not SENIOR,Left and Right sides,"2,3","45,45",Not SPEED,"45,45",253134,0,"1. Yes,2. No",0,"0,0",3PM TO 6PM,1,1,6. Traffic Lanes Marked,1. Yes - Working,Truck Access System,"1,2","1. Passenger car,9. Bicycle","chrysler,bicyc","1. Going Straight Ahead,1. Going Straight Ahead",lebaron,1994,5,5.Hampton Roads,1. No Adverse Condition (Clear/Cloudy),Not Provided,2. No,Not Provided,Not YOUNG
No Access Control,Not ALCIHOL,Urban,0,0,Bituminous Concrete (Black Base),LEE STREET(R)/,Not UNBELTED,26,Female,C,1,BIKE,3.43,0,0,,13. Bicyclist,"Not Provided,Not Provided","Not Provided,Not Provided",11407035,3.549,4,3/19/2014,3/19/2014,20. Motor Vehicle In Transport,1704,C.Non-Visible Injury,2014,Left and Right sides,1,1,Hampton,Urban,20. Motor Vehicle In Transport,MAIN,3PM TO 6PM,114.Hampton,692,Intersection,Reset Filters,VDOT_OTHER,Wednesday,Not DEER,"East,South",,5,1,141530103,66,Male,"C,PDO","1,2","11. Did Not Have Right-of-Way,1. No Improper Action","Not Provided,2. Not Deployed","Not Applicable,Not Applicable","1. No Defects,1. No Defects","Not Applicable,Not Applicable","1. Had Not Been Drinking,1. Had Not Been Drinking","2. No,2. No","Not Provided,1. Not Ejected","Yes,No","No,No","Not Provided,3. Lap and Shoulder Belt","1. Not Obscured,1. Not Obscured",,,4,253087,SETTLERS LANDING RD(R)/SETTLERS LANDING RO(L),0,1,"1.Divided, no control of access","20,20",1. On Roadway,"0,0",H,H.Urban Minor Arterial,Other City or Town Streets (not state maintained),Not GUARDRAIL,Not HIT_RUN,"9,12",1,4. Four Approaches,141530103,C,0,0,37.02472,37.02472,0,0.13,Not LRTRUCK,2. Daylight,LOCATED,-76.36343,-76.36343,MAINLINE,MAIN,0,0,Curbed (solid raised),3,3,Divided Roadway,"20,20",Not MOTORCYCLE,253088,253088.  SR00351       SR00351      11407035      11407035,29249,28602,25389,24485,24981,4,1,0.131,SEC_URBAN,,,,,,,,,3.7,0,52,0,1,,0,0,,,,,,,,,Not PED,,1,0,Hampton,114,5,NOT-RD,9. Within Intersection,0,3.5,3.56,1. Straight - Level,1. No Defects,"2. Two-Way, Divided, Unprotected Median",2. Wet,"2. Blacktop, Asphalt, Bituminous",LASALLE AVE,URB,UR,R-VA114UR07035EB,"Urbanized (Population 200,000 and over)",3. No,"0,0",17239,16858,12812,12356,12606,SENIOR,Left and Right sides,"5,20","35,35",Not SPEED,"35,35",731443,0.02,"1. Yes,2. No",0,"0,0",3PM TO 6PM,1,1,3. Traffic Signal,1. Yes - Working,Not a Parkway - Trucks and Commercial Vehicles Allowed,"1,2","9. Bicycle,1. Passenger car","BICYCLE,HYUNDAI","15. Other,3. Making Left Turn",ELANTRA,2000,5,5.Hampton Roads,4. Mist,Not Provided,2. No,Not Provided,Not YOUNG
No Access Control,Not ALCIHOL,Urban,0,0,"N/A, Unknown, or Unstabilized",BELMONT AVE(L)/,Not UNBELTED,29,Male,C,1,BIKE,0.51,0,0,,13. Bicyclist,"Not Provided,Not Provided","Not Provided,Not Provided",SR00239,0.545,3,3/20/2014,3/20/2014,20. Motor Vehicle In Transport,1647,C.Non-Visible Injury,2014,Left and Right sides,1,1,Portsmouth,Urban,20. Motor Vehicle In Transport,MAIN,3PM TO 6PM,124.Portsmouth,26,Intersection,Reset Filters,VDOT_OTHER,Thursday,Not DEER,"East,South",,5,1,141345470,34,Female,"C,PDO","1,2","11. Did Not Have Right-of-Way,1. No Improper Action","3. Unavailable/Not Applicable,2. Not Deployed","Not Applicable,Not Applicable","Not Applicable,Not Applicable","Not Applicable,Not Applicable","1. Had Not Been Drinking,1. Had Not Been Drinking","3. Unknown,2. No","1. Not Ejected,1. Not Ejected","No,No","No,No","9. Not Applicable,3. Lap and Shoulder Belt","Not Applicable,Not Applicable",,,1,483517,IS-00264-W003A(R)/SR-00239- 000A(R)/TO AND FR,0,1,"1.Divided, no control of access","20,20",1. On Roadway,"0,0",H,H.Urban Minor Arterial,Urban Extensions - Primary Routes,Not GUARDRAIL,Not HIT_RUN,"12,5",1,3. Three Approaches,141345470,C,0,0,36.80839,36.80839,0,0.04,Not LRTRUCK,2. Daylight,LOCATED,-76.35716,-76.35716,MAINLINE,MAIN,0,0,Curbed Grass,26,4,Divided Roadway,"20,20",Not MOTORCYCLE,483517,483517.  IS00264W003A  SR00239       SR00239,24511,28270,24534,23814,24209,5,1,0.005,PRI_URBAN,,,,,,,,,0,109,50,0,1,,0,0,,,,,,,,,Not PED,,1,0,Portsmouth,124,5,NOT-RD,9. Within Intersection,0,0.5,0.55,1. Straight - Level,1. No Defects,"3. Two-Way, Divided, Positive Median Barrier",1. Dry,"2. Blacktop, Asphalt, Bituminous",3900 BLOCK VICTORY BLVD,STPRI,SR,R-VA   SR00239EB,"Urbanized (Population 200,000 and over)",3. No,"0,0",27724,27110,18928,18254,18624,Not SENIOR,Right side,"3,35","35,35",Not SPEED,"35,35",483516,0,"1. Yes,2. No",0,"0,0",3PM TO 6PM,1,1,3. Traffic Signal,1. Yes - Working,Truck Access System,"1,2","9. Bicycle,1. Passenger car",TOYT,"1. Going Straight Ahead,1. Going Straight Ahead",CAMRY,2005,5,5.Hampton Roads,1. No Adverse Condition (Clear/Cloudy),Not Provided,2. No,Not Provided,Not YOUNG
No Access Control,Not ALCIHOL,Urban,0,0,Dual Type,NORTH GREAT NECK RD(R)/,Not UNBELTED,15,Male,B,2,BIKE,294.14,1,1,,2. Angle,"Not Provided,Not Provided","Not Provided,Not Provided",US00060,294.228,3,7/7/2015,7/7/2015,22. Bicycle,1100,B.Visiible Injury,2015,None,0,1,Virginia Beach,Urban,22. Bicycle,MAIN,9AM TO 12PM,134.Virginia Beach,"1,837",Intersection,Reset Filters,VDOT_OTHER,Tuesday,Not DEER,"South,East",,5,1,152005010,68,Female,"C,B","1,2","1. No Improper Action,10. Wrong Side Of Road - Not Overtaking","2. Not Deployed,3. Unavailable/Not Applicable","Not Applicable,Not Applicable","1. No Defects,1. No Defects","Not Applicable,Not Applicable","1. Had Not Been Drinking,1. Had Not Been Drinking","2. No,2. No","1. Not Ejected,1. Not Ejected","No,No","No,No","3. Lap and Shoulder Belt,8. No Restraint Used","1. Not Obscured,1. Not Obscured",,,294,720390,NORTH GREAT NECK RD(R)/,0.2,1,"1.Divided, no control of access","22,20",1. On Roadway,"0,0",E,E.Urban Other Principle Arterials; Connecting Links of Other Rural Principal Arterial,Urban Extensions - Primary Routes,Not GUARDRAIL,Not HIT_RUN,"1,12",1,4. Four Approaches,152005010,C,0,0,36.9137,36.9137,6,0.09,Not LRTRUCK,2. Daylight,LOCATED,-76.06334,-76.06334,MAINLINE,MAIN,0,0,Curbed Grass,12,4,Divided Roadway,"22,20",Not MOTORCYCLE,541119,541119.  SR00279       US00060       US00060,40261,36798,36789,36155,35925,4,1,0.348,PRI_URBAN,,,,,,,,,0,222,48,0,2,,0,0,,,,,,,,,Not PED,,2,0,Virginia Beach,134,5,NOT-RD,9. Within Intersection,6,294,294.23,1. Straight - Level,1. No Defects,"2. Two-Way, Divided, Unprotected Median",1. Dry,"2. Blacktop, Asphalt, Bituminous",2700 SHORE  DRIVE,USPRI,US,R-VA   US00060WB,"Urbanized (Population 200,000 and over)",3. No,"0,0",14389,13724,13644,13565,12920,SENIOR,None,"5,10","35,35",Not SPEED,"35,35",720390,0.11,"2. No,2. No",0,"0,0",9AM TO 12PM,1,1,4. Stop Sign,1. Yes - Working,Truck Access System,"1,2","1. Passenger car,9. Bicycle","BUICK,BIKE","1. Going Straight Ahead,1. Going Straight Ahead","LACROSSE,BICYCLE",20112015,5,5.Hampton Roads,1. No Adverse Condition (Clear/Cloudy),Not Provided,2. No,Not Provided,YOUNG
No Access Control,Not ALCIHOL,Urban,0,0,"N/A, Unknown, or Unstabilized",SR-00194(B)/,Not UNBELTED,18,Male,B,2,BIKE,35.98,1,1,,2. Angle,"Not Provided,Not Provided","Not Provided,Not Provided",SR00165,36.249,4,7/9/2015,7/9/2015,22. Bicycle,1919,B.Visiible Injury,2015,Left and Right sides,0,0,Norfolk,Urban,22. Bicycle,MAIN,6PM TO 9PM,122.Norfolk,"1,420",Intersection,Reset Filters,VDOT_OTHER,Thursday,Not DEER,"North,West",DISTRACTED,5,1,152190083,27,Female,"PDO,B","1,2","12. Following Too Close,1. No Improper Action","2. Not Deployed,3. Unavailable/Not Applicable","Not Applicable,Not Applicable","1. No Defects,1. No Defects","11. Other,Not Applicable","Not Applicable,Not Applicable","2. No,2. No","1. Not Ejected,1. Not Ejected","Yes,Yes","No,No","3. Lap and Shoulder Belt,8. No Restraint Used","1. Not Obscured,1. Not Obscured",,,36,483312,SR-00194(B)/,0.48,0,"0.Two-way, non-divided","22,20",1. On Roadway,"0,0",E,E.Urban Other Principle Arterials; Connecting Links of Other Rural Principal Arterial,Urban Extensions - Primary Routes,Not GUARDRAIL,Not HIT_RUN,"1,12",1,4. Four Approaches,152190083,C,0,0,36.91485,36.91485,0,0.48,Not LRTRUCK,3. Dusk,LOCATED,-76.24604,-76.24604,MAINLINE,MAIN,0,0,0,0,0,Undivided Roadway,"22,20",Not MOTORCYCLE,483312,483312.  SR00165       SR00165       SR00194       SR00194,54568,54224,54243,53437,51772,4,1,0.269,PRI_URBAN,,,,,,,,,0,171,54,0,1,,0,0,,,,,,,,,Not PED,,1,0,Norfolk,122,5,NOT-RD,9. Within Intersection,0,36,36.25,1. Straight - Level,1. No Defects,"2. Two-Way, Divided, Unprotected Median",1. Dry,"2. Blacktop, Asphalt, Bituminous",900 BLK E. LITTLE CREEK,STPRI,SR,R-VA   SR00165SB,"Urbanized (Population 200,000 and over)",3. No,"0,0",25693,24998,24823,24901,23164,Not SENIOR,Left and Right sides,"10,5","25,35",Not SPEED,"25,35",483312,0,"2. No,2. No",0,"0,0",6PM TO 9PM,1,1,4. Stop Sign,6. No Traffic Control Device Present,Not a Parkway - Trucks and Commercial Vehicles Allowed,"1,2","1. Passenger car,9. Bicycle","HONDA,THRUSTER","2. Making Right Turn,1. Going Straight Ahead","ACCORD,HS090700398",2007,5,5.Hampton Roads,1. No Adverse Condition (Clear/Cloudy),Not Provided,2. No,Not Provided,YOUNG