Access Control,Alcohol Notalcohol,Area Type1,A Crash,A People,Basetypedesc,Begin Node Dsc,Belted Unbelted,Bikeage,Bikegen,Bikeinjurytype,Bikevehiclenumber,Bike Nonbike,BMP,B Crash,B People,Carspeedlimit,Collision Type,Comm Cargo Body Type Cd,Comm Vehicle Body Type Cd,Cotedrouteid,Coted Mp,Count App,CRASH_DT (copy),Crash Dt,Crash Event Type Dsc,Crash Military Tm,Crash Severity,Crash Year,Curbgutterdesc,C Crash,C People,Juris Name Used,Area Type Used,First Harmful Event of Entire Crash,MAINLINE,Time Slicing Used,Phy_Juris_Nm,Offset-Ft,Intersection Analysis,Clear,Calculation_9640323132123359,Day Of Week,Deer Nodeer,Direction Of Travel Cd,Distracted Notdistracted,VSP,TOTAL CRASH,Document Nbr,Driverage,Drivergen,Driverinjurytype,Drivervehiclenumber,Driver Action Type Cd,Driver Airbag Deployment,Driver Alcohol Test Type Cd,Driver Condition Type Cd,Driver Distraction Type Cd,Driver Drinking Type Cd,Driver Drug Use Cd,Driver Ejected From Vehicle,Driver Ems Transport Ind,Driver Fled Scene Ind,Driver Safety Equip Used,Driver Vis Obscured Type Cd,Drowsy Notdrowsy,Drug Nodrug,EMP,End Node,End Node Dsc,End Offset,Facility,FAC,First Crash Event Cd,First Harmful Event,Fourth Crash Event Cd,Functionalclass,FUN,Govcondesc,Gr Nogr,Hitrun Not Hitrun,Initial Veh Impact Area Cd,Injury Crashes,Intersection Type,Int Doc,Jurtype,K_CRASH,K People,LAT (copy),LAT,Leftshoulderwidth,Length,Lgtruck Nonlgtruck,Light Condition,Located Unlocated,LON (copy),LON,MAINLINE (group),Mainline Yn,Medianleftshoulderwidth,Medianrightshoulderwidth,Mediantypedesc,Medianwidthmax,Medianwidthmin,Median Type,Most Harmful Crash Event Cd,Motor Nonmotor,Node,Node Info,Node Totaadt2011,Node Totaadt2012,Node Totaadt2013,Node Totaadt2014,Node Totaadt2015,Numberoflane,Number of Records,Offset,Ownership,Passage,Passgen,Passinjurytype,Passvehiclenumber,Pass Airbag Deployment,Pass Ejected From Vehicle,Pass Ems Transport Ind,Pass Safety Equip Used,Pavementconditionvalue,Pavementroughnessvalue,Pavementwidth,Pdo Crash,Total People Killed & Injured,Pedage,Pedestrians Injured,Pedestrians Killed,Pedgen,Pedinjurytype,Pednumber,Ped Action,Ped Al Test,Ped Cond,Ped Drink,Ped Drug,Ped Nonped,Ped Rflct,Persons Injured,Persons Killed,Physical Juris Nm,PJR,VSP_Used,Rd Type,Relation To Roadway,Rightshoulderwidth,RNS_MP (0.25 mi bin),Rns Mp,Roadway Alignment,Roadway Defect,Roadway Description,Roadway Surface Cond,Roadway Surface Type,Route Or Street Nm,Rte Category Cd,Rte Cat,Rte Nm,Ruralurbandesc,School Zone,Second Crash Event Cd,Segtotaadt2011,Segtotaadt2012,Segtotaadt2013,Segtotaadt2014,Segtotaadt2015,Senior Notsenior,Sidewalkdesc,Speed Before,Speed Max Safe,Speed Notspeed,Speed Posted,Start Node,Start Offset,Summons Issued Cd,Surfacedesc,Third Crash Event Cd,Time Slicing,Total Crashes including Property Damage Only,Total Crash,Traffic Control Type,Trfc Ctrl Status Type,Truckcommr,Vehiclenumber,Vehicle Body Type Cd,Vehicle Make Nm,Vehicle Maneuver Type Cd,Vehicle Model Nm,Vehicle Year Nbr,District,District_Used ,Weather Condition,Work Zone Location,Work Zone Related,Work Zone Type,Young Notyoung
Partial Access Control,Not ALCIHOL,Urban,0,0,Dual Type,134-08727(L)/LINWOOD DR,Not UNBELTED,18,Male,B,1,BIKE,507.35,1,1,,2. Angle,"Not Provided,Not Provided","Not Provided,Not Provided",US00058,507.35,3,7/12/2015,7/12/2015,20. Motor Vehicle In Transport,1235,B.Visiible Injury,2015,None,0,0,Virginia Beach,Urban,20. Motor Vehicle In Transport,MAIN,12PM TO 3PM,134.Virginia Beach,0,Intersection,Reset Filters,VDOT_OTHER,Sunday,Not DEER,"South,West",,5,1,152005080,73,Female,"B,PDO","1,2","24. Fail to Stop at Through Highway - No Sign,1. No Improper Action","3. Unavailable/Not Applicable,2. Not Deployed","Not Applicable,Not Applicable","1. No Defects,1. No Defects","14. No Driver Distraction,14. No Driver Distraction","Not Applicable,Not Applicable","Not Applicable,Not Applicable","2. Partially Ejected,1. Not Ejected","Yes,No","No,No","8. No Restraint Used,3. Lap and Shoulder Belt","5. Trees, Crops, etc.,5. Trees, Crops, etc.",,,508,541065,134-08727(L)/LINWOOD DR,0.2,2,"2.Divided, partial control of access","20,22",1. On Roadway,"0,0",E,E.Urban Other Principle Arterials; Connecting Links of Other Rural Principal Arterial,Urban Extensions - Primary Routes,Not GUARDRAIL,Not HIT_RUN,"12,1",1,1. Not at Intersection,152005080,C,0,0,36.8513,36.8513,3,0.2,Not LRTRUCK,2. Daylight,LOCATED,-76.01362,-76.01362,MAINLINE,MAIN,0,0,Curbed Grass,34,14,Divided Roadway,"20,22",Not MOTORCYCLE,541065,541065.  US00058       US00058      13408727,28598,29198,29947,29375,28113,4,1,0,PRI_URBAN,,,,,,,,,0,187,44,0,1,,0,0,,,,,,,,,Not PED,,1,0,Virginia Beach,134,5,NOT-RD,1. Main-Line Roadway,3,507.25,507.35,1. Straight - Level,1. No Defects,"1. Two-Way, Not Divided",1. Dry,"2. Blacktop, Asphalt, Bituminous",1532 LASKIN RD,USPRI,US,R-VA   US00058WB,"Urbanized (Population 200,000 and over)",3. No,"0,0",28196,28746,29491,28936,27742,SENIOR,None,"10,35","35,35",Not SPEED,"35,35",541065,0,"1. Yes,2. No",0,"0,0",12PM TO 3PM,1,1,6. Traffic Lanes Marked,1. Yes - Working,Not a Parkway - Trucks and Commercial Vehicles Allowed,"1,2","9. Bicycle,1. Passenger car","3G,MERCEDES","3. Making Left Turn,1. Going Straight Ahead","BICYCLE,GLK350W2",20142015,5,5.Hampton Roads,1. No Adverse Condition (Clear/Cloudy),Not Provided,2. No,Not Provided,YOUNG
No Access Control,Not ALCIHOL,Urban,0,0,Bituminous Concrete (Black Base),STRATFORD HALL DRIVE(L)/,Not UNBELTED,18,Male,PDO,1,BIKE,0.68,0,0,,2. Angle,"Not Provided,Not Provided","Not Provided,Not Provided",13400014,0.703,3,7/13/2015,7/13/2015,20. Motor Vehicle In Transport,1755,PDO.Property Damage Only,2015,Left and Right sides,0,0,Virginia Beach,Urban,20. Motor Vehicle In Transport,MAIN,3PM TO 6PM,134.Virginia Beach,195,Intersection,Reset Filters,VDOT_OTHER,Monday,Not DEER,"East,South",,5,1,151965212,32,Female,"PDO,PDO","1,2","11. Did Not Have Right-of-Way,1. No Improper Action","3. Unavailable/Not Applicable,2. Not Deployed","4. No Test,4. No Test","1. No Defects,1. No Defects","Not Applicable,Not Applicable","1. Had Not Been Drinking,1. Had Not Been Drinking","2. No,2. No","3. Totally Ejected,1. Not Ejected","No,No","No,No","8. No Restraint Used,3. Lap and Shoulder Belt","1. Not Obscured,1. Not Obscured",,,1,541300,134-08725(R)/KINGS ARM DR,0,1,"1.Divided, no control of access","20,22",1. On Roadway,"0,0",H,H.Urban Minor Arterial,Other City or Town Streets (not state maintained),Not GUARDRAIL,Not HIT_RUN,"11,1",0,1. Not at Intersection,151965212,C,0,0,36.80767,36.80767,0,0.06,Not LRTRUCK,2. Daylight,LOCATED,-76.0771,-76.0771,MAINLINE,MAIN,0,0,Curbed Grass,22,4,Divided Roadway,"20,22",Not MOTORCYCLE,541300,541300. 13400014      13400014      13408725,36197,32324,32622,31438,33754,4,1,0.037,SEC_URBAN,,,,,,,,,0,0,52,1,0,,0,0,,,,,,,,,Not PED,,0,0,Virginia Beach,134,5,NOT-RD,8. Non-Intersection,0,0.5,0.71,1. Straight - Level,1. No Defects,"2. Two-Way, Divided, Unprotected Median",1. Dry,"2. Blacktop, Asphalt, Bituminous",900 BLOCK LYNNHAVEN PARKWAY,URB,UR,R-VA134UR00014SB,"Urbanized (Population 200,000 and over)",3. No,"0,0",35877,31969,32264,31093,33335,Not SENIOR,Left and Right sides,"5,40","45,45",Not SPEED,"45,45",735013,0,"1. Yes,2. No",0,"0,0",3PM TO 6PM,1,1,6. Traffic Lanes Marked,1. Yes - Working,Not a Parkway - Trucks and Commercial Vehicles Allowed,"1,2","9. Bicycle,22. Truck - Sport Utility Vehicle (SUV)","3G BIKES,FORD","15. Other,1. Going Straight Ahead","UNK,ESCAPE",2012,5,5.Hampton Roads,1. No Adverse Condition (Clear/Cloudy),Not Provided,2. No,Not Provided,YOUNG
No Access Control,Not ALCIHOL,Urban,0,0,"Stabilized with Selected Material (Soil,Gravel,Stone,etc.)",134-08707(L)/FERRY PLANTATION RD,Not UNBELTED,13,Male,B,2,BIKE,0.33,1,1,,16. Other,"Not Provided,Not Provided","Not Provided,Not Provided",13408683,0.447,4,7/13/2015,7/13/2015,22. Bicycle,1418,B.Visiible Injury,2015,Left and Right sides,0,0,Virginia Beach,Urban,22. Bicycle,MAIN,12PM TO 3PM,134.Virginia Beach,121,Intersection,Reset Filters,VDOT_OTHER,Monday,Not DEER,"East,North",DISTRACTED,5,1,151965038,64,Male,"PDO,B","1,2","1. No Improper Action,37. Other","2. Not Deployed,3. Unavailable/Not Applicable","4. No Test,4. No Test","1. No Defects,1. No Defects","14. No Driver Distraction,11. Other","1. Had Not Been Drinking,1. Had Not Been Drinking","2. No,2. No","1. Not Ejected,3. Totally Ejected","No,Yes","No,No","3. Lap and Shoulder Belt,8. No Restraint Used","1. Not Obscured,5. Trees, Crops, etc.",,,0,541194,SR-00225(B)/,0,0,"0.Two-way, non-divided","22,20",1. On Roadway,"0,0",I,I.Urban Collector,Other City or Town Streets (not state maintained),Not GUARDRAIL,Not HIT_RUN,"12,10",1,"5. Five-Point, or More",151965038,C,0,0,36.86564,36.86564,0,0.14,Not LRTRUCK,2. Daylight,LOCATED,-76.13249,-76.13249,MAINLINE,MAIN,0,0,0,0,0,Undivided Roadway,"22,20",Not MOTORCYCLE,541194,541194.  SR00225       SR00225      13408683      13408683,55194,50725,51026,49792,49740,4,1,0.023,SEC_URBAN,,,,,,,,,3.8,95,64,0,1,,0,0,,,,,,,,,Not PED,,1,0,Virginia Beach,134,5,NOT-RD,9. Within Intersection,0,0.25,0.45,1. Straight - Level,1. No Defects,"1. Two-Way, Not Divided",1. Dry,"2. Blacktop, Asphalt, Bituminous",4500 N WITCHDUCK RD,URB,UR,R-VA134UR08683NB,"Urbanized (Population 200,000 and over)",3. No,"0,0",6234,5517,5568,5366,4692,Not SENIOR,Right side,2,"35,35",Not SPEED,"35,35",541193,0,"2. No,2. No",0,"0,0",12PM TO 3PM,1,1,3. Traffic Signal,1. Yes - Working,Not a Parkway - Trucks and Commercial Vehicles Allowed,"1,2","22. Truck - Sport Utility Vehicle (SUV),9. Bicycle","JEEP,UNK","2. Making Right Turn,15. Other","LIBERTY,BICYCLE",2011,5,5.Hampton Roads,1. No Adverse Condition (Clear/Cloudy),Not Provided,2. No,Not Provided,Not YOUNG
,Not ALCIHOL,Urban,0,0,,,Not UNBELTED,20,Female,B,2,BIKE,,1,1,,16. Other,"Not Provided,Not Provided","Not Provided,Not Provided",,,,7/15/2015,7/15/2015,20. Motor Vehicle In Transport,1921,B.Visiible Injury,2015,,0,1,Virginia Beach,Urban,20. Motor Vehicle In Transport,MAIN,6PM TO 9PM,134.Virginia Beach,,Not Intersection,Reset Filters,VDOT_OTHER,Wednesday,Not DEER,"East,East",,5,1,152115154,62,Male,"C,B","1,2","1. No Improper Action,37. Other","2. Not Deployed,3. Unavailable/Not Applicable","Not Applicable,Not Applicable","1. No Defects,8. Other","14. No Driver Distraction,14. No Driver Distraction","1. Had Not Been Drinking,1. Had Not Been Drinking","2. No,2. No","3. Totally Ejected,3. Totally Ejected","No,Yes","No,No","3. Lap and Shoulder Belt,5. Helmet","1. Not Obscured,1. Not Obscured",,,,,,,,,"20,20",1. On Roadway,"0,0",,,,Not GUARDRAIL,Not HIT_RUN,"10,5",1,1. Not at Intersection,,C,0,0,36.79623,36.79623,,,Not LRTRUCK,2. Daylight,UNLOCATED,-76.12064,-76.12064,MAINLINE,,,,,,,,"20,20",Not MOTORCYCLE,,.,,,,,,,1,,SEC_URBAN,,,,,,,,,,,,0,2,,0,0,,,,,,,,,Not PED,,2,0,Virginia Beach,134,5,NOT-RD,"13. Driveway, Alley-Access - Related",,,,1. Straight - Level,1. No Defects,"1. Two-Way, Not Divided",1. Dry,"2. Blacktop, Asphalt, Bituminous",1313 PERSHING COURT,UNKWN,SC,U-VA134SC99999UK,,3. No,"0,0",,,,,,Not SENIOR,,"5,5","25,25",Not SPEED,"25,25",,,"2. No,2. No",,"0,0",6PM TO 9PM,1,1,1. No Traffic Control,6. No Traffic Control Device Present,,"1,2","1. Passenger car,9. Bicycle","Volkswagen,MAGNA","1. Going Straight Ahead,15. Other","Passat Sedan,2 SPEED",20062013,5,5.Hampton Roads,1. No Adverse Condition (Clear/Cloudy),Not Provided,2. No,Not Provided,YOUNG
No Access Control,Not ALCIHOL,Urban,0,0,Bituminous Concrete (Black Base),SR-00225(L)/134-08736(R)/134-08786(L)/SR-0022,Not UNBELTED,17,Male,B,1,BIKE,0,1,1,,2. Angle,"Not Provided,Not Provided","Not Provided,Not Provided",13400011,0,5,7/16/2015,7/16/2015,22. Bicycle,1214,B.Visiible Injury,2015,Left and Right sides,0,0,Virginia Beach,Urban,22. Bicycle,MAIN,12PM TO 3PM,134.Virginia Beach,0,Intersection,Reset Filters,VDOT_OTHER,Thursday,Not DEER,"East,South",,5,1,151985050,42,Female,"B,PDO","1,2","21. Disregarded Traffic Signal,1. No Improper Action","3. Unavailable/Not Applicable,2. Not Deployed","Not Applicable,Not Applicable","1. No Defects,1. No Defects","14. No Driver Distraction,14. No Driver Distraction","1. Had Not Been Drinking,1. Had Not Been Drinking","2. No,2. No","3. Totally Ejected,1. Not Ejected","Yes,No","No,No","8. No Restraint Used,3. Lap and Shoulder Belt","1. Not Obscured,1. Not Obscured",,,0,737252,IS-00264-E017A(R)/,0,1,"1.Divided, no control of access","20,22",1. On Roadway,"0,0",H,H.Urban Minor Arterial,Other City or Town Streets (not state maintained),Not GUARDRAIL,Not HIT_RUN,"9,1",1,4. Four Approaches,151985050,C,0,0,36.83063,36.83063,0,0.05,Not LRTRUCK,2. Daylight,LOCATED,-76.13741,-76.13741,MAINLINE,MAIN,0,0,Curbed Grass,4,4,Divided Roadway,"20,22",Not MOTORCYCLE,541195,541195.  SR00225       SR00225N000A 13400011      13408736      13408786,89666,87758,88543,85428,91180,7,1,0,SEC_URBAN,,,,,,,,,0,0,90,0,1,,0,0,,,,,,,,,Not PED,,1,0,Virginia Beach,134,5,NOT-RD,9. Within Intersection,0,0,0,1. Straight - Level,1. No Defects,"3. Two-Way, Divided, Positive Median Barrier",1. Dry,"2. Blacktop, Asphalt, Bituminous",BAXTER RD,URB,UR,R-VA134UR00011EB,"Urbanized (Population 200,000 and over)",3. No,"0,0",76338,73976,74659,71949,77028,Not SENIOR,Left side,"5,45","45,45",Not SPEED,"45,45",541195,0,"1. Yes,2. No",0,"0,0",12PM TO 3PM,1,1,3. Traffic Signal,1. Yes - Working,Not a Parkway - Trucks and Commercial Vehicles Allowed,"1,2","9. Bicycle,22. Truck - Sport Utility Vehicle (SUV)",SATURN,"1. Going Straight Ahead,1. Going Straight Ahead","BICYCLE,VUE",2002,5,5.Hampton Roads,1. No Adverse Condition (Clear/Cloudy),Not Provided,2. No,Not Provided,YOUNG
No Access Control,Not ALCIHOL,Urban,0,0,Bituminous Concrete (Black Base),RAINBOW DRIVE(B)/,Not UNBELTED,23,Male,B,1,BIKE,2.38,1,1,,2. Angle,"Not Provided,Not Provided","Not Provided,Not Provided",13408627,2.696,4,7/21/2015,7/21/2015,20. Motor Vehicle In Transport,1609,B.Visiible Injury,2015,Left and Right sides,0,0,Virginia Beach,Urban,20. Motor Vehicle In Transport,MAIN,3PM TO 6PM,134.Virginia Beach,74,Intersection,Reset Filters,VDOT_OTHER,Tuesday,Not DEER,"East,South",,5,1,152045238,27,Not Provided,"B,PDO","1,2","11. Did Not Have Right-of-Way,1. No Improper Action","3. Unavailable/Not Applicable,2. Not Deployed","4. No Test,4. No Test","1. No Defects,1. No Defects","14. No Driver Distraction,14. No Driver Distraction","1. Had Not Been Drinking,1. Had Not Been Drinking","2. No,2. No","3. Totally Ejected,1. Not Ejected","Yes,No","No,No","8. No Restraint Used,3. Lap and Shoulder Belt","1. Not Obscured,1. Not Obscured",,,3,541155,SR-00165(B)/,0,1,"1.Divided, no control of access","20,22",1. On Roadway,"0,0",H,H.Urban Minor Arterial,Other City or Town Streets (not state maintained),Not GUARDRAIL,Not HIT_RUN,"10,0",1,4. Four Approaches,152045238,C,0,0,36.78899,36.78899,0,0.33,Not LRTRUCK,2. Daylight,LOCATED,-76.11287,-76.11287,MAINLINE,MAIN,0,0,Curbed Grass,16,4,Divided Roadway,"20,22",Not MOTORCYCLE,541155,541155.  SR00165       SR00165      13408627      13408627,60502,58535,58683,57377,62841,4,1,0.014,SEC_URBAN,,,,,,,,,0,0,52,0,1,,0,0,,,,,,,,,Not PED,,1,0,Virginia Beach,134,5,NOT-RD,10. Intersection Related - Within 150 Feet,0,2.5,2.69,1. Straight - Level,1. No Defects,"3. Two-Way, Divided, Positive Median Barrier",1. Dry,1. Concrete,2100 BLOCK S. INDEPENDENCE BOULEVARD,URB,UR,R-VA134UR08627SB,"Urbanized (Population 200,000 and over)",3. No,"39,0",8056,7608,7678,7400,7363,Not SENIOR,Left and Right sides,"5,10",,Not SPEED,45,724443,0,"1. Yes,Not Provided",0,"0,0",3PM TO 6PM,1,1,14. Ped Crosswalk,1. Yes - Working,Not a Parkway - Trucks and Commercial Vehicles Allowed,"1,2","9. Bicycle,1. Passenger car","BICYCLE,JEEP","1. Going Straight Ahead,3. Making Left Turn",WRANGLER,2008,5,5.Hampton Roads,1. No Adverse Condition (Clear/Cloudy),Not Provided,2. No,Not Provided,Not YOUNG
No Access Control,Not ALCIHOL,Urban,0,0,Dual Type,134-08612(B)/,Not UNBELTED,,Male,B,1,BIKE,0.63,1,1,,2. Angle,"Not Provided,Not Provided","Not Provided,Not Provided",SR00225,0.642,4,7/21/2015,7/21/2015,20. Motor Vehicle In Transport,1751,B.Visiible Injury,2015,Left and Right sides,0,0,Virginia Beach,Urban,20. Motor Vehicle In Transport,MAIN,3PM TO 6PM,134.Virginia Beach,63,Intersection,Reset Filters,VDOT_OTHER,Tuesday,Not DEER,"West,South",,5,1,152055218,34,Female,"B,PDO","1,2","11. Did Not Have Right-of-Way,1. No Improper Action","3. Unavailable/Not Applicable,2. Not Deployed","4. No Test,4. No Test","1. No Defects,1. No Defects","14. No Driver Distraction,14. No Driver Distraction","1. Had Not Been Drinking,1. Had Not Been Drinking","2. No,2. No","1. Not Ejected,1. Not Ejected","No,No","No,No","8. No Restraint Used,3. Lap and Shoulder Belt","1. Not Obscured,1. Not Obscured",,,1,541083,US-00058(B)/,0,1,"1.Divided, no control of access","20,22",1. On Roadway,"0,0",E,E.Urban Other Principle Arterials; Connecting Links of Other Rural Principal Arterial,Urban Extensions - Primary Routes,Not GUARDRAIL,Not HIT_RUN,"4,12",1,4. Four Approaches,152055218,C,0,0,36.84109,36.84109,0,0.17,Not LRTRUCK,2. Daylight,LOCATED,-76.13706,-76.13706,MAINLINE,MAIN,0,0,Curbed Grass,16,4,Divided Roadway,"20,22",Not MOTORCYCLE,541202,541202.  SR00225       SR00225      13408612      13408612,86949,79502,80236,77324,84803,6,1,0.012,PRI_URBAN,,,,,,,,,0,115,102,0,1,,0,0,,,,,,,,,Not PED,,1,0,Virginia Beach,134,5,NOT-RD,9. Within Intersection,0,0.5,0.64,1. Straight - Level,1. No Defects,"3. Two-Way, Divided, Positive Median Barrier",1. Dry,"2. Blacktop, Asphalt, Bituminous",123 INDEPENDENCE BLVD,STPRI,SR,R-VA   SR00225SB,"Urbanized (Population 200,000 and over)",3. No,"0,0",76365,70519,71170,68587,73128,Not SENIOR,Left and Right sides,20,"45,45",Not SPEED,"45,45",541202,0,"2. No,2. No",0,"0,0",3PM TO 6PM,1,1,3. Traffic Signal,1. Yes - Working,Not a Parkway - Trucks and Commercial Vehicles Allowed,"1,2","9. Bicycle,1. Passenger car","BICYCLE,NISSAN","15. Other,1. Going Straight Ahead","UNK,ALTIMA",20132005,5,5.Hampton Roads,1. No Adverse Condition (Clear/Cloudy),Not Provided,2. No,Not Provided,Not YOUNG
No Access Control,Not ALCIHOL,Urban,0,0,"N/A, Unknown, or Unstabilized",134-08744(R)/BOW CK BLVD,Not UNBELTED,17,Male,PDO,2,BIKE,0.47,0,0,,2. Angle,"Not Provided,Not Provided","Not Provided,Not Provided",13400013,0.472,3,7/21/2015,7/21/2015,20. Motor Vehicle In Transport,1657,PDO.Property Damage Only,2015,Left and Right sides,0,0,Virginia Beach,Urban,20. Motor Vehicle In Transport,MAIN,3PM TO 6PM,134.Virginia Beach,11,Intersection,Reset Filters,VDOT_OTHER,Tuesday,Not DEER,"North,South",,5,1,152055183,28,Female,"PDO,PDO","1,2","1. No Improper Action,10. Wrong Side Of Road - Not Overtaking","2. Not Deployed,3. Unavailable/Not Applicable","Not Applicable,Not Applicable","1. No Defects,1. No Defects","14. No Driver Distraction,14. No Driver Distraction","1. Had Not Been Drinking,1. Had Not Been Drinking","2. No,2. No","1. Not Ejected,3. Totally Ejected","No,No","No,No","3. Lap and Shoulder Belt,6. Other","1. Not Obscured,1. Not Obscured",,,1,541288,134-08742(L)/OLD FORGE RD,0,1,"1.Divided, no control of access","22,20",1. On Roadway,"0,0",H,H.Urban Minor Arterial,Other City or Town Streets (not state maintained),Not GUARDRAIL,Not HIT_RUN,"1,12",0,4. Four Approaches,152055183,C,0,0,36.82064,36.82064,0,0.16,Not LRTRUCK,2. Daylight,LOCATED,-76.09757,-76.09757,MAINLINE,MAIN,0,0,Curbed Grass,14,4,Divided Roadway,"22,20",Not MOTORCYCLE,541289,541289. 13400013      13400013      13408744,33035,31758,32051,30888,30266,4,1,0.002,SEC_URBAN,,,,,,,,,0,0,52,1,0,,0,0,,,,,,,,,Not PED,,0,0,Virginia Beach,134,5,NOT-RD,9. Within Intersection,0,0.25,0.47,1. Straight - Level,1. No Defects,"2. Two-Way, Divided, Unprotected Median",1. Dry,"2. Blacktop, Asphalt, Bituminous",598 S ROSEMONT RD,URB,UR,R-VA134UR00013NB,"Urbanized (Population 200,000 and over)",3. No,"0,0",29476,28778,29044,27990,27526,Not SENIOR,Left and Right sides,"1,2","25,25",Not SPEED,"25,25",541289,0,"2. No,1. Yes",0,"0,0",3PM TO 6PM,1,1,3. Traffic Signal,1. Yes - Working,Not a Parkway - Trucks and Commercial Vehicles Allowed,"1,2","22. Truck - Sport Utility Vehicle (SUV),9. Bicycle","HONDA,ROAD MASTER","2. Making Right Turn,1. Going Straight Ahead","PILOT,QUARRY",2016,5,5.Hampton Roads,1. No Adverse Condition (Clear/Cloudy),Not Provided,2. No,Not Provided,YOUNG
No Access Control,Not ALCIHOL,Urban,1,1,"Stabilized with Selected Material (Soil,Gravel,Stone,etc.)",133-02104(R)/,Not UNBELTED,17,Female,A,2,BIKE,2.73,0,1,,5. Sideswipe - Opposite Direction,"Not Provided,Not Provided","Not Provided,Not Provided",13300627,2.77,2,7/21/2015,7/21/2015,22. Bicycle,2130,A.Ambulatory Injury,2015,None,0,0,Suffolk,Urban,22. Bicycle,MAIN,9PM TO 12AM,133.Suffolk,211,Intersection,Reset Filters,VDOT_OTHER,Tuesday,Not DEER,"North,South",,5,1,152035039,38,Male,"PDO,A","1,2","34. Hit and Run,10. Wrong Side Of Road - Not Overtaking","2. Not Deployed,2. Not Deployed","4. No Test,4. No Test","1. No Defects,1. No Defects","14. No Driver Distraction,14. No Driver Distraction","1. Had Not Been Drinking,1. Had Not Been Drinking","2. No,2. No","1. Not Ejected,1. Not Ejected","No,Yes","Yes,No","3. Lap and Shoulder Belt,8. No Restraint Used","1. Not Obscured,1. Not Obscured",,,3,469087,133-09217(L)/133-02106(R)/,0,0,"0.Two-way, non-divided","22,22",1. On Roadway,"0,0",H,H.Urban Minor Arterial,Other City or Town Streets (not state maintained),Not GUARDRAIL,HIT_RUN,"3,3",1,1. Not at Intersection,152035039,C,0,0,36.84146,36.84146,6,0.14,Not LRTRUCK,5. Darkness - Road Not Lighted,LOCATED,-76.50368,-76.50368,MAINLINE,MAIN,0,0,0,0,0,Undivided Roadway,"22,22",Not MOTORCYCLE,743653,743653. 13300627      13300627,8429,8242,8289,9294,9479,2,1,0.04,SEC_URBAN,,,,,,,,,0,0,0,0,2,21,1,0,Female,B,1,15. Walking In Roadway Against Traffic - Sidewalks Not Available,4. No Test,1. No Defects,1. Had Not Been Drinking,2. No,PED,2. No,2,0,Suffolk,133,5,NOT-RD,1. Main-Line Roadway,6,2.75,2.77,1. Straight - Level,1. No Defects,"1. Two-Way, Not Divided",1. Dry,"2. Blacktop, Asphalt, Bituminous",BENNETTS PASTURE ROAD,URB,UR,R-VA133UR00627SB,"Urbanized (Population 200,000 and over)",3. No,"19,0",8429,8242,8289,9294,9479,Not SENIOR,None,"45,3","45,45",Not SPEED,"45,45",743653,0,"2. No,2. No",0,"0,0",9PM TO 12AM,1,1,6. Traffic Lanes Marked,1. Yes - Working,Not a Parkway - Trucks and Commercial Vehicles Allowed,"1,2","2. Truck - Pick-up/Passenger Truck,9. Bicycle",FORD,"1. Going Straight Ahead,1. Going Straight Ahead",F-150,2006,5,5.Hampton Roads,1. No Adverse Condition (Clear/Cloudy),Not Provided,2. No,Not Provided,YOUNG
,Not ALCIHOL,Urban,0,0,,,Not UNBELTED,56,Male,B,2,BIKE,,1,1,,2. Angle,"Not Provided,Not Provided","Not Provided,Not Provided",,,,7/22/2015,7/22/2015,22. Bicycle,1235,B.Visiible Injury,2015,,0,0,Virginia Beach,Urban,22. Bicycle,MAIN,12PM TO 3PM,134.Virginia Beach,,Not Intersection,Reset Filters,VDOT_OTHER,Wednesday,Not DEER,"East,North",,5,1,152155296,62,Male,"PDO,B","1,2","1. No Improper Action,11. Did Not Have Right-of-Way","3. Unavailable/Not Applicable,3. Unavailable/Not Applicable","Not Applicable,Not Applicable","1. No Defects,1. No Defects","14. No Driver Distraction,14. No Driver Distraction","1. Had Not Been Drinking,1. Had Not Been Drinking","Not Applicable,Not Applicable","1. Not Ejected,1. Not Ejected","No,Yes","No,No","3. Lap and Shoulder Belt,8. No Restraint Used","1. Not Obscured,1. Not Obscured",,,,,,,,,"22,20",1. On Roadway,"0,0",,,,Not GUARDRAIL,Not HIT_RUN,"1,10",1,3. Three Approaches,,C,0,0,36.86421,36.86421,,,Not LRTRUCK,2. Daylight,UNLOCATED,-76.02862,-76.02862,MAINLINE,,,,,,,,"22,20",Not MOTORCYCLE,,.,,,,,,,1,,SEC_URBAN,,,,,,,,,,,,0,1,,0,0,,,,,,,,,Not PED,,1,0,Virginia Beach,134,5,NOT-RD,9. Within Intersection,,,,1. Straight - Level,1. No Defects,"2. Two-Way, Divided, Unprotected Median",1. Dry,"2. Blacktop, Asphalt, Bituminous",1060 FIRST COLONIAL RD,UNKWN,SC,U-VA134SC99999UK,,3. No,"0,0",,,,,,Not SENIOR,,"2,5","25,45",Not SPEED,"25,45",,,"2. No,2. No",,"0,0",12PM TO 3PM,1,1,4. Stop Sign,1. Yes - Working,,"1,2","2. Truck - Pick-up/Passenger Truck,9. Bicycle","CHEVY,BIKE","2. Making Right Turn,1. Going Straight Ahead","3500,N/A",19892000,5,5.Hampton Roads,1. No Adverse Condition (Clear/Cloudy),Not Provided,2. No,Not Provided,Not YOUNG