Access Control,Alcohol Notalcohol,Area Type1,A Crash,A People,Basetypedesc,Begin Node Dsc,Belted Unbelted,Bikeage,Bikegen,Bikeinjurytype,Bikevehiclenumber,Bike Nonbike,BMP,B Crash,B People,Carspeedlimit,Collision Type,Comm Cargo Body Type Cd,Comm Vehicle Body Type Cd,Cotedrouteid,Coted Mp,Count App,CRASH_DT (copy),Crash Dt,Crash Event Type Dsc,Crash Military Tm,Crash Severity,Crash Year,Curbgutterdesc,C Crash,C People,Juris Name Used,Area Type Used,First Harmful Event of Entire Crash,MAINLINE,Time Slicing Used,Phy_Juris_Nm,Offset-Ft,Intersection Analysis,Clear,Calculation_9640323132123359,Day Of Week,Deer Nodeer,Direction Of Travel Cd,Distracted Notdistracted,VSP,TOTAL CRASH,Document Nbr,Driverage,Drivergen,Driverinjurytype,Drivervehiclenumber,Driver Action Type Cd,Driver Airbag Deployment,Driver Alcohol Test Type Cd,Driver Condition Type Cd,Driver Distraction Type Cd,Driver Drinking Type Cd,Driver Drug Use Cd,Driver Ejected From Vehicle,Driver Ems Transport Ind,Driver Fled Scene Ind,Driver Safety Equip Used,Driver Vis Obscured Type Cd,Drowsy Notdrowsy,Drug Nodrug,EMP,End Node,End Node Dsc,End Offset,Facility,FAC,First Crash Event Cd,First Harmful Event,Fourth Crash Event Cd,Functionalclass,FUN,Govcondesc,Gr Nogr,Hitrun Not Hitrun,Initial Veh Impact Area Cd,Injury Crashes,Intersection Type,Int Doc,Jurtype,K_CRASH,K People,LAT (copy),LAT,Leftshoulderwidth,Length,Lgtruck Nonlgtruck,Light Condition,Located Unlocated,LON (copy),LON,MAINLINE (group),Mainline Yn,Medianleftshoulderwidth,Medianrightshoulderwidth,Mediantypedesc,Medianwidthmax,Medianwidthmin,Median Type,Most Harmful Crash Event Cd,Motor Nonmotor,Node,Node Info,Node Totaadt2011,Node Totaadt2012,Node Totaadt2013,Node Totaadt2014,Node Totaadt2015,Numberoflane,Number of Records,Offset,Ownership,Passage,Passgen,Passinjurytype,Passvehiclenumber,Pass Airbag Deployment,Pass Ejected From Vehicle,Pass Ems Transport Ind,Pass Safety Equip Used,Pavementconditionvalue,Pavementroughnessvalue,Pavementwidth,Pdo Crash,Total People Killed & Injured,Pedage,Pedestrians Injured,Pedestrians Killed,Pedgen,Pedinjurytype,Pednumber,Ped Action,Ped Al Test,Ped Cond,Ped Drink,Ped Drug,Ped Nonped,Ped Rflct,Persons Injured,Persons Killed,Physical Juris Nm,PJR,VSP_Used,Rd Type,Relation To Roadway,Rightshoulderwidth,RNS_MP (0.25 mi bin),Rns Mp,Roadway Alignment,Roadway Defect,Roadway Description,Roadway Surface Cond,Roadway Surface Type,Route Or Street Nm,Rte Category Cd,Rte Cat,Rte Nm,Ruralurbandesc,School Zone,Second Crash Event Cd,Segtotaadt2011,Segtotaadt2012,Segtotaadt2013,Segtotaadt2014,Segtotaadt2015,Senior Notsenior,Sidewalkdesc,Speed Before,Speed Max Safe,Speed Notspeed,Speed Posted,Start Node,Start Offset,Summons Issued Cd,Surfacedesc,Third Crash Event Cd,Time Slicing,Total Crashes including Property Damage Only,Total Crash,Traffic Control Type,Trfc Ctrl Status Type,Truckcommr,Vehiclenumber,Vehicle Body Type Cd,Vehicle Make Nm,Vehicle Maneuver Type Cd,Vehicle Model Nm,Vehicle Year Nbr,District,District_Used ,Weather Condition,Work Zone Location,Work Zone Related,Work Zone Type,Young Notyoung
No Access Control,Not ALCIHOL,Rural,0,0,"Stabilized with Selected Material (Soil,Gravel,Stone,etc.)",47-00764(R)/,Not UNBELTED,36,Male,B,2,BIKE,0.3,1,1,35,4. Sideswipe - Same Direction,"Not Provided,Not Provided","Not Provided,Not Provided",4700611,0.372,2,7/22/2015,7/22/2015,22. Bicycle,1243,B.Visiible Injury,2015,None,0,0,James City,Rural,22. Bicycle,MAIN,12PM TO 3PM,47.James City,908,Intersection,Reset Filters,VDOT_OTHER,Wednesday,Not DEER,"North,North",,5,1,152055051,31,Female,"PDO,B","1,2","34. Hit and Run,Not Applicable","Not Provided,3. Unavailable/Not Applicable","Not Applicable,Not Applicable","9. Unknown,Not Applicable","Not Applicable,Not Applicable","6. Unknown,Not Applicable","Not Applicable,Not Applicable","Not Provided,3. Totally Ejected","No,No","Yes,No","Not Provided,8. No Restraint Used","Not Applicable,Not Applicable",,,2,398043,47-00764(R)/,1.7,0,"0.Two-way, non-divided","22,20",1. On Roadway,"0,0",6,6.Rural Local,State Secondary,Not GUARDRAIL,HIT_RUN,"2,2",1,1. Not at Intersection,152055051,N,0,0,37.30813,37.30813,4,1.6,Not LRTRUCK,2. Daylight,LOCATED,-76.8336,-76.8336,MAINLINE,MAIN,0,0,0,0,0,Undivided Roadway,"22,20",Not MOTORCYCLE,398043,398043.  4700611       4700611,220,220,215,215,215,2,1,0.172,VDOT_SEC,,,,,,,,,0,0,0,0,1,,0,0,,,,,,,,,Not PED,,1,0,James City,47,5,NOT-RD,8. Non-Intersection,4,0.25,0.37,1. Straight - Level,1. No Defects,"1. Two-Way, Not Divided",1. Dry,"2. Blacktop, Asphalt, Bituminous",2210 JOLLY POND RD,SEC,SC,R-VA047SC00611WB,Rural,3. No,"0,39",1172,1172,1056,1056,1056,Not SENIOR,None,"40,10","45,15",Not SPEED,"45,35",398043,0.1,"2. No,Not Provided",Paved (unofficial definition),"0,0",12PM TO 3PM,1,1,1. No Traffic Control,6. No Traffic Control Device Present,Not a Parkway - Trucks and Commercial Vehicles Allowed,"1,2","4. Truck - Single Unit Truck (2-Axles),9. Bicycle",DODG,"1. Going Straight Ahead,1. Going Straight Ahead",DAKOTA,,5,5.Hampton Roads,1. No Adverse Condition (Clear/Cloudy),Not Provided,2. No,Not Provided,Not YOUNG
No Access Control,Not ALCIHOL,Urban,0,0,Dual Type,FOREST HAVEN LN(B)/,Not UNBELTED,,Female,B,2,BIKE,33.38,1,1,,2. Angle,"Not Provided,Not Provided","Not Provided,Not Provided",US00017,33.388,3,7/22/2015,7/22/2015,22. Bicycle,1530,B.Visiible Injury,2015,None,0,0,Chesapeake,Urban,22. Bicycle,MAIN,3PM TO 6PM,131.Chesapeake,222,Intersection,Reset Filters,VDOT_OTHER,Wednesday,Not DEER,"Not Provided,West",,5,1,152035289,,Not Provided,"PDO,B","1,2","34. Hit and Run,1. No Improper Action","Not Provided,3. Unavailable/Not Applicable","Not Applicable,Not Applicable","9. Unknown,1. No Defects","Not Applicable,Not Applicable","6. Unknown,1. Had Not Been Drinking","3. Unknown,Not Applicable","Not Provided,3. Totally Ejected","NotProvided,Yes","Yes,No","Not Provided,8. No Restraint Used","1. Not Obscured,1. Not Obscured",,,33,483054,131-08531(L)/DUNEDIN DR,0,1,"1.Divided, no control of access","22,20",2. Shoulder,"0,0",E,E.Urban Other Principle Arterials; Connecting Links of Other Rural Principal Arterial,Urban Extensions - Primary Routes,Not GUARDRAIL,HIT_RUN,"1,12",1,1. Not at Intersection,152035289,C,0,0,36.86528,36.86528,8,0.05,Not LRTRUCK,2. Daylight,LOCATED,-76.41993,-76.41993,MAINLINE,MAIN,3,3,Grass/Unprotected,18,18,Divided Roadway,"22,20",Not MOTORCYCLE,483054,483054.  US00017       US00017      13108531,23431,23534,23219,23402,23193,4,1,0.042,PRI_URBAN,,,,,,,,,0,137,46,0,1,,0,0,,,,,,,,,Not PED,,1,0,Chesapeake,131,5,NOT-RD,"13. Driveway, Alley-Access - Related",8,33.25,33.43,1. Straight - Level,1. No Defects,"3. Two-Way, Divided, Positive Median Barrier",1. Dry,"2. Blacktop, Asphalt, Bituminous",WESTERN BRANCH BLVD,USPRI,US,R-VA   US00017SB,"Urbanized (Population 200,000 and over)",3. No,"0,0",22596,22717,22398,22586,22361,Not SENIOR,None,,"0,0",Not SPEED,"45,45",483055,0.36,"Not Provided,Not Provided",0,"0,0",3PM TO 6PM,1,1,6. Traffic Lanes Marked,1. Yes - Working,Truck Access System,"1,2","1. Passenger car,9. Bicycle","CHEVY,BICYCLE","2. Making Right Turn,1. Going Straight Ahead","2D,UNKNOWN",2000,5,5.Hampton Roads,1. No Adverse Condition (Clear/Cloudy),Not Provided,2. No,Not Provided,Not YOUNG
,Not ALCIHOL,Urban,0,0,,,Not UNBELTED,25,Male,B,2,BIKE,,1,1,,1. Rear End,"Not Provided,Not Provided","Not Provided,Not Provided",,,,7/22/2015,7/22/2015,22. Bicycle,1800,B.Visiible Injury,2015,,0,0,Virginia Beach,Urban,22. Bicycle,MAIN,3PM TO 6PM,134.Virginia Beach,,Not Intersection,Reset Filters,VDOT_OTHER,Wednesday,Not DEER,"Not Provided,West",,5,1,152155042,,Not Provided,"PDO,B","1,2","34. Hit and Run,1. No Improper Action","Not Provided,3. Unavailable/Not Applicable","4. No Test,4. No Test","9. Unknown,1. No Defects","14. No Driver Distraction,14. No Driver Distraction","6. Unknown,1. Had Not Been Drinking","3. Unknown,2. No","Not Provided,1. Not Ejected","NotProvided,No","Yes,No","Not Provided,8. No Restraint Used","1. Not Obscured,1. Not Obscured",,,,,,,,,"22,39",1. On Roadway,"0,0",,,,Not GUARDRAIL,HIT_RUN,"12,6",1,4. Four Approaches,,C,0,0,36.83641,36.83641,,,Not LRTRUCK,4. Darkness - Road Lighted,UNLOCATED,-76.15938,-76.15938,MAINLINE,,,,,,,,"22,39",Not MOTORCYCLE,,.,,,,,,,1,,SEC_URBAN,,,,,,,,,,,,0,1,,0,0,,,,,,,,,Not PED,,1,0,Virginia Beach,134,5,NOT-RD,9. Within Intersection,,,,1. Straight - Level,1. No Defects,"1. Two-Way, Not Divided",1. Dry,"2. Blacktop, Asphalt, Bituminous",200 GRAYSON RD,UNKWN,SC,U-VA134SC99999UK,,3. No,"0,0",,,,,,Not SENIOR,,5,"25,25",Not SPEED,"25,25",,,"Not Provided,2. No",,"0,0",3PM TO 6PM,1,1,3. Traffic Signal,1. Yes - Working,,"1,2","1. Passenger car,9. Bicycle","HONDA,MONGOOSE","2. Making Right Turn,2. Making Right Turn","CIVIC,BMX BICYCLE",1990,5,5.Hampton Roads,1. No Adverse Condition (Clear/Cloudy),Not Provided,2. No,Not Provided,Not YOUNG
No Access Control,Not ALCIHOL,Urban,0,0,"N/A, Unknown, or Unstabilized",KINGS POINT ROAD(L)/CLUB HOUSE ROAD(R)/,Not UNBELTED,30,Male,B,1,BIKE,0.83,1,1,,2. Angle,"Not Provided,Not Provided","Not Provided,Not Provided",13400013,0.926,3,7/22/2015,7/22/2015,22. Bicycle,844,B.Visiible Injury,2015,Left and Right sides,0,0,Virginia Beach,Urban,22. Bicycle,MAIN,6AM TO 9AM,134.Virginia Beach,338,Intersection,Reset Filters,VDOT_OTHER,Wednesday,Not DEER,"North,East",,5,1,152085053,36,Female,"B,PDO","1,2","37. Other,1. No Improper Action","2. Not Deployed,2. Not Deployed","4. No Test,4. No Test","1. No Defects,1. No Defects","14. No Driver Distraction,14. No Driver Distraction","1. Had Not Been Drinking,1. Had Not Been Drinking","1. Yes,2. No","1. Not Ejected,1. Not Ejected","Yes,NotProvided","No,No","9. Not Applicable,3. Lap and Shoulder Belt","1. Not Obscured,1. Not Obscured",,DRUG_USE,1,541287,134-08750(R)/SILINA DRIVE(L)/,0,1,"1.Divided, no control of access","20,22",1. On Roadway,"0,0",H,H.Urban Minor Arterial,Other City or Town Streets (not state maintained),Not GUARDRAIL,Not HIT_RUN,"9,12",1,3. Three Approaches,152085053,C,0,0,36.82691,36.82691,0,0.16,Not LRTRUCK,2. Daylight,LOCATED,-76.09612,-76.09612,MAINLINE,MAIN,0,0,Curbed Grass,14,4,Divided Roadway,"20,22",Not MOTORCYCLE,541287,541287. 13400013      13400013      13408750,33447,32468,32768,31579,31017,4,1,0.064,SEC_URBAN,,,,,,,,,0,0,52,0,1,,0,0,,,,,,,,,Not PED,,1,0,Virginia Beach,134,5,NOT-RD,1. Main-Line Roadway,0,0.75,0.93,1. Straight - Level,1. No Defects,"3. Two-Way, Divided, Positive Median Barrier",1. Dry,"2. Blacktop, Asphalt, Bituminous",ROSEMONT RD,URB,UR,R-VA134UR00013SB,"Urbanized (Population 200,000 and over)",3. No,"0,0",29476,28778,29044,27990,27526,Not SENIOR,Left and Right sides,"1,2",35,Not SPEED,35,735003,0,"1. Yes,Not Provided",0,"0,0",6AM TO 9AM,1,1,4. Stop Sign,1. Yes - Working,Not a Parkway - Trucks and Commercial Vehicles Allowed,"1,2","9. Bicycle,1. Passenger car","OTH,JEEP","1. Going Straight Ahead,2. Making Right Turn","BICYCLE,WRANGLER",2014,5,5.Hampton Roads,1. No Adverse Condition (Clear/Cloudy),Not Provided,2. No,Not Provided,Not YOUNG
No Access Control,Not ALCIHOL,Urban,0,0,Bituminous Concrete (Black Base),SNUG HARBOR DRIVE/,Not UNBELTED,57,Male,B,1,BIKE,3.26,1,1,,2. Angle,"Not Provided,Not Provided","Not Provided,Not Provided",13408627,3.26,4,11/20/2012,11/20/2012,22. Bicycle,1632,B.Visiible Injury,2012,Left and Right sides,0,0,Virginia Beach,Urban,22. Bicycle,MAIN,3PM TO 6PM,134.Virginia Beach,528,Intersection,Reset Filters,VDOT_OTHER,Tuesday,Not DEER,"East,South",,5,1,123365188,59,Male,"B,PDO","1,2","8. Cutting In,1. No Improper Action","3. Unavailable/Not Applicable,2. Not Deployed","Not Applicable,Not Applicable","1. No Defects,1. No Defects","14. No Driver Distraction,14. No Driver Distraction","1. Had Not Been Drinking,1. Had Not Been Drinking","Not Applicable,Not Applicable","3. Totally Ejected,1. Not Ejected","Yes,No","No,No","9. Not Applicable,3. Lap and Shoulder Belt","1. Not Obscured,1. Not Obscured",,,3,541350,BOATWRIGHT LANE/,0,1,"1.Divided, no control of access","20,22",1. On Roadway,"0,0",H,H.Urban Minor Arterial,Other City or Town Streets (not state maintained),Not GUARDRAIL,Not HIT_RUN,"9,12",1,3. Three Approaches,123365188,C,0,0,36.796175,36.796175,0,0.07,Not LRTRUCK,2. Daylight,LOCATED,-76.108118,-76.108118,MAINLINE,MAIN,6,6,Grass/Unprotected,40,24,Divided Roadway,"20,22",Not MOTORCYCLE,541348,541348. 13408627      13408627      13408717      13408717,53306,52116,52597,50688,51879,4,1,0.1,SEC_URBAN,,,,,,,,,0,0,52,0,1,,0,0,,,,,,,,,Not PED,,1,0,Virginia Beach,134,5,NOT-RD,9. Within Intersection,0,3.25,3.26,1. Straight - Level,1. No Defects,"2. Two-Way, Divided, Unprotected Median",1. Dry,"2. Blacktop, Asphalt, Bituminous",1972 INDEPENDENCE BLVD,URB,UR,R-VA134UR08627SB,"Urbanized (Population 200,000 and over)",3. No,"0,0",24984,25066,25297,24379,25174,Not SENIOR,Left and Right sides,"5,5","45,45",Not SPEED,"45,45",541349,0,"3. Pending,3. Pending",0,"0,0",3PM TO 6PM,1,1,4. Stop Sign,1. Yes - Working,Not a Parkway - Trucks and Commercial Vehicles Allowed,"1,2","9. Bicycle,1. Passenger car","BICYCLE,HONDA","1. Going Straight Ahead,1. Going Straight Ahead",ACCORD,1992,5,5.Hampton Roads,1. No Adverse Condition (Clear/Cloudy),Not Provided,2. No,Not Provided,Not YOUNG
No Access Control,Not ALCIHOL,Urban,0,0,"N/A, Unknown, or Unstabilized",SR-00143(B)/,Not UNBELTED,55,Male,B,1,BIKE,0,1,1,,2. Angle,"Not Provided,Not Provided","Not Provided,Not Provided",12107012,0.006,3,11/20/2012,11/20/2012,22. Bicycle,800,B.Visiible Injury,2012,Right side,0,0,Newport News,Urban,22. Bicycle,MAIN,6AM TO 9AM,121.Newport News,32,Intersection,Reset Filters,VDOT_OTHER,Tuesday,Not DEER,"South,North",,5,1,130440089,65,Male,"B,PDO","1,2","2. Exceeded Speed Limit,1. No Improper Action","3. Unavailable/Not Applicable,2. Not Deployed","4. No Test,4. No Test","8. Other,1. No Defects","Not Applicable,Not Applicable","1. Had Not Been Drinking,1. Had Not Been Drinking","Not Applicable,Not Applicable","3. Totally Ejected,1. Not Ejected","No,No","No,No","8. No Restraint Used,3. Lap and Shoulder Belt","1. Not Obscured,11. Moving Vehicle(s)",,,0,646112,SR-00143(B)/,0.05,0,"0.Two-way, non-divided","20,22",1. On Roadway,"0,0",H,H.Urban Minor Arterial,Other City or Town Streets (not state maintained),Not GUARDRAIL,Not HIT_RUN,"12,1",1,4. Four Approaches,130440089,C,0,0,37.005871,37.005871,0,0.05,Not LRTRUCK,2. Daylight,LOCATED,-76.435991,-76.435991,MAINLINE,MAIN,0,0,0,0,0,Undivided Roadway,"20,22",Not MOTORCYCLE,646112,646112.  SR00143       SR00143      12107012,33222,34215,25911,25762,26716,2,1,0.006,SEC_URBAN,,,,,,,,,0,0,38,0,1,,0,0,,,,,,,,,Not PED,,1,0,Newport News,121,5,NOT-RD,9. Within Intersection,0,0,0,1. Straight - Level,1. No Defects,"3. Two-Way, Divided, Positive Median Barrier",1. Dry,"2. Blacktop, Asphalt, Bituminous",brairfield rd,URB,UR,R-VA121UR07012WB,"Urbanized (Population 200,000 and over)",3. No,"0,0",7483,7318,6952,6704,6840,SENIOR,Right side,"5,0",0,Not SPEED,"4,0",646112,0,"1. Yes,2. No",0,"0,0",6AM TO 9AM,1,1,3. Traffic Signal,1. Yes - Working,Not a Parkway - Trucks and Commercial Vehicles Allowed,"1,2","9. Bicycle,22. Truck - Sport Utility Vehicle (SUV)",HYUNDAI,"1. Going Straight Ahead,8. Stopped in Traffic Lane",SANTA FE,2004,5,5.Hampton Roads,1. No Adverse Condition (Clear/Cloudy),Not Provided,2. No,Not Provided,Not YOUNG
,Not ALCIHOL,Urban,0,0,,,Not UNBELTED,54,Female,B,1,BIKE,,1,1,,2. Angle,"Not Provided,Not Provided","Not Provided,Not Provided",,,,11/20/2012,11/20/2012,22. Bicycle,1430,B.Visiible Injury,2012,,0,0,Norfolk,Urban,22. Bicycle,MAIN,12PM TO 3PM,122.Norfolk,,Not Intersection,Reset Filters,VDOT_OTHER,Tuesday,Not DEER,"West,West",,5,1,130360102,,Female,"B,PDO","1,2","1. No Improper Action,34. Hit and Run","3. Unavailable/Not Applicable,Not Provided","Not Applicable,Not Applicable","1. No Defects,9. Unknown","Not Applicable,Not Applicable","6. Unknown,6. Unknown","3. Unknown,3. Unknown","1. Not Ejected,Not Provided","No,NotProvided","No,Yes","5. Helmet,Not Provided","1. Not Obscured,Not Applicable",,,,,,,,,"20,22",1. On Roadway,"0,0",,,,Not GUARDRAIL,HIT_RUN,"1,10",1,4. Four Approaches,,C,0,0,36.868271,36.868271,,,Not LRTRUCK,2. Daylight,UNLOCATED,-76.292195,-76.292195,MAINLINE,,,,,,,,"20,22",Not MOTORCYCLE,,.,,,,,,,1,,SEC_URBAN,,,,,,,,,,,,0,1,,0,0,,,,,,,,,Not PED,,1,0,Norfolk,122,5,NOT-RD,9. Within Intersection,,,,1. Straight - Level,1. No Defects,"1. Two-Way, Not Divided",1. Dry,"2. Blacktop, Asphalt, Bituminous",400 BLK 20TH STREET,UNKWN,SC,U-VA122SC99999UK,,3. No,"0,0",,,,,,Not SENIOR,,,"0,0",Not SPEED,"0,0",,,"2. No,3. Pending",,"0,0",12PM TO 3PM,1,1,4. Stop Sign,1. Yes - Working,,"1,2","9. Bicycle,1. Passenger car",,"3. Making Left Turn,1. Going Straight Ahead",,,5,5.Hampton Roads,1. No Adverse Condition (Clear/Cloudy),Not Provided,2. No,Not Provided,Not YOUNG
,Not ALCIHOL,Urban,0,0,,,Not UNBELTED,15,Female,B,1,BIKE,,1,1,,2. Angle,"Not Provided,Not Provided","Not Provided,Not Provided",,,,11/20/2012,11/20/2012,20. Motor Vehicle In Transport,1445,B.Visiible Injury,2012,,0,0,Norfolk,Urban,20. Motor Vehicle In Transport,MAIN,12PM TO 3PM,122.Norfolk,,Not Intersection,Reset Filters,VDOT_OTHER,Tuesday,Not DEER,"North,North",DISTRACTED,5,1,130080091,52,Female,"B,PDO","1,2","17. Other Improper Turn,1. No Improper Action","3. Unavailable/Not Applicable,2. Not Deployed","4. No Test,4. No Test","1. No Defects,1. No Defects","6. Cell Phone,Not Applicable","1. Had Not Been Drinking,1. Had Not Been Drinking","2. No,2. No","1. Not Ejected,1. Not Ejected","Yes,No","No,No","9. Not Applicable,3. Lap and Shoulder Belt","1. Not Obscured,1. Not Obscured",,,,,,,,,"20,22",1. On Roadway,"0,0",,,,Not GUARDRAIL,Not HIT_RUN,"10,12",1,4. Four Approaches,,C,0,0,36.891058,36.891058,,,Not LRTRUCK,2. Daylight,UNLOCATED,-76.304886,-76.304886,MAINLINE,,,,,,,,"20,22",Not MOTORCYCLE,,.,,,,,,,1,,SEC_URBAN,,,,,,,,,,,,0,1,,0,0,,,,,,,,,Not PED,,1,0,Norfolk,122,5,NOT-RD,9. Within Intersection,,,,1. Straight - Level,1. No Defects,"1. Two-Way, Not Divided",1. Dry,1. Concrete,5300 upper brandon pl,UNKWN,SC,U-VA122SC99999UK,,3. No,"0,0",,,,,,Not SENIOR,,"10,10","25,25",Not SPEED,"25,25",,,"2. No,2. No",,"0,0",12PM TO 3PM,1,1,4. Stop Sign,1. Yes - Working,,"1,2","9. Bicycle,1. Passenger car","pacific,lexus","3. Making Left Turn,1. Going Straight Ahead",highlander,2005,5,5.Hampton Roads,1. No Adverse Condition (Clear/Cloudy),Not Provided,2. No,Not Provided,YOUNG
,Not ALCIHOL,Urban,0,0,,,Not UNBELTED,20,0,B,1,BIKE,,1,1,,3. Head On,"Not Provided,Not Provided","Not Provided,Not Provided",,,,11/21/2012,11/21/2012,20. Motor Vehicle In Transport,1115,B.Visiible Injury,2012,,0,1,Virginia Beach,Urban,20. Motor Vehicle In Transport,MAIN,9AM TO 12PM,134.Virginia Beach,,Not Intersection,Reset Filters,VDOT_OTHER,Wednesday,Not DEER,"East,East",DISTRACTED,5,1,123285038,45,Male,"B,C","1,2","13. Fail to Signal or Improper Signal,1. No Improper Action","3. Unavailable/Not Applicable,2. Not Deployed","4. No Test,4. No Test","1. No Defects,1. No Defects","5. Radio/CD, etc.,14. No Driver Distraction","1. Had Not Been Drinking,1. Had Not Been Drinking","2. No,2. No","3. Totally Ejected,1. Not Ejected","Yes,No","No,No","9. Not Applicable,3. Lap and Shoulder Belt","13. Other,1. Not Obscured",,,,,,,,,"20,22",1. On Roadway,"0,0",,,,Not GUARDRAIL,Not HIT_RUN,"9,12",1,3. Three Approaches,,C,0,0,36.82252,36.82252,,,Not LRTRUCK,2. Daylight,UNLOCATED,-76.087614,-76.087614,MAINLINE,,,,,,,,"20,22",Not MOTORCYCLE,,.,,,,,,,1,,SEC_URBAN,,,,,,,,,,,,0,2,,0,0,,,,,,,,,Not PED,,2,0,Virginia Beach,134,5,NOT-RD,9. Within Intersection,,,,2. Curve - Level,1. No Defects,"1. Two-Way, Not Divided",1. Dry,"2. Blacktop, Asphalt, Bituminous",S CLUB HOUSE RD,UNKWN,SC,U-VA134SC99999UK,,3. No,"0,0",,,,,,Not SENIOR,,"10,25","25,25",Not SPEED,"25,25",,,"2. No,2. No",,"0,0",9AM TO 12PM,1,1,6. Traffic Lanes Marked,6. No Traffic Control Device Present,,"1,2","9. Bicycle,3. Van",FORD,"3. Making Left Turn,1. Going Straight Ahead","BICYCLE,VAN",1994,5,5.Hampton Roads,1. No Adverse Condition (Clear/Cloudy),Not Provided,2. No,Not Provided,YOUNG
No Access Control,Not ALCIHOL,Urban,0,0,Portland Cement Concrete,122-08639(B)/INGLESIDE AV,Not UNBELTED,28,Male,B,1,BIKE,494.27,1,1,,3. Head On,"Not Provided,Not Provided","Not Provided,Not Provided",US00058,494.391,4,7/24/2015,7/24/2015,20. Motor Vehicle In Transport,1345,B.Visiible Injury,2015,Left and Right sides,0,0,Norfolk,Urban,20. Motor Vehicle In Transport,MAIN,12PM TO 3PM,122.Norfolk,639,Intersection,Reset Filters,VDOT_OTHER,Friday,Not DEER,"East,South",,5,1,152390015,36,Female,"B,PDO","1,2","10. Wrong Side Of Road - Not Overtaking,1. No Improper Action","3. Unavailable/Not Applicable,2. Not Deployed","Not Applicable,Not Applicable","1. No Defects,1. No Defects","Not Applicable,Not Applicable","1. Had Not Been Drinking,1. Had Not Been Drinking","2. No,2. No","1. Not Ejected,1. Not Ejected","Yes,No","No,No","9. Not Applicable,3. Lap and Shoulder Belt","1. Not Obscured,1. Not Obscured",,,495,483124,122-08641(L)/AZALEA GARDEN RD,0,1,"1.Divided, no control of access","20,22","8. Off Roadway, Location Unknown","0,0",E,E.Urban Other Principle Arterials; Connecting Links of Other Rural Principal Arterial,Urban Extensions - Primary Routes,Not GUARDRAIL,Not HIT_RUN,"0,12",1,1. Not at Intersection,152390015,C,0,0,36.85489,36.85489,0,0.42,Not LRTRUCK,2. Daylight,LOCATED,-76.23718,-76.23718,MAINLINE,MAIN,0,0,Curbed Grass,22,4,Divided Roadway,"20,22",Not MOTORCYCLE,483125,483125.  US00058       US00058      12208639      12208639,33546,37675,38023,36643,37021,6,1,0.121,PRI_URBAN,,,,,,,,,0,163,78,0,1,,0,0,,,,,,,,,Not PED,,1,0,Norfolk,122,5,NOT-RD,12. Crossover Related,0,494.5,494.5,1. Straight - Level,1. No Defects,"3. Two-Way, Divided, Positive Median Barrier",1. Dry,1. Concrete,3661 E. VIRGINIA BEACH BLVD,USPRI,US,R-VA   US00058EB,"Urbanized (Population 200,000 and over)",3. No,"0,0",25171,30084,30362,29260,29058,Not SENIOR,None,10,"0,40",Not SPEED,"0,40",483125,0,"2. No,2. No",0,"0,0",12PM TO 3PM,1,1,1. No Traffic Control,6. No Traffic Control Device Present,Truck Access System,"1,2","9. Bicycle,1. Passenger car",CHEV,"1. Going Straight Ahead,2. Making Right Turn",COLORADO,2005,5,5.Hampton Roads,1. No Adverse Condition (Clear/Cloudy),Not Provided,2. No,Not Provided,Not YOUNG
,ALCOHOL,Urban,1,1,,,Not UNBELTED,45,Male,A,2,BIKE,,0,0,,2. Angle,"Not Provided,Not Provided","Not Provided,Not Provided",,,,7/25/2015,7/25/2015,22. Bicycle,1845,A.Ambulatory Injury,2015,,0,0,Newport News,Urban,22. Bicycle,MAIN,6PM TO 9PM,121.Newport News,,Not Intersection,Reset Filters,VDOT_OTHER,Saturday,Not DEER,"East,West",,5,1,160210104,,Not Provided,"PDO,A","1,2","37. Other,1. No Improper Action","Not Provided,3. Unavailable/Not Applicable","Not Applicable,4. No Test","9. Unknown,1. No Defects","Not Applicable,Not Applicable","6. Unknown,5. Drinking - Not Known Whether Impaired","3. Unknown,3. Unknown","Not Provided,1. Not Ejected","NotProvided,No","Yes,No","Not Provided,9. Not Applicable","Not Applicable,1. Not Obscured",,,,,,,,,"22,20",1. On Roadway,"0,0",,,,Not GUARDRAIL,HIT_RUN,"2,1",1,1. Not at Intersection,,C,0,0,37.12282,37.12282,,,Not LRTRUCK,2. Daylight,UNLOCATED,-76.54237,-76.54237,MAINLINE,,,,,,,,"22,20",Not MOTORCYCLE,,.,,,,,,,1,,SEC_URBAN,,,,,,,,,,,,0,1,,0,0,,,,,,,,,Not PED,,1,0,Newport News,121,5,NOT-RD,1. Main-Line Roadway,,,,2. Curve - Level,1. No Defects,"1. Two-Way, Not Divided",1. Dry,"2. Blacktop, Asphalt, Bituminous",217 WELLS RD,UNKWN,SC,U-VA121SC99999UK,,3. No,"0,0",,,,,,Not SENIOR,,"0,0","25,25",Not SPEED,"25,25",,,"Not Provided,2. No",,"0,0",6PM TO 9PM,1,1,1. No Traffic Control,6. No Traffic Control Device Present,,"1,2","22. Truck - Sport Utility Vehicle (SUV),9. Bicycle",JEEP,"1. Going Straight Ahead,1. Going Straight Ahead",CHEROKEE,,5,5.Hampton Roads,1. No Adverse Condition (Clear/Cloudy),Not Provided,2. No,Not Provided,Not YOUNG