Access Control,Alcohol Notalcohol,Area Type1,A Crash,A People,Basetypedesc,Begin Node Dsc,Belted Unbelted,Bikeage,Bikegen,Bikeinjurytype,Bikevehiclenumber,Bike Nonbike,BMP,B Crash,B People,Carspeedlimit,Collision Type,Comm Cargo Body Type Cd,Comm Vehicle Body Type Cd,Cotedrouteid,Coted Mp,Count App,CRASH_DT (copy),Crash Dt,Crash Event Type Dsc,Crash Military Tm,Crash Severity,Crash Year,Curbgutterdesc,C Crash,C People,Juris Name Used,Area Type Used,First Harmful Event of Entire Crash,MAINLINE,Time Slicing Used,Phy_Juris_Nm,Offset-Ft,Intersection Analysis,Clear,Calculation_9640323132123359,Day Of Week,Deer Nodeer,Direction Of Travel Cd,Distracted Notdistracted,VSP,TOTAL CRASH,Document Nbr,Driverage,Drivergen,Driverinjurytype,Drivervehiclenumber,Driver Action Type Cd,Driver Airbag Deployment,Driver Alcohol Test Type Cd,Driver Condition Type Cd,Driver Distraction Type Cd,Driver Drinking Type Cd,Driver Drug Use Cd,Driver Ejected From Vehicle,Driver Ems Transport Ind,Driver Fled Scene Ind,Driver Safety Equip Used,Driver Vis Obscured Type Cd,Drowsy Notdrowsy,Drug Nodrug,EMP,End Node,End Node Dsc,End Offset,Facility,FAC,First Crash Event Cd,First Harmful Event,Fourth Crash Event Cd,Functionalclass,FUN,Govcondesc,Gr Nogr,Hitrun Not Hitrun,Initial Veh Impact Area Cd,Injury Crashes,Intersection Type,Int Doc,Jurtype,K_CRASH,K People,LAT (copy),LAT,Leftshoulderwidth,Length,Lgtruck Nonlgtruck,Light Condition,Located Unlocated,LON (copy),LON,MAINLINE (group),Mainline Yn,Medianleftshoulderwidth,Medianrightshoulderwidth,Mediantypedesc,Medianwidthmax,Medianwidthmin,Median Type,Most Harmful Crash Event Cd,Motor Nonmotor,Node,Node Info,Node Totaadt2011,Node Totaadt2012,Node Totaadt2013,Node Totaadt2014,Node Totaadt2015,Numberoflane,Number of Records,Offset,Ownership,Passage,Passgen,Passinjurytype,Passvehiclenumber,Pass Airbag Deployment,Pass Ejected From Vehicle,Pass Ems Transport Ind,Pass Safety Equip Used,Pavementconditionvalue,Pavementroughnessvalue,Pavementwidth,Pdo Crash,Total People Killed & Injured,Pedage,Pedestrians Injured,Pedestrians Killed,Pedgen,Pedinjurytype,Pednumber,Ped Action,Ped Al Test,Ped Cond,Ped Drink,Ped Drug,Ped Nonped,Ped Rflct,Persons Injured,Persons Killed,Physical Juris Nm,PJR,VSP_Used,Rd Type,Relation To Roadway,Rightshoulderwidth,RNS_MP (0.25 mi bin),Rns Mp,Roadway Alignment,Roadway Defect,Roadway Description,Roadway Surface Cond,Roadway Surface Type,Route Or Street Nm,Rte Category Cd,Rte Cat,Rte Nm,Ruralurbandesc,School Zone,Second Crash Event Cd,Segtotaadt2011,Segtotaadt2012,Segtotaadt2013,Segtotaadt2014,Segtotaadt2015,Senior Notsenior,Sidewalkdesc,Speed Before,Speed Max Safe,Speed Notspeed,Speed Posted,Start Node,Start Offset,Summons Issued Cd,Surfacedesc,Third Crash Event Cd,Time Slicing,Total Crashes including Property Damage Only,Total Crash,Traffic Control Type,Trfc Ctrl Status Type,Truckcommr,Vehiclenumber,Vehicle Body Type Cd,Vehicle Make Nm,Vehicle Maneuver Type Cd,Vehicle Model Nm,Vehicle Year Nbr,District,District_Used ,Weather Condition,Work Zone Location,Work Zone Related,Work Zone Type,Young Notyoung
No Access Control,Not ALCIHOL,Urban,0,0,Bituminous Concrete (Black Base),PLEASANT VALLEY RD(B)/,Not UNBELTED,25,Male,B,2,BIKE,2.68,1,1,,2. Angle,"Not Provided,Not Provided","Not Provided,Not Provided",13408717,2.682,4,3/31/2014,3/31/2014,22. Bicycle,1020,B.Visiible Injury,2014,Left and Right sides,0,1,Virginia Beach,Urban,22. Bicycle,MAIN,9AM TO 12PM,134.Virginia Beach,"3,020",Intersection,Reset Filters,VDOT_OTHER,Monday,Not DEER,"West,South",,5,1,140925077,29,Female,"C,B","1,2","1. No Improper Action,1. No Improper Action","2. Not Deployed,3. Unavailable/Not Applicable","4. No Test,4. No Test","1. No Defects,1. No Defects","14. No Driver Distraction,14. No Driver Distraction","6. Unknown,6. Unknown","3. Unknown,3. Unknown","1. Not Ejected,3. Totally Ejected","No,No","No,No","3. Lap and Shoulder Belt,6. Other","1. Not Obscured,1. Not Obscured",,,3,541927,QUARTER WAY(L)/,0,1,"1.Divided, no control of access","22,20",1. On Roadway,"0,0",H,H.Urban Minor Arterial,Other City or Town Streets (not state maintained),Not GUARDRAIL,Not HIT_RUN,"11,8",1,4. Four Approaches,140925077,C,0,0,36.78659,36.78659,0,0.21,Not LRTRUCK,2. Daylight,LOCATED,-76.14971,-76.14971,MAINLINE,MAIN,0,0,Curbed Grass,16,4,Divided Roadway,"22,20",Not MOTORCYCLE,541318,541318. 13408590      13408590      13408717      13408717,34382,32723,33025,31827,32703,4,1,0.572,SEC_URBAN,,,,,,,,,0,0,52,0,2,,0,0,,,,,,,,,Not PED,,2,0,Virginia Beach,134,5,NOT-RD,9. Within Intersection,0,2.5,2.68,1. Straight - Level,1. No Defects,"3. Two-Way, Divided, Positive Median Barrier",1. Dry,1. Concrete,2398 LYNNHAVEN PKWY,URB,UR,R-VA134UR08717EB,"Urbanized (Population 200,000 and over)",1. Yes,"0,0",21241,20529,20719,19967,19828,Not SENIOR,Left and Right sides,"5,2","45,45",Not SPEED,"45,45",541926,0,"2. No,2. No",0,"0,0",9AM TO 12PM,1,1,3. Traffic Signal,1. Yes - Working,Not a Parkway - Trucks and Commercial Vehicles Allowed,"1,2","1. Passenger car,9. Bicycle","Acura,BICYCLE","3. Making Left Turn,1. Going Straight Ahead","TL,N/A",20032012,5,5.Hampton Roads,1. No Adverse Condition (Clear/Cloudy),Not Provided,2. No,Not Provided,Not YOUNG
No Access Control,Not ALCIHOL,Urban,1,1,Bituminous Concrete (Black Base),SR-00239(B)/GREENWOOD DR,Not UNBELTED,13,Male,A,1,BIKE,3.3,0,0,,2. Angle,"Not Provided,Not Provided","Not Provided,Not Provided",12408540,3.3,4,7/26/2015,7/26/2015,22. Bicycle,2131,A.Ambulatory Injury,2015,Left and Right sides,0,0,Portsmouth,Urban,22. Bicycle,MAIN,9PM TO 12AM,124.Portsmouth,0,Intersection,Reset Filters,VDOT_OTHER,Sunday,Not DEER,"North,East",,5,1,152235154,41,Male,"A,PDO","1,2","21. Disregarded Traffic Signal,1. No Improper Action","3. Unavailable/Not Applicable,2. Not Deployed","Not Applicable,Not Applicable","1. No Defects,Not Applicable","Not Applicable,Not Applicable","1. Had Not Been Drinking,1. Had Not Been Drinking","2. No,2. No","3. Totally Ejected,1. Not Ejected","No,No","No,No","8. No Restraint Used,3. Lap and Shoulder Belt","1. Not Obscured,Not Applicable",,,3,484131,NORMANDY ST(R)/,0,1,"1.Divided, no control of access","20,22",1. On Roadway,"0,0",H,H.Urban Minor Arterial,Other City or Town Streets (not state maintained),Not GUARDRAIL,Not HIT_RUN,"9,1",1,4. Four Approaches,152235154,C,0,0,36.80069,36.80069,0,0.08,Not LRTRUCK,4. Darkness - Road Lighted,LOCATED,-76.35209,-76.35209,MAINLINE,MAIN,0,0,Grass/Unprotected,40,40,Divided Roadway,"20,22",Not MOTORCYCLE,483521,483521.  SR00239       SR00239      12408540      12408540,25101,24546,25245,24346,24840,4,1,0,SEC_URBAN,,,,,,,,,0,0,48,0,1,,0,0,,,,,,,,,Not PED,,1,0,Portsmouth,124,5,NOT-RD,9. Within Intersection,0,3.25,3.3,1. Straight - Level,1. No Defects,"3. Two-Way, Divided, Positive Median Barrier",1. Dry,"2. Blacktop, Asphalt, Bituminous",3500 VICTORY BLVD,URB,UR,R-VA124UR08540WB,"Urbanized (Population 200,000 and over)",3. No,"34,0",4212,4119,3859,3722,3797,Not SENIOR,Left and Right sides,"10,10","35,25",Not SPEED,"35,25",483521,0,"2. No,2. No",0,"0,0",9PM TO 12AM,1,1,3. Traffic Signal,1. Yes - Working,Not a Parkway - Trucks and Commercial Vehicles Allowed,"1,2","9. Bicycle,1. Passenger car",HYUN,"1. Going Straight Ahead,1. Going Straight Ahead",ELANTRA,2010,5,5.Hampton Roads,1. No Adverse Condition (Clear/Cloudy),Not Provided,2. No,Not Provided,Not YOUNG
,Not ALCIHOL,Urban,1,1,,,Not UNBELTED,8,Male,A,1,BIKE,,0,0,,2. Angle,"Not Provided,Not Provided","Not Provided,Not Provided",,,,7/26/2015,7/26/2015,20. Motor Vehicle In Transport,1656,A.Ambulatory Injury,2015,,0,0,Norfolk,Urban,20. Motor Vehicle In Transport,MAIN,3PM TO 6PM,122.Norfolk,,Not Intersection,Reset Filters,VDOT_OTHER,Sunday,Not DEER,"North,North",DISTRACTED,5,1,152360004,29,Female,"A,PDO","1,2","8. Cutting In,1. No Improper Action","3. Unavailable/Not Applicable,2. Not Deployed","Not Applicable,Not Applicable","1. No Defects,1. No Defects","1. Looking at Roadside Incident,1. Looking at Roadside Incident","1. Had Not Been Drinking,1. Had Not Been Drinking","2. No,2. No","1. Not Ejected,1. Not Ejected","No,No","No,No","9. Not Applicable,3. Lap and Shoulder Belt","1. Not Obscured,1. Not Obscured",,,,,,,,,"20,22",1. On Roadway,"0,0",,,,Not GUARDRAIL,Not HIT_RUN,"3,11",1,1. Not at Intersection,,C,0,0,36.8532,36.8532,,,Not LRTRUCK,2. Daylight,UNLOCATED,-76.22251,-76.22251,MAINLINE,,,,,,,,"20,22",Not MOTORCYCLE,,.,,,,,,,1,,SEC_URBAN,,,,,,,,,,,,0,1,,0,0,,,,,,,,,Not PED,,1,0,Norfolk,122,5,NOT-RD,8. Non-Intersection,,,,1. Straight - Level,1. No Defects,"1. Two-Way, Not Divided",1. Dry,"2. Blacktop, Asphalt, Bituminous",800 BLK PECAN POINT RD,UNKWN,SC,U-VA122SC99999UK,,3. No,"0,0",,,,,,Not SENIOR,,"10,20","25,25",Not SPEED,"25,25",,,"3. Pending,2. No",,"0,0",3PM TO 6PM,1,1,1. No Traffic Control,6. No Traffic Control Device Present,,"1,2","9. Bicycle,1. Passenger car","HUFFY,TOYOTA","6. Merging Into Traffic Lane,1. Going Straight Ahead","BICYCLE,CAMRY",20142004,5,5.Hampton Roads,1. No Adverse Condition (Clear/Cloudy),Not Provided,2. No,Not Provided,Not YOUNG
No Access Control,Not ALCIHOL,Urban,0,0,Bituminous Concrete (Black Base),US-00258-W059B(L)/US-00017-S051A(L)/RAMP TO U,Not UNBELTED,35,Female,B,2,BIKE,51.19,1,1,,2. Angle,"Not Provided,Not Provided","Not Provided,Not Provided",US00017,51.57,3,7/27/2015,7/27/2015,22. Bicycle,1027,B.Visiible Injury,2015,Left and Right sides,0,0,Newport News,Urban,22. Bicycle,MAIN,9AM TO 12PM,121.Newport News,"2,006",Intersection,Reset Filters,VDOT_OTHER,Monday,Not DEER,"West,South",,5,1,160080125,56,Male,"PDO,B","1,2","1. No Improper Action,11. Did Not Have Right-of-Way","2. Not Deployed,3. Unavailable/Not Applicable","4. No Test,4. No Test","1. No Defects,1. No Defects","Not Applicable,Not Applicable","1. Had Not Been Drinking,6. Unknown","2. No,3. Unknown","1. Not Ejected,1. Not Ejected","No,Yes","No,No","3. Lap and Shoulder Belt,8. No Restraint Used","1. Not Obscured,1. Not Obscured",,,52,646009,CENTER AV,0,1,"1.Divided, no control of access","22,20",1. On Roadway,"0,0",E,E.Urban Other Principle Arterials; Connecting Links of Other Rural Principal Arterial,Urban Extensions - Primary Routes,Not GUARDRAIL,Not HIT_RUN,"12,9",1,4. Four Approaches,160080125,C,0,0,37.0259,37.0259,0,0.5,Not LRTRUCK,2. Daylight,LOCATED,-76.44841,-76.44841,MAINLINE,MAIN,0,0,Curbed Grass,14,4,Divided Roadway,"22,20",Not MOTORCYCLE,756246,756246.  US00017       US00017       US00258W059B,40702,41593,39530,39683,39836,6,1,0.38,PRI_URBAN,,,,,,,,,0,179,72,0,1,,0,0,,,,,,,,,Not PED,,1,0,Newport News,121,5,NOT-RD,9. Within Intersection,0,51.5,51.57,1. Straight - Level,1. No Defects,"2. Two-Way, Divided, Unprotected Median",2. Wet,"2. Blacktop, Asphalt, Bituminous",JEFFERSON AVE,USPRI,US,R-VA   US00017NB,"Urbanized (Population 200,000 and over)",3. No,"0,0",40702,41593,39530,39683,39836,Not SENIOR,Left and Right sides,"5,0","25,0",Not SPEED,"25,0",756246,0,"2. No,2. No",0,"0,0",9AM TO 12PM,1,1,3. Traffic Signal,1. Yes - Working,Designated Truck Route - D2,"1,2","22. Truck - Sport Utility Vehicle (SUV),9. Bicycle",FORD,"2. Making Right Turn,1. Going Straight Ahead",EXPEDITION,1997,5,5.Hampton Roads,1. No Adverse Condition (Clear/Cloudy),Not Provided,2. No,Not Provided,Not YOUNG
No Access Control,ALCOHOL,Urban,1,1,Bituminous Concrete (Black Base),ROKEBY AVE(B)/,Not UNBELTED,60,Male,A,2,BIKE,1.97,0,0,,2. Angle,"Not Provided,Not Provided","Not Provided,Not Provided",13108640,1.972,4,7/27/2015,7/27/2015,22. Bicycle,2130,A.Ambulatory Injury,2015,Left and Right sides,0,1,Chesapeake,Urban,22. Bicycle,MAIN,9PM TO 12AM,131.Chesapeake,"1,204",Intersection,Reset Filters,VDOT_OTHER,Monday,Not DEER,"North,East",DISTRACTED,5,1,152105279,46,Male,"C,A","1,2","1. No Improper Action,21. Disregarded Traffic Signal","2. Not Deployed,3. Unavailable/Not Applicable","Not Applicable,4. No Test","1. No Defects,8. Other","14. No Driver Distraction,11. Other","Not Applicable,5. Drinking - Not Known Whether Impaired","Not Applicable,3. Unknown","1. Not Ejected,3. Totally Ejected","No,Yes","No,No","3. Lap and Shoulder Belt,8. No Restraint Used","1. Not Obscured,1. Not Obscured",,,2,484710,MCNEAL AVE(L)ENGLISH AVE(R)/,0,1,"1.Divided, no control of access","20,20",1. On Roadway,"0,0",H,H.Urban Minor Arterial,Other City or Town Streets (not state maintained),Not GUARDRAIL,Not HIT_RUN,"12,0",1,4. Four Approaches,152105279,C,0,0,36.80684,36.80684,0,0.09,Not LRTRUCK,4. Darkness - Road Lighted,LOCATED,-76.22843,-76.22843,MAINLINE,MAIN,0,0,0,4,4,Divided Roadway,"22,22",Not MOTORCYCLE,484713,484713. 13108640      13108640      13108645      13108645,23308,22792,22921,20893,21310,4,1,0.228,SEC_URBAN,,,,,,,,,0,0,50,0,2,,0,0,,,,,,,,,Not PED,,2,0,Chesapeake,131,5,NOT-RD,9. Within Intersection,0,1.75,1.97,1. Straight - Level,1. No Defects,"3. Two-Way, Divided, Positive Median Barrier",1. Dry,"2. Blacktop, Asphalt, Bituminous",PROVIDENCE RD,URB,UR,R-VA131UR08640EB,"Urbanized (Population 200,000 and over)",3. No,"22,22",16435,16071,16162,14282,14566,Not SENIOR,Left and Right sides,"30,5","35,35",Not SPEED,"35,35",484709,0,"Not Provided,Not Provided",0,"0,0",9PM TO 12AM,1,1,3. Traffic Signal,1. Yes - Working,Not a Parkway - Trucks and Commercial Vehicles Allowed,"1,2","1. Passenger car,9. Bicycle",TOYOTA,"1. Going Straight Ahead,1. Going Straight Ahead",CAMRY,1998,5,5.Hampton Roads,1. No Adverse Condition (Clear/Cloudy),Not Provided,2. No,Not Provided,Not YOUNG
No Access Control,Not ALCIHOL,Urban,0,0,Dual Type,MAPLE AVE(B)/,Not UNBELTED,15,Male,B,1,BIKE,406.1,1,1,,2. Angle,"Not Provided,Not Provided","Not Provided,Not Provided",US00460,406.103,3,7/29/2015,7/29/2015,22. Bicycle,1735,B.Visiible Injury,2015,Left and Right sides,0,0,Norfolk,Urban,22. Bicycle,MAIN,3PM TO 6PM,122.Norfolk,"1,547",Intersection,Reset Filters,VDOT_OTHER,Wednesday,Not DEER,"East,North",,5,1,153410021,51,Female,"B,PDO","1,2","21. Disregarded Traffic Signal,1. No Improper Action","Not Provided,2. Not Deployed","4. No Test,4. No Test","1. No Defects,1. No Defects","Not Applicable,Not Applicable","1. Had Not Been Drinking,1. Had Not Been Drinking","2. No,2. No","Not Provided,1. Not Ejected","No,NotProvided","No,No","Not Provided,3. Lap and Shoulder Belt","1. Not Obscured,1. Not Obscured",,,406,483734,OSBORN RD(L)/,0,1,"1.Divided, no control of access","22,22",1. On Roadway,"0,0",H,H.Urban Minor Arterial,Urban Extensions - Primary Routes,Not GUARDRAIL,Not HIT_RUN,"12,11",1,4. Four Approaches,153410021,C,0,0,36.94615,36.94615,0,0.25,Not LRTRUCK,2. Daylight,LOCATED,-76.2589,-76.2589,MAINLINE,MAIN,4,4,0,48,48,Divided Roadway,"22,22",Not MOTORCYCLE,483736,483736.  US00460       US00460      12208623,14715,13878,14006,13498,12571,4,1,0.293,PRI_URBAN,,,,,,,,,0,220,46,0,1,,0,0,,,,,,,,,Not PED,,1,0,Norfolk,122,5,NOT-RD,9. Within Intersection,0,406,406.1,1. Straight - Level,1. No Defects,"3. Two-Way, Divided, Positive Median Barrier",1. Dry,"2. Blacktop, Asphalt, Bituminous",9200 GRANBY ST,USPRI,US,R-VA   US00460WB,"Urbanized (Population 200,000 and over)",3. No,"0,0",11150,12067,12178,11736,11196,Not SENIOR,None,20,"0,35",Not SPEED,"0,35",483735,0,"3. Pending,2. No",0,"0,0",3PM TO 6PM,1,1,3. Traffic Signal,1. Yes - Working,Not a Parkway - Trucks and Commercial Vehicles Allowed,"1,2","9. Bicycle,1. Passenger car","MONGOOSE,SUZUKI","1. Going Straight Ahead,3. Making Left Turn","BICYCLE,GRAND VITARA",20152006,5,5.Hampton Roads,1. No Adverse Condition (Clear/Cloudy),Not Provided,2. No,Not Provided,YOUNG
No Access Control,Not ALCIHOL,Urban,0,0,"N/A, Unknown, or Unstabilized",SOUTH KENTUCKY AVE(B)/,Not UNBELTED,23,Male,B,1,BIKE,2.84,1,1,,16. Other,"Not Provided,Not Provided","Not Provided,Not Provided",13408738,2.881,4,7/29/2015,7/29/2015,20. Motor Vehicle In Transport,1815,B.Visiible Injury,2015,Left and Right sides,0,0,Virginia Beach,Urban,20. Motor Vehicle In Transport,MAIN,6PM TO 9PM,134.Virginia Beach,"4,060",Intersection,Reset Filters,VDOT_OTHER,Wednesday,Not DEER,"West,North",,5,1,152475124,19,Male,"B,PDO","1,2","11. Did Not Have Right-of-Way,1. No Improper Action","3. Unavailable/Not Applicable,2. Not Deployed","Not Applicable,Not Applicable","1. No Defects,1. No Defects","14. No Driver Distraction,14. No Driver Distraction","1. Had Not Been Drinking,1. Had Not Been Drinking","2. No,2. No","3. Totally Ejected,1. Not Ejected","Yes,NotProvided","No,No","8. No Restraint Used,3. Lap and Shoulder Belt","1. Not Obscured,1. Not Obscured",,,3,542242,THALIA TRACE DR(R)/,0,0,"0.Two-way, non-divided","20,22",1. On Roadway,"0,0",I,I.Urban Collector,Other City or Town Streets (not state maintained),Not GUARDRAIL,Not HIT_RUN,"12,2",1,2. Two Approaches,152475124,C,0,0,36.83865,36.83865,0,0.08,Not LRTRUCK,2. Daylight,LOCATED,-76.11126,-76.11126,MAINLINE,MAIN,0,0,0,0,0,Undivided Roadway,"20,22",Not MOTORCYCLE,541279,541279.  IS00264W018A 13400013      13400013      13408738,38270,39034,44038,42608,43581,4,1,0.769,SEC_URBAN,,,,,,,,,0,0,52,0,1,,0,0,,,,,,,,,Not PED,,1,0,Virginia Beach,134,5,NOT-RD,9. Within Intersection,0,2.75,2.89,1. Straight - Level,1. No Defects,"1. Two-Way, Not Divided",1. Dry,"2. Blacktop, Asphalt, Bituminous",PINTER CT,URB,UR,R-VA134UR08738EB,"Urbanized (Population 200,000 and over)",3. No,"0,0",13066,13161,13283,12800,13473,Not SENIOR,Left and Right sides,5,25,Not SPEED,25,542241,0,"1. Yes,2. No",0,"0,0",6PM TO 9PM,1,1,4. Stop Sign,1. Yes - Working,Not a Parkway - Trucks and Commercial Vehicles Allowed,"1,2","9. Bicycle,22. Truck - Sport Utility Vehicle (SUV)","BICYCLE,NISSAN","1. Going Straight Ahead,2. Making Right Turn",PATHFINDER,2003,5,5.Hampton Roads,1. No Adverse Condition (Clear/Cloudy),Not Provided,2. No,Not Provided,YOUNG
,Not ALCIHOL,Urban,0,0,,,Not UNBELTED,16,Female,B,2,BIKE,,1,1,,16. Other,"Not Provided,Not Provided","Not Provided,Not Provided",,,,7/29/2015,7/29/2015,22. Bicycle,1337,B.Visiible Injury,2015,,0,0,Virginia Beach,Urban,22. Bicycle,MAIN,12PM TO 3PM,134.Virginia Beach,,Not Intersection,Reset Filters,VDOT_OTHER,Wednesday,Not DEER,"West,North",,5,1,152135159,52,Male,"PDO,B","1,2","11. Did Not Have Right-of-Way,1. No Improper Action","2. Not Deployed,3. Unavailable/Not Applicable","4. No Test,4. No Test","1. No Defects,1. No Defects","14. No Driver Distraction,14. No Driver Distraction","1. Had Not Been Drinking,1. Had Not Been Drinking","2. No,2. No","1. Not Ejected,Not Provided","No,Yes","No,No","3. Lap and Shoulder Belt,5. Helmet","1. Not Obscured,1. Not Obscured",,,,,,,,,"22,20",1. On Roadway,"0,0",,,,Not GUARDRAIL,Not HIT_RUN,"1,3",1,2. Two Approaches,,C,0,0,36.76365,36.76365,,,Not LRTRUCK,2. Daylight,UNLOCATED,-76.01537,-76.01537,MAINLINE,,,,,,,,"22,20",Not MOTORCYCLE,,.,,,,,,,1,,SEC_URBAN,,,,,,,,,,,,0,1,,0,0,,,,,,,,,Not PED,,1,0,Virginia Beach,134,5,NOT-RD,9. Within Intersection,,,,1. Straight - Level,1. No Defects,"3. Two-Way, Divided, Positive Median Barrier",1. Dry,"2. Blacktop, Asphalt, Bituminous",GENERAL BOOTH BLVD,UNKWN,SC,U-VA134SC99999UK,,3. No,"0,0",,,,,,Not SENIOR,,"2,5","0,0",Not SPEED,"35,35",,,"1. Yes,2. No",,"0,0",12PM TO 3PM,1,1,3. Traffic Signal,1. Yes - Working,,"1,2","22. Truck - Sport Utility Vehicle (SUV),9. Bicycle","IZUZU,OTH","2. Making Right Turn,1. Going Straight Ahead","TROOPER,BICYCLE",20012015,5,5.Hampton Roads,1. No Adverse Condition (Clear/Cloudy),Not Provided,2. No,Not Provided,YOUNG
No Access Control,ALCOHOL,Urban,0,0,"N/A, Unknown, or Unstabilized",SR-00134(L)/SETTLERS LANDING ROAD(L)/,Not UNBELTED,23,Male,C,1,BIKE,273.36,0,0,,2. Angle,"Not Provided,Not Provided","Not Provided,Not Provided",US00060,273.362,3,7/29/2015,7/29/2015,22. Bicycle,1611,C.Non-Visible Injury,2015,Left and Right sides,1,1,Hampton,Urban,22. Bicycle,MAIN,3PM TO 6PM,114.Hampton,63,Intersection,Reset Filters,VDOT_OTHER,Wednesday,Not DEER,"North,West",,5,1,152165573,60,Female,"C,PDO","1,2","11. Did Not Have Right-of-Way,1. No Improper Action","3. Unavailable/Not Applicable,2. Not Deployed","4. No Test,Not Applicable","1. No Defects,1. No Defects","Not Applicable,Not Applicable","4. Drinking - Ability Not Impaired,1. Had Not Been Drinking","2. No,2. No","1. Not Ejected,1. Not Ejected","No,No","No,No","8. No Restraint Used,3. Lap and Shoulder Belt","1. Not Obscured,1. Not Obscured",,,273,718601,SR-00134(L)/SETTLERS LANDING ROAD(L)/,0.04,1,"1.Divided, no control of access","22,22",1. On Roadway,"0,0",H,H.Urban Minor Arterial,Urban Extensions - Primary Routes,Not GUARDRAIL,Not HIT_RUN,"5,1",1,4. Four Approaches,152165573,C,0,0,37.02437,37.02437,0,0.03,Not LRTRUCK,2. Daylight,LOCATED,-76.34959,-76.34959,MAINLINE,MAIN,0,0,Curbed Grass,16,3,Divided Roadway,"22,22",Not MOTORCYCLE,718601,718601.  SR00134       US00060       US00060,20481,20028,17866,17229,17578,4,1,0.012,PRI_URBAN,,,,,,,,,0,306,52,0,1,,0,0,,,,,,,,,Not PED,,1,0,Hampton,114,5,NOT-RD,10. Intersection Related - Within 150 Feet,0,273.25,273.36,1. Straight - Level,1. No Defects,"2. Two-Way, Divided, Unprotected Median",1. Dry,"2. Blacktop, Asphalt, Bituminous",S ARMISTEAD AVE,USPRI,US,R-VA   US00060WB,"Urbanized (Population 200,000 and over)",3. No,"0,0",12831,12547,11394,10988,11211,Not SENIOR,Left and Right sides,"3,15","25,25",Not SPEED,"25,25",718601,0.01,"1. Yes,2. No",0,"0,0",3PM TO 6PM,1,1,3. Traffic Signal,1. Yes - Working,Not a Parkway - Trucks and Commercial Vehicles Allowed,"1,2","9. Bicycle,1. Passenger car",TOYT,"1. Going Straight Ahead,1. Going Straight Ahead",UNKNOWN,2007,5,5.Hampton Roads,1. No Adverse Condition (Clear/Cloudy),Not Provided,2. No,Not Provided,Not YOUNG
No Access Control,Not ALCIHOL,Urban,0,0,Bituminous Concrete (Black Base),BEACONS REACH DRIVE(L)/,Not UNBELTED,28,Male,B,2,BIKE,0.4,1,1,,2. Angle,"Not Provided,Not Provided","Not Provided,Not Provided",13408729,0.433,3,7/31/2015,7/31/2015,22. Bicycle,1701,B.Visiible Injury,2015,Left and Right sides,0,0,Virginia Beach,Urban,22. Bicycle,MAIN,3PM TO 6PM,134.Virginia Beach,"1,832",Intersection,Reset Filters,VDOT_OTHER,Friday,Not DEER,"West,South",,5,1,152145113,37,Male,"PDO,B","1,2","11. Did Not Have Right-of-Way,1. No Improper Action","2. Not Deployed,3. Unavailable/Not Applicable","4. No Test,4. No Test","1. No Defects,1. No Defects","14. No Driver Distraction,14. No Driver Distraction","1. Had Not Been Drinking,1. Had Not Been Drinking","2. No,2. No","1. Not Ejected,3. Totally Ejected","No,Yes","No,No","3. Lap and Shoulder Belt,8. No Restraint Used","16. Stopped Vehicle(s),1. Not Obscured",,,1,541708,134-08690(L)/OCEANA BLVD,0,1,"1.Divided, no control of access","22,20",1. On Roadway,"0,0",E,E.Urban Other Principle Arterials; Connecting Links of Other Rural Principal Arterial,Other City or Town Streets (not state maintained),Not GUARDRAIL,Not HIT_RUN,"12,9",1,3. Three Approaches,152145113,C,0,0,36.79723,36.79723,0,0.38,Not LRTRUCK,2. Daylight,LOCATED,-76.00151,-76.00151,MAINLINE,MAIN,2,2,Grass/Unprotected,28,16,Divided Roadway,"22,20",Not MOTORCYCLE,541708,541708. 13408690      13408729      13408729,36479,34571,34987,34507,35682,4,1,0.347,SEC_URBAN,,,,,,,,,2.8,0,52,0,1,,0,0,,,,,,,,,Not PED,,1,0,Virginia Beach,134,5,NOT-RD,9. Within Intersection,0,0.25,0.43,1. Straight - Level,1. No Defects,"2. Two-Way, Divided, Unprotected Median",1. Dry,"2. Blacktop, Asphalt, Bituminous",1301 OCEANA BLVD,URB,UR,R-VA134UR08729SB,"Urbanized (Population 200,000 and over)",3. No,"0,0",33066,31256,31641,31283,32117,Not SENIOR,Left side,"10,5","35,35",Not SPEED,"35,35",734792,0,"1. Yes,2. No",0,"0,0",3PM TO 6PM,1,1,6. Traffic Lanes Marked,1. Yes - Working,Not a Parkway - Trucks and Commercial Vehicles Allowed,"1,2","2. Truck - Pick-up/Passenger Truck,9. Bicycle","TOYOTA,UNK","2. Making Right Turn,1. Going Straight Ahead","SHORT BED DELUXE,BICYCLE",19892000,5,5.Hampton Roads,1. No Adverse Condition (Clear/Cloudy),Not Provided,2. No,Not Provided,Not YOUNG