Access Control,Alcohol Notalcohol,Area Type1,A Crash,A People,Basetypedesc,Begin Node Dsc,Belted Unbelted,Bikeage,Bikegen,Bikeinjurytype,Bikevehiclenumber,Bike Nonbike,BMP,B Crash,B People,Carspeedlimit,Collision Type,Comm Cargo Body Type Cd,Comm Vehicle Body Type Cd,Cotedrouteid,Coted Mp,Count App,CRASH_DT (copy),Crash Dt,Crash Event Type Dsc,Crash Military Tm,Crash Severity,Crash Year,Curbgutterdesc,C Crash,C People,Juris Name Used,Area Type Used,First Harmful Event of Entire Crash,MAINLINE,Time Slicing Used,Phy_Juris_Nm,Offset-Ft,Intersection Analysis,Clear,Calculation_9640323132123359,Day Of Week,Deer Nodeer,Direction Of Travel Cd,Distracted Notdistracted,VSP,TOTAL CRASH,Document Nbr,Driverage,Drivergen,Driverinjurytype,Drivervehiclenumber,Driver Action Type Cd,Driver Airbag Deployment,Driver Alcohol Test Type Cd,Driver Condition Type Cd,Driver Distraction Type Cd,Driver Drinking Type Cd,Driver Drug Use Cd,Driver Ejected From Vehicle,Driver Ems Transport Ind,Driver Fled Scene Ind,Driver Safety Equip Used,Driver Vis Obscured Type Cd,Drowsy Notdrowsy,Drug Nodrug,EMP,End Node,End Node Dsc,End Offset,Facility,FAC,First Crash Event Cd,First Harmful Event,Fourth Crash Event Cd,Functionalclass,FUN,Govcondesc,Gr Nogr,Hitrun Not Hitrun,Initial Veh Impact Area Cd,Injury Crashes,Intersection Type,Int Doc,Jurtype,K_CRASH,K People,LAT (copy),LAT,Leftshoulderwidth,Length,Lgtruck Nonlgtruck,Light Condition,Located Unlocated,LON (copy),LON,MAINLINE (group),Mainline Yn,Medianleftshoulderwidth,Medianrightshoulderwidth,Mediantypedesc,Medianwidthmax,Medianwidthmin,Median Type,Most Harmful Crash Event Cd,Motor Nonmotor,Node,Node Info,Node Totaadt2011,Node Totaadt2012,Node Totaadt2013,Node Totaadt2014,Node Totaadt2015,Numberoflane,Number of Records,Offset,Ownership,Passage,Passgen,Passinjurytype,Passvehiclenumber,Pass Airbag Deployment,Pass Ejected From Vehicle,Pass Ems Transport Ind,Pass Safety Equip Used,Pavementconditionvalue,Pavementroughnessvalue,Pavementwidth,Pdo Crash,Total People Killed & Injured,Pedage,Pedestrians Injured,Pedestrians Killed,Pedgen,Pedinjurytype,Pednumber,Ped Action,Ped Al Test,Ped Cond,Ped Drink,Ped Drug,Ped Nonped,Ped Rflct,Persons Injured,Persons Killed,Physical Juris Nm,PJR,VSP_Used,Rd Type,Relation To Roadway,Rightshoulderwidth,RNS_MP (0.25 mi bin),Rns Mp,Roadway Alignment,Roadway Defect,Roadway Description,Roadway Surface Cond,Roadway Surface Type,Route Or Street Nm,Rte Category Cd,Rte Cat,Rte Nm,Ruralurbandesc,School Zone,Second Crash Event Cd,Segtotaadt2011,Segtotaadt2012,Segtotaadt2013,Segtotaadt2014,Segtotaadt2015,Senior Notsenior,Sidewalkdesc,Speed Before,Speed Max Safe,Speed Notspeed,Speed Posted,Start Node,Start Offset,Summons Issued Cd,Surfacedesc,Third Crash Event Cd,Time Slicing,Total Crashes including Property Damage Only,Total Crash,Traffic Control Type,Trfc Ctrl Status Type,Truckcommr,Vehiclenumber,Vehicle Body Type Cd,Vehicle Make Nm,Vehicle Maneuver Type Cd,Vehicle Model Nm,Vehicle Year Nbr,District,District_Used ,Weather Condition,Work Zone Location,Work Zone Related,Work Zone Type,Young Notyoung
No Access Control,Not ALCIHOL,Urban,0,0,"N/A, Unknown, or Unstabilized",RAMP FR RT 460(L)/,Not UNBELTED,11,Female,B,2,BIKE,30.92,1,1,,2. Angle,"Not Provided,Not Provided","Not Provided,Not Provided",SR00168,31.027,3,7/31/2015,7/31/2015,22. Bicycle,1550,B.Visiible Injury,2015,Left and Right sides,0,0,Norfolk,Urban,22. Bicycle,MAIN,3PM TO 6PM,122.Norfolk,861,Intersection,Reset Filters,VDOT_OTHER,Friday,Not DEER,"South,West",,5,1,152400045,27,Female,"PDO,B","1,2","1. No Improper Action,11. Did Not Have Right-of-Way","2. Not Deployed,3. Unavailable/Not Applicable","Not Applicable,Not Applicable","1. No Defects,1. No Defects","Not Applicable,Not Applicable","1. Had Not Been Drinking,1. Had Not Been Drinking","2. No,2. No","1. Not Ejected,1. Not Ejected","No,Yes","No,No","3. Lap and Shoulder Belt,5. Helmet","16. Stopped Vehicle(s),16. Stopped Vehicle(s)",,,31,483440,US-00060(B)/,0,1,"1.Divided, no control of access","22,20",1. On Roadway,"0,0",H,H.Urban Minor Arterial,Urban Extensions - Primary Routes,Not GUARDRAIL,Not HIT_RUN,"11,2",1,4. Four Approaches,152400045,C,0,0,36.95613,36.95613,0,0.27,Not LRTRUCK,2. Daylight,LOCATED,-76.25838,-76.25838,MAINLINE,MAIN,0,0,Curbed (solid raised),4,4,Divided Roadway,"22,20",Not MOTORCYCLE,483440,483440.  SR00168       US00060       US00060,17303,17366,17526,16890,18420,4,1,0.163,PRI_URBAN,,,,,,,,,0,233,52,0,1,,0,0,,,,,,,,,Not PED,,1,0,Norfolk,122,5,NOT-RD,10. Intersection Related - Within 150 Feet,0,31,31.03,1. Straight - Level,1. No Defects,"3. Two-Way, Divided, Positive Median Barrier",1. Dry,"2. Blacktop, Asphalt, Bituminous",9600 TIDEWATER DR,STPRI,SR,R-VA   SR00168SB,"Urbanized (Population 200,000 and over)",3. No,"0,0",6029,7959,8032,7741,8378,Not SENIOR,Left and Right sides,"35,5","40,0",SPEED,"40,0",483439,0.48,"2. No,2. No",0,"0,0",3PM TO 6PM,1,1,3. Traffic Signal,1. Yes - Working,Not a Parkway - Trucks and Commercial Vehicles Allowed,"1,2","1. Passenger car,9. Bicycle","FORD,ROADMASTER","1. Going Straight Ahead,1. Going Straight Ahead","TAURUS,BICYCLE",2001,5,5.Hampton Roads,1. No Adverse Condition (Clear/Cloudy),Not Provided,2. No,Not Provided,Not YOUNG
No Access Control,Not ALCIHOL,Rural,0,0,Bituminous Concrete (Black Base),OCEAN BOULEVARD(R)/,Not UNBELTED,,Male,PDO,2,BIKE,0.38,0,0,,2. Angle,"Not Provided,Not Provided","Not Provided,Not Provided",19001623,0.426,4,8/2/2015,8/2/2015,22. Bicycle,2140,PDO.Property Damage Only,2015,Left and Right sides,0,0,Chincoteaque,Rural,22. Bicycle,MAIN,9PM TO 12AM,190.Chincoteaque,21,Intersection,Reset Filters,VDOT_OTHER,Sunday,Not DEER,"West,West",,5,1,152185281,33,Male,"PDO,PDO","1,2","1. No Improper Action,34. Hit and Run","2. Not Deployed,Not Provided","Not Applicable,4. No Test","1. No Defects,9. Unknown","14. No Driver Distraction,14. No Driver Distraction","1. Had Not Been Drinking,6. Unknown","2. No,3. Unknown","1. Not Ejected,1. Not Ejected","No,NotProvided","No,Yes","3. Lap and Shoulder Belt,Not Provided","1. Not Obscured,1. Not Obscured",,,0,106005,SR-00175(L)/190-00001(R)/MAIN ST @ MADDON BLV,0,0,"0.Two-way, non-divided","22,20",1. On Roadway,"0,0",4,4.Rural Major Collector,Other City or Town Streets (not state maintained),Not GUARDRAIL,HIT_RUN,"12,12",0,4. Four Approaches,152185281,T,0,0,37.93724,37.93724,0,0.05,Not LRTRUCK,4. Darkness - Road Lighted,LOCATED,-75.37113,-75.37113,MAINLINE,MAIN,0,0,0,0,0,Undivided Roadway,"22,20",Not MOTORCYCLE,106005,106005.  SR00175      19000001      19001623      19001623,12516,12631,12747,13250,13372,2,1,0.004,VDOT_SEC,,,,,,,,,0,0,34,1,0,,0,0,,,,,,,,,Not PED,,0,0,Chincoteaque,190,5,NOT-RD,9. Within Intersection,0,0.25,0.43,1. Straight - Level,1. No Defects,"1. Two-Way, Not Divided",1. Dry,"2. Blacktop, Asphalt, Bituminous",MAIN STREET,URB,UR,R-VA190UR01623NB,Rural,3. No,"0,0",8377,8454,8532,8686,8766,Not SENIOR,Left and Right sides,10,"25,25",Not SPEED,"25,25",105996,0,"2. No,3. Pending",0,"0,0",9PM TO 12AM,1,1,3. Traffic Signal,1. Yes - Working,Not a Parkway - Trucks and Commercial Vehicles Allowed,"1,2","3. Van,9. Bicycle","HONDA,U","3. Making Left Turn,15. Other","VAN,U",2007,5,5.Hampton Roads,1. No Adverse Condition (Clear/Cloudy),Not Provided,2. No,Not Provided,Not YOUNG
No Access Control,Not ALCIHOL,Urban,0,0,"N/A, Unknown, or Unstabilized",122-08609(B)/DIVEN ST,Not UNBELTED,42,Male,C,2,BIKE,38.97,0,0,,2. Angle,"Not Provided,Not Provided","Not Provided,Not Provided",SR00165,39.143,4,8/4/2015,8/4/2015,20. Motor Vehicle In Transport,938,C.Non-Visible Injury,2015,Left and Right sides,1,1,Norfolk,Urban,20. Motor Vehicle In Transport,MAIN,9AM TO 12PM,122.Norfolk,913,Intersection,Reset Filters,VDOT_OTHER,Tuesday,Not DEER,"South,East",,5,1,152520013,25,Female,"PDO,C","1,2","11. Did Not Have Right-of-Way,1. No Improper Action","2. Not Deployed,3. Unavailable/Not Applicable","Not Applicable,Not Applicable","1. No Defects,1. No Defects","Not Applicable,Not Applicable","1. Had Not Been Drinking,1. Had Not Been Drinking","2. No,2. No","1. Not Ejected,1. Not Ejected","No,No","No,No","3. Lap and Shoulder Belt,5. Helmet","1. Not Obscured,1. Not Obscured",,,40,483303,SR-00337(B)/,0,0,"0.Two-way, non-divided","22,20",1. On Roadway,"0,0",H,H.Urban Minor Arterial,Urban Extensions - Primary Routes,Not GUARDRAIL,Not HIT_RUN,"1,12",1,3. Three Approaches,152520013,C,0,0,36.91608,36.91608,0,0.78,Not LRTRUCK,2. Daylight,LOCATED,-76.29646,-76.29646,MAINLINE,MAIN,0,0,0,0,0,Undivided Roadway,"22,20",Not MOTORCYCLE,483304,483304.  SR00165       SR00165      12208609      12208609,19900,19514,15812,15249,15428,4,1,0.173,PRI_URBAN,,,,,,,,,0,313,44,0,1,,0,0,,,,,,,,,Not PED,,1,0,Norfolk,122,5,NOT-RD,9. Within Intersection,0,39,39.14,1. Straight - Level,1. No Defects,"1. Two-Way, Not Divided",1. Dry,"2. Blacktop, Asphalt, Bituminous",1200 W. LITTLE CREEK RD,STPRI,SR,R-VA   SR00165SB,"Urbanized (Population 200,000 and over)",3. No,"0,0",13974,13702,11830,11409,11840,Not SENIOR,Left and Right sides,"15,17","15,35",Not SPEED,"35,35",483304,0,"2. No,2. No",0,"0,0",9AM TO 12PM,1,1,6. Traffic Lanes Marked,6. No Traffic Control Device Present,Not a Parkway - Trucks and Commercial Vehicles Allowed,"1,2","3. Van,9. Bicycle","CHRYSLER,FUJI","3. Making Left Turn,1. Going Straight Ahead","TOWN & COUNTRY,A6 SL",2014,5,5.Hampton Roads,1. No Adverse Condition (Clear/Cloudy),Not Provided,2. No,Not Provided,Not YOUNG
No Access Control,Not ALCIHOL,Urban,1,1,Bituminous Concrete (Black Base),BARNHOLLOW RD(L)/,Not UNBELTED,15,Female,A,1,BIKE,0.31,0,0,,3. Head On,"Not Provided,Not Provided","Not Provided,Not Provided",12208644,0.339,4,8/6/2015,8/6/2015,22. Bicycle,1838,A.Ambulatory Injury,2015,Left and Right sides,0,0,Norfolk,Urban,22. Bicycle,MAIN,6PM TO 9PM,122.Norfolk,"1,167",Intersection,Reset Filters,VDOT_OTHER,Thursday,Not DEER,"North,East",,5,1,152520030,25,Female,"A,PDO","1,2","37. Other,1. No Improper Action","3. Unavailable/Not Applicable,2. Not Deployed","Not Applicable,Not Applicable","1. No Defects,1. No Defects","Not Applicable,Not Applicable","1. Had Not Been Drinking,1. Had Not Been Drinking","Not Applicable,Not Applicable","3. Totally Ejected,1. Not Ejected","Yes,No","No,No","8. No Restraint Used,3. Lap and Shoulder Belt","5. Trees, Crops, etc.,5. Trees, Crops, etc.",,,0,485866,PIPING ROCK RD(R)/,0,1,"1.Divided, no control of access","0,0",1. On Roadway,"0,0",I,I.Urban Collector,Other City or Town Streets (not state maintained),Not GUARDRAIL,Not HIT_RUN,"0,1",1,3. Three Approaches,152520030,C,0,0,36.84822,36.84822,0,0.03,Not LRTRUCK,2. Daylight,LOCATED,-76.21405,-76.21405,MAINLINE,MAIN,0,0,Curbed Grass,48,48,Divided Roadway,"22,22",Not MOTORCYCLE,483013,483013.  US00013       US00013      12208644      12208644,54288,52377,52861,50943,64996,2,1,0.221,SEC_URBAN,,,,,,,,,0,0,46,0,1,,0,0,,,,,,,,,Not PED,,1,0,Norfolk,122,5,RD-UNKNOWN,1. Main-Line Roadway,0,0.25,0.34,1. Straight - Level,1. No Defects,"1. Two-Way, Not Divided",1. Dry,"2. Blacktop, Asphalt, Bituminous",5600 POPLAR HALL DR,URB,UR,R-VA122UR08644EB,"Urbanized (Population 200,000 and over)",3. No,"0,0",1925,1748,1764,1700,2008,Not SENIOR,None,25,25,Not SPEED,25,485865,0,"2. No,2. No",0,"0,0",6PM TO 9PM,1,1,13. Other,1. Yes - Working,Not a Parkway - Trucks and Commercial Vehicles Allowed,"1,2","9. Bicycle,1. Passenger car","BICYCLE,HYUNDAI","15. Other,1. Going Straight Ahead",4S,2012,5,5.Hampton Roads,1. No Adverse Condition (Clear/Cloudy),Not Provided,2. No,Not Provided,YOUNG
No Access Control,Not ALCIHOL,Urban,0,0,Bituminous Concrete (Black Base),MARABOU LN(R)/WATERFRONT DR(L)/,Not UNBELTED,44,Male,C,2,BIKE,3.68,0,0,,3. Head On,"Not Provided,Not Provided","Not Provided,Not Provided",13408723,3.683,4,4/4/2014,4/4/2014,22. Bicycle,1447,C.Non-Visible Injury,2014,Left and Right sides,1,1,Virginia Beach,Urban,22. Bicycle,MAIN,12PM TO 3PM,134.Virginia Beach,"1,230",Intersection,Reset Filters,VDOT_OTHER,Friday,Not DEER,"West,North",DISTRACTED,5,1,140975221,23,Male,"PDO,C","1,2","11. Did Not Have Right-of-Way,1. No Improper Action","2. Not Deployed,3. Unavailable/Not Applicable","4. No Test,4. No Test","1. No Defects,1. No Defects","7. Eyes Not on Road,14. No Driver Distraction","1. Had Not Been Drinking,6. Unknown","3. Unknown,3. Unknown","1. Not Ejected,Not Provided","No,Yes","No,No","3. Lap and Shoulder Belt,9. Not Applicable","1. Not Obscured,1. Not Obscured",,,4,542032,FLEMING CIRCLE(R)/,0,1,"1.Divided, no control of access","22,20",1. On Roadway,"0,0",H,H.Urban Minor Arterial,Other City or Town Streets (not state maintained),Not GUARDRAIL,Not HIT_RUN,"11,1",1,4. Four Approaches,140975221,C,0,0,36.85042,36.85042,0,0.05,Not LRTRUCK,2. Daylight,LOCATED,-75.99442,-75.99442,MAINLINE,MAIN,0,0,Grass/Unprotected,14,3,Divided Roadway,"22,20",Not MOTORCYCLE,542029,542029. 13408723      13408723      13408723N003A 13408723S003A,21852,28628,28827,28038,31705,4,1,0.233,SEC_URBAN,,,,,,,,,0,0,56,0,1,,0,0,,,,,,,,,Not PED,,1,0,Virginia Beach,134,5,NOT-RD,1. Main-Line Roadway,0,3.5,3.68,1. Straight - Level,1. No Defects,"3. Two-Way, Divided, Positive Median Barrier",1. Dry,"2. Blacktop, Asphalt, Bituminous",1100 Waterfront Drive,URB,UR,R-VA134UR08723SB,"Urbanized (Population 200,000 and over)",3. No,"0,0",21852,21532,21731,20942,24609,Not SENIOR,Left and Right sides,"5,5","25,25",Not SPEED,"25,25",542031,0,"1. Yes,2. No",0,"0,0",12PM TO 3PM,1,1,14. Ped Crosswalk,1. Yes - Working,Not a Parkway - Trucks and Commercial Vehicles Allowed,"1,2","22. Truck - Sport Utility Vehicle (SUV),9. Bicycle","Jeep,OTH","2. Making Right Turn,1. Going Straight Ahead","Grand Cherokee,BICYCLE",20002012,5,5.Hampton Roads,1. No Adverse Condition (Clear/Cloudy),Not Provided,2. No,Not Provided,Not YOUNG
,Not ALCIHOL,Urban,1,1,,,Not UNBELTED,15,Male,A,2,BIKE,,0,0,,12. Ped,"Not Provided,Not Provided","Not Provided,Not Provided",,,,8/8/2015,8/8/2015,20. Motor Vehicle In Transport,954,A.Ambulatory Injury,2015,,0,0,Hampton,Urban,20. Motor Vehicle In Transport,MAIN,9AM TO 12PM,114.Hampton,,Not Intersection,Reset Filters,VDOT_OTHER,Saturday,Not DEER,"North,West",,5,1,152255170,56,Female,"PDO,A","1,2","11. Did Not Have Right-of-Way,37. Other","2. Not Deployed,2. Not Deployed","4. No Test,Not Applicable","1. No Defects,1. No Defects","Not Applicable,Not Applicable","1. Had Not Been Drinking,1. Had Not Been Drinking","2. No,2. No","1. Not Ejected,1. Not Ejected","No,Yes","No,No","3. Lap and Shoulder Belt,8. No Restraint Used","1. Not Obscured,1. Not Obscured",,,,,,,,,"22,20",1. On Roadway,"0,0",,,,Not GUARDRAIL,Not HIT_RUN,"1,11",1,3. Three Approaches,,C,0,0,37.04296,37.04296,,,Not LRTRUCK,2. Daylight,UNLOCATED,-76.43884,-76.43884,MAINLINE,,,,,,,,"22,20",Not MOTORCYCLE,,.,,,,,,,1,,SEC_URBAN,,,,,,,,,,,,0,1,,0,0,,,,,,,,,Not PED,,1,0,Hampton,114,5,NOT-RD,10. Intersection Related - Within 150 Feet,,,,1. Straight - Level,1. No Defects,"1. Two-Way, Not Divided",1. Dry,"2. Blacktop, Asphalt, Bituminous",TODDS LN,UNKWN,SC,U-VA114SC99999UK,,3. No,"0,0",,,,,,Not SENIOR,,"5,0","40,40",Not SPEED,"40,40",,,"2. No,2. No",,"0,0",9AM TO 12PM,1,1,4. Stop Sign,1. Yes - Working,,"1,2","22. Truck - Sport Utility Vehicle (SUV),9. Bicycle",JEEP,"2. Making Right Turn,1. Going Straight Ahead",CHEROKEE,2005,5,5.Hampton Roads,1. No Adverse Condition (Clear/Cloudy),Not Provided,2. No,Not Provided,YOUNG
No Access Control,Not ALCIHOL,Urban,0,0,Bituminous Concrete (Black Base),134-00014(L)/134-08717(R)/Gap Terminus/LYNNHA,Not UNBELTED,17,Male,B,2,BIKE,2.92,1,1,,2. Angle,"Not Provided,Not Provided","Not Provided,Not Provided",13400012,2.963,4,8/8/2015,8/8/2015,20. Motor Vehicle In Transport,1730,B.Visiible Injury,2015,Left and Right sides,0,0,Virginia Beach,Urban,20. Motor Vehicle In Transport,MAIN,3PM TO 6PM,134.Virginia Beach,227,Intersection,Reset Filters,VDOT_OTHER,Saturday,Not DEER,"Not Provided,South",,5,1,152245241,,Not Provided,"PDO,B","1,2","34. Hit and Run,1. No Improper Action","Not Provided,3. Unavailable/Not Applicable","Not Applicable,Not Applicable","Not Applicable,Not Applicable","Not Applicable,Not Applicable","6. Unknown,1. Had Not Been Drinking","3. Unknown,Not Applicable","Not Provided,2. Partially Ejected","NotProvided,No","Yes,No","Not Provided,9. Not Applicable","1. Not Obscured,1. Not Obscured",,,3,734985,WARWICK DRIVE(L)/,0,1,"1.Divided, no control of access","22,20",1. On Roadway,"0,0",H,H.Urban Minor Arterial,Other City or Town Streets (not state maintained),Not GUARDRAIL,HIT_RUN,"1,8",1,1. Not at Intersection,152245241,C,0,0,36.79951,36.79951,0,0.14,Not LRTRUCK,2. Daylight,LOCATED,-76.08528,-76.08528,MAINLINE,MAIN,0,0,Curbed Grass,16,4,Divided Roadway,"22,20",Not MOTORCYCLE,541275,541275. 13400012      13400012      13400014      13408717,57323,59152,59698,57532,59080,4,1,0.043,SEC_URBAN,,,,,,,,,0,0,52,0,1,,0,0,,,,,,,,,Not PED,,1,0,Virginia Beach,134,5,NOT-RD,"13. Driveway, Alley-Access - Related",0,2.75,2.96,1. Straight - Level,1. No Defects,"1. Two-Way, Not Divided",1. Dry,1. Concrete,3282 HOLLAND RD.,URB,UR,R-VA134UR00012WB,"Urbanized (Population 200,000 and over)",3. No,"0,0",28206,30771,31055,29928,30638,Not SENIOR,Left and Right sides,"5,5","35,35",Not SPEED,"35,35",541275,0,"Not Provided,2. No",0,"0,0",3PM TO 6PM,1,1,1. No Traffic Control,6. No Traffic Control Device Present,Not a Parkway - Trucks and Commercial Vehicles Allowed,"1,2","1. Passenger car,9. Bicycle",CHEVROLET,"2. Making Right Turn,1. Going Straight Ahead","CAVALIER,BICYCLE",2000,5,5.Hampton Roads,1. No Adverse Condition (Clear/Cloudy),Not Provided,2. No,Not Provided,YOUNG
,Not ALCIHOL,Urban,0,0,,,Not UNBELTED,18,Male,B,1,BIKE,,1,1,,16. Other,"Not Provided,Not Provided","Not Provided,Not Provided",,,,8/8/2015,8/8/2015,20. Motor Vehicle In Transport,2049,B.Visiible Injury,2015,,0,0,Virginia Beach,Urban,20. Motor Vehicle In Transport,MAIN,6PM TO 9PM,134.Virginia Beach,,Not Intersection,Reset Filters,VDOT_OTHER,Saturday,Not DEER,"North,East",DISTRACTED,5,1,152285215,29,Male,"B,PDO","1,2","22. Disregarded Stop or Yield Sign,1. No Improper Action","3. Unavailable/Not Applicable,2. Not Deployed","Not Applicable,Not Applicable","1. No Defects,1. No Defects","11. Other,14. No Driver Distraction","1. Had Not Been Drinking,1. Had Not Been Drinking","3. Unknown,2. No","Not Provided,1. Not Ejected","No,No","No,No","9. Not Applicable,3. Lap and Shoulder Belt","5. Trees, Crops, etc.,5. Trees, Crops, etc.",,,,,,,,,"20,22",1. On Roadway,"0,0",,,,Not GUARDRAIL,Not HIT_RUN,"12,12",1,3. Three Approaches,,C,0,0,36.86266,36.86266,,,Not LRTRUCK,4. Darkness - Road Lighted,UNLOCATED,-75.98219,-75.98219,MAINLINE,,,,,,,,"20,22",Not MOTORCYCLE,,.,,,,,,,1,,SEC_URBAN,,,,,,,,,,,,0,1,,0,0,,,,,,,,,Not PED,,1,0,Virginia Beach,134,5,NOT-RD,9. Within Intersection,,,,3. Grade - Straight,1. No Defects,"1. Two-Way, Not Divided",1. Dry,"2. Blacktop, Asphalt, Bituminous",3500 ARCTIC AVENUE,UNKWN,SC,U-VA134SC99999UK,,3. No,"0,0",,,,,,Not SENIOR,,"25,25","25,25",Not SPEED,"25,25",,,"1. Yes,2. No",,"0,0",6PM TO 9PM,1,1,4. Stop Sign,1. Yes - Working,,"1,2","9. Bicycle,1. Passenger car",FORD,"1. Going Straight Ahead,1. Going Straight Ahead","BICYCLE,TAURUS",2007,5,5.Hampton Roads,1. No Adverse Condition (Clear/Cloudy),Not Provided,2. No,Not Provided,YOUNG
No Access Control,Not ALCIHOL,Urban,0,0,Bituminous Concrete (Black Base),NORTHWOOD DRIVE(L)/,Not UNBELTED,14,Male,C,2,BIKE,1.19,0,0,,16. Other,"Not Provided,Not Provided","Not Provided,Not Provided",11407012,1.412,4,8/9/2015,8/9/2015,19. Ped,1738,C.Non-Visible Injury,2015,Left and Right sides,1,1,Hampton,Urban,19. Ped,MAIN,3PM TO 6PM,114.Hampton,"2,365",Intersection,Reset Filters,VDOT_OTHER,Sunday,Not DEER,"South,East",,5,1,152245153,49,Male,"PDO,C","1,2","1. No Improper Action,11. Did Not Have Right-of-Way","2. Not Deployed,3. Unavailable/Not Applicable","4. No Test,4. No Test","1. No Defects,1. No Defects","Not Applicable,Not Applicable","1. Had Not Been Drinking,1. Had Not Been Drinking","2. No,2. No","1. Not Ejected,1. Not Ejected","No,No","No,No","3. Lap and Shoulder Belt,8. No Restraint Used","1. Not Obscured,1. Not Obscured",,,1,253293,PICKETT STREET(L)/,0,0,"0.Two-way, non-divided","22,20",4. Roadside,"0,0",H,H.Urban Minor Arterial,Other City or Town Streets (not state maintained),Not GUARDRAIL,Not HIT_RUN,"1,7",1,1. Not at Intersection,152245153,C,0,0,37.02111,37.02111,0,0.3,Not LRTRUCK,2. Daylight,LOCATED,-76.3949,-76.3949,MAINLINE,MAIN,0,0,0,0,0,Undivided Roadway,"22,20",Not MOTORCYCLE,253181,253181.  SR00415       SR00415      11407012      11407059,27985,27379,26434,25492,26009,4,1,0.448,SEC_URBAN,,,,,,,,,0,0,44,0,1,,0,0,,,,,,,,,Not PED,,1,0,Hampton,114,5,NOT-RD,"13. Driveway, Alley-Access - Related",0,1.25,1.41,1. Straight - Level,1. No Defects,"2. Two-Way, Divided, Unprotected Median",1. Dry,"2. Blacktop, Asphalt, Bituminous",1647 BRIARFIELD RD,URB,UR,R-VA114UR07012EB,"Urbanized (Population 200,000 and over)",1. Yes,"0,0",11158,10911,10318,9950,10152,Not SENIOR,Left and Right sides,"5,5","5,5",Not SPEED,"35,35",253292,0,"2. No,1. Yes",0,"0,0",3PM TO 6PM,1,1,1. No Traffic Control,6. No Traffic Control Device Present,Not a Parkway - Trucks and Commercial Vehicles Allowed,"1,2","3. Van,9. Bicycle",FORD,"1. Going Straight Ahead,1. Going Straight Ahead",VAN,2012,5,5.Hampton Roads,1. No Adverse Condition (Clear/Cloudy),Not Provided,2. No,Not Provided,Not YOUNG
No Access Control,Not ALCIHOL,Urban,0,0,Portland Cement Concrete,121-07012(R)/,Not UNBELTED,52,Male,C,2,BIKE,10.16,0,0,,2. Angle,"Not Provided,Not Provided","Not Provided,Not Provided",SR00143,11.102,3,8/11/2015,8/11/2015,20. Motor Vehicle In Transport,1235,C.Non-Visible Injury,2015,Left and Right sides,1,1,Newport News,Urban,20. Motor Vehicle In Transport,MAIN,12PM TO 3PM,121.Newport News,517,Intersection,Reset Filters,VDOT_OTHER,Tuesday,Not DEER,"West,South",,5,1,153030070,57,Female,"PDO,C","1,2","1. No Improper Action,37. Other","2. Not Deployed,3. Unavailable/Not Applicable","Not Applicable,Not Applicable","1. No Defects,1. No Defects","Not Applicable,Not Applicable","1. Had Not Been Drinking,1. Had Not Been Drinking","2. No,2. No","1. Not Ejected,2. Partially Ejected","No,Yes","No,No","3. Lap and Shoulder Belt,9. Not Applicable","1. Not Obscured,1. Not Obscured",,,11,756245,US-00017-N051D(L)/SR-00143-N011A(L)/RAMP TO U,0,1,"1.Divided, no control of access","20,20",4. Roadside,"0,0",E,E.Urban Other Principle Arterials; Connecting Links of Other Rural Principal Arterial,Urban Extensions - Primary Routes,Not GUARDRAIL,Not HIT_RUN,"12,12",1,2. Two Approaches,153030070,C,0,0,37.01741,37.01741,0,1.04,Not LRTRUCK,2. Daylight,LOCATED,-76.44318,-76.44318,MAINLINE,MAIN,0,0,Curbed Grass,14,14,Divided Roadway,"20,20",Not MOTORCYCLE,756245,756245.  SR00143       SR00143       US00017N051D,29480,30556,22435,22410,23296,6,1,0.098,PRI_URBAN,,,,,,,,,0,171,0,0,1,,0,0,,,,,,,,,Not PED,,1,0,Newport News,121,5,NOT-RD,"13. Driveway, Alley-Access - Related",0,11,11.1,5. Hillcrest - Straight,1. No Defects,"1. Two-Way, Not Divided",1. Dry,"2. Blacktop, Asphalt, Bituminous",6044 JEFFERSON AVE,STPRI,SR,R-VA   SR00143NB,"Urbanized (Population 200,000 and over)",3. No,"0,0",29480,30556,22435,22410,23296,Not SENIOR,Left and Right sides,2,"45,0",Not SPEED,"45,0",646112,0,"2. No,1. Yes",0,"0,0",12PM TO 3PM,1,1,1. No Traffic Control,6. No Traffic Control Device Present,Not a Parkway - Trucks and Commercial Vehicles Allowed,"1,2","3. Van,9. Bicycle",CHRYSLER,"2. Making Right Turn,1. Going Straight Ahead",TOWN AND COUNTR,2013,5,5.Hampton Roads,1. No Adverse Condition (Clear/Cloudy),Not Provided,2. No,Not Provided,Not YOUNG