Access Control,Alcohol Notalcohol,Area Type1,A Crash,A People,Basetypedesc,Begin Node Dsc,Belted Unbelted,Bikeage,Bikegen,Bikeinjurytype,Bikevehiclenumber,Bike Nonbike,BMP,B Crash,B People,Carspeedlimit,Collision Type,Comm Cargo Body Type Cd,Comm Vehicle Body Type Cd,Cotedrouteid,Coted Mp,Count App,CRASH_DT (copy),Crash Dt,Crash Event Type Dsc,Crash Military Tm,Crash Severity,Crash Year,Curbgutterdesc,C Crash,C People,Juris Name Used,Area Type Used,First Harmful Event of Entire Crash,MAINLINE,Time Slicing Used,Phy_Juris_Nm,Offset-Ft,Intersection Analysis,Clear,Calculation_9640323132123359,Day Of Week,Deer Nodeer,Direction Of Travel Cd,Distracted Notdistracted,VSP,TOTAL CRASH,Document Nbr,Driverage,Drivergen,Driverinjurytype,Drivervehiclenumber,Driver Action Type Cd,Driver Airbag Deployment,Driver Alcohol Test Type Cd,Driver Condition Type Cd,Driver Distraction Type Cd,Driver Drinking Type Cd,Driver Drug Use Cd,Driver Ejected From Vehicle,Driver Ems Transport Ind,Driver Fled Scene Ind,Driver Safety Equip Used,Driver Vis Obscured Type Cd,Drowsy Notdrowsy,Drug Nodrug,EMP,End Node,End Node Dsc,End Offset,Facility,FAC,First Crash Event Cd,First Harmful Event,Fourth Crash Event Cd,Functionalclass,FUN,Govcondesc,Gr Nogr,Hitrun Not Hitrun,Initial Veh Impact Area Cd,Injury Crashes,Intersection Type,Int Doc,Jurtype,K_CRASH,K People,LAT (copy),LAT,Leftshoulderwidth,Length,Lgtruck Nonlgtruck,Light Condition,Located Unlocated,LON (copy),LON,MAINLINE (group),Mainline Yn,Medianleftshoulderwidth,Medianrightshoulderwidth,Mediantypedesc,Medianwidthmax,Medianwidthmin,Median Type,Most Harmful Crash Event Cd,Motor Nonmotor,Node,Node Info,Node Totaadt2011,Node Totaadt2012,Node Totaadt2013,Node Totaadt2014,Node Totaadt2015,Numberoflane,Number of Records,Offset,Ownership,Passage,Passgen,Passinjurytype,Passvehiclenumber,Pass Airbag Deployment,Pass Ejected From Vehicle,Pass Ems Transport Ind,Pass Safety Equip Used,Pavementconditionvalue,Pavementroughnessvalue,Pavementwidth,Pdo Crash,Total People Killed & Injured,Pedage,Pedestrians Injured,Pedestrians Killed,Pedgen,Pedinjurytype,Pednumber,Ped Action,Ped Al Test,Ped Cond,Ped Drink,Ped Drug,Ped Nonped,Ped Rflct,Persons Injured,Persons Killed,Physical Juris Nm,PJR,VSP_Used,Rd Type,Relation To Roadway,Rightshoulderwidth,RNS_MP (0.25 mi bin),Rns Mp,Roadway Alignment,Roadway Defect,Roadway Description,Roadway Surface Cond,Roadway Surface Type,Route Or Street Nm,Rte Category Cd,Rte Cat,Rte Nm,Ruralurbandesc,School Zone,Second Crash Event Cd,Segtotaadt2011,Segtotaadt2012,Segtotaadt2013,Segtotaadt2014,Segtotaadt2015,Senior Notsenior,Sidewalkdesc,Speed Before,Speed Max Safe,Speed Notspeed,Speed Posted,Start Node,Start Offset,Summons Issued Cd,Surfacedesc,Third Crash Event Cd,Time Slicing,Total Crashes including Property Damage Only,Total Crash,Traffic Control Type,Trfc Ctrl Status Type,Truckcommr,Vehiclenumber,Vehicle Body Type Cd,Vehicle Make Nm,Vehicle Maneuver Type Cd,Vehicle Model Nm,Vehicle Year Nbr,District,District_Used ,Weather Condition,Work Zone Location,Work Zone Related,Work Zone Type,Young Notyoung
No Access Control,Not ALCIHOL,Urban,1,1,Bituminous Concrete (Black Base),122-08791(R)/35TH ST,Not UNBELTED,22,Male,A,1,BIKE,30.51,0,0,,13. Bicyclist,"Not Provided,Not Provided","Not Provided,Not Provided",SR00337,30.54,4,4/9/2014,4/9/2014,20. Motor Vehicle In Transport,2149,A.Ambulatory Injury,2014,Left and Right sides,0,0,Norfolk,Urban,20. Motor Vehicle In Transport,MAIN,9PM TO 12AM,122.Norfolk,211,Intersection,Reset Filters,VDOT_OTHER,Wednesday,Not DEER,"South,West",DISTRACTED,5,1,141750439,19,Male,"A,PDO","1,2","28. Driving Without Lights,1. No Improper Action","3. Unavailable/Not Applicable,2. Not Deployed","Not Applicable,Not Applicable","8. Other,8. Other","11. Other,11. Other","1. Had Not Been Drinking,1. Had Not Been Drinking","3. Unknown,3. Unknown","3. Totally Ejected,1. Not Ejected","Yes,No","No,No","8. No Restraint Used,3. Lap and Shoulder Belt","13. Other,13. Other",,,31,483655,122-08564(B)/38TH ST,0,0,"0.Two-way, non-divided","20,20",1. On Roadway,"0,0",E,E.Urban Other Principle Arterials; Connecting Links of Other Rural Principal Arterial,Urban Extensions - Primary Routes,Not GUARDRAIL,Not HIT_RUN,"12,12",1,4. Four Approaches,141750439,C,0,0,36.8813,36.8813,0,0.07,Not LRTRUCK,4. Darkness - Road Lighted,LOCATED,-76.30211,-76.30211,MAINLINE,MAIN,0,0,0,0,0,Undivided Roadway,"20,20",Not MOTORCYCLE,483655,483655.  SR00337       SR00337      12208564      12208564,38699,40866,40042,37803,32041,6,1,0.04,PRI_URBAN,,,,,,,,,0,260,74,0,1,,0,0,,,,,,,,,Not PED,,1,0,Norfolk,122,5,NOT-RD,12. Crossover Related,0,30.5,30.54,9. Other,9. Other,"2. Two-Way, Divided, Unprotected Median",1. Dry,"2. Blacktop, Asphalt, Bituminous",1200 W 40TH ST,STPRI,SR,R-VA   SR00337EB,"Urbanized (Population 200,000 and over)",1. Yes,"0,0",33979,35765,34894,32841,26393,Not SENIOR,Left and Right sides,"2,5","25,25",Not SPEED,"25,25",485982,0.13,"2. No,2. No",0,"0,0",9PM TO 12AM,1,1,4. Stop Sign,6. No Traffic Control Device Present,Not a Parkway - Trucks and Commercial Vehicles Allowed,"1,2","9. Bicycle,1. Passenger car","SCWINN,PONTIAC","1. Going Straight Ahead,2. Making Right Turn","BICYCLE,4D",2007,5,5.Hampton Roads,1. No Adverse Condition (Clear/Cloudy),Not Provided,2. No,Not Provided,YOUNG
No Access Control,Not ALCIHOL,Urban,0,0,Dual Type,VISTA CIR (L) PAGE AVE (R)/,Not UNBELTED,39,Male,B,1,BIKE,292.98,1,1,,2. Angle,"Not Provided,Not Provided","Not Provided,Not Provided",US00060,293.126,3,4/11/2014,4/11/2014,20. Motor Vehicle In Transport,1819,B.Visiible Injury,2014,None,0,0,Virginia Beach,Urban,20. Motor Vehicle In Transport,MAIN,6PM TO 9PM,134.Virginia Beach,"3,981",Intersection,Reset Filters,VDOT_OTHER,Friday,Not DEER,"East,South",,5,1,141035204,31,Female,"B,PDO","1,2","1. No Improper Action,1. No Improper Action","2. Not Deployed,2. Not Deployed","Not Applicable,Not Applicable","1. No Defects,1. No Defects","14. No Driver Distraction,14. No Driver Distraction","1. Had Not Been Drinking,1. Had Not Been Drinking","2. No,2. No","1. Not Ejected,1. Not Ejected","No,No","No,No","6. Other,3. Lap and Shoulder Belt","1. Not Obscured,1. Not Obscured",,,293,541124,VISTA CIR (L) PAGE AVE (R)/,0.41,1,"1.Divided, no control of access","20,22",2. Shoulder,"0,0",E,E.Urban Other Principle Arterials; Connecting Links of Other Rural Principal Arterial,Urban Extensions - Primary Routes,Not GUARDRAIL,Not HIT_RUN,"12,2",1,1. Not at Intersection,141035204,C,0,0,36.90854,36.90854,6,0.41,Not LRTRUCK,2. Daylight,LOCATED,-76.08417,-76.08417,MAINLINE,MAIN,2,2,Grass/Unprotected,24,12,Divided Roadway,"20,22",Not MOTORCYCLE,541119,541119.  SR00279       US00060       US00060,40261,36798,36789,36155,35925,4,1,0.754,PRI_URBAN,,,,,,,,,0,196,44,0,1,,0,0,,,,,,,,,Not PED,,1,0,Virginia Beach,134,5,NOT-RD,"13. Driveway, Alley-Access - Related",6,293,293.13,1. Straight - Level,1. No Defects,"2. Two-Way, Divided, Unprotected Median",1. Dry,"2. Blacktop, Asphalt, Bituminous",3232 SHORE DR,USPRI,US,R-VA   US00060WB,"Urbanized (Population 200,000 and over)",3. No,"0,0",35717,32418,32228,32043,33361,Not SENIOR,None,"10,5","35,35",Not SPEED,"35,35",541124,0,"2. No,2. No",0,"0,0",6PM TO 9PM,1,1,1. No Traffic Control,6. No Traffic Control Device Present,Truck Access System,"1,2","9. Bicycle,22. Truck - Sport Utility Vehicle (SUV)","BICYCLE,Toyota","1. Going Straight Ahead,16. Entering Street From Parking Lot",RAV4,2007,5,5.Hampton Roads,1. No Adverse Condition (Clear/Cloudy),Not Provided,2. No,Not Provided,Not YOUNG
No Access Control,Not ALCIHOL,Urban,0,0,Bituminous Concrete (Black Base),134-08714(R)/WOLFSNARE ROAD(L)/WOLFSNARE RD,Not UNBELTED,50,Female,B,2,BIKE,0.82,1,1,,16. Other,"Not Provided,Not Provided","Not Provided,Not Provided",SR00279,0.82,3,12/1/2012,12/1/2012,22. Bicycle,1744,B.Visiible Injury,2012,Left and Right sides,0,1,Virginia Beach,Urban,22. Bicycle,MAIN,3PM TO 6PM,134.Virginia Beach,0,Intersection,Reset Filters,VDOT_OTHER,Saturday,Not DEER,"West,South",,5,1,123385234,71,Female,"C,B","1,2","11. Did Not Have Right-of-Way,28. Driving Without Lights","2. Not Deployed,3. Unavailable/Not Applicable","4. No Test,4. No Test","1. No Defects,1. No Defects","14. No Driver Distraction,14. No Driver Distraction","1. Had Not Been Drinking,1. Had Not Been Drinking","2. No,2. No","1. Not Ejected,2. Partially Ejected","No,No","No,No","3. Lap and Shoulder Belt,9. Not Applicable","1. Not Obscured,1. Not Obscured",,,1,541225,134-08712(L)/N PLANTATION DRIVE(R)/S PLANTATI,0,1,"1.Divided, no control of access","22,20",1. On Roadway,"0,0",H,H.Urban Minor Arterial,Urban Extensions - Primary Routes,Not GUARDRAIL,Not HIT_RUN,"12,8",1,4. Four Approaches,123385234,C,0,0,36.853543,36.853543,0,0.21,Not LRTRUCK,3. Dusk,LOCATED,-76.048376,-76.048376,MAINLINE,MAIN,4,4,Grass/Unprotected,40,40,Divided Roadway,"22,20",Not MOTORCYCLE,541224,541224.  SR00279       SR00279      13408714,44857,41082,41461,39956,31035,4,1,0,PRI_URBAN,,,,,,,,,0,0,52,0,2,,0,0,,,,,,,,,Not PED,,2,0,Virginia Beach,134,5,NOT-RD,9. Within Intersection,0,0.75,0.82,1. Straight - Level,1. No Defects,"1. Two-Way, Not Divided",1. Dry,"2. Blacktop, Asphalt, Bituminous",700 N GREAT NECK RD,STPRI,SR,R-VA   SR00279NB,"Urbanized (Population 200,000 and over)",3. No,"0,0",42549,38938,39297,37871,29030,SENIOR,Left and Right sides,"2,1","35,35",Not SPEED,"35,35",541224,0,"1. Yes,1. Yes",0,"0,0",3PM TO 6PM,1,1,3. Traffic Signal,1. Yes - Working,Not a Parkway - Trucks and Commercial Vehicles Allowed,"1,2","1. Passenger car,9. Bicycle","HONDA,N/A","2. Making Right Turn,1. Going Straight Ahead","ACCORD,BICYCLE",20042012,5,5.Hampton Roads,1. No Adverse Condition (Clear/Cloudy),Not Provided,2. No,Not Provided,Not YOUNG
No Access Control,Not ALCIHOL,Urban,0,0,Dual Type,122-08611(L)/KINGSLEY LN,Not UNBELTED,26,Male,C,2,BIKE,402.61,0,0,,2. Angle,"Not Provided,Not Provided","Not Provided,Not Provided",US00460,403.116,3,12/1/2012,12/1/2012,20. Motor Vehicle In Transport,1105,C.Non-Visible Injury,2012,Left and Right sides,1,1,Norfolk,Urban,20. Motor Vehicle In Transport,MAIN,9AM TO 12PM,122.Norfolk,"1,552",Intersection,Reset Filters,VDOT_OTHER,Saturday,Not DEER,"East,North",,5,1,130220209,83,Male,"PDO,C","1,2","11. Did Not Have Right-of-Way,1. No Improper Action","2. Not Deployed,Not Provided","4. No Test,4. No Test","2. Eyesight Defective,1. No Defects","Not Applicable,Not Applicable","1. Had Not Been Drinking,1. Had Not Been Drinking","Not Applicable,Not Applicable","1. Not Ejected,Not Provided","No,No","No,No","3. Lap and Shoulder Belt,Not Provided","11. Moving Vehicle(s),1. Not Obscured",,,403,483747,122-08626(R)/THOLE ST,0,1,"1.Divided, no control of access","20,20",1. On Roadway,"0,0",E,E.Urban Other Principle Arterials; Connecting Links of Other Rural Principal Arterial,Urban Extensions - Primary Routes,Not GUARDRAIL,Not HIT_RUN,"12,9",1,3. Three Approaches,130220209,C,0,0,36.903305,36.903305,0,0.8,Not LRTRUCK,2. Daylight,LOCATED,-76.277474,-76.277474,MAINLINE,MAIN,0,0,Curbed Grass,48,48,Divided Roadway,"20,20",Not MOTORCYCLE,483747,483747.  US00460       US00460      12208626,37055,37537,37883,36509,34750,6,1,0.294,PRI_URBAN,,,,,,,,,0,200,66,0,1,,0,0,,,,,,,,,Not PED,,1,0,Norfolk,122,5,NOT-RD,9. Within Intersection,0,403,403.12,1. Straight - Level,1. No Defects,"3. Two-Way, Divided, Positive Median Barrier",1. Dry,1. Concrete,6900 BLK GRANDBY ST,USPRI,US,R-VA   US00460EB,"Urbanized (Population 200,000 and over)",3. No,"0,0",35083,33514,33823,32596,33254,SENIOR,None,"5,15","35,35",Not SPEED,"35,35",483748,0,"1. Yes,2. No",0,"0,0",9AM TO 12PM,1,1,1. No Traffic Control,6. No Traffic Control Device Present,Not a Parkway - Trucks and Commercial Vehicles Allowed,"1,2","1. Passenger car,9. Bicycle","HONDA,MASI","1. Going Straight Ahead,1. Going Straight Ahead","CIVIC,SPECIAL CX",2009,5,5.Hampton Roads,1. No Adverse Condition (Clear/Cloudy),Not Provided,2. No,Not Provided,Not YOUNG
No Access Control,Not ALCIHOL,Urban,0,0,Bituminous Concrete (Black Base),GRAVENHURST RD(R)/,Not UNBELTED,46,Female,B,2,BIKE,2.51,1,1,,16. Other,"Not Provided,Not Provided","Not Provided,Not Provided",13408717,2.634,4,12/2/2012,12/2/2012,20. Motor Vehicle In Transport,1649,B.Visiible Injury,2012,Left and Right sides,0,0,Virginia Beach,Urban,20. Motor Vehicle In Transport,MAIN,3PM TO 6PM,134.Virginia Beach,"2,767",Intersection,Reset Filters,VDOT_OTHER,Sunday,Not DEER,"East,North",,5,1,123525232,31,0,"PDO,B","1,2","31. Avoiding Other Vehicle,31. Avoiding Other Vehicle","2. Not Deployed,3. Unavailable/Not Applicable","4. No Test,4. No Test","1. No Defects,1. No Defects","14. No Driver Distraction,14. No Driver Distraction","1. Had Not Been Drinking,1. Had Not Been Drinking","2. No,2. No","1. Not Ejected,3. Totally Ejected","No,No","No,No","3. Lap and Shoulder Belt,8. No Restraint Used","1. Not Obscured,1. Not Obscured",,,3,541926,PLEASANT VALLEY RD(B)/,0,1,"1.Divided, no control of access","22,20",1. On Roadway,"0,0",H,H.Urban Minor Arterial,Other City or Town Streets (not state maintained),Not GUARDRAIL,Not HIT_RUN,"1,11",1,1. Not at Intersection,123525232,C,0,0,36.786716,36.786716,0,0.17,Not LRTRUCK,3. Dusk,LOCATED,-76.150523,-76.150523,MAINLINE,MAIN,0,0,Curbed Grass,16,4,Divided Roadway,"22,20",Not MOTORCYCLE,541318,541318. 13408590      13408590      13408717      13408717,34382,32723,33025,31827,32703,4,1,0.524,SEC_URBAN,,,,,,,,,0,0,52,0,1,,0,0,,,,,,,,,Not PED,,1,0,Virginia Beach,134,5,NOT-RD,"13. Driveway, Alley-Access - Related",0,2.5,2.63,1. Straight - Level,1. No Defects,"2. Two-Way, Divided, Unprotected Median",1. Dry,"2. Blacktop, Asphalt, Bituminous",2400 LYNNHAVEN PWY,URB,UR,R-VA134UR08717WB,"Urbanized (Population 200,000 and over)",3. No,"0,0",21241,20529,20719,19967,19828,Not SENIOR,Left and Right sides,"5,2","5,5",Not SPEED,"5,5",541925,0,"2. No,2. No",0,"0,0",3PM TO 6PM,1,1,1. No Traffic Control,6. No Traffic Control Device Present,Not a Parkway - Trucks and Commercial Vehicles Allowed,"1,2","1. Passenger car,9. Bicycle",ACURA,"2. Making Right Turn,1. Going Straight Ahead","TL,BICYCLE",2008,5,5.Hampton Roads,1. No Adverse Condition (Clear/Cloudy),Not Provided,2. No,Not Provided,Not YOUNG
No Access Control,Not ALCIHOL,Urban,1,1,Bituminous Concrete (Black Base),IS-00064-W290B(L)/FROM RT 64 WEST,Not UNBELTED,44,Female,A,2,BIKE,14.11,0,0,,1. Rear End,"Not Provided,Not Provided","Not Provided,Not Provided",C1SR00168,14.124,3,12/3/2012,12/3/2012,22. Bicycle,1530,A.Ambulatory Injury,2012,None,0,0,Chesapeake,Urban,22. Bicycle,MAIN,3PM TO 6PM,131.Chesapeake,74,Intersection,Reset Filters,VDOT_OTHER,Monday,Not DEER,"North,North",,5,1,123385291,45,0,"PDO,A","1,2","1. No Improper Action,1. No Improper Action","2. Not Deployed,3. Unavailable/Not Applicable","Not Applicable,Not Applicable","1. No Defects,1. No Defects","14. No Driver Distraction,14. No Driver Distraction","1. Had Not Been Drinking,1. Had Not Been Drinking","2. No,2. No","1. Not Ejected,1. Not Ejected","No,Yes","No,No","3. Lap and Shoulder Belt,9. Not Applicable","11. Moving Vehicle(s),1. Not Obscured",,,14,753297,C1SR-00168-N014A(R)/TO RT 64 WEST,0,1,"1.Divided, no control of access","22,20",1. On Roadway,"0,0",E,E.Urban Other Principle Arterials; Connecting Links of Other Rural Principal Arterial,Urban Extensions - Primary Routes,Not GUARDRAIL,Not HIT_RUN,"1,6",1,1. Not at Intersection,123385291,C,0,0,36.76968075,36.76968075,4,0.13,Not LRTRUCK,2. Daylight,LOCATED,-76.2523711,-76.2523711,MAINLINE,MAIN,0,0,Curbed Grass,16,4,Divided Roadway,"22,20",Not MOTORCYCLE,753296,753296.  IS00064W290BC1SR00168     C1SR00168,61394,60532,60850,70364,72075,5,1,0.014,PRI_URBAN,,,,,,,,,0,147,60,0,1,,0,0,,,,,,,,,Not PED,,1,0,Chesapeake,131,5,NOT-RD,8. Non-Intersection,4,14,14.12,1. Straight - Level,1. No Defects,"3. Two-Way, Divided, Positive Median Barrier",1. Dry,"2. Blacktop, Asphalt, Bituminous",RT 168,STPRI,SR,R-VA   SR00168NBBUS001,"Urbanized (Population 200,000 and over)",3. No,"0,39",57512,56238,56556,66070,67382,Not SENIOR,None,"35,10","45,45",Not SPEED,"45,45",753296,0,"2. No,2. No",0,"0,0",3PM TO 6PM,1,1,6. Traffic Lanes Marked,1. Yes - Working,Not a Parkway - Trucks and Commercial Vehicles Allowed,"1,2","22. Truck - Sport Utility Vehicle (SUV),9. Bicycle","Toyota,TIARA","14. Changing Lanes,1. Going Straight Ahead","4Runner,PRO NEXT",20082000,5,5.Hampton Roads,1. No Adverse Condition (Clear/Cloudy),Not Provided,2. No,Not Provided,Not YOUNG
No Access Control,Not ALCIHOL,Urban,1,2,Bituminous Concrete (Black Base),ATKINS LANE(L)/,Not UNBELTED,66,Male,A,1,BIKE,1.41,0,0,,2. Angle,"Not Provided,Not Provided","Not Provided,Not Provided",12107034,1.489,4,4/12/2014,4/12/2014,22. Bicycle,1028,A.Ambulatory Injury,2014,Left and Right sides,0,0,Newport News,Urban,22. Bicycle,MAIN,9AM TO 12PM,121.Newport News,5,Intersection,Reset Filters,VDOT_OTHER,Saturday,Not DEER,"East,South",,5,1,141760030,40,Male,"A,A","1,2","11. Did Not Have Right-of-Way,1. No Improper Action","3. Unavailable/Not Applicable,3. Unavailable/Not Applicable","4. No Test,4. No Test","1. No Defects,1. No Defects","Not Applicable,Not Applicable","1. Had Not Been Drinking,1. Had Not Been Drinking","2. No,2. No","3. Totally Ejected,3. Totally Ejected","No,Yes","No,No","5. Helmet,5. Helmet","1. Not Obscured,1. Not Obscured",,,1,646001,US-00017(B)/HARPERSVILLE RD,0,0,"0.Two-way, non-divided","20,22",1. On Roadway,"0,0",I,I.Urban Collector,Other City or Town Streets (not state maintained),Not GUARDRAIL,Not HIT_RUN,"10,12",1,4. Four Approaches,141760030,C,0,0,37.09795,37.09795,0,0.08,Not LRTRUCK,2. Daylight,LOCATED,-76.45884,-76.45884,MAINLINE,MAIN,0,0,0,0,0,Undivided Roadway,"20,22",MOTORCYCLE,646001,646001.  US00017       US00017      12107034      12107034,46521,46458,46055,45850,46181,2,1,0.001,SEC_URBAN,,,,,,,,,0,0,40,0,2,,0,0,,,,,,,,,Not PED,,2,0,Newport News,121,5,NOT-RD,9. Within Intersection,0,1.25,1.49,1. Straight - Level,1. No Defects,"2. Two-Way, Divided, Unprotected Median",1. Dry,"2. Blacktop, Asphalt, Bituminous",HARPERSVILLE RD,URB,UR,R-VA121UR07034WB,"Urbanized (Population 200,000 and over)",3. No,"0,0",8435,8249,9410,9075,9259,SENIOR,None,"5,20","0,25",Not SPEED,"25,25",646400,0.1,"1. Yes,2. No",0,"0,0",9AM TO 12PM,1,1,1. No Traffic Control,1. Yes - Working,Not a Parkway - Trucks and Commercial Vehicles Allowed,"1,2","9. Bicycle,11. Motorcycle",HARLEY DAV,"1. Going Straight Ahead,1. Going Straight Ahead",,2002,5,5.Hampton Roads,1. No Adverse Condition (Clear/Cloudy),Not Provided,2. No,Not Provided,Not YOUNG
No Access Control,ALCOHOL,Urban,1,1,Bituminous Concrete (Black Base),US-00258-W059B(L)/US-00017-S051A(L)/RAMP TO U,Not UNBELTED,48,Female,A,2,BIKE,51.19,0,0,,13. Bicyclist,"Not Provided,Not Provided","Not Provided,Not Provided",US00017,51.416,3,4/12/2014,4/12/2014,22. Bicycle,1957,A.Ambulatory Injury,2014,Left and Right sides,0,0,Newport News,Urban,22. Bicycle,MAIN,6PM TO 9PM,121.Newport News,"1,193",Intersection,Reset Filters,VDOT_OTHER,Saturday,Not DEER,"North,South",,5,1,141760013,43,Female,"PDO,A","1,2","1. No Improper Action,37. Other","2. Not Deployed,3. Unavailable/Not Applicable","4. No Test,4. No Test","1. No Defects,8. Other","Not Applicable,Not Applicable","1. Had Not Been Drinking,3. Drinking - Ability Impaired","3. Unknown,3. Unknown","1. Not Ejected,1. Not Ejected","No,Yes","No,No","3. Lap and Shoulder Belt,9. Not Applicable","13. Other,1. Not Obscured",,,52,646009,CENTER AV,0,1,"1.Divided, no control of access","22,20",1. On Roadway,"0,0",E,E.Urban Other Principle Arterials; Connecting Links of Other Rural Principal Arterial,Urban Extensions - Primary Routes,Not GUARDRAIL,Not HIT_RUN,"12,7",1,4. Four Approaches,141760013,C,0,0,37.02369,37.02369,0,0.5,Not LRTRUCK,4. Darkness - Road Lighted,LOCATED,-76.44711,-76.44711,MAINLINE,MAIN,0,0,Curbed Grass,14,4,Divided Roadway,"22,20",Not MOTORCYCLE,756246,756246.  US00017       US00017       US00258W059B,40702,41593,39530,39683,39836,6,1,0.226,PRI_URBAN,,,,,,,,,0,179,72,0,1,,0,0,,,,,,,,,Not PED,,1,0,Newport News,121,5,NOT-RD,9. Within Intersection,0,51.25,51.42,1. Straight - Level,1. No Defects,"1. Two-Way, Not Divided",1. Dry,1. Concrete,BROOKE ST,USPRI,US,R-VA   US00017NB,"Urbanized (Population 200,000 and over)",3. No,"0,0",40702,41593,39530,39683,39836,Not SENIOR,Left and Right sides,"15,0","15,25",Not SPEED,"25,25",756246,0,"2. No,2. No",0,"0,0",6PM TO 9PM,1,1,3. Traffic Signal,1. Yes - Working,Designated Truck Route - D2,"1,2","2. Truck - Pick-up/Passenger Truck,9. Bicycle",FORD,"2. Making Right Turn,8. Stopped in Traffic Lane",EXPEDITION,2000,5,5.Hampton Roads,1. No Adverse Condition (Clear/Cloudy),Not Provided,2. No,Not Provided,Not YOUNG
No Access Control,Not ALCIHOL,Urban,0,0,Penetration Macadam and Water Bound Macadam,134-08817(L)/OLD DOMINION PKWY,Not UNBELTED,37,Female,B,2,BIKE,1.7,1,1,,2. Angle,"Not Provided,Not Provided","Not Provided,Not Provided",13400009,1.703,3,12/5/2012,12/5/2012,20. Motor Vehicle In Transport,1328,B.Visiible Injury,2012,Left and Right sides,0,0,Virginia Beach,Urban,20. Motor Vehicle In Transport,MAIN,12PM TO 3PM,134.Virginia Beach,16,Intersection,Reset Filters,VDOT_OTHER,Wednesday,Not DEER,"East,North",,5,1,130055090,43,Female,"PDO,B","1,2","11. Did Not Have Right-of-Way,10. Wrong Side Of Road - Not Overtaking","2. Not Deployed,3. Unavailable/Not Applicable","Not Applicable,Not Applicable","1. No Defects,1. No Defects","14. No Driver Distraction,14. No Driver Distraction","1. Had Not Been Drinking,1. Had Not Been Drinking","2. No,2. No","1. Not Ejected,2. Partially Ejected","No,Yes","No,No","3. Lap and Shoulder Belt,9. Not Applicable","1. Not Obscured,1. Not Obscured",,,2,734946,CAMELOT DRIVE(R)/,0,1,"1.Divided, no control of access","22,20",1. On Roadway,"0,0",H,H.Urban Minor Arterial,Other City or Town Streets (not state maintained),Not GUARDRAIL,Not HIT_RUN,"12,9",1,4. Four Approaches,130055090,C,0,0,36.865515,36.865515,0,0.11,Not LRTRUCK,2. Daylight,LOCATED,-76.029215,-76.029215,MAINLINE,MAIN,0,0,Curbed Grass,16,4,Divided Roadway,"22,20",Not MOTORCYCLE,541256,541256. 13400009      13400009      13408817,39677,37941,38291,36901,38313,4,1,0.003,SEC_URBAN,,,,,,,,,0,0,52,0,1,,0,0,,,,,,,,,Not PED,,1,0,Virginia Beach,134,5,NOT-RD,9. Within Intersection,0,1.5,1.7,1. Straight - Level,1. No Defects,"2. Two-Way, Divided, Unprotected Median",2. Wet,"2. Blacktop, Asphalt, Bituminous",1099 FIRST COLONIAL RD,URB,UR,R-VA134UR00009SB,"Urbanized (Population 200,000 and over)",3. No,"0,0",36525,34557,34876,33610,35142,Not SENIOR,Left and Right sides,"5,5","45,45",Not SPEED,"45,45",541256,0,"3. Pending,3. Pending",0,"0,0",12PM TO 3PM,1,1,3. Traffic Signal,1. Yes - Working,Not a Parkway - Trucks and Commercial Vehicles Allowed,"1,2","2. Truck - Pick-up/Passenger Truck,9. Bicycle","Dodge,SCHWINN","2. Making Right Turn,1. Going Straight Ahead","Dakota,BEACHCRUISER",2004,5,5.Hampton Roads,5. Rain,Not Provided,2. No,Not Provided,Not YOUNG
No Access Control,Not ALCIHOL,Urban,0,0,Bituminous Concrete (Black Base),US-00258-W059B(L)/SR-00143-N011A(L)/RAMP TO U,Not UNBELTED,17,Male,B,1,BIKE,59.52,1,1,,3. Head On,"Not Provided,Not Provided","Not Provided,Not Provided",US00258,59.617,3,8/18/2015,8/18/2015,22. Bicycle,2050,B.Visiible Injury,2015,Left and Right sides,0,0,Newport News,Urban,22. Bicycle,MAIN,6PM TO 9PM,121.Newport News,512,Intersection,Reset Filters,VDOT_OTHER,Tuesday,Not DEER,"South,East",,5,1,152660033,55,Female,"B,PDO","1,2","4. Overtaking On Hill,1. No Improper Action","3. Unavailable/Not Applicable,2. Not Deployed","Not Applicable,4. No Test","8. Other,1. No Defects","Not Applicable,Not Applicable","1. Had Not Been Drinking,1. Had Not Been Drinking","2. No,2. No","1. Not Ejected,1. Not Ejected","Yes,No","No,No","8. No Restraint Used,3. Lap and Shoulder Belt","Not Applicable,11. Moving Vehicle(s)",,,60,756247,US-00258-W059B(L)/SR-00143-N011A(L)/RAMP TO U,0.12,1,"1.Divided, no control of access","20,22",1. On Roadway,"20,22",E,E.Urban Other Principle Arterials; Connecting Links of Other Rural Principal Arterial,Urban Extensions - Primary Routes,Not GUARDRAIL,Not HIT_RUN,"2,12",1,4. Four Approaches,152660033,C,0,0,37.02053,37.02053,0,0.12,Not LRTRUCK,4. Darkness - Road Lighted,LOCATED,-76.442,-76.442,MAINLINE,MAIN,0,0,Curbed Grass,24,4,Divided Roadway,"20,22",Not MOTORCYCLE,756247,756247.  SR00143N011A  US00258       US00258,39576,39176,38335,38753,39751,6,1,0.097,PRI_URBAN,,,,,,,,,0,225,76,0,1,,0,0,,,,,,,,,Not PED,,1,0,Newport News,121,5,RD-UNKNOWN,1. Main-Line Roadway,0,59.5,59.62,1. Straight - Level,1. No Defects,"3. Two-Way, Divided, Positive Median Barrier",1. Dry,"2. Blacktop, Asphalt, Bituminous",MERCURY BLVD,USPRI,US,R-VA   US00258EB,"Urbanized (Population 200,000 and over)",3. No,"0,0",39576,39176,38335,38753,39751,Not SENIOR,Left and Right sides,"3,10","45,45",Not SPEED,"45,45",756247,0,"2. No,2. No",0,"0,0",6PM TO 9PM,1,1,3. Traffic Signal,1. Yes - Working,Truck Access System,"1,2","9. Bicycle,1. Passenger car",MERCURY,"1. Going Straight Ahead,1. Going Straight Ahead",GRAND MARQUIS,1993,5,5.Hampton Roads,1. No Adverse Condition (Clear/Cloudy),Not Provided,2. No,Not Provided,YOUNG