Access Control,Alcohol Notalcohol,Area Type1,A Crash,A People,Basetypedesc,Begin Node Dsc,Belted Unbelted,Bikeage,Bikegen,Bikeinjurytype,Bikevehiclenumber,Bike Nonbike,BMP,B Crash,B People,Carspeedlimit,Collision Type,Comm Cargo Body Type Cd,Comm Vehicle Body Type Cd,Cotedrouteid,Coted Mp,Count App,CRASH_DT (copy),Crash Dt,Crash Event Type Dsc,Crash Military Tm,Crash Severity,Crash Year,Curbgutterdesc,C Crash,C People,Juris Name Used,Area Type Used,First Harmful Event of Entire Crash,MAINLINE,Time Slicing Used,Phy_Juris_Nm,Offset-Ft,Intersection Analysis,Clear,Calculation_9640323132123359,Day Of Week,Deer Nodeer,Direction Of Travel Cd,Distracted Notdistracted,VSP,TOTAL CRASH,Document Nbr,Driverage,Drivergen,Driverinjurytype,Drivervehiclenumber,Driver Action Type Cd,Driver Airbag Deployment,Driver Alcohol Test Type Cd,Driver Condition Type Cd,Driver Distraction Type Cd,Driver Drinking Type Cd,Driver Drug Use Cd,Driver Ejected From Vehicle,Driver Ems Transport Ind,Driver Fled Scene Ind,Driver Safety Equip Used,Driver Vis Obscured Type Cd,Drowsy Notdrowsy,Drug Nodrug,EMP,End Node,End Node Dsc,End Offset,Facility,FAC,First Crash Event Cd,First Harmful Event,Fourth Crash Event Cd,Functionalclass,FUN,Govcondesc,Gr Nogr,Hitrun Not Hitrun,Initial Veh Impact Area Cd,Injury Crashes,Intersection Type,Int Doc,Jurtype,K_CRASH,K People,LAT (copy),LAT,Leftshoulderwidth,Length,Lgtruck Nonlgtruck,Light Condition,Located Unlocated,LON (copy),LON,MAINLINE (group),Mainline Yn,Medianleftshoulderwidth,Medianrightshoulderwidth,Mediantypedesc,Medianwidthmax,Medianwidthmin,Median Type,Most Harmful Crash Event Cd,Motor Nonmotor,Node,Node Info,Node Totaadt2011,Node Totaadt2012,Node Totaadt2013,Node Totaadt2014,Node Totaadt2015,Numberoflane,Number of Records,Offset,Ownership,Passage,Passgen,Passinjurytype,Passvehiclenumber,Pass Airbag Deployment,Pass Ejected From Vehicle,Pass Ems Transport Ind,Pass Safety Equip Used,Pavementconditionvalue,Pavementroughnessvalue,Pavementwidth,Pdo Crash,Total People Killed & Injured,Pedage,Pedestrians Injured,Pedestrians Killed,Pedgen,Pedinjurytype,Pednumber,Ped Action,Ped Al Test,Ped Cond,Ped Drink,Ped Drug,Ped Nonped,Ped Rflct,Persons Injured,Persons Killed,Physical Juris Nm,PJR,VSP_Used,Rd Type,Relation To Roadway,Rightshoulderwidth,RNS_MP (0.25 mi bin),Rns Mp,Roadway Alignment,Roadway Defect,Roadway Description,Roadway Surface Cond,Roadway Surface Type,Route Or Street Nm,Rte Category Cd,Rte Cat,Rte Nm,Ruralurbandesc,School Zone,Second Crash Event Cd,Segtotaadt2011,Segtotaadt2012,Segtotaadt2013,Segtotaadt2014,Segtotaadt2015,Senior Notsenior,Sidewalkdesc,Speed Before,Speed Max Safe,Speed Notspeed,Speed Posted,Start Node,Start Offset,Summons Issued Cd,Surfacedesc,Third Crash Event Cd,Time Slicing,Total Crashes including Property Damage Only,Total Crash,Traffic Control Type,Trfc Ctrl Status Type,Truckcommr,Vehiclenumber,Vehicle Body Type Cd,Vehicle Make Nm,Vehicle Maneuver Type Cd,Vehicle Model Nm,Vehicle Year Nbr,District,District_Used ,Weather Condition,Work Zone Location,Work Zone Related,Work Zone Type,Young Notyoung
No Access Control,Not ALCIHOL,Urban,0,0,Bituminous Concrete (Black Base),122-08574(L)/122-08639(R)/WILLOW WOOD DR & CR,Not UNBELTED,26,Female,C,2,BIKE,26.33,0,0,,2. Angle,"Not Provided,Not Provided","Not Provided,Not Provided",SR00168,26.344,4,1/7/2013,1/7/2013,22. Bicycle,642,C.Non-Visible Injury,2013,Left and Right sides,1,1,Norfolk,Urban,22. Bicycle,MAIN,6AM TO 9AM,122.Norfolk,74,Intersection,Reset Filters,VDOT_OTHER,Monday,Not DEER,"Not Provided,Not Provided",,5,1,130870352,41,0,"PDO,C","1,2","1. No Improper Action,11. Did Not Have Right-of-Way","2. Not Deployed,3. Unavailable/Not Applicable","4. No Test,4. No Test","1. No Defects,1. No Defects","Not Applicable,Not Applicable","1. Had Not Been Drinking,1. Had Not Been Drinking","2. No,2. No","1. Not Ejected,3. Totally Ejected","No,Yes","No,No","3. Lap and Shoulder Belt,8. No Restraint Used","1. Not Obscured,1. Not Obscured",,,26,483422,122-08632(R)/NORVIEW AV,0,0,"0.Two-way, non-divided","22,20",1. On Roadway,"0,0",E,E.Urban Other Principle Arterials; Connecting Links of Other Rural Principal Arterial,Urban Extensions - Primary Routes,Not GUARDRAIL,Not HIT_RUN,"12,11",1,3. Three Approaches,130870352,C,0,0,36.887012,36.887012,0,0.1,Not LRTRUCK,4. Darkness - Road Lighted,LOCATED,-76.260071,-76.260071,MAINLINE,MAIN,0,0,0,0,0,Undivided Roadway,"22,20",Not MOTORCYCLE,483421,483421.  SR00168       SR00168      12208574      12208639,48106,48007,48749,47508,48566,4,1,0.014,PRI_URBAN,,,,,,,,,0,218,75,0,1,,0,0,,,,,,,,,Not PED,,1,0,Norfolk,122,5,NOT-RD,9. Within Intersection,0,26.25,26.34,1. Straight - Level,1. No Defects,"1. Two-Way, Not Divided",1. Dry,"2. Blacktop, Asphalt, Bituminous",3600 TIDEWATER DRIVE,STPRI,SR,R-VA   SR00168SB,"Urbanized (Population 200,000 and over)",3. No,"0,0",36293,36793,37432,36601,38256,Not SENIOR,None,35,"35,0",Not SPEED,"35,0",483421,0,"2. No,2. No",0,"0,0",6AM TO 9AM,1,1,3. Traffic Signal,1. Yes - Working,Not a Parkway - Trucks and Commercial Vehicles Allowed,"1,2","1. Passenger car,9. Bicycle","CHEVOLET,BICYCLE","1. Going Straight Ahead,16. Entering Street From Parking Lot",METRO,2000,5,5.Hampton Roads,1. No Adverse Condition (Clear/Cloudy),Not Provided,2. No,Not Provided,Not YOUNG
No Access Control,Not ALCIHOL,Urban,0,0,Bituminous Concrete (Black Base),114-07041(R)/CLEMWOOD PKWY,Not UNBELTED,19,Male,C,2,BIKE,6.1,0,0,,2. Angle,"Not Provided,Not Provided","Not Provided,Not Provided",SR00169,6.318,3,5/12/2014,5/12/2014,22. Bicycle,1643,C.Non-Visible Injury,2014,Left and Right sides,1,1,Hampton,Urban,22. Bicycle,MAIN,3PM TO 6PM,114.Hampton,"1,151",Intersection,Reset Filters,VDOT_OTHER,Monday,Not DEER,"Not Provided,Not Provided",,5,1,141820225,30,Female,"PDO,C","1,2","11. Did Not Have Right-of-Way,1. No Improper Action","2. Not Deployed,Not Provided","4. No Test,4. No Test","1. No Defects,1. No Defects","Not Applicable,Not Applicable","1. Had Not Been Drinking,1. Had Not Been Drinking","Not Applicable,Not Applicable","1. Not Ejected,2. Partially Ejected","No,No","No,No","3. Lap and Shoulder Belt,9. Not Applicable","1. Not Obscured,1. Not Obscured",,,6,253117,114-07041(R)/CLEMWOOD PKWY,0.25,0,"0.Two-way, non-divided","22,20",1. On Roadway,"0,0",H,H.Urban Minor Arterial,Urban Extensions - Primary Routes,Not GUARDRAIL,Not HIT_RUN,"12,10",1,3. Three Approaches,141820225,C,0,0,37.0518,37.0518,0,0.25,Not LRTRUCK,2. Daylight,LOCATED,-76.33515,-76.33515,MAINLINE,MAIN,0,0,0,0,0,Undivided Roadway,"22,20",Not MOTORCYCLE,253117,253117.  SR00169       SR00169      11407041,24131,23597,23540,22701,23162,4,1,0.218,PRI_URBAN,,,,,,,,,3.7,0,48,0,1,,0,0,,,,,,,,,Not PED,,1,0,Hampton,114,5,NOT-RD,9. Within Intersection,0,6.25,6.32,1. Straight - Level,1. No Defects,"2. Two-Way, Divided, Unprotected Median",1. Dry,"2. Blacktop, Asphalt, Bituminous",LONG BRIDGE RD,STPRI,SR,R-VA   SR00169NB,"Urbanized (Population 200,000 and over)",3. No,"0,0",24938,24387,25077,24184,24674,Not SENIOR,Left and Right sides,"3,5","25,35",Not SPEED,"25,35",253117,0,"1. Yes,2. No",0,"0,0",3PM TO 6PM,1,1,4. Stop Sign,1. Yes - Working,Not a Parkway - Trucks and Commercial Vehicles Allowed,"1,2","22. Truck - Sport Utility Vehicle (SUV),9. Bicycle","KIA,HUFFY","2. Making Right Turn,1. Going Straight Ahead","SORRENTO,15 SPEED BIKE",2011,5,5.Hampton Roads,1. No Adverse Condition (Clear/Cloudy),Not Provided,2. No,Not Provided,YOUNG
No Access Control,Not ALCIHOL,Urban,0,0,Dual Type,WEST GATE - OCEANS NAVAL,Not UNBELTED,65,Male,K,2,BIKE,297.27,0,0,,2. Angle,"Not Provided,Not Provided","Not Provided,Not Provided",US00060,298.141,3,5/12/2014,5/12/2014,20. Motor Vehicle In Transport,1044,K.Fatal Injury,2014,None,0,0,Virginia Beach,Urban,20. Motor Vehicle In Transport,MAIN,9AM TO 12PM,134.Virginia Beach,"2,635",Intersection,Reset Filters,VDOT_OTHER,Monday,Not DEER,"West,West",DISTRACTED,5,1,141645301,23,Female,"PDO,K","1,2","1. No Improper Action,40. Fail to Maintain Proper Control","2. Not Deployed,3. Unavailable/Not Applicable","Not Applicable,Not Applicable","1. No Defects,9. Unknown","14. No Driver Distraction,11. Other","1. Had Not Been Drinking,1. Had Not Been Drinking","2. No,2. No","1. Not Ejected,3. Totally Ejected","No,No","No,No","3. Lap and Shoulder Belt,5. Helmet","1. Not Obscured,1. Not Obscured",,,298,728562,WEST GATE - OCEANS NAVAL,2.86,1,"1.Divided, no control of access","22,20",1. On Roadway,"0,0",E,E.Urban Other Principle Arterials; Connecting Links of Other Rural Principal Arterial,Urban Extensions - Primary Routes,Not GUARDRAIL,Not HIT_RUN,"12,11",0,1. Not at Intersection,141645301,C,1,1,36.909353,36.909353,6,1.16,Not LRTRUCK,2. Daylight,LOCATED,-76.00191,-76.00191,MAINLINE,MAIN,1,1,Grass/Unprotected,36,36,Divided Roadway,"22,20",Not MOTORCYCLE,541117,541117.  US00060       US00060      13408669,14676,13328,13276,13148,13017,4,1,0.499,PRI_URBAN,,,,,,,,,0,99,47,0,1,,0,0,,,,,,,,,Not PED,,0,1,Virginia Beach,134,5,NOT-RD,8. Non-Intersection,6,298.5,298.64,1. Straight - Level,1. No Defects,"3. Two-Way, Divided, Positive Median Barrier",1. Dry,"2. Blacktop, Asphalt, Bituminous",800 SHORE DRIVE,USPRI,US,R-VA   US00060WB,"Urbanized (Population 200,000 and over)",3. No,"28,0",10944,10246,10186,10128,9226,SENIOR,None,"40,15","55,55",Not SPEED,"55,55",728562,1.7,"2. No,2. No",0,"0,0",9AM TO 12PM,1,1,6. Traffic Lanes Marked,1. Yes - Working,Not a Parkway - Trucks and Commercial Vehicles Allowed,"1,2","3. Van,9. Bicycle","HONDA,GURU","1. Going Straight Ahead,14. Changing Lanes","ODYSSEY VAN,BICYCLE",20102014,5,5.Hampton Roads,1. No Adverse Condition (Clear/Cloudy),Not Provided,2. No,Not Provided,Not YOUNG
No Access Control,Not ALCIHOL,Urban,0,0,Bituminous Concrete (Black Base),JB-75-64-122-134/PRINCESS ANNE-NORFOLK CL/ECL,Not UNBELTED,23,Female,B,1,BIKE,497.86,1,1,55,2. Angle,"Not Provided,Not Provided","Not Provided,Not Provided",US00058,498.702,4,5/14/2014,5/14/2014,22. Bicycle,1757,B.Visiible Injury,2014,Left and Right sides,0,1,Virginia Beach,Urban,22. Bicycle,MAIN,3PM TO 6PM,134.Virginia Beach,"2,049",Intersection,Reset Filters,VDOT_OTHER,Wednesday,Not DEER,"West,North",,5,1,141495253,49,Male,"B,C","1,2","37. Other,1. No Improper Action","3. Unavailable/Not Applicable,2. Not Deployed","Not Applicable,Not Applicable","Not Applicable,Not Applicable","14. No Driver Distraction,14. No Driver Distraction","1. Had Not Been Drinking,1. Had Not Been Drinking","Not Applicable,Not Applicable","1. Not Ejected,1. Not Ejected","No,No","No,No","6. Other,3. Lap and Shoulder Belt","1. Not Obscured,5. Trees, Crops, etc.",,,499,541088,SR-00190(B)/,0,1,"1.Divided, no control of access","20,22",1. On Roadway,"0,0",E,E.Urban Other Principle Arterials; Connecting Links of Other Rural Principal Arterial,Urban Extensions - Primary Routes,Not GUARDRAIL,Not HIT_RUN,"11,12",1,3. Three Approaches,141495253,C,0,0,36.8479,36.8479,0,1.23,Not LRTRUCK,2. Daylight,LOCATED,-76.16238,-76.16238,MAINLINE,MAIN,0,0,Curbed Grass,16,4,Divided Roadway,"39,22",Not MOTORCYCLE,541088,541088.  SR00190       SR00190       US00058       US00058,66613,65287,61214,59003,55773,8,1,0.388,PRI_URBAN,,,,,,,,,0,196,99,0,2,,0,0,,,,,,,,,Not PED,,2,0,Virginia Beach,134,5,NOT-RD,10. Intersection Related - Within 150 Feet,0,498.75,498.81,1. Straight - Level,1. No Defects,"2. Two-Way, Divided, Unprotected Median",1. Dry,"2. Blacktop, Asphalt, Bituminous",5225 VIRGINIA BEACH BLVD,USPRI,US,R-VA   US00058EB,"Urbanized (Population 200,000 and over)",3. No,"39,0",35706,41303,41684,40171,35829,Not SENIOR,Left and Right sides,"5,15","45,45",Not SPEED,"45,45",50669,0.1,"2. No,2. No",0,"0,0",3PM TO 6PM,1,1,1. No Traffic Control,6. No Traffic Control Device Present,Not a Parkway - Trucks and Commercial Vehicles Allowed,"1,2","9. Bicycle,2. Truck - Pick-up/Passenger Truck","BICYCLE,Dodge","15. Other,16. Entering Street From Parking Lot","MONGOOSE XR350,Ram 1500",20102006,5,5.Hampton Roads,1. No Adverse Condition (Clear/Cloudy),Not Provided,2. No,Not Provided,Not YOUNG
No Access Control,Not ALCIHOL,Urban,0,0,"N/A, Unknown, or Unstabilized",KENLEY RD(L)/,Not UNBELTED,19,Female,B,1,BIKE,0.43,1,1,,2. Angle,"Not Provided,Not Provided","Not Provided,Not Provided",13408736,0.44,3,5/14/2014,5/14/2014,20. Motor Vehicle In Transport,1727,B.Visiible Injury,2014,Left and Right sides,0,0,Virginia Beach,Urban,20. Motor Vehicle In Transport,MAIN,3PM TO 6PM,134.Virginia Beach,"2,323",Intersection,Reset Filters,VDOT_OTHER,Wednesday,Not DEER,"West,South",DISTRACTED,5,1,141365194,37,Male,"B,PDO","1,2","11. Did Not Have Right-of-Way,1. No Improper Action","3. Unavailable/Not Applicable,2. Not Deployed","Not Applicable,Not Applicable","1. No Defects,1. No Defects","6. Cell Phone,14. No Driver Distraction","1. Had Not Been Drinking,1. Had Not Been Drinking","2. No,2. No","3. Totally Ejected,1. Not Ejected","Yes,No","No,No","8. No Restraint Used,3. Lap and Shoulder Belt","1. Not Obscured,1. Not Obscured",,,1,542201,GREENVIEW DR(L)/,0,0,"0.Two-way, non-divided","20,22",1. On Roadway,"0,0",H,H.Urban Minor Arterial,Other City or Town Streets (not state maintained),Not GUARDRAIL,Not HIT_RUN,"3,12",1,1. Not at Intersection,141365194,C,0,0,36.82643,36.82643,0,0.09,Not LRTRUCK,2. Daylight,LOCATED,-76.14528,-76.14528,MAINLINE,MAIN,0,0,0,0,0,Undivided Roadway,"20,22",Not MOTORCYCLE,541149,541149.  SR00165       SR00165      13408736,46051,42748,43143,41577,40999,2,1,0.44,SEC_URBAN,,,,,,,,,0,0,0,0,1,,0,0,,,,,,,,,Not PED,,1,0,Virginia Beach,134,5,NOT-RD,8. Non-Intersection,0,0.25,0.44,1. Straight - Level,1. No Defects,"2. Two-Way, Divided, Unprotected Median",1. Dry,1. Concrete,4800 BLK BAXTER RD,URB,UR,R-VA134UR08736SB,"Urbanized (Population 200,000 and over)",3. No,"0,0",21907,20996,21190,20421,21858,Not SENIOR,Right side,"2,20","45,45",Not SPEED,"45,45",542200,0,"1. Yes,2. No",0,"0,0",3PM TO 6PM,1,1,1. No Traffic Control,6. No Traffic Control Device Present,Not a Parkway - Trucks and Commercial Vehicles Allowed,"1,2","9. Bicycle,22. Truck - Sport Utility Vehicle (SUV)","BIKE,KIA","1. Going Straight Ahead,1. Going Straight Ahead",SORENTO,2014,5,5.Hampton Roads,1. No Adverse Condition (Clear/Cloudy),Not Provided,2. No,Not Provided,YOUNG
No Access Control,Not ALCIHOL,Urban,0,0,Bituminous Concrete (Black Base),WEEPING WILLOW RD(R)/,Not UNBELTED,63,Male,B,2,BIKE,6.56,1,1,,2. Angle,"Not Provided,Not Provided","Not Provided,Not Provided",13408717,6.666,4,8/25/2015,8/25/2015,22. Bicycle,1606,B.Visiible Injury,2015,Left and Right sides,0,0,Virginia Beach,Urban,22. Bicycle,MAIN,3PM TO 6PM,134.Virginia Beach,74,Intersection,Reset Filters,VDOT_OTHER,Tuesday,Not DEER,"North,East",,5,1,152395181,20,Female,"PDO,B","1,2","11. Did Not Have Right-of-Way,1. No Improper Action","2. Not Deployed,3. Unavailable/Not Applicable","4. No Test,4. No Test","1. No Defects,1. No Defects","14. No Driver Distraction,14. No Driver Distraction","1. Had Not Been Drinking,1. Had Not Been Drinking","2. No,2. No","1. Not Ejected,2. Partially Ejected","No,No","No,No","3. Lap and Shoulder Belt,8. No Restraint Used","1. Not Obscured,1. Not Obscured",,,7,541275,134-00012(B)/134-00014(L)/Gap Terminus/LYNNHA,0,1,"1.Divided, no control of access","20,20",1. On Roadway,"0,0",H,H.Urban Minor Arterial,Other City or Town Streets (not state maintained),Not GUARDRAIL,Not HIT_RUN,"12,2",1,4. Four Approaches,152395181,C,0,0,36.79984,36.79984,0,0.12,Not LRTRUCK,2. Daylight,LOCATED,-76.08605,-76.08605,MAINLINE,MAIN,0,0,Curbed Grass,16,4,Divided Roadway,"22,20",Not MOTORCYCLE,541275,541275. 13400012      13400012      13400014      13408717,57323,59152,59698,57532,59080,4,1,0.014,SEC_URBAN,,,,,,,,,0,0,52,0,1,,0,0,,,,,,,,,Not PED,,1,0,Virginia Beach,134,5,NOT-RD,9. Within Intersection,0,6.5,6.67,1. Straight - Level,1. No Defects,"2. Two-Way, Divided, Unprotected Median",1. Dry,"2. Blacktop, Asphalt, Bituminous",1200 LYNNHAVEN PWY,URB,UR,R-VA134UR08717EB,"Urbanized (Population 200,000 and over)",3. No,"22,0",22465,25640,25877,24938,25071,Not SENIOR,Left and Right sides,"10,2","45,45",Not SPEED,"45,45",541946,0,"1. Yes,2. No",0,"0,0",3PM TO 6PM,1,1,14. Ped Crosswalk,1. Yes - Working,Not a Parkway - Trucks and Commercial Vehicles Allowed,"1,2","1. Passenger car,9. Bicycle","HONDA,UNK","1. Going Straight Ahead,7. Starting From Parked Position","CIVIC,UNK",20062015,5,5.Hampton Roads,1. No Adverse Condition (Clear/Cloudy),Not Provided,2. No,Not Provided,YOUNG
No Access Control,Not ALCIHOL,Urban,0,0,Bituminous Concrete (Black Base),OPERATIONS DR(L)/MALL PARKWAY(R)/,Not UNBELTED,16,Female,C,2,BIKE,18.16,0,0,,2. Angle,"Not Provided,Not Provided","Not Provided,Not Provided",SR00143,18.322,3,8/26/2015,8/26/2015,22. Bicycle,1750,C.Non-Visible Injury,2015,Left and Right sides,1,1,Newport News,Urban,22. Bicycle,MAIN,3PM TO 6PM,121.Newport News,940,Intersection,Reset Filters,VDOT_OTHER,Wednesday,Not DEER,"East,North",,5,1,153410025,55,Female,"PDO,C","1,2","1. No Improper Action,37. Other","2. Not Deployed,3. Unavailable/Not Applicable","4. No Test,4. No Test","1. No Defects,1. No Defects","Not Applicable,Not Applicable","1. Had Not Been Drinking,1. Had Not Been Drinking","2. No,2. No","1. Not Ejected,1. Not Ejected","No,No","No,No","3. Lap and Shoulder Belt,8. No Restraint Used","1. Not Obscured,1. Not Obscured",,,18,702742,CLARE LANE(B)/,0,1,"1.Divided, no control of access","22,20",4. Roadside,"0,0",E,E.Urban Other Principle Arterials; Connecting Links of Other Rural Principal Arterial,Urban Extensions - Primary Routes,Not GUARDRAIL,Not HIT_RUN,"1,12",1,1. Not at Intersection,153410025,C,0,0,37.11171,37.11171,0,0.22,Not LRTRUCK,2. Daylight,LOCATED,-76.49922,-76.49922,MAINLINE,MAIN,0,0,Curbed Grass,16,4,Divided Roadway,"22,20",Not MOTORCYCLE,672290,672290.  IS00064E255A  SR00143       SR00143,72948,75610,65431,65362,67815,6,1,0.178,PRI_URBAN,,,,,,,,,0,112,76,0,1,,0,0,,,,,,,,,Not PED,,1,0,Newport News,121,5,NOT-RD,8. Non-Intersection,0,18.25,18.32,1. Straight - Level,1. No Defects,"2. Two-Way, Divided, Unprotected Median",1. Dry,"2. Blacktop, Asphalt, Bituminous",12249 JEFFERSON AVE,STPRI,SR,R-VA   SR00143SB,"Urbanized (Population 200,000 and over)",3. No,"0,0",57046,59128,51315,51258,53283,Not SENIOR,Left and Right sides,"1,5","0,0",Not SPEED,"15,45",702741,0,"2. No,2. No",0,"0,0",3PM TO 6PM,1,1,1. No Traffic Control,6. No Traffic Control Device Present,Not a Parkway - Trucks and Commercial Vehicles Allowed,"1,2","22. Truck - Sport Utility Vehicle (SUV),9. Bicycle",VOLVO,"2. Making Right Turn,1. Going Straight Ahead",XC90,2004,5,5.Hampton Roads,1. No Adverse Condition (Clear/Cloudy),Not Provided,2. No,Not Provided,YOUNG
,ALCOHOL,Urban,0,0,,,Not UNBELTED,35,Male,C,4,BIKE,,0,0,,16. Other,"Not Provided,Not Provided,Not Provided,Not Provided,Not Provided,Not Provided,Not Provided,Not Provided,Not Provided,Not Provided","Not Provided,Not Provided,Not Provided,Not Provided,Not Provided,Not Provided,Not Provided,Not Provided,Not Provided,Not Provided",,,,8/26/2015,8/26/2015,6. Parked Vehicle,26,C.Non-Visible Injury,2015,,1,2,Norfolk,Urban,6. Parked Vehicle,MAIN,0AM TO 3AM,122.Norfolk,,Not Intersection,Reset Filters,VDOT_OTHER,Wednesday,Not DEER,"East,East,East,East,South,South,North,West,West,East",DISTRACTED,5,1,152740015,51,Not ProvidedNot ProvidedNot ProvidedNot ProvidedNot ProvidedNot ProvidedNot ProvidedNot Provided,"C,PDO,PDO,C,PDO,PDO,PDO,PDO,PDO,PDO","1,2,3,4,5,6,7,8,9,10","40. Fail to Maintain Proper Control,Not Applicable,Not Applicable,1. No Improper Action,Not Applicable,Not Applicable,Not Applicable,Not Applicable,Not Applicable,Not Applicable","2. Not Deployed,Not Provided,Not Provided,3. Unavailable/Not Applicable,Not Provided,Not Provided,Not Provided,Not Provided,Not Provided,Not Provided","1. Blood,Not Applicable,Not Applicable,Not Applicable,Not Applicable,Not Applicable,Not Applicable,Not Applicable,Not Applicable,Not Applicable","9. Unknown,Not Applicable,Not Applicable,1. No Defects,Not Applicable,Not Applicable,Not Applicable,Not Applicable,Not Applicable,Not Applicable","11. Other,Not Applicable,Not Applicable,Not Applicable,Not Applicable,Not Applicable,Not Applicable,Not Applicable,Not Applicable,Not Applicable","6. Unknown,Not Applicable,Not Applicable,1. Had Not Been Drinking,Not Applicable,Not Applicable,Not Applicable,Not Applicable,Not Applicable,Not Applicable","3. Unknown,Not Applicable,Not Applicable,2. No,Not Applicable,Not Applicable,Not Applicable,Not Applicable,Not Applicable,Not Applicable","1. Not Ejected,Not Provided,Not Provided,1. Not Ejected,Not Provided,Not Provided,Not Provided,Not Provided,Not Provided,Not Provided","Yes,NotProvided,NotProvided,No,NotProvided,NotProvided,NotProvided,NotProvided,NotProvided,NotProvided","No,No,No,No,No,No,No,No,No,No","3. Lap and Shoulder Belt,Not Provided,Not Provided,8. No Restraint Used,Not Provided,Not Provided,Not Provided,Not Provided,Not Provided,Not Provided","1. Not Obscured,Not Applicable,Not Applicable,1. Not Obscured,Not Applicable,Not Applicable,Not Applicable,Not Applicable,Not Applicable,Not Applicable",,,,,,,,,"6,20,20,20,20,20,20,20,20,20",1. On Roadway,"12,0,0,0,0,0,0,0,0,0",,,,Not GUARDRAIL,Not HIT_RUN,"1,7,11,12,8,11,8,7,8,10",1,1. Not at Intersection,,C,0,0,36.86994,36.86994,,,Not LRTRUCK,4. Darkness - Road Lighted,UNLOCATED,-76.3085,-76.3085,MAINLINE,,,,,,,,"6,20,20,20,20,20,20,20,20,20",Not MOTORCYCLE,,.,,,,,,,1,,SEC_URBAN,,,,,,,,,,,,0,2,,0,0,,,,,,,,,Not PED,,2,0,Norfolk,122,5,RD-UNKNOWN,8. Non-Intersection,,,,1. Straight - Level,1. No Defects,"1. Two-Way, Not Divided",1. Dry,"2. Blacktop, Asphalt, Bituminous",1300 BLK WESTOVER AVE,UNKWN,SC,U-VA122SC99999UK,,3. No,"22,0,0,0,0,0,0,0,0,0",,,,,,Not SENIOR,,"25,0,0,5,0,0,0,0,0,0","25,0,0,25,0,0,0,0,0,0",Not SPEED,"25,25,25,25,25,25,25,25,25,25",,,"2. No,Not Provided,Not Provided,2. No,Not Provided,Not Provided,Not Provided,Not Provided,Not Provided,Not Provided",,"2,0,0,0,0,0,0,0,0,0",0AM TO 3AM,1,1,1. No Traffic Control,6. No Traffic Control Device Present,,"1,2,3,4,5,6,7,8,9,10","2. Truck - Pick-up/Passenger Truck,22. Truck - Sport Utility Vehicle (SUV),Not Applicable,9. Bicycle,1. Passenger car,1. Passenger car,22. Truck - Sport Utility Vehicle (SUV),22. Truck - Sport Utility Vehicle (SUV),3. Van,2. Truck - Pick-up/Passenger Truck","FORD,TOYOTA,HYUNDAI,TREK BIKE,HYUNDAI,HONDA,MERCEDES,HONDA,DODGE,GMC","15. Other,11. Parked,11. Parked,1. Going Straight Ahead,11. Parked,11. Parked,11. Parked,11. Parked,11. Parked,11. Parked","F150,HIGHLANDER,SONATA,ORIGIN 8,VELOCESTER,CIVIC,ML350,CRV,RAM,SIERRA",2.00E+35,5,5.Hampton Roads,1. No Adverse Condition (Clear/Cloudy),Not Provided,2. No,Not Provided,Not YOUNG
,Not ALCIHOL,Urban,0,0,,,Not UNBELTED,30,Male,B,2,BIKE,,1,1,,2. Angle,"Not Provided,Not Provided","Not Provided,Not Provided",,,,1/9/2013,1/9/2013,22. Bicycle,1332,B.Visiible Injury,2013,,0,0,Norfolk,Urban,22. Bicycle,MAIN,12PM TO 3PM,122.Norfolk,,Not Intersection,Reset Filters,VDOT_OTHER,Wednesday,Not DEER,"East,North",DISTRACTED,5,1,132820035,52,0,"PDO,B","1,2","37. Other,Not Applicable","2. Not Deployed,3. Unavailable/Not Applicable","Not Applicable,Not Applicable","1. No Defects,Not Applicable","7. Eyes Not on Road,Not Applicable","1. Had Not Been Drinking,1. Had Not Been Drinking","2. No,2. No","1. Not Ejected,1. Not Ejected","No,No","No,No","3. Lap and Shoulder Belt,9. Not Applicable","Not Applicable,Not Applicable",,,,,,,,,"22,22",1. On Roadway,"0,0",,,,Not GUARDRAIL,Not HIT_RUN,"1,12",1,2. Two Approaches,,C,0,0,36.881224,36.881224,,,Not LRTRUCK,2. Daylight,UNLOCATED,-76.302345,-76.302345,MAINLINE,,,,,,,,"22,39",Not MOTORCYCLE,,.,,,,,,,1,,SEC_URBAN,,,,,,,,,,,,0,1,,0,0,,,,,,,,,Not PED,,1,0,Norfolk,122,5,NOT-RD,1. Main-Line Roadway,,,,1. Straight - Level,1. No Defects,"1. Two-Way, Not Divided",1. Dry,"2. Blacktop, Asphalt, Bituminous",W. 40TH STREET,UNKWN,SC,U-VA122SC99999UK,,3. No,"0,39",,,,,,Not SENIOR,,2,"25,0",Not SPEED,"25,0",,,"2. No,Not Provided",,"0,0",12PM TO 3PM,1,1,4. Stop Sign,6. No Traffic Control Device Present,,"1,2","2. Truck - Pick-up/Passenger Truck,9. Bicycle","DODGE,TWO WHEEL","2. Making Right Turn,1. Going Straight Ahead",BICYCLE,,5,5.Hampton Roads,1. No Adverse Condition (Clear/Cloudy),Not Provided,2. No,Not Provided,Not YOUNG