Access Control,Alcohol Notalcohol,Area Type1,A Crash,A People,Basetypedesc,Begin Node Dsc,Belted Unbelted,Bikeage,Bikegen,Bikeinjurytype,Bikevehiclenumber,Bike Nonbike,BMP,B Crash,B People,Carspeedlimit,Collision Type,Comm Cargo Body Type Cd,Comm Vehicle Body Type Cd,Cotedrouteid,Coted Mp,Count App,CRASH_DT (copy),Crash Dt,Crash Event Type Dsc,Crash Military Tm,Crash Severity,Crash Year,Curbgutterdesc,C Crash,C People,Juris Name Used,Area Type Used,First Harmful Event of Entire Crash,MAINLINE,Time Slicing Used,Phy_Juris_Nm,Offset-Ft,Intersection Analysis,Clear,Calculation_9640323132123359,Day Of Week,Deer Nodeer,Direction Of Travel Cd,Distracted Notdistracted,VSP,TOTAL CRASH,Document Nbr,Driverage,Drivergen,Driverinjurytype,Drivervehiclenumber,Driver Action Type Cd,Driver Airbag Deployment,Driver Alcohol Test Type Cd,Driver Condition Type Cd,Driver Distraction Type Cd,Driver Drinking Type Cd,Driver Drug Use Cd,Driver Ejected From Vehicle,Driver Ems Transport Ind,Driver Fled Scene Ind,Driver Safety Equip Used,Driver Vis Obscured Type Cd,Drowsy Notdrowsy,Drug Nodrug,EMP,End Node,End Node Dsc,End Offset,Facility,FAC,First Crash Event Cd,First Harmful Event,Fourth Crash Event Cd,Functionalclass,FUN,Govcondesc,Gr Nogr,Hitrun Not Hitrun,Initial Veh Impact Area Cd,Injury Crashes,Intersection Type,Int Doc,Jurtype,K_CRASH,K People,LAT (copy),LAT,Leftshoulderwidth,Length,Lgtruck Nonlgtruck,Light Condition,Located Unlocated,LON (copy),LON,MAINLINE (group),Mainline Yn,Medianleftshoulderwidth,Medianrightshoulderwidth,Mediantypedesc,Medianwidthmax,Medianwidthmin,Median Type,Most Harmful Crash Event Cd,Motor Nonmotor,Node,Node Info,Node Totaadt2011,Node Totaadt2012,Node Totaadt2013,Node Totaadt2014,Node Totaadt2015,Numberoflane,Number of Records,Offset,Ownership,Passage,Passgen,Passinjurytype,Passvehiclenumber,Pass Airbag Deployment,Pass Ejected From Vehicle,Pass Ems Transport Ind,Pass Safety Equip Used,Pavementconditionvalue,Pavementroughnessvalue,Pavementwidth,Pdo Crash,Total People Killed & Injured,Pedage,Pedestrians Injured,Pedestrians Killed,Pedgen,Pedinjurytype,Pednumber,Ped Action,Ped Al Test,Ped Cond,Ped Drink,Ped Drug,Ped Nonped,Ped Rflct,Persons Injured,Persons Killed,Physical Juris Nm,PJR,VSP_Used,Rd Type,Relation To Roadway,Rightshoulderwidth,RNS_MP (0.25 mi bin),Rns Mp,Roadway Alignment,Roadway Defect,Roadway Description,Roadway Surface Cond,Roadway Surface Type,Route Or Street Nm,Rte Category Cd,Rte Cat,Rte Nm,Ruralurbandesc,School Zone,Second Crash Event Cd,Segtotaadt2011,Segtotaadt2012,Segtotaadt2013,Segtotaadt2014,Segtotaadt2015,Senior Notsenior,Sidewalkdesc,Speed Before,Speed Max Safe,Speed Notspeed,Speed Posted,Start Node,Start Offset,Summons Issued Cd,Surfacedesc,Third Crash Event Cd,Time Slicing,Total Crashes including Property Damage Only,Total Crash,Traffic Control Type,Trfc Ctrl Status Type,Truckcommr,Vehiclenumber,Vehicle Body Type Cd,Vehicle Make Nm,Vehicle Maneuver Type Cd,Vehicle Model Nm,Vehicle Year Nbr,District,District_Used ,Weather Condition,Work Zone Location,Work Zone Related,Work Zone Type,Young Notyoung
No Access Control,Not ALCIHOL,Urban,0,0,"N/A, Unknown, or Unstabilized",PICADILLY CIRCLE(R)/APP. LOC,Not UNBELTED,9,Male,B,2,BIKE,2.1,1,1,,3. Head On,"Not Provided,Not Provided","Not Provided,Not Provided",SR00194,2.107,3,9/2/2015,9/2/2015,20. Motor Vehicle In Transport,1343,B.Visiible Injury,2015,Left and Right sides,0,0,Norfolk,Urban,20. Motor Vehicle In Transport,MAIN,12PM TO 3PM,122.Norfolk,"1,705",Intersection,Reset Filters,VDOT_OTHER,Wednesday,Not DEER,"South,West",,5,1,152740048,63,Male,"PDO,B","1,2","37. Other,1. No Improper Action","2. Not Deployed,3. Unavailable/Not Applicable","4. No Test,Not Applicable","1. No Defects,Not Applicable","Not Applicable,Not Applicable","1. Had Not Been Drinking,Not Applicable","2. No,Not Applicable","1. Not Ejected,3. Totally Ejected","No,No","No,No","3. Lap and Shoulder Belt,9. Not Applicable","1. Not Obscured,1. Not Obscured",,,2,483509,IS-00064-E278A(L)/FROM RT 64 EAST,0,1,"1.Divided, no control of access","20,22",1. On Roadway,"0,0",H,H.Urban Minor Arterial,Urban Extensions - Primary Routes,Not GUARDRAIL,Not HIT_RUN,"12,3",1,4. Four Approaches,152740048,C,0,0,36.89681,36.89681,0,0.33,Not LRTRUCK,2. Daylight,LOCATED,-76.23867,-76.23867,MAINLINE,MAIN,0,0,Curbed Grass,14,4,Divided Roadway,"20,22",Not MOTORCYCLE,483509,483509.  IS00064E278A  SR00194       SR00194,18255,18243,18398,17783,18013,6,1,0.323,PRI_URBAN,,,,,,,,,0,0,76,0,1,,0,0,,,,,,,,,Not PED,,1,0,Norfolk,122,5,RD-UNKNOWN,9. Within Intersection,0,2,2.11,1. Straight - Level,1. No Defects,"3. Two-Way, Divided, Positive Median Barrier",1. Dry,"2. Blacktop, Asphalt, Bituminous",CHESAPEAKE BL,STPRI,SR,R-VA   SR00194SB,"Urbanized (Population 200,000 and over)",3. No,"0,0",18255,16775,16930,16315,16545,Not SENIOR,Left and Right sides,35,"35,0",Not SPEED,"35,0",724468,0,"1. Yes,2. No",0,"0,0",12PM TO 3PM,1,1,14. Ped Crosswalk,6. No Traffic Control Device Present,Not a Parkway - Trucks and Commercial Vehicles Allowed,"1,2","1. Passenger car,9. Bicycle",CADILLAC,"1. Going Straight Ahead,15. Other",DEVILLE,2001,5,5.Hampton Roads,1. No Adverse Condition (Clear/Cloudy),Not Provided,2. No,Not Provided,Not YOUNG
No Access Control,Not ALCIHOL,Urban,0,0,Bituminous Concrete (Black Base),ROSE MARIE AVE(L)/,Not UNBELTED,17,Male,B,2,BIKE,499.52,1,1,55,16. Other,"Not Provided,Not Provided","Not Provided,Not Provided",US00058,499.736,3,9/2/2015,9/2/2015,22. Bicycle,838,B.Visiible Injury,2015,Left and Right sides,0,0,Virginia Beach,Urban,22. Bicycle,MAIN,6AM TO 9AM,134.Virginia Beach,127,Intersection,Reset Filters,VDOT_OTHER,Wednesday,Not DEER,"East,West",,5,1,152465032,38,Female,"PDO,B","1,2","11. Did Not Have Right-of-Way,1. No Improper Action","2. Not Deployed,3. Unavailable/Not Applicable","Not Applicable,Not Applicable","1. No Defects,1. No Defects","14. No Driver Distraction,14. No Driver Distraction","1. Had Not Been Drinking,1. Had Not Been Drinking","3. Unknown,3. Unknown","1. Not Ejected,3. Totally Ejected","No,No","No,No","3. Lap and Shoulder Belt,8. No Restraint Used","1. Not Obscured,1. Not Obscured",,,500,541086,134-08679(L)/ARAGONA BLVD,0,1,"1.Divided, no control of access","22,20",1. On Roadway,"0,0",E,E.Urban Other Principle Arterials; Connecting Links of Other Rural Principal Arterial,Urban Extensions - Primary Routes,Not GUARDRAIL,Not HIT_RUN,"12,3",1,4. Four Approaches,152465032,C,0,0,36.84357,36.84357,0,0.24,Not LRTRUCK,2. Daylight,LOCATED,-76.14596,-76.14596,MAINLINE,MAIN,0,0,Curbed Grass,28,4,Divided Roadway,"22,20",Not MOTORCYCLE,541086,541086.  US00058       US00058      13408679,44384,43297,34345,33121,33650,8,1,0.024,PRI_URBAN,,,,,,,,,0,151,99,0,1,,0,0,,,,,,,,,Not PED,,1,0,Virginia Beach,134,5,NOT-RD,9. Within Intersection,0,499.75,499.85,1. Straight - Level,1. No Defects,"3. Two-Way, Divided, Positive Median Barrier",1. Dry,"2. Blacktop, Asphalt, Bituminous",4900 BLOCK VIRGINIA BEACH BLVD.,USPRI,US,R-VA   US00058EB,"Urbanized (Population 200,000 and over)",3. No,"0,0",42552,41611,32644,31481,32119,Not SENIOR,Left and Right sides,"15,5","45,45",Not SPEED,"45,45",541087,0,"1. Yes,2. No",0,"0,0",6AM TO 9AM,1,1,3. Traffic Signal,1. Yes - Working,Not a Parkway - Trucks and Commercial Vehicles Allowed,"1,2","1. Passenger car,9. Bicycle","NISSAN,VERDE","2. Making Right Turn,1. Going Straight Ahead","SENTRA,BMX",20112015,5,5.Hampton Roads,1. No Adverse Condition (Clear/Cloudy),Not Provided,2. No,Not Provided,YOUNG
No Access Control,Not ALCIHOL,Urban,0,0,Bituminous Concrete (Black Base),JB-137/NCL WILLIAMSBURG/,Not UNBELTED,25,Male,B,1,BIKE,238.08,1,1,,2. Angle,"Not Provided,Not Provided","Not Provided,Not Provided",US00060,238.088,3,9/3/2015,9/3/2015,22. Bicycle,1633,B.Visiible Injury,2015,Left and Right sides,0,0,Williamsburg,Urban,22. Bicycle,MAIN,3PM TO 6PM,137.Williamsburg,11,Intersection,Reset Filters,VDOT_OTHER,Thursday,Not DEER,"North,East",,5,1,160225319,68,Female,"B,PDO","1,2","37. Other,1. No Improper Action","3. Unavailable/Not Applicable,2. Not Deployed","4. No Test,4. No Test","1. No Defects,1. No Defects","Not Applicable,Not Applicable","1. Had Not Been Drinking,1. Had Not Been Drinking","2. No,2. No","3. Totally Ejected,1. Not Ejected","Yes,No","No,No","8. No Restraint Used,3. Lap and Shoulder Belt","1. Not Obscured,1. Not Obscured",,,238,398768,137-07081(R)/IRONBOUND RD,0,0,"0.Two-way, non-divided","22,22",1. On Roadway,"0,0",E,E.Urban Other Principle Arterials; Connecting Links of Other Rural Principal Arterial,Urban Extensions - Primary Routes,Not GUARDRAIL,Not HIT_RUN,"12,2",1,3. Three Approaches,160225319,C,0,0,37.29169,37.29169,0,0.01,Not LRTRUCK,2. Daylight,LOCATED,-76.72372,-76.72372,MAINLINE,MAIN,0,0,0,0,0,Undivided Roadway,"22,22",Not MOTORCYCLE,398768,398768.  US00060       US00060      13707081,30194,29526,29871,28807,29391,4,1,0.002,PRI_URBAN,,,,,,,,,0,110,64,0,1,,0,0,,,,,,,,,Not PED,,1,0,Williamsburg,137,5,NOT-RD,10. Intersection Related - Within 150 Feet,0,238,238.09,1. Straight - Level,1. No Defects,"3. Two-Way, Divided, Positive Median Barrier",1. Dry,"2. Blacktop, Asphalt, Bituminous",RICHMOND RD,USPRI,US,R-VA   US00060EB,"Urbanized (Population 200,000 and over)",3. No,"0,0",22422,21926,20109,19393,19786,SENIOR,Left and Right sides,"10,10","25,25",Not SPEED,"25,25",398769,1.36,"1. Yes,2. No",0,"0,0",3PM TO 6PM,1,1,3. Traffic Signal,1. Yes - Working,Not a Parkway - Trucks and Commercial Vehicles Allowed,"1,2","9. Bicycle,1. Passenger car",NISS,"1. Going Straight Ahead,3. Making Left Turn",SENTRA,,5,5.Hampton Roads,1. No Adverse Condition (Clear/Cloudy),Not Provided,2. No,Not Provided,Not YOUNG
,Not ALCIHOL,Urban,0,0,,,Not UNBELTED,18,Female,B,2,BIKE,,1,1,,4. Sideswipe - Same Direction,"Not Provided,Not Provided","Not Provided,Not Provided",,,,1/13/2013,1/13/2013,22. Bicycle,1945,B.Visiible Injury,2013,,0,0,Norfolk,Urban,22. Bicycle,MAIN,6PM TO 9PM,122.Norfolk,,Not Intersection,Reset Filters,VDOT_OTHER,Sunday,Not DEER,"East,East",,5,1,131050279,38,0,"PDO,B","1,2","1. No Improper Action,9. Other Improper Passing","2. Not Deployed,3. Unavailable/Not Applicable","Not Applicable,Not Applicable","1. No Defects,1. No Defects","Not Applicable,Not Applicable","1. Had Not Been Drinking,1. Had Not Been Drinking","2. No,2. No","1. Not Ejected,1. Not Ejected","No,No","No,No","3. Lap and Shoulder Belt,8. No Restraint Used","1. Not Obscured,1. Not Obscured",,,,,,,,,"22,20",1. On Roadway,"0,0",,,,Not GUARDRAIL,Not HIT_RUN,"1,11",1,3. Three Approaches,,C,0,0,36.847238,36.847238,,,Not LRTRUCK,4. Darkness - Road Lighted,UNLOCATED,-76.182037,-76.182037,MAINLINE,,,,,,,,"22,20",Not MOTORCYCLE,,.,,,,,,,1,,SEC_URBAN,,,,,,,,,,,,0,1,,0,0,,,,,,,,,Not PED,,1,0,Norfolk,122,5,NOT-RD,9. Within Intersection,,,,1. Straight - Level,1. No Defects,"1. Two-Way, Not Divided",2. Wet,"2. Blacktop, Asphalt, Bituminous",6400 CENTER DR,UNKWN,SC,U-VA122SC99999UK,,3. No,"0,0",,,,,,Not SENIOR,,"5,1","25,25",Not SPEED,"25,25",,,"2. No,2. No",,"0,0",6PM TO 9PM,1,1,6. Traffic Lanes Marked,1. Yes - Working,,"1,2","1. Passenger car,9. Bicycle","VOLKSWAG,BODYGLOVE","2. Making Right Turn,1. Going Straight Ahead","EOS,BICYCLE",2009,5,5.Hampton Roads,1. No Adverse Condition (Clear/Cloudy),Not Provided,2. No,Not Provided,YOUNG
No Access Control,Not ALCIHOL,Urban,0,0,Bituminous Concrete (Black Base),HUBBELL DRIVE(R)/,Not UNBELTED,19,0,B,1,BIKE,18.32,1,1,,2. Angle,"Not Provided,Not Provided","Not Provided,Not Provided",13408669,18.32,4,1/14/2013,1/14/2013,20. Motor Vehicle In Transport,1443,B.Visiible Injury,2013,Left and Right sides,0,0,Virginia Beach,Urban,20. Motor Vehicle In Transport,MAIN,12PM TO 3PM,134.Virginia Beach,"1,478",Intersection,Reset Filters,VDOT_OTHER,Monday,Not DEER,"North,West",,5,1,130165212,43,Male,"B,PDO","1,2","21. Disregarded Traffic Signal,1. No Improper Action","2. Not Deployed,2. Not Deployed","4. No Test,4. No Test","1. No Defects,1. No Defects","14. No Driver Distraction,14. No Driver Distraction","1. Had Not Been Drinking,1. Had Not Been Drinking","2. No,2. No","1. Not Ejected,1. Not Ejected","Yes,No","No,No","5. Helmet,3. Lap and Shoulder Belt","8. Sign or Signboard,8. Sign or Signboard",,,19,541475,134-08688(B)/,0,1,"1.Divided, no control of access","20,20",4. Roadside,"0,0",E,E.Urban Other Principle Arterials; Connecting Links of Other Rural Principal Arterial,Other City or Town Streets (not state maintained),Not GUARDRAIL,Not HIT_RUN,"0,12",1,4. Four Approaches,130165212,C,0,0,36.782361,36.782361,0,0.28,Not LRTRUCK,2. Daylight,LOCATED,-76.001135,-76.001135,MAINLINE,MAIN,0,0,Curbed Grass,24,12,Divided Roadway,"20,20",Not MOTORCYCLE,541475,541475. 13408669      13408669      13408688      13408688,64316,56978,57505,55417,55342,6,1,0.28,SEC_URBAN,,,,,,,,,0,0,76,0,1,,0,0,,,,,,,,,Not PED,,1,0,Virginia Beach,134,5,NOT-RD,9. Within Intersection,0,18.25,18.32,1. Straight - Level,1. No Defects,"3. Two-Way, Divided, Positive Median Barrier",1. Dry,"2. Blacktop, Asphalt, Bituminous",1650 GENERAL BOOTH BLVD,URB,UR,R-VA134UR08669NB,"Urbanized (Population 200,000 and over)",3. No,"0,0",30485,27394,27647,26643,27438,Not SENIOR,Left and Right sides,"5,5","25,25",Not SPEED,"25,25",742540,0,"2. No,2. No",0,"0,0",12PM TO 3PM,1,1,3. Traffic Signal,1. Yes - Working,Not a Parkway - Trucks and Commercial Vehicles Allowed,"1,2","9. Bicycle,22. Truck - Sport Utility Vehicle (SUV)","N/A,TOYOTA","1. Going Straight Ahead,3. Making Left Turn","BICYCLE,4RUNNER",20122008,5,5.Hampton Roads,1. No Adverse Condition (Clear/Cloudy),Not Provided,2. No,Not Provided,YOUNG
,Not ALCIHOL,Urban,0,0,,,Not UNBELTED,,Male,B,2,BIKE,,1,1,,5. Sideswipe - Opposite Direction,"Not Provided,Not Provided","Not Provided,Not Provided",,,,5/22/2014,5/22/2014,20. Motor Vehicle In Transport,814,B.Visiible Injury,2014,,0,1,Chesapeake,Urban,20. Motor Vehicle In Transport,MAIN,6AM TO 9AM,131.Chesapeake,,Not Intersection,Reset Filters,VDOT_OTHER,Thursday,Not DEER,"South,East",,5,1,141425097,66,Female,"C,B","1,2","1. No Improper Action,31. Avoiding Other Vehicle","2. Not Deployed,2. Not Deployed","Not Applicable,Not Applicable","1. No Defects,1. No Defects","Not Applicable,Not Applicable","1. Had Not Been Drinking,1. Had Not Been Drinking","2. No,2. No","1. Not Ejected,1. Not Ejected","NotProvided,NotProvided","No,No","3. Lap and Shoulder Belt,8. No Restraint Used","1. Not Obscured,1. Not Obscured",,,,,,,,,"22,20",1. On Roadway,"0,0",,,,Not GUARDRAIL,Not HIT_RUN,"7,7",1,4. Four Approaches,,C,0,0,36.8498,36.8498,,,Not LRTRUCK,2. Daylight,UNLOCATED,-76.40822,-76.40822,MAINLINE,,,,,,,,"22,20",Not MOTORCYCLE,,.,,,,,,,1,,SEC_URBAN,,,,,,,,,,,,0,2,,0,0,,,,,,,,,Not PED,,2,0,Chesapeake,131,5,NOT-RD,9. Within Intersection,,,,1. Straight - Level,1. No Defects,"1. Two-Way, Not Divided",1. Dry,"2. Blacktop, Asphalt, Bituminous",BRUIN DR,UNKWN,SC,U-VA131SC99999UK,,2. Yes - With School Activity,"0,0",,,,,,SENIOR,,"10,0","25,25",Not SPEED,"25,25",,,"2. No,Not Provided",,"0,0",6AM TO 9AM,1,1,6. Traffic Lanes Marked,1. Yes - Working,,"1,2","13. Bus - School Bus,9. Bicycle","THOMAS,BICYCLE","3. Making Left Turn,8. Stopped in Traffic Lane","SCHOOL BUS,BICYCLE",20032014,5,5.Hampton Roads,1. No Adverse Condition (Clear/Cloudy),Not Provided,2. No,Not Provided,Not YOUNG
,Not ALCIHOL,Urban,0,0,,,Not UNBELTED,6,Male,B,2,BIKE,,1,1,,13. Bicyclist,"Not Provided,Not Provided","Not Provided,Not Provided",,,,5/23/2014,5/23/2014,22. Bicycle,1700,B.Visiible Injury,2014,,0,0,Norfolk,Urban,22. Bicycle,MAIN,3PM TO 6PM,122.Norfolk,,Not Intersection,Reset Filters,VDOT_OTHER,Friday,Not DEER,"East,North",,5,1,141830286,52,Male,"PDO,B","1,2","1. No Improper Action,40. Fail to Maintain Proper Control","2. Not Deployed,3. Unavailable/Not Applicable","Not Applicable,Not Applicable","1. No Defects,1. No Defects","Not Applicable,Not Applicable","1. Had Not Been Drinking,1. Had Not Been Drinking","2. No,2. No","1. Not Ejected,1. Not Ejected","No,No","No,No","3. Lap and Shoulder Belt,9. Not Applicable","1. Not Obscured,1. Not Obscured",,,,,,,,,"22,20",1. On Roadway,"0,0",,,,Not GUARDRAIL,Not HIT_RUN,"1,12",1,4. Four Approaches,,C,0,0,36.94756,36.94756,,,Not LRTRUCK,2. Daylight,UNLOCATED,-76.26128,-76.26128,MAINLINE,,,,,,,,"22,20",Not MOTORCYCLE,,.,,,,,,,1,,SEC_URBAN,,,,,,,,,,,,0,1,,0,0,,,,,,,,,Not PED,,1,0,Norfolk,122,5,NOT-RD,9. Within Intersection,,,,1. Straight - Level,1. No Defects,"1. Two-Way, Not Divided",1. Dry,"2. Blacktop, Asphalt, Bituminous",100 ORANGE AVE,UNKWN,SC,U-VA122SC99999UK,,3. No,"0,0",,,,,,Not SENIOR,,"5,5","25,25",Not SPEED,"25,25",,,"2. No,2. No",,"0,0",3PM TO 6PM,1,1,4. Stop Sign,1. Yes - Working,,"1,2","2. Truck - Pick-up/Passenger Truck,9. Bicycle","DODGE,DK","1. Going Straight Ahead,15. Other","CARAVAN,20 INCH",2000,5,5.Hampton Roads,1. No Adverse Condition (Clear/Cloudy),Not Provided,2. No,Not Provided,Not YOUNG
,ALCOHOL,Urban,1,1,,,Not UNBELTED,18,Male,A,2,BIKE,,0,0,,2. Angle,"Not Provided,Not Provided","Not Provided,Not Provided",,,,9/5/2015,9/5/2015,22. Bicycle,138,A.Ambulatory Injury,2015,,0,0,Newport News,Urban,22. Bicycle,MAIN,0AM TO 3AM,121.Newport News,,Not Intersection,Reset Filters,VDOT_OTHER,Saturday,Not DEER,"East,North",,5,1,153410026,55,Male,"PDO,A","1,2","1. No Improper Action,28. Driving Without Lights","2. Not Deployed,3. Unavailable/Not Applicable","Not Applicable,4. No Test","1. No Defects,4. Other Body Defects","Not Applicable,Not Applicable","1. Had Not Been Drinking,2. Drinking - Obviously Drunk","2. No,3. Unknown","1. Not Ejected,3. Totally Ejected","No,Yes","No,No","3. Lap and Shoulder Belt,8. No Restraint Used","1. Not Obscured,Not Applicable",,,,,,,,,"22,20",1. On Roadway,"0,0",,,,Not GUARDRAIL,Not HIT_RUN,"2,12",1,1. Not at Intersection,,C,0,0,36.98831,36.98831,,,Not LRTRUCK,4. Darkness - Road Lighted,UNLOCATED,-76.41588,-76.41588,MAINLINE,,,,,,,,"22,20",Not MOTORCYCLE,,.,,,,,,,1,,SEC_URBAN,,,,,,,,,,,,0,1,,0,0,,,,,,,,,Not PED,,1,0,Newport News,121,5,NOT-RD,8. Non-Intersection,,,,1. Straight - Level,1. No Defects,"1. Two-Way, Not Divided",1. Dry,"2. Blacktop, Asphalt, Bituminous",900 BLOCK 31ST ST,UNKWN,SC,U-VA121SC99999UK,,3. No,"0,0",,,,,,Not SENIOR,,"0,15","0,25",Not SPEED,"0,25",,,"2. No,1. Yes",,"0,0",0AM TO 3AM,1,1,1. No Traffic Control,6. No Traffic Control Device Present,,"1,2","12. Emergency Vehicle (Regardless of Veh Type),9. Bicycle",DODGE,"1. Going Straight Ahead,16. Entering Street From Parking Lot",CHARGER,2012,5,5.Hampton Roads,1. No Adverse Condition (Clear/Cloudy),Not Provided,2. No,Not Provided,YOUNG
No Access Control,Not ALCIHOL,Rural,0,0,Dual Type,47-00649(R)/,Not UNBELTED,57,Male,B,2,BIKE,230.55,1,1,45,4. Sideswipe - Same Direction,"Not Provided,Not Provided","Not Provided,Not Provided",US00060,231.022,3,9/8/2015,9/8/2015,22. Bicycle,1100,B.Visiible Injury,2015,None,0,0,James City,Rural,22. Bicycle,MAIN,9AM TO 12PM,47.James City,201,Intersection,Reset Filters,VDOT_OTHER,Tuesday,Not DEER,"East,East",,5,1,152535147,,Not Provided,"PDO,B","1,2","34. Hit and Run,1. No Improper Action","Not Provided,3. Unavailable/Not Applicable","4. No Test,4. No Test","9. Unknown,9. Unknown","Not Applicable,Not Applicable","6. Unknown,6. Unknown","3. Unknown,3. Unknown","Not Provided,1. Not Ejected","No,No","Yes,No","Not Provided,8. No Restraint Used","Not Applicable,1. Not Obscured",,,231,398291,47-00759(L)/,0,1,"1.Divided, no control of access","22,20",1. On Roadway,"0,0",3,3.Rural Minor Arterial,State Primary and Interstate,Not GUARDRAIL,HIT_RUN,"2,9",1,1. Not at Intersection,152535147,N,0,0,37.37608,37.37608,6,0.51,Not LRTRUCK,2. Daylight,LOCATED,-76.78566,-76.78566,MAINLINE,MAIN,3,3,Grass/Unprotected,64,38,Divided Roadway,"22,20",Not MOTORCYCLE,398291,398291.  4700759       US00060       US00060,15508,15647,14806,14940,15074,4,1,0.038,VDOT_PRI,,,,,,,,,0,105,44,0,1,,0,0,,,,,,,,,Not PED,,1,0,James City,47,5,NOT-RD,8. Non-Intersection,6,231,231.02,1. Straight - Level,1. No Defects,"2. Two-Way, Divided, Unprotected Median",1. Dry,"2. Blacktop, Asphalt, Bituminous",7643 RICHMOND RD,USPRI,US,R-VA   US00060EB,Rural,3. No,"0,0",15217,15356,14506,14640,14774,Not SENIOR,None,"0,10","45,10",Not SPEED,"45,45",398136,0.04,"2. No,2. No",0,"0,0",9AM TO 12PM,1,1,6. Traffic Lanes Marked,1. Yes - Working,Designated Truck Route - D2,"1,2","22. Truck - Sport Utility Vehicle (SUV),9. Bicycle",,"1. Going Straight Ahead,1. Going Straight Ahead",,,5,5.Hampton Roads,1. No Adverse Condition (Clear/Cloudy),Not Provided,2. No,Not Provided,Not YOUNG
No Access Control,Not ALCIHOL,Urban,0,0,"N/A, Unknown, or Unstabilized",PARKS AVE(L)/,Not UNBELTED,35,Male,B,1,BIKE,0.59,1,1,,2. Angle,"Not Provided,Not Provided","Not Provided,Not Provided",13408818,0.594,4,9/9/2015,9/9/2015,22. Bicycle,1255,B.Visiible Injury,2015,Left and Right sides,0,0,Virginia Beach,Urban,22. Bicycle,MAIN,12PM TO 3PM,134.Virginia Beach,"1,616",Intersection,Reset Filters,VDOT_OTHER,Wednesday,Not DEER,"South,East",,5,1,152535136,27,Female,"B,PDO","1,2","11. Did Not Have Right-of-Way,1. No Improper Action","3. Unavailable/Not Applicable,2. Not Deployed","Not Applicable,Not Applicable","1. No Defects,1. No Defects","14. No Driver Distraction,14. No Driver Distraction","1. Had Not Been Drinking,1. Had Not Been Drinking","Not Applicable,Not Applicable","1. Not Ejected,1. Not Ejected","No,No","No,No","8. No Restraint Used,3. Lap and Shoulder Belt","1. Not Obscured,1. Not Obscured",,,1,542474,CYPRESS AVE(B)/,0,0,"0.Two-way, non-divided","20,22",1. On Roadway,"0,0",I,I.Urban Collector,Other City or Town Streets (not state maintained),Not GUARDRAIL,Not HIT_RUN,"12,9",1,4. Four Approaches,152535136,C,0,0,36.84539,36.84539,0,0.1,Not LRTRUCK,2. Daylight,LOCATED,-75.98528,-75.98528,MAINLINE,MAIN,0,0,0,0,0,Undivided Roadway,"20,22",Not MOTORCYCLE,541982,541982. 13408721      13408721      13408818      13408818,13139,9889,9980,9618,6234,4,1,0.306,SEC_URBAN,,,,,,,,,0,0,52,0,1,,0,0,,,,,,,,,Not PED,,1,0,Virginia Beach,134,5,NOT-RD,9. Within Intersection,0,0.5,0.59,1. Straight - Level,1. No Defects,"1. Two-Way, Not Divided",1. Dry,"2. Blacktop, Asphalt, Bituminous",700 19TH ST,URB,UR,R-VA134UR08818EB,"Urbanized (Population 200,000 and over)",3. No,"0,0",5284,3405,3436,3312,4014,Not SENIOR,Left and Right sides,"5,20","25,25",Not SPEED,"25,25",542473,0,"1. Yes,2. No",0,"0,0",12PM TO 3PM,1,1,3. Traffic Signal,1. Yes - Working,Not a Parkway - Trucks and Commercial Vehicles Allowed,"1,2","9. Bicycle,1. Passenger car","HUFFY,HONDA","1. Going Straight Ahead,1. Going Straight Ahead",ACCORD,2002,5,5.Hampton Roads,1. No Adverse Condition (Clear/Cloudy),Not Provided,2. No,Not Provided,Not YOUNG
,Not ALCIHOL,Urban,0,0,,,Not UNBELTED,55,Male,B,2,BIKE,,1,1,,2. Angle,"Not Provided,Not Provided","Not Provided,Not Provided",,,,9/9/2015,9/9/2015,20. Motor Vehicle In Transport,1118,B.Visiible Injury,2015,,0,0,Chesapeake,Urban,20. Motor Vehicle In Transport,MAIN,9AM TO 12PM,131.Chesapeake,,Not Intersection,Reset Filters,VDOT_OTHER,Wednesday,Not DEER,"North,North",,5,1,152745557,42,Male,"PDO,B","1,2","1. No Improper Action,8. Cutting In","2. Not Deployed,3. Unavailable/Not Applicable","Not Applicable,Not Applicable","1. No Defects,1. No Defects","14. No Driver Distraction,14. No Driver Distraction","1. Had Not Been Drinking,1. Had Not Been Drinking","3. Unknown,3. Unknown","3. Totally Ejected,2. Partially Ejected","No,No","No,No","3. Lap and Shoulder Belt,8. No Restraint Used","1. Not Obscured,1. Not Obscured",,,,,,,,,"22,20",1. On Roadway,"0,0",,,,Not GUARDRAIL,Not HIT_RUN,"9,2",1,1. Not at Intersection,,C,0,0,36.80592,36.80592,,,Not LRTRUCK,1. Dawn,UNLOCATED,-76.27247,-76.27247,MAINLINE,,,,,,,,"22,20",Not MOTORCYCLE,,.,,,,,,,1,,SEC_URBAN,,,,,,,,,,,,0,1,,0,0,,,,,,,,,Not PED,,1,0,Chesapeake,131,5,NOT-RD,8. Non-Intersection,,,,5. Hillcrest - Straight,1. No Defects,"1. Two-Way, Not Divided",1. Dry,1. Concrete,RODGERS ST,UNKWN,SC,U-VA131SC99999UK,,3. No,"0,0",,,,,,Not SENIOR,,"15,5","25,25",Not SPEED,"25,25",,,"2. No,1. Yes",,"0,0",9AM TO 12PM,1,1,6. Traffic Lanes Marked,1. Yes - Working,,"1,2","4. Truck - Single Unit Truck (2-Axles),9. Bicycle","FORD,MOUNTAIN","1. Going Straight Ahead,6. Merging Into Traffic Lane","E450 SUPER DUTY,BICYCLE",20062015,5,5.Hampton Roads,1. No Adverse Condition (Clear/Cloudy),Not Provided,2. No,Not Provided,Not YOUNG