Access Control,Alcohol Notalcohol,Area Type1,A Crash,A People,Basetypedesc,Begin Node Dsc,Belted Unbelted,Bikeage,Bikegen,Bikeinjurytype,Bikevehiclenumber,Bike Nonbike,BMP,B Crash,B People,Carspeedlimit,Collision Type,Comm Cargo Body Type Cd,Comm Vehicle Body Type Cd,Cotedrouteid,Coted Mp,Count App,CRASH_DT (copy),Crash Dt,Crash Event Type Dsc,Crash Military Tm,Crash Severity,Crash Year,Curbgutterdesc,C Crash,C People,Juris Name Used,Area Type Used,First Harmful Event of Entire Crash,MAINLINE,Time Slicing Used,Phy_Juris_Nm,Offset-Ft,Intersection Analysis,Clear,Calculation_9640323132123359,Day Of Week,Deer Nodeer,Direction Of Travel Cd,Distracted Notdistracted,VSP,TOTAL CRASH,Document Nbr,Driverage,Drivergen,Driverinjurytype,Drivervehiclenumber,Driver Action Type Cd,Driver Airbag Deployment,Driver Alcohol Test Type Cd,Driver Condition Type Cd,Driver Distraction Type Cd,Driver Drinking Type Cd,Driver Drug Use Cd,Driver Ejected From Vehicle,Driver Ems Transport Ind,Driver Fled Scene Ind,Driver Safety Equip Used,Driver Vis Obscured Type Cd,Drowsy Notdrowsy,Drug Nodrug,EMP,End Node,End Node Dsc,End Offset,Facility,FAC,First Crash Event Cd,First Harmful Event,Fourth Crash Event Cd,Functionalclass,FUN,Govcondesc,Gr Nogr,Hitrun Not Hitrun,Initial Veh Impact Area Cd,Injury Crashes,Intersection Type,Int Doc,Jurtype,K_CRASH,K People,LAT (copy),LAT,Leftshoulderwidth,Length,Lgtruck Nonlgtruck,Light Condition,Located Unlocated,LON (copy),LON,MAINLINE (group),Mainline Yn,Medianleftshoulderwidth,Medianrightshoulderwidth,Mediantypedesc,Medianwidthmax,Medianwidthmin,Median Type,Most Harmful Crash Event Cd,Motor Nonmotor,Node,Node Info,Node Totaadt2011,Node Totaadt2012,Node Totaadt2013,Node Totaadt2014,Node Totaadt2015,Numberoflane,Number of Records,Offset,Ownership,Passage,Passgen,Passinjurytype,Passvehiclenumber,Pass Airbag Deployment,Pass Ejected From Vehicle,Pass Ems Transport Ind,Pass Safety Equip Used,Pavementconditionvalue,Pavementroughnessvalue,Pavementwidth,Pdo Crash,Total People Killed & Injured,Pedage,Pedestrians Injured,Pedestrians Killed,Pedgen,Pedinjurytype,Pednumber,Ped Action,Ped Al Test,Ped Cond,Ped Drink,Ped Drug,Ped Nonped,Ped Rflct,Persons Injured,Persons Killed,Physical Juris Nm,PJR,VSP_Used,Rd Type,Relation To Roadway,Rightshoulderwidth,RNS_MP (0.25 mi bin),Rns Mp,Roadway Alignment,Roadway Defect,Roadway Description,Roadway Surface Cond,Roadway Surface Type,Route Or Street Nm,Rte Category Cd,Rte Cat,Rte Nm,Ruralurbandesc,School Zone,Second Crash Event Cd,Segtotaadt2011,Segtotaadt2012,Segtotaadt2013,Segtotaadt2014,Segtotaadt2015,Senior Notsenior,Sidewalkdesc,Speed Before,Speed Max Safe,Speed Notspeed,Speed Posted,Start Node,Start Offset,Summons Issued Cd,Surfacedesc,Third Crash Event Cd,Time Slicing,Total Crashes including Property Damage Only,Total Crash,Traffic Control Type,Trfc Ctrl Status Type,Truckcommr,Vehiclenumber,Vehicle Body Type Cd,Vehicle Make Nm,Vehicle Maneuver Type Cd,Vehicle Model Nm,Vehicle Year Nbr,District,District_Used ,Weather Condition,Work Zone Location,Work Zone Related,Work Zone Type,Young Notyoung
No Access Control,Not ALCIHOL,Urban,0,0,Bituminous Concrete (Black Base),SR-00306(L)/121-07027(R)/HARPERSVILLE RD,Not UNBELTED,24,Female,C,1,BIKE,54.13,0,0,,13. Bicyclist,"Not Provided,Not Provided","Not Provided,Not Provided",US00017,54.925,2,6/4/2014,6/4/2014,22. Bicycle,1223,C.Non-Visible Injury,2014,Left and Right sides,1,1,Newport News,Urban,22. Bicycle,MAIN,12PM TO 3PM,121.Newport News,"1,558",Intersection,Reset Filters,VDOT_OTHER,Wednesday,Not DEER,"South,Not Provided",,5,1,142120074,23,Female,"C,PDO","1,2","11. Did Not Have Right-of-Way,1. No Improper Action","3. Unavailable/Not Applicable,2. Not Deployed","4. No Test,4. No Test","1. No Defects,1. No Defects","Not Applicable,Not Applicable","1. Had Not Been Drinking,1. Had Not Been Drinking","3. Unknown,3. Unknown","3. Totally Ejected,1. Not Ejected","Yes,No","No,No","8. No Restraint Used,3. Lap and Shoulder Belt","1. Not Obscured,1. Not Obscured",,,55,756306,US-00017-N055A(R)/RAMP TO US 17,0,1,"1.Divided, no control of access","20,22",4. Roadside,"0,0",E,E.Urban Other Principle Arterials; Connecting Links of Other Rural Principal Arterial,Urban Extensions - Primary Routes,Not GUARDRAIL,Not HIT_RUN,"10,1",1,1. Not at Intersection,142120074,C,0,0,37.06961,37.06961,0,1.09,Not LRTRUCK,2. Daylight,LOCATED,-76.47208,-76.47208,MAINLINE,MAIN,0,0,Curbed Grass,14,4,Divided Roadway,"20,22",Not MOTORCYCLE,756306,756306.  US00017       US00017,47241,48276,47486,47670,47853,6,1,0.295,PRI_URBAN,,,,,,,,,0,179,72,0,1,,0,0,,,,,,,,,Not PED,,1,0,Newport News,121,5,NOT-RD,"13. Driveway, Alley-Access - Related",0,54.75,54.92,1. Straight - Level,1. No Defects,"2. Two-Way, Divided, Unprotected Median",1. Dry,"2. Blacktop, Asphalt, Bituminous",JEFFERSON AVE,USPRI,US,R-VA   US00017NB,"Urbanized (Population 200,000 and over)",3. No,"0,0",47241,48276,47486,47670,47853,Not SENIOR,Left and Right sides,"5,5","45,45",Not SPEED,"45,45",646006,0,"2. No,2. No",0,"0,0",12PM TO 3PM,1,1,13. Other,1. Yes - Working,Designated Truck Route - D2,"1,2","9. Bicycle,1. Passenger car",NSSAN,"1. Going Straight Ahead,16. Entering Street From Parking Lot",VERSA,2014,5,5.Hampton Roads,1. No Adverse Condition (Clear/Cloudy),Not Provided,2. No,Not Provided,Not YOUNG
,Not ALCIHOL,Urban,0,0,,,Not UNBELTED,19,Male,B,2,BIKE,,1,1,,2. Angle,"Not Provided,Not Provided","Not Provided,Not Provided",,,,6/4/2014,6/4/2014,22. Bicycle,12,B.Visiible Injury,2014,,0,1,Virginia Beach,Urban,22. Bicycle,MAIN,0AM TO 3AM,134.Virginia Beach,,Not Intersection,Reset Filters,VDOT_OTHER,Wednesday,Not DEER,"West,West",,5,1,141645298,21,Female,"C,B","1,2","37. Other,11. Did Not Have Right-of-Way","2. Not Deployed,3. Unavailable/Not Applicable","4. No Test,4. No Test","1. No Defects,1. No Defects","Not Applicable,Not Applicable","1. Had Not Been Drinking,1. Had Not Been Drinking","2. No,2. No","1. Not Ejected,1. Not Ejected","No,No","No,No","3. Lap and Shoulder Belt,9. Not Applicable","1. Not Obscured,1. Not Obscured",,,,,,,,,"22,22",1. On Roadway,"0,0",,,,Not GUARDRAIL,Not HIT_RUN,"1,9",1,3. Three Approaches,,C,0,0,36.85732,36.85732,,,Not LRTRUCK,4. Darkness - Road Lighted,UNLOCATED,-75.9886,-75.9886,MAINLINE,,,,,,,,"22,22",Not MOTORCYCLE,,.,,,,,,,1,,SEC_URBAN,,,,,,,,,,,,0,2,,0,0,,,,,,,,,Not PED,,2,0,Virginia Beach,134,5,NOT-RD,11. Intersection Related - Outside 150 Feet,,,,1. Straight - Level,1. No Defects,"2. Two-Way, Divided, Unprotected Median",1. Dry,"2. Blacktop, Asphalt, Bituminous",941 LASKIN ROAD,UNKWN,SC,U-VA134SC99999UK,,3. No,"0,0",,,,,,Not SENIOR,,"10,10","35,35",Not SPEED,"35,35",,,"2. No,2. No",,"0,0",0AM TO 3AM,1,1,6. Traffic Lanes Marked,1. Yes - Working,,"1,2","21. Special Vehicle - Low Speed Vehicle,9. Bicycle","Jeep,3G BIKES","2. Making Right Turn,1. Going Straight Ahead","Liberty,UNK",2004,5,5.Hampton Roads,1. No Adverse Condition (Clear/Cloudy),Not Provided,2. No,Not Provided,YOUNG
No Access Control,ALCOHOL,Urban,1,1,Bituminous Concrete (Black Base),RUDEE POINT ROAD(R)/HARBOR POINT(L)/,Not UNBELTED,50,Male,A,1,BIKE,22.18,0,0,,2. Angle,"Not Provided,Not Provided","Not Provided,Not Provided",13408669,22.255,4,6/4/2014,6/4/2014,20. Motor Vehicle In Transport,2115,A.Ambulatory Injury,2014,Left and Right sides,0,1,Virginia Beach,Urban,20. Motor Vehicle In Transport,MAIN,9PM TO 12AM,134.Virginia Beach,"1,452",Intersection,Reset Filters,VDOT_OTHER,Wednesday,Not DEER,"East,South",,5,1,141565222,43,Male,"A,C","1,2","11. Did Not Have Right-of-Way,1. No Improper Action","Not Provided,3. Unavailable/Not Applicable","3. Refused,Not Applicable","9. Unknown,1. No Defects","14. No Driver Distraction,14. No Driver Distraction","3. Drinking - Ability Impaired,1. Had Not Been Drinking","3. Unknown,3. Unknown","Not Provided,1. Not Ejected","Yes,NotProvided","No,No","9. Not Applicable,3. Lap and Shoulder Belt","1. Not Obscured,1. Not Obscured",,,22,541489,5TH ST(R)/WINSTON SALEM AVE(L)/,0,1,"1.Divided, no control of access","20,22",1. On Roadway,"0,0",H,H.Urban Minor Arterial,Other City or Town Streets (not state maintained),Not GUARDRAIL,Not HIT_RUN,"9,12",1,4. Four Approaches,141565222,C,0,0,36.83347,36.83347,0,0.08,Not LRTRUCK,4. Darkness - Road Lighted,LOCATED,-75.97231,-75.97231,MAINLINE,MAIN,0,0,Positive Barrier *_(PF1 FOR NOTE),2,2,Divided Roadway,"20,22",Not MOTORCYCLE,541493,541493. 13408669      13408669      13408724      13408724,26452,23305,23520,22666,22386,4,1,0.275,SEC_URBAN,,,,,,,,,0,0,56,0,2,,0,0,,,,,,,,,Not PED,,2,0,Virginia Beach,134,5,NOT-RD,9. Within Intersection,0,22.25,22.25,3. Grade - Straight,1. No Defects,"1. Two-Way, Not Divided",1. Dry,"2. Blacktop, Asphalt, Bituminous",500 PACIFIC AVE,URB,UR,R-VA134UR08669SB,"Urbanized (Population 200,000 and over)",3. No,"0,0",15328,16751,17349,16731,11352,Not SENIOR,Left and Right sides,"5,35","25,35",Not SPEED,"25,35",742546,0.27,"2. No,2. No",0,"0,0",9PM TO 12AM,1,1,3. Traffic Signal,1. Yes - Working,Not a Parkway - Trucks and Commercial Vehicles Allowed,"1,2","9. Bicycle,1. Passenger car","BICYCLE,HONDA","1. Going Straight Ahead,1. Going Straight Ahead",CIVIC,2012,5,5.Hampton Roads,1. No Adverse Condition (Clear/Cloudy),Not Provided,2. No,Not Provided,Not YOUNG
,Not ALCIHOL,Urban,0,0,,,Not UNBELTED,43,Male,B,2,BIKE,,1,1,,13. Bicyclist,"Not Provided,Not Provided","Not Provided,Not Provided",,,,6/5/2014,6/5/2014,22. Bicycle,630,B.Visiible Injury,2014,,0,0,Newport News,Urban,22. Bicycle,MAIN,6AM TO 9AM,121.Newport News,,Not Intersection,Reset Filters,VDOT_OTHER,Thursday,Not DEER,"East,South",,5,1,142120085,38,Female,"PDO,B","1,2","1. No Improper Action,37. Other","2. Not Deployed,3. Unavailable/Not Applicable","4. No Test,Not Applicable","1. No Defects,1. No Defects","Not Applicable,Not Applicable","1. Had Not Been Drinking,1. Had Not Been Drinking","2. No,Not Applicable","1. Not Ejected,3. Totally Ejected","No,No","No,No","3. Lap and Shoulder Belt,8. No Restraint Used","1. Not Obscured,1. Not Obscured",,,,,,,,,"22,20",1. On Roadway,"0,0",,,,Not GUARDRAIL,Not HIT_RUN,"1,1",1,2. Two Approaches,,C,0,0,36.99585,36.99585,,,Not LRTRUCK,1. Dawn,UNLOCATED,-76.43685,-76.43685,MAINLINE,,,,,,,,"22,20",Not MOTORCYCLE,,.,,,,,,,1,,SEC_URBAN,,,,,,,,,,,,0,1,,0,0,,,,,,,,,Not PED,,1,0,Newport News,121,5,NOT-RD,9. Within Intersection,,,,1. Straight - Level,1. No Defects,"4. One-Way, Not Divided",1. Dry,"2. Blacktop, Asphalt, Bituminous",51ST ST,UNKWN,SC,U-VA121SC99999UK,,3. No,"0,0",,,,,,Not SENIOR,,"1,4","25,25",Not SPEED,"25,25",,,"2. No,2. No",,"0,0",6AM TO 9AM,1,1,4. Stop Sign,1. Yes - Working,,"1,2","1. Passenger car,9. Bicycle",FORD,"3. Making Left Turn,1. Going Straight Ahead",FREESTYLE,2005,5,5.Hampton Roads,1. No Adverse Condition (Clear/Cloudy),Not Provided,2. No,Not Provided,Not YOUNG
No Access Control,Not ALCIHOL,Urban,0,0,"N/A, Unknown, or Unstabilized",134-08744(L)/LYNNHAVEN RD,Not UNBELTED,16,Male,B,2,BIKE,0.22,1,1,,16. Other,"Not Provided,Not Provided","Not Provided,Not Provided",13408726,0.435,3,6/5/2014,6/5/2014,20. Motor Vehicle In Transport,1700,B.Visiible Injury,2014,Left and Right sides,0,1,Virginia Beach,Urban,20. Motor Vehicle In Transport,MAIN,3PM TO 6PM,134.Virginia Beach,"1,135",Intersection,Reset Filters,VDOT_OTHER,Thursday,Not DEER,"North,South",,5,1,141585134,52,Female,"C,B","1,2","1. No Improper Action,1. No Improper Action","2. Not Deployed,3. Unavailable/Not Applicable","4. No Test,4. No Test","1. No Defects,1. No Defects","14. No Driver Distraction,14. No Driver Distraction","1. Had Not Been Drinking,1. Had Not Been Drinking","2. No,2. No","1. Not Ejected,Not Provided","No,Yes","No,No","3. Lap and Shoulder Belt,9. Not Applicable","1. Not Obscured,1. Not Obscured",,,0,542058,BOWLING GREEN DR(L)/,0,0,"0.Two-way, non-divided","22,20",1. On Roadway,"0,0",I,I.Urban Collector,Other City or Town Streets (not state maintained),Not GUARDRAIL,Not HIT_RUN,"1,12",1,2. Two Approaches,141585134,C,0,0,36.81663,36.81663,0,0.22,Not LRTRUCK,2. Daylight,LOCATED,-76.07469,-76.07469,MAINLINE,MAIN,0,0,0,0,0,Undivided Roadway,"22,20",Not MOTORCYCLE,542057,542057. 13408726      13408726      13408744,20932,19426,19605,18893,18439,4,1,0.215,SEC_URBAN,,,,,,,,,0,0,0,0,2,,0,0,,,,,,,,,Not PED,,2,0,Virginia Beach,134,5,NOT-RD,9. Within Intersection,0,0.25,0.44,1. Straight - Level,1. No Defects,"1. Two-Way, Not Divided",1. Dry,"2. Blacktop, Asphalt, Bituminous",NORTH WEST MALL,URB,UR,R-VA134UR08726SB,"Urbanized (Population 200,000 and over)",3. No,"0,0",17373,16446,16598,15995,15699,Not SENIOR,Left and Right sides,"2,10","35,35",Not SPEED,"35,35",542057,0,"2. No,2. No",0,"0,0",3PM TO 6PM,1,1,4. Stop Sign,1. Yes - Working,Not a Parkway - Trucks and Commercial Vehicles Allowed,"1,2","22. Truck - Sport Utility Vehicle (SUV),9. Bicycle","Dodge,OTH","2. Making Right Turn,1. Going Straight Ahead","Journey,BICYCLE",2009,5,5.Hampton Roads,1. No Adverse Condition (Clear/Cloudy),Not Provided,2. No,Not Provided,YOUNG
No Access Control,Not ALCIHOL,Urban,0,0,"N/A, Unknown, or Unstabilized",122-08573(B)/BALLENTINE BLVD,Not UNBELTED,34,Male,B,2,BIKE,9.87,1,1,,2. Angle,"Not Provided,Not Provided","Not Provided,Not Provided",SR00166,9.949,4,9/23/2015,9/23/2015,22. Bicycle,419,B.Visiible Injury,2015,Left side,0,0,Norfolk,Urban,22. Bicycle,MAIN,3AM TO 6AM,122.Norfolk,639,Intersection,Reset Filters,VDOT_OTHER,Wednesday,Not DEER,"North,Not Provided",,5,1,152950063,26,Male,"PDO,B","1,2","11. Did Not Have Right-of-Way,1. No Improper Action","Not Provided,Not Provided","Not Applicable,Not Applicable","1. No Defects,1. No Defects","Not Applicable,Not Applicable","Not Applicable,Not Applicable","Not Applicable,Not Applicable","Not Provided,Not Provided","NotProvided,Yes","No,No","3. Lap and Shoulder Belt,8. No Restraint Used","1. Not Obscured,1. Not Obscured",,,10,483355,122-08639(B)/INGLESIDE AV,0,0,"0.Two-way, non-divided","22,20",2. Shoulder,"0,0",E,E.Urban Other Principle Arterials; Connecting Links of Other Rural Principal Arterial,Urban Extensions - Primary Routes,Not GUARDRAIL,Not HIT_RUN,"12,11",1,1. Not at Intersection,152950063,C,0,0,36.86226,36.86226,0,0.2,Not LRTRUCK,4. Darkness - Road Lighted,LOCATED,-76.24606,-76.24606,MAINLINE,MAIN,0,0,0,0,0,Undivided Roadway,"22,20",Not MOTORCYCLE,483355,483355.  SR00166       SR00166      12208639      12208639,34255,32986,32959,32565,34731,4,1,0.121,PRI_URBAN,,,,,,,,,0,155,48,0,1,,0,0,,,,,,,,,Not PED,,1,0,Norfolk,122,5,NOT-RD,8. Non-Intersection,8,9.75,9.95,1. Straight - Level,1. No Defects,"2. Two-Way, Divided, Unprotected Median",1. Dry,"2. Blacktop, Asphalt, Bituminous",300 E PRINCESS ANNE RD,STPRI,SR,R-VA   SR00166WB,"Urbanized (Population 200,000 and over)",3. No,"0,0",20315,20428,20285,20351,21108,Not SENIOR,Left side,"15,5","35,35",Not SPEED,"35,35",483356,0.16,"1. Yes,Not Provided",0,"0,0",3AM TO 6AM,1,1,6. Traffic Lanes Marked,1. Yes - Working,Not a Parkway - Trucks and Commercial Vehicles Allowed,"1,2","22. Truck - Sport Utility Vehicle (SUV),9. Bicycle","SATURN,DXR","3. Making Left Turn,1. Going Straight Ahead","VUE SUV,BICYCLE",2003,5,5.Hampton Roads,1. No Adverse Condition (Clear/Cloudy),Not Provided,2. No,Not Provided,Not YOUNG
No Access Control,ALCOHOL,Urban,0,0,Bituminous Concrete (Black Base),SR-00152(L)/CUNNINGHAM DRIVE(R)/,Not UNBELTED,28,Male,C,2,BIKE,63.42,0,0,,12. Ped,"Not Provided,Not Provided","Not Provided,Not Provided",US00258,63.421,3,9/23/2015,9/23/2015,19. Ped,1932,C.Non-Visible Injury,2015,Left and Right sides,1,1,Hampton,Urban,19. Ped,MAIN,6PM TO 9PM,114.Hampton,5,Intersection,Reset Filters,VDOT_OTHER,Wednesday,Not DEER,"East,West",,5,1,152675091,29,Male,"PDO,C","1,2","1. No Improper Action,21. Disregarded Traffic Signal","2. Not Deployed,3. Unavailable/Not Applicable","Not Applicable,Not Applicable","1. No Defects,1. No Defects","Not Applicable,Not Applicable","1. Had Not Been Drinking,2. Drinking - Obviously Drunk","2. No,3. Unknown","1. Not Ejected,1. Not Ejected","No,Yes","No,No","3. Lap and Shoulder Belt,8. No Restraint Used","11. Moving Vehicle(s),1. Not Obscured",,,64,253023,SR-00134(R)/114-07033(L)/,0,1,"1.Divided, no control of access","19,20",1. On Roadway,"0,0",E,E.Urban Other Principle Arterials; Connecting Links of Other Rural Principal Arterial,Urban Extensions - Primary Routes,Not GUARDRAIL,Not HIT_RUN,"11,12",1,2. Two Approaches,152675091,C,0,0,37.04297,37.04297,0,0.24,Not LRTRUCK,4. Darkness - Road Lighted,LOCATED,-76.38105,-76.38105,MAINLINE,MAIN,0,0,Curbed Grass,16,4,Divided Roadway,"19,20",Not MOTORCYCLE,253078,253078.  SR00152       US00258       US00258,51976,49943,51258,51573,52874,8,1,0.001,PRI_URBAN,,,,,,,,,0,158,126,0,1,,0,0,,,,,,,,,Not PED,,1,0,Hampton,114,5,NOT-RD,1. Main-Line Roadway,0,63.25,63.42,1. Straight - Level,1. No Defects,"1. Two-Way, Not Divided",1. Dry,1. Concrete,W MERCURY BLVD,USPRI,US,R-VA   US00258EB,"Urbanized (Population 200,000 and over)",3. No,"0,0",48424,47934,49947,50492,51793,Not SENIOR,None,"10,0","35,35",Not SPEED,"35,35",253078,0,"1. Yes,1. Yes",0,"0,0",6PM TO 9PM,1,1,3. Traffic Signal,1. Yes - Working,Not a Parkway - Trucks and Commercial Vehicles Allowed,"1,2","1. Passenger car,9. Bicycle","NISS,OTH","3. Making Left Turn,1. Going Straight Ahead",ALTIMA,,5,5.Hampton Roads,1. No Adverse Condition (Clear/Cloudy),Not Provided,2. No,Not Provided,Not YOUNG
,Not ALCIHOL,Urban,0,0,,,Not UNBELTED,25,Male,C,2,BIKE,,0,0,,3. Head On,"Not Provided,Not Provided","Not Provided,Not Provided",,,,9/25/2015,9/25/2015,22. Bicycle,1856,C.Non-Visible Injury,2015,,1,1,Norfolk,Urban,22. Bicycle,MAIN,6PM TO 9PM,122.Norfolk,,Not Intersection,Reset Filters,VDOT_OTHER,Friday,Not DEER,"East,North",,5,1,152950077,59,Female,"PDO,C","1,2","1. No Improper Action,37. Other","2. Not Deployed,3. Unavailable/Not Applicable","Not Applicable,Not Applicable","1. No Defects,1. No Defects","Not Applicable,Not Applicable","1. Had Not Been Drinking,1. Had Not Been Drinking","2. No,2. No","1. Not Ejected,1. Not Ejected","No,Yes","No,No","3. Lap and Shoulder Belt,8. No Restraint Used","1. Not Obscured,1. Not Obscured",,,,,,,,,"22,20",1. On Roadway,"0,0",,,,Not GUARDRAIL,Not HIT_RUN,"12,9",1,2. Two Approaches,,C,0,0,36.91259,36.91259,,,Not LRTRUCK,3. Dusk,UNLOCATED,-76.24139,-76.24139,MAINLINE,,,,,,,,"22,20",Not MOTORCYCLE,,.,,,,,,,1,,SEC_URBAN,,,,,,,,,,,,0,1,,0,0,,,,,,,,,Not PED,,1,0,Norfolk,122,5,NOT-RD,9. Within Intersection,,,,1. Straight - Level,1. No Defects,"1. Two-Way, Not Divided",2. Wet,"2. Blacktop, Asphalt, Bituminous",900 BLK AVE I,UNKWN,SC,U-VA122SC99999UK,,3. No,"0,0",,,,,,Not SENIOR,,"5,5","25,40",Not SPEED,"25,40",,,"2. No,2. No",,"0,0",6PM TO 9PM,1,1,4. Stop Sign,1. Yes - Working,,"1,2","1. Passenger car,9. Bicycle","CADILLAC,HUFFY","2. Making Right Turn,1. Going Straight Ahead","DTS,CRANBROOK",2007,5,5.Hampton Roads,4. Mist,Not Provided,2. No,Not Provided,Not YOUNG
,ALCOHOL,Urban,0,0,,,Not UNBELTED,54,Male,K,2,BIKE,,0,0,,3. Head On,"Not Provided,Not Provided","Not Provided,Not Provided",,,,9/25/2015,9/25/2015,20. Motor Vehicle In Transport,2050,K.Fatal Injury,2015,,0,0,Poquoson,Urban,20. Motor Vehicle In Transport,MAIN,6PM TO 9PM,147.Poquoson,,Not Intersection,Reset Filters,VDOT_OTHER,Friday,Not DEER,"South,North",,5,1,153615076,23,Female,"PDO,K","1,2","1. No Improper Action,10. Wrong Side Of Road - Not Overtaking","2. Not Deployed,3. Unavailable/Not Applicable","Not Applicable,4. No Test","1. No Defects,9. Unknown","14. No Driver Distraction,14. No Driver Distraction","1. Had Not Been Drinking,5. Drinking - Not Known Whether Impaired","2. No,3. Unknown","1. Not Ejected,1. Not Ejected","No,Yes","No,No","3. Lap and Shoulder Belt,8. No Restraint Used","1. Not Obscured,1. Not Obscured",,,,,,,,,"22,20",1. On Roadway,"0,0",,,,Not GUARDRAIL,Not HIT_RUN,"12,12",0,3. Three Approaches,,C,1,1,37.12383,37.12383,,,Not LRTRUCK,5. Darkness - Road Not Lighted,UNLOCATED,-76.38635,-76.38635,MAINLINE,,,,,,,,"22,20",Not MOTORCYCLE,,.,,,,,,,1,,SEC_URBAN,,,,,,,,,,,,0,1,,0,0,,,,,,,,,Not PED,,0,1,Poquoson,147,5,NOT-RD,10. Intersection Related - Within 150 Feet,,,,1. Straight - Level,1. No Defects,"1. Two-Way, Not Divided",2. Wet,"2. Blacktop, Asphalt, Bituminous",SMITH STREET,UNKWN,SC,U-VA147SC99999UK,,3. No,"0,0",,,,,,Not SENIOR,,"10,5","25,25",Not SPEED,"25,25",,,"2. No,2. No",,"0,0",6PM TO 9PM,1,1,4. Stop Sign,1. Yes - Working,,"1,2","22. Truck - Sport Utility Vehicle (SUV),9. Bicycle","JEEP,NEXT","3. Making Left Turn,1. Going Straight Ahead","WRANGLER,POWER CLIMBER",20132011,5,5.Hampton Roads,5. Rain,Not Provided,2. No,Not Provided,Not YOUNG
,Not ALCIHOL,Urban,0,0,,,Not UNBELTED,23,Female,B,2,BIKE,,1,1,,1. Rear End,"Not Provided,Not Provided","Not Provided,Not Provided",,,3,9/26/2015,9/26/2015,22. Bicycle,1300,B.Visiible Injury,2015,,0,0,Virginia Beach,Urban,22. Bicycle,MAIN,12PM TO 3PM,134.Virginia Beach,0,Intersection,Reset Filters,VDOT_OTHER,Saturday,Not DEER,"North,North",,5,1,152875151,,Not Provided,"PDO,B","1,2","34. Hit and Run,1. No Improper Action","Not Provided,3. Unavailable/Not Applicable","Not Applicable,4. No Test","9. Unknown,1. No Defects","Not Applicable,14. No Driver Distraction","6. Unknown,6. Unknown","3. Unknown,1. Yes","Not Provided,2. Partially Ejected","NotProvided,Yes","Yes,No","Not Provided,5. Helmet","Not Applicable,1. Not Obscured",,DRUG_USE,,,,,0,,"22,20",1. On Roadway,"0,0",H,,,Not GUARDRAIL,HIT_RUN,"1,6",1,4. Four Approaches,152875151,C,0,0,36.84292,36.84292,,,Not LRTRUCK,2. Daylight,UNLOCATED,-76.01314,-76.01314,MAINLINE,,,,,,,,"22,20",Not MOTORCYCLE,541094,541094. 13408729     C7US00058     C7US00058,33080,30456,30785,30063,31110,,1,0,SEC_URBAN,,,,,,,,,,,,0,1,,0,0,,,,,,,,,Not PED,,1,0,Virginia Beach,134,5,NOT-RD,10. Intersection Related - Within 150 Feet,,3.75,3.95,1. Straight - Level,1. No Defects,"1. Two-Way, Not Divided",2. Wet,"2. Blacktop, Asphalt, Bituminous",300 NORTH OCEANA BL,URB,UR,R-VA134UR08729NB,,3. No,"0,0",,,,,,Not SENIOR,,"25,5","25,25",Not SPEED,"25,25",,,"3. Pending,2. No",,"0,0",12PM TO 3PM,1,1,3. Traffic Signal,1. Yes - Working,,"1,2","1. Passenger car,9. Bicycle","HYUNDAI,MONGOOSE","2. Making Right Turn,1. Going Straight Ahead","ELANTRA,BICYCLE",20052012,5,5.Hampton Roads,5. Rain,Not Provided,2. No,Not Provided,Not YOUNG
,Not ALCIHOL,Urban,0,0,,,Not UNBELTED,12,Male,B,2,BIKE,,1,1,,13. Bicyclist,"Not Provided,Not Provided","Not Provided,Not Provided",,,,6/6/2014,6/6/2014,22. Bicycle,1700,B.Visiible Injury,2014,,0,0,Hampton,Urban,22. Bicycle,MAIN,3PM TO 6PM,114.Hampton,,Not Intersection,Reset Filters,VDOT_OTHER,Friday,Not DEER,"North,South",,5,1,142020154,,Female,"PDO,B","1,2","34. Hit and Run,1. No Improper Action","Not Provided,Not Provided","Not Applicable,4. No Test","Not Applicable,1. No Defects","Not Applicable,Not Applicable","6. Unknown,1. Had Not Been Drinking","3. Unknown,2. No","Not Provided,Not Provided","NotProvided,No","Yes,No","Not Provided,Not Provided","Not Applicable,10. Parked Vehicle(s)",,,,,,,,,"22,22",1. On Roadway,"0,0",,,,Not GUARDRAIL,HIT_RUN,"2,12",1,2. Two Approaches,,C,0,0,37.04849,37.04849,,,Not LRTRUCK,2. Daylight,UNLOCATED,-76.35395,-76.35395,MAINLINE,,,,,,,,"22,22",Not MOTORCYCLE,,.,,,,,,,1,,SEC_URBAN,,,,,,,,,,,,0,1,,0,0,,,,,,,,,Not PED,,1,0,Hampton,114,5,NOT-RD,9. Within Intersection,,,,1. Straight - Level,1. No Defects,"1. Two-Way, Not Divided",1. Dry,"2. Blacktop, Asphalt, Bituminous",SALINA ST,UNKWN,SC,U-VA114SC99999UK,,3. No,"0,0",,,,,,Not SENIOR,,,"25,0",Not SPEED,"25,0",,,"Not Provided,Not Provided",,"0,0",3PM TO 6PM,1,1,4. Stop Sign,1. Yes - Working,,"1,2","1. Passenger car,9. Bicycle","PONTIAC,BICYCLE","1. Going Straight Ahead,1. Going Straight Ahead",GRAND PRIX,2000,5,5.Hampton Roads,1. No Adverse Condition (Clear/Cloudy),Not Provided,2. No,Not Provided,Not YOUNG
,Not ALCIHOL,Urban,0,0,,,Not UNBELTED,18,Male,B,1,BIKE,,1,1,,2. Angle,"Not Provided,Not Provided","Not Provided,Not Provided",,,,6/8/2014,6/8/2014,22. Bicycle,1229,B.Visiible Injury,2014,,0,0,Chesapeake,Urban,22. Bicycle,MAIN,12PM TO 3PM,131.Chesapeake,,Not Intersection,Reset Filters,VDOT_OTHER,Sunday,Not DEER,"West,South",,5,1,141595116,50,Female,"B,PDO","1,2","11. Did Not Have Right-of-Way,1. No Improper Action","3. Unavailable/Not Applicable,2. Not Deployed","4. No Test,4. No Test","1. No Defects,1. No Defects","14. No Driver Distraction,14. No Driver Distraction","1. Had Not Been Drinking,1. Had Not Been Drinking","2. No,2. No","1. Not Ejected,1. Not Ejected","No,NotProvided","No,No","9. Not Applicable,3. Lap and Shoulder Belt","1. Not Obscured,1. Not Obscured",,,,,,,,,"20,22",1. On Roadway,"0,1",,,,Not GUARDRAIL,Not HIT_RUN,"4,12",1,4. Four Approaches,,C,0,0,36.68662,36.68662,,,Not LRTRUCK,2. Daylight,UNLOCATED,-76.20636,-76.20636,MAINLINE,,,,,,,,"20,22",Not MOTORCYCLE,,.,,,,,,,1,,SEC_URBAN,,,,,,,,,,,,0,1,,0,0,,,,,,,,,Not PED,,1,0,Chesapeake,131,5,NOT-RD,9. Within Intersection,,,,1. Straight - Level,1. No Defects,"1. Two-Way, Not Divided",1. Dry,"2. Blacktop, Asphalt, Bituminous",BLACKTHORN DR,UNKWN,SC,U-VA131SC99999UK,,3. No,"0,1",,,,,,Not SENIOR,,"10,20","25,25",Not SPEED,"25,25",,,"1. Yes,2. No",,"0,1",12PM TO 3PM,1,1,8. Yield Sign,1. Yes - Working,,"1,2","9. Bicycle,22. Truck - Sport Utility Vehicle (SUV)","DIAMOND BACK,JEEP","1. Going Straight Ahead,1. Going Straight Ahead","BEACH CRUISER,CHEROKEE",20002009,5,5.Hampton Roads,1. No Adverse Condition (Clear/Cloudy),Not Provided,2. No,Not Provided,YOUNG