Access Control,Alcohol Notalcohol,Area Type1,A Crash,A People,Basetypedesc,Begin Node Dsc,Belted Unbelted,Bikeage,Bikegen,Bikeinjurytype,Bikevehiclenumber,Bike Nonbike,BMP,B Crash,B People,Carspeedlimit,Collision Type,Comm Cargo Body Type Cd,Comm Vehicle Body Type Cd,Cotedrouteid,Coted Mp,Count App,CRASH_DT (copy),Crash Dt,Crash Event Type Dsc,Crash Military Tm,Crash Severity,Crash Year,Curbgutterdesc,C Crash,C People,Juris Name Used,Area Type Used,First Harmful Event of Entire Crash,MAINLINE,Time Slicing Used,Phy_Juris_Nm,Offset-Ft,Intersection Analysis,Clear,Calculation_9640323132123359,Day Of Week,Deer Nodeer,Direction Of Travel Cd,Distracted Notdistracted,VSP,TOTAL CRASH,Document Nbr,Driverage,Drivergen,Driverinjurytype,Drivervehiclenumber,Driver Action Type Cd,Driver Airbag Deployment,Driver Alcohol Test Type Cd,Driver Condition Type Cd,Driver Distraction Type Cd,Driver Drinking Type Cd,Driver Drug Use Cd,Driver Ejected From Vehicle,Driver Ems Transport Ind,Driver Fled Scene Ind,Driver Safety Equip Used,Driver Vis Obscured Type Cd,Drowsy Notdrowsy,Drug Nodrug,EMP,End Node,End Node Dsc,End Offset,Facility,FAC,First Crash Event Cd,First Harmful Event,Fourth Crash Event Cd,Functionalclass,FUN,Govcondesc,Gr Nogr,Hitrun Not Hitrun,Initial Veh Impact Area Cd,Injury Crashes,Intersection Type,Int Doc,Jurtype,K_CRASH,K People,LAT (copy),LAT,Leftshoulderwidth,Length,Lgtruck Nonlgtruck,Light Condition,Located Unlocated,LON (copy),LON,MAINLINE (group),Mainline Yn,Medianleftshoulderwidth,Medianrightshoulderwidth,Mediantypedesc,Medianwidthmax,Medianwidthmin,Median Type,Most Harmful Crash Event Cd,Motor Nonmotor,Node,Node Info,Node Totaadt2011,Node Totaadt2012,Node Totaadt2013,Node Totaadt2014,Node Totaadt2015,Numberoflane,Number of Records,Offset,Ownership,Passage,Passgen,Passinjurytype,Passvehiclenumber,Pass Airbag Deployment,Pass Ejected From Vehicle,Pass Ems Transport Ind,Pass Safety Equip Used,Pavementconditionvalue,Pavementroughnessvalue,Pavementwidth,Pdo Crash,Total People Killed & Injured,Pedage,Pedestrians Injured,Pedestrians Killed,Pedgen,Pedinjurytype,Pednumber,Ped Action,Ped Al Test,Ped Cond,Ped Drink,Ped Drug,Ped Nonped,Ped Rflct,Persons Injured,Persons Killed,Physical Juris Nm,PJR,VSP_Used,Rd Type,Relation To Roadway,Rightshoulderwidth,RNS_MP (0.25 mi bin),Rns Mp,Roadway Alignment,Roadway Defect,Roadway Description,Roadway Surface Cond,Roadway Surface Type,Route Or Street Nm,Rte Category Cd,Rte Cat,Rte Nm,Ruralurbandesc,School Zone,Second Crash Event Cd,Segtotaadt2011,Segtotaadt2012,Segtotaadt2013,Segtotaadt2014,Segtotaadt2015,Senior Notsenior,Sidewalkdesc,Speed Before,Speed Max Safe,Speed Notspeed,Speed Posted,Start Node,Start Offset,Summons Issued Cd,Surfacedesc,Third Crash Event Cd,Time Slicing,Total Crashes including Property Damage Only,Total Crash,Traffic Control Type,Trfc Ctrl Status Type,Truckcommr,Vehiclenumber,Vehicle Body Type Cd,Vehicle Make Nm,Vehicle Maneuver Type Cd,Vehicle Model Nm,Vehicle Year Nbr,District,District_Used ,Weather Condition,Work Zone Location,Work Zone Related,Work Zone Type,Young Notyoung
No Access Control,Not ALCIHOL,Urban,1,1,"N/A, Unknown, or Unstabilized",FORUM STREET(B)/,Not UNBELTED,28,Male,A,2,BIKE,0.61,0,0,,12. Ped,"Not Provided,Not Provided","Not Provided,Not Provided",11407041,0.786,3,9/28/2015,9/28/2015,22. Bicycle,1636,A.Ambulatory Injury,2015,Left and Right sides,0,0,Hampton,Urban,22. Bicycle,MAIN,3PM TO 6PM,114.Hampton,21,Intersection,Reset Filters,VDOT_OTHER,Monday,Not DEER,"East,West",,5,1,152805101,58,Male,"PDO,A","1,2","11. Did Not Have Right-of-Way,Not Applicable","2. Not Deployed,3. Unavailable/Not Applicable","4. No Test,4. No Test","1. No Defects,1. No Defects","Not Applicable,Not Applicable","1. Had Not Been Drinking,1. Had Not Been Drinking","2. No,2. No","1. Not Ejected,3. Totally Ejected","No,No","No,No","3. Lap and Shoulder Belt,8. No Restraint Used","1. Not Obscured,Not Applicable",,,1,253436,114-07045(B)/LITTLE OAK LANE(U)/,0,1,"1.Divided, no control of access","22,20",1. On Roadway,"0,0",I,I.Urban Collector,Other City or Town Streets (not state maintained),Not GUARDRAIL,Not HIT_RUN,"1,10",1,3. Three Approaches,152805101,C,0,0,37.06259,37.06259,0,0.18,Not LRTRUCK,2. Daylight,LOCATED,-76.3406,-76.3406,MAINLINE,MAIN,0,0,Curbed Grass,16,6,Divided Roadway,"22,20",Not MOTORCYCLE,253436,253436. 11407041      11407045      11407045,13320,13026,12162,11729,11967,4,1,0.004,SEC_URBAN,,,,,,,,,0,0,48,0,1,,0,0,,,,,,,,,Not PED,,1,0,Hampton,114,5,NOT-RD,10. Intersection Related - Within 150 Feet,0,0.75,0.79,1. Straight - Level,1. No Defects,"3. Two-Way, Divided, Positive Median Barrier",1. Dry,"2. Blacktop, Asphalt, Bituminous",CLEMWOOD PKWY,URB,UR,R-VA114UR07041NB,"Urbanized (Population 200,000 and over)",3. No,"0,0",3016,2949,3060,2951,3011,Not SENIOR,Left and Right sides,"2,5","35,35",Not SPEED,"35,35",253435,0,"1. Yes,2. No",0,"0,0",3PM TO 6PM,1,1,6. Traffic Lanes Marked,1. Yes - Working,Not a Parkway - Trucks and Commercial Vehicles Allowed,"1,2","1. Passenger car,9. Bicycle","HOND,UNK","2. Making Right Turn,1. Going Straight Ahead","CR-V,UNKNOWN",,5,5.Hampton Roads,1. No Adverse Condition (Clear/Cloudy),Not Provided,2. No,Not Provided,Not YOUNG
,Not ALCIHOL,Urban,0,0,,,Not UNBELTED,22,Male,B,2,BIKE,,1,1,,16. Other,"Not Provided,Not Provided","Not Provided,Not Provided",,,,9/28/2015,9/28/2015,22. Bicycle,1543,B.Visiible Injury,2015,,0,0,Virginia Beach,Urban,22. Bicycle,MAIN,3PM TO 6PM,134.Virginia Beach,,Not Intersection,Reset Filters,VDOT_OTHER,Monday,Not DEER,"West,North",,5,1,152725322,33,Female,"PDO,B","1,2","1. No Improper Action,21. Disregarded Traffic Signal","2. Not Deployed,3. Unavailable/Not Applicable","Not Applicable,Not Applicable","1. No Defects,1. No Defects","14. No Driver Distraction,14. No Driver Distraction","1. Had Not Been Drinking,1. Had Not Been Drinking","2. No,2. No","1. Not Ejected,1. Not Ejected","No,Yes","No,No","3. Lap and Shoulder Belt,8. No Restraint Used","1. Not Obscured,1. Not Obscured",,,,,,,,,"22,20",1. On Roadway,"0,0",,,,Not GUARDRAIL,Not HIT_RUN,"12,3",1,3. Three Approaches,,C,0,0,36.85246,36.85246,,,Not LRTRUCK,2. Daylight,UNLOCATED,-75.99435,-75.99435,MAINLINE,,,,,,,,"22,20",Not MOTORCYCLE,,.,,,,,,,1,,SEC_URBAN,,,,,,,,,,,,0,1,,0,0,,,,,,,,,Not PED,,1,0,Virginia Beach,134,5,NOT-RD,10. Intersection Related - Within 150 Feet,,,,1. Straight - Level,1. No Defects,"1. Two-Way, Not Divided",1. Dry,"2. Blacktop, Asphalt, Bituminous",1000 24TH ST,UNKWN,SC,U-VA134SC99999UK,,3. No,"0,0",,,,,,Not SENIOR,,"5,5","25,35",Not SPEED,"25,35",,,"2. No,2. No",,"0,0",3PM TO 6PM,1,1,3. Traffic Signal,1. Yes - Working,,"1,2","1. Passenger car,9. Bicycle","CHEVROLET,BICYCLE","3. Making Left Turn,1. Going Straight Ahead","IMPALA,UNK",2006,5,5.Hampton Roads,1. No Adverse Condition (Clear/Cloudy),Not Provided,2. No,Not Provided,Not YOUNG
,Not ALCIHOL,Urban,0,0,,,Not UNBELTED,51,Not Provided,B,2,BIKE,,1,1,,2. Angle,"Not Provided,Not Provided","Not Provided,Not Provided",,,,9/28/2015,9/28/2015,22. Bicycle,1905,B.Visiible Injury,2015,,0,0,Virginia Beach,Urban,22. Bicycle,MAIN,6PM TO 9PM,134.Virginia Beach,,Not Intersection,Reset Filters,VDOT_OTHER,Monday,Not DEER,"North,South",,5,1,152795238,63,Female,"PDO,B","1,2","11. Did Not Have Right-of-Way,1. No Improper Action","2. Not Deployed,3. Unavailable/Not Applicable","Not Applicable,Not Applicable","1. No Defects,1. No Defects","14. No Driver Distraction,14. No Driver Distraction","1. Had Not Been Drinking,1. Had Not Been Drinking","2. No,2. No","1. Not Ejected,2. Partially Ejected","No,No","No,No","3. Lap and Shoulder Belt,8. No Restraint Used","1. Not Obscured,1. Not Obscured",,,,,,,,,"22,22",1. On Roadway,"0,0",,,,Not GUARDRAIL,Not HIT_RUN,"12,11",1,3. Three Approaches,,C,0,0,36.8742,36.8742,,,Not LRTRUCK,4. Darkness - Road Lighted,UNLOCATED,-75.98233,-75.98233,MAINLINE,,,,,,,,"22,22",Not MOTORCYCLE,,.,,,,,,,1,,SEC_URBAN,,,,,,,,,,,,0,1,,0,0,,,,,,,,,Not PED,,1,0,Virginia Beach,134,5,NOT-RD,9. Within Intersection,,,,1. Straight - Level,1. No Defects,"1. Two-Way, Not Divided",1. Dry,"2. Blacktop, Asphalt, Bituminous",4500 OCEAN FRONT AVE,UNKWN,SC,U-VA134SC99999UK,,3. No,"0,0",,,,,,Not SENIOR,,"5,5","25,25",Not SPEED,"25,25",,,"1. Yes,2. No",,"0,0",6PM TO 9PM,1,1,1. No Traffic Control,6. No Traffic Control Device Present,,"1,2","1. Passenger car,9. Bicycle","FORD,BICYCLE","3. Making Left Turn,1. Going Straight Ahead","EDGE,UNK",2007,5,5.Hampton Roads,1. No Adverse Condition (Clear/Cloudy),Not Provided,2. No,Not Provided,Not YOUNG
,Not ALCIHOL,Urban,0,0,,,Not UNBELTED,13,Male,C,2,BIKE,,0,0,,3. Head On,"Not Provided,Not Provided","Not Provided,Not Provided",,,,9/28/2015,9/28/2015,20. Motor Vehicle In Transport,1503,C.Non-Visible Injury,2015,,1,1,Norfolk,Urban,20. Motor Vehicle In Transport,MAIN,3PM TO 6PM,122.Norfolk,,Not Intersection,Reset Filters,VDOT_OTHER,Monday,Not DEER,"East,North",,5,1,152990022,62,Male,"PDO,C","1,2","22. Disregarded Stop or Yield Sign,1. No Improper Action","2. Not Deployed,3. Unavailable/Not Applicable","4. No Test,4. No Test","1. No Defects,Not Applicable","Not Applicable,Not Applicable","1. Had Not Been Drinking,1. Had Not Been Drinking","2. No,2. No","1. Not Ejected,3. Totally Ejected","No,Yes","No,No","3. Lap and Shoulder Belt,8. No Restraint Used","1. Not Obscured,1. Not Obscured",,,,,,,,,"20,20",1. On Roadway,"0,0",,,,Not GUARDRAIL,Not HIT_RUN,"12,11",1,4. Four Approaches,,C,0,0,36.92068,36.92068,,,Not LRTRUCK,2. Daylight,UNLOCATED,-76.19007,-76.19007,MAINLINE,,,,,,,,"20,20",Not MOTORCYCLE,,.,,,,,,,1,,SEC_URBAN,,,,,,,,,,,,0,1,,0,0,,,,,,,,,Not PED,,1,0,Norfolk,122,5,NOT-RD,9. Within Intersection,,,,1. Straight - Level,1. No Defects,"1. Two-Way, Not Divided",1. Dry,"2. Blacktop, Asphalt, Bituminous",DUNNING RD,UNKWN,SC,U-VA122SC99999UK,,3. No,"0,0",,,,,,Not SENIOR,,10,"25,0",Not SPEED,"25,0",,,"1. Yes,Not Provided",,"0,0",3PM TO 6PM,1,1,4. Stop Sign,1. Yes - Working,,"1,2","1. Passenger car,9. Bicycle",SUBURU,"1. Going Straight Ahead,3. Making Left Turn","FORESTER,BICYCLE",2014,5,5.Hampton Roads,1. No Adverse Condition (Clear/Cloudy),Not Provided,2. No,Not Provided,Not YOUNG
,Not ALCIHOL,Urban,0,0,,,Not UNBELTED,23,Not Provided,B,2,BIKE,,1,1,,3. Head On,"Not Provided,Not Provided","Not Provided,Not Provided",,,,9/29/2015,9/29/2015,22. Bicycle,2027,B.Visiible Injury,2015,,0,1,Williamsburg,Urban,22. Bicycle,MAIN,6PM TO 9PM,137.Williamsburg,,Not Intersection,Reset Filters,VDOT_OTHER,Tuesday,Not DEER,"North,Not Provided",,5,1,152735021,25,Male,"C,B","1,2","1. No Improper Action,11. Did Not Have Right-of-Way","2. Not Deployed,Not Provided","Not Applicable,Not Applicable","1. No Defects,1. No Defects","Not Applicable,Not Applicable","1. Had Not Been Drinking,1. Had Not Been Drinking","2. No,2. No","1. Not Ejected,Not Provided","No,Yes","No,No","3. Lap and Shoulder Belt,8. No Restraint Used","1. Not Obscured,1. Not Obscured",,,,,,,,,"22,20",1. On Roadway,"0,0",,,,Not GUARDRAIL,Not HIT_RUN,"12,0",1,1. Not at Intersection,,C,0,0,37.27375,37.27375,,,Not LRTRUCK,5. Darkness - Road Not Lighted,UNLOCATED,-76.71347,-76.71347,MAINLINE,,,,,,,,"22,20",Not MOTORCYCLE,,.,,,,,,,1,,SEC_URBAN,,,,,,,,,,,,0,2,,0,0,,,,,,,,,Not PED,,2,0,Williamsburg,137,5,NOT-RD,"15. Other Crossing (Crossing for Bikes, School, etc.)",,,,2. Curve - Level,1. No Defects,"2. Two-Way, Divided, Unprotected Median",2. Wet,"2. Blacktop, Asphalt, Bituminous",STADIUM DRIVERICHMOND ROAD,UNKWN,SC,U-VA137SC99999UK,,3. No,"0,0",,,,,,Not SENIOR,,"5,5","5,5",Not SPEED,"25,25",,,"Not Provided,3. Pending",,"0,0",6PM TO 9PM,1,1,14. Ped Crosswalk,1. Yes - Working,,"1,2","1. Passenger car,9. Bicycle",CHEV,"3. Making Left Turn,1. Going Straight Ahead",SUV,2014,5,5.Hampton Roads,5. Rain,Not Provided,2. No,Not Provided,Not YOUNG
No Access Control,Not ALCIHOL,Urban,0,0,Bituminous Concrete (Black Base),US-00060(B)/,Not UNBELTED,30,Male,C,1,BIKE,0,0,0,,2. Angle,"Not Provided,Not Provided","Not Provided,Not Provided",SR00306,0.017,3,10/1/2015,10/1/2015,22. Bicycle,755,C.Non-Visible Injury,2015,Left and Right sides,1,1,Newport News,Urban,22. Bicycle,MAIN,6AM TO 9AM,121.Newport News,90,Intersection,Reset Filters,VDOT_OTHER,Thursday,Not DEER,"South,North",,5,1,160270095,50,Female,"C,PDO","1,2","Not Applicable,1. No Improper Action","3. Unavailable/Not Applicable,2. Not Deployed","4. No Test,4. No Test","1. No Defects,1. No Defects","Not Applicable,Not Applicable","1. Had Not Been Drinking,1. Had Not Been Drinking","Not Applicable,Not Applicable","1. Not Ejected,1. Not Ejected","Yes,No","No,No","9. Not Applicable,3. Lap and Shoulder Belt","1. Not Obscured,1. Not Obscured",,,0,646167,OLD HARPERSVILLE ROAD(R)/,0,1,"1.Divided, no control of access","20,22",1. On Roadway,"0,0",H,H.Urban Minor Arterial,Urban Extensions - Primary Routes,Not GUARDRAIL,Not HIT_RUN,"11,1",1,3. Three Approaches,160270095,C,0,0,37.04959,37.04959,0,0.05,Not LRTRUCK,2. Daylight,LOCATED,-76.47519,-76.47519,MAINLINE,MAIN,0,0,Curbed Grass,16,4,Divided Roadway,"20,22",Not MOTORCYCLE,646042,646042.  SR00306       US00060       US00060,29756,29098,32379,31226,31859,4,1,0.017,PRI_URBAN,,,,,,,,,0,0,52,0,1,,0,0,,,,,,,,,Not PED,,1,0,Newport News,121,5,NOT-RD,9. Within Intersection,0,0,0.01,1. Straight - Level,1. No Defects,"2. Two-Way, Divided, Unprotected Median",2. Wet,"2. Blacktop, Asphalt, Bituminous",HARPERSVILLE RD,STPRI,SR,R-VA   SR00306WB,"Urbanized (Population 200,000 and over)",3. No,"0,0",8973,8774,9573,9232,9419,Not SENIOR,Left and Right sides,"5,5","35,25",Not SPEED,"35,25",646042,0,"2. No,2. No",0,"0,0",6AM TO 9AM,1,1,3. Traffic Signal,1. Yes - Working,Not a Parkway - Trucks and Commercial Vehicles Allowed,"1,2","9. Bicycle,1. Passenger car",NISSAN,"15. Other,2. Making Right Turn",ALTIMA,2005,5,5.Hampton Roads,5. Rain,Not Provided,2. No,Not Provided,Not YOUNG
No Access Control,Not ALCIHOL,Urban,0,0,Bituminous Concrete (Black Base),WATERMAN DRIVE(R)/,Not UNBELTED,43,Male,C,2,BIKE,0.89,0,0,,2. Angle,"Not Provided,Not Provided","Not Provided,Not Provided",12100004,1.01,4,10/1/2015,10/1/2015,22. Bicycle,2230,C.Non-Visible Injury,2015,Left and Right sides,1,1,Newport News,Urban,22. Bicycle,MAIN,9PM TO 12AM,121.Newport News,158,Intersection,Reset Filters,VDOT_OTHER,Thursday,Not DEER,"East,South",DISTRACTED,5,1,153350022,,Female,"PDO,C","1,2","6. Overtaking at Intersection,1. No Improper Action","2. Not Deployed,3. Unavailable/Not Applicable","4. No Test,4. No Test","1. No Defects,1. No Defects","11. Other,11. Other","1. Had Not Been Drinking,1. Had Not Been Drinking","2. No,2. No","1. Not Ejected,1. Not Ejected","No,No","No,No","3. Lap and Shoulder Belt,9. Not Applicable","1. Not Obscured,1. Not Obscured",,,1,646114,SR-00143(B)/SR-00171(U)/OYSTER PT RD,0,1,"1.Divided, no control of access","22,20",1. On Roadway,"0,0",H,H.Urban Minor Arterial,Other City or Town Streets (not state maintained),Not GUARDRAIL,Not HIT_RUN,"12,3",1,4. Four Approaches,153350022,C,0,0,37.10475,37.10475,0,0.15,Not LRTRUCK,4. Darkness - Road Lighted,LOCATED,-76.49422,-76.49422,MAINLINE,MAIN,0,0,Curbed Grass,14,3,Divided Roadway,"22,20",Not MOTORCYCLE,646114,646114.  SR00143       SR00143       SR00171      12100004,101086,102166,92808,91207,94005,4,1,0.03,SEC_URBAN,,,,,,,,,0,0,54,0,1,,0,0,,,,,,,,,Not PED,,1,0,Newport News,121,5,NOT-RD,1. Main-Line Roadway,0,1,1.01,1. Straight - Level,1. No Defects,"3. Two-Way, Divided, Positive Median Barrier",2. Wet,"2. Blacktop, Asphalt, Bituminous",JEFFERSON AVE,URB,UR,R-VA121UR00004EB,"Urbanized (Population 200,000 and over)",3. No,"0,0",45422,44417,42804,41279,42116,Not SENIOR,Left and Right sides,"10,5","35,35",Not SPEED,"35,35",646389,0,"1. Yes,2. No",0,"0,0",9PM TO 12AM,1,1,3. Traffic Signal,1. Yes - Working,Not a Parkway - Trucks and Commercial Vehicles Allowed,"1,2","1. Passenger car,9. Bicycle",CADILLAC,"2. Making Right Turn,1. Going Straight Ahead",STS SEVILLE,2007,5,5.Hampton Roads,5. Rain,Not Provided,2. No,Not Provided,Not YOUNG
No Access Control,Not ALCIHOL,Urban,1,1,Bituminous Concrete (Black Base),121-07036(R)/HIDEN BLVD,Not UNBELTED,20,Male,A,2,BIKE,259.89,0,0,,2. Angle,"Not Provided,Not Provided","Not Provided,Not Provided",US00060,260.02,3,10/1/2015,10/1/2015,22. Bicycle,1420,A.Ambulatory Injury,2015,Left and Right sides,0,0,Newport News,Urban,22. Bicycle,MAIN,12PM TO 3PM,121.Newport News,686,Intersection,Reset Filters,VDOT_OTHER,Thursday,Not DEER,"West,North",DISTRACTED,5,1,153030136,37,Female,"PDO,A","1,2","1. No Improper Action,6. Overtaking at Intersection","2. Not Deployed,3. Unavailable/Not Applicable","4. No Test,4. No Test","1. No Defects,1. No Defects","11. Other,11. Other","1. Had Not Been Drinking,1. Had Not Been Drinking","2. No,2. No","1. Not Ejected,3. Totally Ejected","No,Yes","No,No","3. Lap and Shoulder Belt,9. Not Applicable","1. Not Obscured,1. Not Obscured",,,260,716351,121-00021(R)/SHOE LN,0,1,"1.Divided, no control of access","22,20",1. On Roadway,"0,0",H,H.Urban Minor Arterial,Urban Extensions - Primary Routes,Not GUARDRAIL,Not HIT_RUN,"12,6",1,4. Four Approaches,153030136,C,0,0,37.06761,37.06761,0,0.52,Not LRTRUCK,2. Daylight,LOCATED,-76.49282,-76.49282,MAINLINE,MAIN,0,0,Curbed Grass,14,14,Divided Roadway,"22,20",Not MOTORCYCLE,646044,646044.  US00060       US00060      12107036,35438,34654,43239,41699,42544,4,1,0.13,PRI_URBAN,,,,,,,,,0,255,48,0,1,,0,0,,,,,,,,,Not PED,,1,0,Newport News,121,5,NOT-RD,1. Main-Line Roadway,0,260,260.02,1. Straight - Level,1. No Defects,"3. Two-Way, Divided, Positive Median Barrier",2. Wet,"2. Blacktop, Asphalt, Bituminous",PRINCE DREW RD,USPRI,US,R-VA   US00060EB,"Urbanized (Population 200,000 and over)",3. No,"0,0",31484,30788,39115,37722,38486,Not SENIOR,Left and Right sides,"20,5","35,35",Not SPEED,"35,35",646044,0,"2. No,2. No",0,"0,0",12PM TO 3PM,1,1,3. Traffic Signal,1. Yes - Working,Not a Parkway - Trucks and Commercial Vehicles Allowed,"1,2","1. Passenger car,9. Bicycle",JEEP,"1. Going Straight Ahead,1. Going Straight Ahead",GRAND,2014,5,5.Hampton Roads,5. Rain,Not Provided,2. No,Not Provided,YOUNG
,Not ALCIHOL,Urban,0,0,,,Not UNBELTED,50,Not Provided,C,2,BIKE,,0,0,,3. Head On,"Not Provided,Not Provided","Not Provided,Not Provided",,,,2/5/2013,2/5/2013,20. Motor Vehicle In Transport,1539,C.Non-Visible Injury,2013,,1,1,Hampton,Urban,20. Motor Vehicle In Transport,MAIN,3PM TO 6PM,114.Hampton,,Not Intersection,Reset Filters,VDOT_OTHER,Tuesday,Not DEER,"South,East",,5,1,131360054,,0,"PDO,C","1,2","22. Disregarded Stop or Yield Sign,1. No Improper Action","Not Provided,3. Unavailable/Not Applicable","Not Applicable,Not Applicable","9. Unknown,1. No Defects","Not Applicable,Not Applicable","6. Unknown,1. Had Not Been Drinking","3. Unknown,2. No","Not Provided,3. Totally Ejected","NotProvided,No","Yes,No","Not Provided,9. Not Applicable","Not Applicable,1. Not Obscured",,,,,,,,,"20,20",1. On Roadway,"0,0",,,,Not GUARDRAIL,HIT_RUN,"12,12",1,3. Three Approaches,,C,0,0,37.00407,37.00407,,,Not LRTRUCK,2. Daylight,UNLOCATED,-76.389543,-76.389543,MAINLINE,,,,,,,,"20,20",Not MOTORCYCLE,,.,,,,,,,1,,SEC_URBAN,,,,,,,,,,,,0,1,,0,0,,,,,,,,,Not PED,,1,0,Hampton,114,5,NOT-RD,9. Within Intersection,,,,1. Straight - Level,1. No Defects,"1. Two-Way, Not Divided",1. Dry,"2. Blacktop, Asphalt, Bituminous",SHELL ROAD,UNKWN,SC,U-VA114SC99999UK,,3. No,"0,0",,,,,,Not SENIOR,,10,"0,35",Not SPEED,"0,35",,,"Not Provided,2. No",,"0,0",3PM TO 6PM,1,1,4. Stop Sign,1. Yes - Working,,"1,2","1. Passenger car,9. Bicycle",BICYLE,"2. Making Right Turn,1. Going Straight Ahead",,,5,5.Hampton Roads,1. No Adverse Condition (Clear/Cloudy),Not Provided,2. No,Not Provided,Not YOUNG
No Access Control,Not ALCIHOL,Urban,0,0,Bituminous Concrete (Black Base),134-08715(R)/POPLAR POINT ROAD(L)/MILL DAM RD,Not UNBELTED,26,0,B,1,BIKE,2.68,1,1,,2. Angle,"Not Provided,Not Provided","Not Provided,Not Provided",SR00279,2.931,3,2/11/2013,2/11/2013,22. Bicycle,1951,B.Visiible Injury,2013,Left and Right sides,0,0,Virginia Beach,Urban,22. Bicycle,MAIN,6PM TO 9PM,134.Virginia Beach,"1,325",Intersection,Reset Filters,VDOT_OTHER,Monday,Not DEER,"South,West",,5,1,130495036,49,Female,"B,PDO","1,2","28. Driving Without Lights,1. No Improper Action","3. Unavailable/Not Applicable,2. Not Deployed","Not Applicable,Not Applicable","1. No Defects,1. No Defects","14. No Driver Distraction,14. No Driver Distraction","1. Had Not Been Drinking,1. Had Not Been Drinking","2. No,2. No","1. Not Ejected,1. Not Ejected","No,No","No,No","8. No Restraint Used,3. Lap and Shoulder Belt","1. Not Obscured,1. Not Obscured",,,3,541231,BURTON DRIVE(L)/,0,1,"1.Divided, no control of access","20,22",1. On Roadway,"0,0",H,H.Urban Minor Arterial,Urban Extensions - Primary Routes,Not GUARDRAIL,Not HIT_RUN,"11,12",1,4. Four Approaches,130495036,C,0,0,36.88138521,36.88138521,0,0.55,Not LRTRUCK,4. Darkness - Road Lighted,LOCATED,-76.04449425,-76.04449425,MAINLINE,MAIN,0,0,Curbed Grass,16,4,Divided Roadway,"20,22",Not MOTORCYCLE,541230,541230.  SR00279       SR00279      13408715,47094,37375,37720,36350,36829,6,1,0.251,PRI_URBAN,,,,,,,,,0,0,76,0,1,,0,0,,,,,,,,,Not PED,,1,0,Virginia Beach,134,5,NOT-RD,9. Within Intersection,0,2.75,2.93,1. Straight - Level,1. No Defects,"2. Two-Way, Divided, Unprotected Median",1. Dry,"2. Blacktop, Asphalt, Bituminous",1400 N GREAT NECK RD,STPRI,SR,R-VA   SR00279NB,"Urbanized (Population 200,000 and over)",3. No,"0,0",42630,33566,33876,32646,33306,Not SENIOR,Left and Right sides,"10,1","45,45",Not SPEED,"45,45",541230,0,"1. Yes,2. No",0,"0,0",6PM TO 9PM,1,1,4. Stop Sign,1. Yes - Working,Not a Parkway - Trucks and Commercial Vehicles Allowed,"1,2","9. Bicycle,22. Truck - Sport Utility Vehicle (SUV)","BICYCLE,BMW","1. Going Straight Ahead,3. Making Left Turn",X5,2011,5,5.Hampton Roads,1. No Adverse Condition (Clear/Cloudy),Not Provided,2. No,Not Provided,Not YOUNG
No Access Control,Not ALCIHOL,Urban,0,0,Bituminous Concrete (Black Base),137-07081(R)/IRONBOUND RD,Not UNBELTED,26,Male,C,2,BIKE,238.09,0,0,,2. Angle,"Not Provided,Not Provided","Not Provided,Not Provided",US00060,238.258,3,2/11/2013,2/11/2013,22. Bicycle,1330,C.Non-Visible Injury,2013,Left and Right sides,1,1,Williamsburg,Urban,22. Bicycle,MAIN,12PM TO 3PM,137.Williamsburg,697,Intersection,Reset Filters,VDOT_OTHER,Monday,Not DEER,"East,West",,5,1,131440013,,0,"PDO,C","1,2","11. Did Not Have Right-of-Way,1. No Improper Action","2. Not Deployed,3. Unavailable/Not Applicable","4. No Test,4. No Test","1. No Defects,1. No Defects","Not Applicable,Not Applicable","6. Unknown,6. Unknown","3. Unknown,3. Unknown","1. Not Ejected,1. Not Ejected","No,No","No,No","3. Lap and Shoulder Belt,9. Not Applicable","11. Moving Vehicle(s),1. Not Obscured",,,238,398768,137-07081(R)/IRONBOUND RD,0.26,0,"0.Two-way, non-divided","22,20",1. On Roadway,"0,0",E,E.Urban Other Principle Arterials; Connecting Links of Other Rural Principal Arterial,Urban Extensions - Primary Routes,Not GUARDRAIL,Not HIT_RUN,"5,12",1,3. Three Approaches,131440013,C,0,0,37.289174,37.289174,0,0.26,Not LRTRUCK,2. Daylight,LOCATED,-76.722401,-76.722401,MAINLINE,MAIN,0,0,0,0,0,Undivided Roadway,"22,20",Not MOTORCYCLE,398767,398767.  US00060       US00060      13707075,33511,32769,33621,32423,33081,4,1,0.132,PRI_URBAN,,,,,,,,,0,110,64,0,1,,0,0,,,,,,,,,Not PED,,1,0,Williamsburg,137,5,NOT-RD,9. Within Intersection,0,238.25,238.26,1. Straight - Level,1. No Defects,"1. Two-Way, Not Divided",1. Dry,"2. Blacktop, Asphalt, Bituminous",richmond road,USPRI,US,R-VA   US00060EB,"Urbanized (Population 200,000 and over)",3. No,"0,0",23879,23351,25910,24987,25494,Not SENIOR,Left and Right sides,7,"25,0",Not SPEED,"25,0",398768,0,"2. No,2. No",0,"0,0",12PM TO 3PM,1,1,6. Traffic Lanes Marked,1. Yes - Working,Not a Parkway - Trucks and Commercial Vehicles Allowed,"1,2","1. Passenger car,9. Bicycle","ford,BIGSHOT","3. Making Left Turn,1. Going Straight Ahead","focus,bicycle",2006,5,5.Hampton Roads,1. No Adverse Condition (Clear/Cloudy),Not Provided,2. No,Not Provided,Not YOUNG