Access Control,Alcohol Notalcohol,Area Type1,A Crash,A People,Basetypedesc,Begin Node Dsc,Belted Unbelted,Bikeage,Bikegen,Bikeinjurytype,Bikevehiclenumber,Bike Nonbike,BMP,B Crash,B People,Carspeedlimit,Collision Type,Comm Cargo Body Type Cd,Comm Vehicle Body Type Cd,Cotedrouteid,Coted Mp,Count App,CRASH_DT (copy),Crash Dt,Crash Event Type Dsc,Crash Military Tm,Crash Severity,Crash Year,Curbgutterdesc,C Crash,C People,Juris Name Used,Area Type Used,First Harmful Event of Entire Crash,MAINLINE,Time Slicing Used,Phy_Juris_Nm,Offset-Ft,Intersection Analysis,Clear,Calculation_9640323132123359,Day Of Week,Deer Nodeer,Direction Of Travel Cd,Distracted Notdistracted,VSP,TOTAL CRASH,Document Nbr,Driverage,Drivergen,Driverinjurytype,Drivervehiclenumber,Driver Action Type Cd,Driver Airbag Deployment,Driver Alcohol Test Type Cd,Driver Condition Type Cd,Driver Distraction Type Cd,Driver Drinking Type Cd,Driver Drug Use Cd,Driver Ejected From Vehicle,Driver Ems Transport Ind,Driver Fled Scene Ind,Driver Safety Equip Used,Driver Vis Obscured Type Cd,Drowsy Notdrowsy,Drug Nodrug,EMP,End Node,End Node Dsc,End Offset,Facility,FAC,First Crash Event Cd,First Harmful Event,Fourth Crash Event Cd,Functionalclass,FUN,Govcondesc,Gr Nogr,Hitrun Not Hitrun,Initial Veh Impact Area Cd,Injury Crashes,Intersection Type,Int Doc,Jurtype,K_CRASH,K People,LAT (copy),LAT,Leftshoulderwidth,Length,Lgtruck Nonlgtruck,Light Condition,Located Unlocated,LON (copy),LON,MAINLINE (group),Mainline Yn,Medianleftshoulderwidth,Medianrightshoulderwidth,Mediantypedesc,Medianwidthmax,Medianwidthmin,Median Type,Most Harmful Crash Event Cd,Motor Nonmotor,Node,Node Info,Node Totaadt2011,Node Totaadt2012,Node Totaadt2013,Node Totaadt2014,Node Totaadt2015,Numberoflane,Number of Records,Offset,Ownership,Passage,Passgen,Passinjurytype,Passvehiclenumber,Pass Airbag Deployment,Pass Ejected From Vehicle,Pass Ems Transport Ind,Pass Safety Equip Used,Pavementconditionvalue,Pavementroughnessvalue,Pavementwidth,Pdo Crash,Total People Killed & Injured,Pedage,Pedestrians Injured,Pedestrians Killed,Pedgen,Pedinjurytype,Pednumber,Ped Action,Ped Al Test,Ped Cond,Ped Drink,Ped Drug,Ped Nonped,Ped Rflct,Persons Injured,Persons Killed,Physical Juris Nm,PJR,VSP_Used,Rd Type,Relation To Roadway,Rightshoulderwidth,RNS_MP (0.25 mi bin),Rns Mp,Roadway Alignment,Roadway Defect,Roadway Description,Roadway Surface Cond,Roadway Surface Type,Route Or Street Nm,Rte Category Cd,Rte Cat,Rte Nm,Ruralurbandesc,School Zone,Second Crash Event Cd,Segtotaadt2011,Segtotaadt2012,Segtotaadt2013,Segtotaadt2014,Segtotaadt2015,Senior Notsenior,Sidewalkdesc,Speed Before,Speed Max Safe,Speed Notspeed,Speed Posted,Start Node,Start Offset,Summons Issued Cd,Surfacedesc,Third Crash Event Cd,Time Slicing,Total Crashes including Property Damage Only,Total Crash,Traffic Control Type,Trfc Ctrl Status Type,Truckcommr,Vehiclenumber,Vehicle Body Type Cd,Vehicle Make Nm,Vehicle Maneuver Type Cd,Vehicle Model Nm,Vehicle Year Nbr,District,District_Used ,Weather Condition,Work Zone Location,Work Zone Related,Work Zone Type,Young Notyoung
No Access Control,Not ALCIHOL,Urban,0,0,Bituminous Concrete (Black Base),ACCESS ROAD(B)/,Not UNBELTED,52,Male,C,1,BIKE,0.62,0,0,,13. Bicyclist,"Not Provided,Not Provided","Not Provided,Not Provided",12100004,0.884,4,6/16/2014,6/16/2014,22. Bicycle,945,C.Non-Visible Injury,2014,Left and Right sides,1,1,Newport News,Urban,22. Bicycle,MAIN,9AM TO 12PM,121.Newport News,824,Intersection,Reset Filters,VDOT_OTHER,Monday,Not DEER,"West,North",,5,1,142160133,29,Male,"C,PDO","1,2","37. Other,1. No Improper Action","3. Unavailable/Not Applicable,2. Not Deployed","4. No Test,4. No Test","1. No Defects,1. No Defects","Not Applicable,Not Applicable","1. Had Not Been Drinking,1. Had Not Been Drinking","2. No,2. No","3. Totally Ejected,1. Not Ejected","No,No","No,No","9. Not Applicable,3. Lap and Shoulder Belt","1. Not Obscured,1. Not Obscured",,,1,646389,WATERMAN DRIVE(R)/,0,1,"1.Divided, no control of access","20,20",1. On Roadway,"0,0",H,H.Urban Minor Arterial,Other City or Town Streets (not state maintained),Not GUARDRAIL,Not HIT_RUN,"9,12",1,3. Three Approaches,142160133,C,0,0,37.10508,37.10508,0,0.27,Not LRTRUCK,2. Daylight,LOCATED,-76.49657,-76.49657,MAINLINE,MAIN,0,0,Curbed Grass,14,3,Divided Roadway,"20,20",Not MOTORCYCLE,646114,646114.  SR00143       SR00143       SR00171      12100004,101086,102166,92808,91207,94005,4,1,0.156,SEC_URBAN,,,,,,,,,0,0,54,0,1,,0,0,,,,,,,,,Not PED,,1,0,Newport News,121,5,NOT-RD,1. Main-Line Roadway,0,0.75,0.88,1. Straight - Level,1. No Defects,"1. Two-Way, Not Divided",1. Dry,"2. Blacktop, Asphalt, Bituminous",WATERMAN DR,URB,UR,R-VA121UR00004WB,"Urbanized (Population 200,000 and over)",3. No,"0,0",45422,44417,42804,41279,42116,Not SENIOR,Left and Right sides,"5,1","35,35",Not SPEED,"35,35",646388,0,"2. No,2. No",0,"0,0",9AM TO 12PM,1,1,4. Stop Sign,1. Yes - Working,Not a Parkway - Trucks and Commercial Vehicles Allowed,"1,2","9. Bicycle,2. Truck - Pick-up/Passenger Truck",NISSAN,"1. Going Straight Ahead,2. Making Right Turn",TITAN,2006,5,5.Hampton Roads,1. No Adverse Condition (Clear/Cloudy),Not Provided,2. No,Not Provided,Not YOUNG
No Access Control,Not ALCIHOL,Urban,0,0,Bituminous Concrete (Black Base),47-00727(L)/OXFORD RD,Not UNBELTED,22,Female,B,2,BIKE,24.31,1,1,35,13. Bicyclist,"Not Provided,Not Provided","Not Provided,Not Provided",SR00031,24.321,3,6/17/2014,6/17/2014,22. Bicycle,1022,B.Visiible Injury,2014,Left and Right sides,0,0,James City,Urban,22. Bicycle,MAIN,9AM TO 12PM,47.James City,417,Intersection,Reset Filters,VDOT_OTHER,Tuesday,Not DEER,"West,South",,5,1,141705200,42,Female,"PDO,B","1,2","11. Did Not Have Right-of-Way,1. No Improper Action","2. Not Deployed,3. Unavailable/Not Applicable","4. No Test,4. No Test","1. No Defects,1. No Defects","Not Applicable,Not Applicable","1. Had Not Been Drinking,1. Had Not Been Drinking","2. No,2. No","1. Not Ejected,1. Not Ejected","No,Yes","No,No","3. Lap and Shoulder Belt,8. No Restraint Used","1. Not Obscured,Not Applicable",,,24,398426,47-01415(R)/OLD COLONY LANE,0,0,"0.Two-way, non-divided","22,20",1. On Roadway,"0,0",H,H.Urban Minor Arterial,State Primary and Interstate,Not GUARDRAIL,Not HIT_RUN,"2,12",1,1. Not at Intersection,141705200,N,0,0,37.25153,37.25153,0,0.09,Not LRTRUCK,2. Daylight,LOCATED,-76.73425,-76.73425,MAINLINE,MAIN,0,0,0,0,0,Undivided Roadway,"22,20",Not MOTORCYCLE,398426,398426.  4701415       SR00031       SR00031,9556,9359,8963,8667,9116,2,1,0.079,VDOT_PRI,,,,,,,,,0,147,41,0,1,,0,0,,,,,,,,,Not PED,,1,0,James City,47,5,NOT-RD,"13. Driveway, Alley-Access - Related",0,24.25,24.32,3. Grade - Straight,1. No Defects,"1. Two-Way, Not Divided",1. Dry,"2. Blacktop, Asphalt, Bituminous",1318-102 JAMESTOWN RD,STPRI,SR,R-VA   SR00031SB,"Urbanized (Population 200,000 and over)",3. No,"0,0",8910,8713,8312,8016,8465,Not SENIOR,Right side,"5,10","35,35",Not SPEED,"35,35",398263,0.21,"2. No,2. No",0,"0,0",9AM TO 12PM,1,1,6. Traffic Lanes Marked,1. Yes - Working,Not a Parkway - Trucks and Commercial Vehicles Allowed,"1,2","3. Van,9. Bicycle",TOYT,"2. Making Right Turn,1. Going Straight Ahead",SIENNA,,5,5.Hampton Roads,1. No Adverse Condition (Clear/Cloudy),Not Provided,2. No,Not Provided,Not YOUNG
No Access Control,Not ALCIHOL,Urban,0,0,Portland Cement Concrete,SR-00162(L)/,Not UNBELTED,50,Male,B,1,BIKE,33.95,1,1,45,2. Angle,"Not Provided,Not Provided","Not Provided,Not Provided",SR00143,33.956,3,6/19/2014,6/19/2014,20. Motor Vehicle In Transport,1600,B.Visiible Injury,2014,None,0,1,York,Urban,20. Motor Vehicle In Transport,MAIN,3PM TO 6PM,99.York,"1,088",Intersection,Reset Filters,VDOT_OTHER,Thursday,Not DEER,"West,West",,5,1,141745258,87,Female,"B,C","1,2","11. Did Not Have Right-of-Way,1. No Improper Action","2. Not Deployed,2. Not Deployed","Not Applicable,Not Applicable","1. No Defects,1. No Defects","14. No Driver Distraction,14. No Driver Distraction","1. Had Not Been Drinking,1. Had Not Been Drinking","2. No,2. No","3. Totally Ejected,1. Not Ejected","Yes,No","No,No","9. Not Applicable,3. Lap and Shoulder Belt","1. Not Obscured,1. Not Obscured",,,34,50635,JB-99-47-137/SCL WILLIAMSBURG/YORK - JAMES CI,0,0,"0.Two-way, non-divided","20,22",1. On Roadway,"0,0",H,H.Urban Minor Arterial,State Primary and Interstate,Not GUARDRAIL,Not HIT_RUN,"7,1",1,1. Not at Intersection,141745258,N,0,0,37.2746,37.2746,6,0.06,Not LRTRUCK,2. Daylight,LOCATED,-76.68023,-76.68023,MAINLINE,MAIN,0,0,0,0,0,Undivided Roadway,"20,22",Not MOTORCYCLE,672305,672305.  SR00143       SR00143       SR00162,17466,17102,17423,17181,17579,2,1,0.206,VDOT_PRI,,,,,,,,,0,188,22,0,2,,0,0,,,,,,,,,Not PED,,2,0,York,99,5,NOT-RD,8. Non-Intersection,6,33.75,33.96,1. Straight - Level,1. No Defects,"1. Two-Way, Not Divided",1. Dry,"2. Blacktop, Asphalt, Bituminous",RT143,STPRI,SR,R-VA   SR00143NB,"Urbanized (Population 200,000 and over)",3. No,"0,0",7301,7139,7438,7173,7318,SENIOR,None,"1,30","0,0",Not SPEED,"45,45",672305,0.2,"1. Yes,2. No",0,"0,0",3PM TO 6PM,1,1,6. Traffic Lanes Marked,1. Yes - Working,Not a Parkway - Trucks and Commercial Vehicles Allowed,"1,2","9. Bicycle,1. Passenger car","UNKOWN,FORD","1. Going Straight Ahead,1. Going Straight Ahead","UNKOWN,FUSION",20002010,5,5.Hampton Roads,1. No Adverse Condition (Clear/Cloudy),Not Provided,2. No,Not Provided,Not YOUNG
No Access Control,Not ALCIHOL,Urban,1,1,Bituminous Concrete (Black Base),US-00017(B)/US-00060-W264B(L)/RAMPS TO & FROM,Not UNBELTED,20,Male,A,2,BIKE,0,0,0,,13. Bicyclist,"Not Provided,Not Provided","Not Provided,Not Provided",US00017S050B,0.065,3,6/19/2014,6/19/2014,22. Bicycle,537,A.Ambulatory Injury,2014,None,0,0,Newport News,Urban,22. Bicycle,RAMP,3AM TO 6AM,121.Newport News,132,Intersection,Reset Filters,VDOT_OTHER,Thursday,Not DEER,"North,West",DISTRACTED,5,1,142160142,25,Male,"PDO,A","1,2","1. No Improper Action,11. Did Not Have Right-of-Way","2. Not Deployed,3. Unavailable/Not Applicable","Not Applicable,Not Applicable","1. No Defects,1. No Defects","Not Applicable,5. Radio/CD, etc.","1. Had Not Been Drinking,1. Had Not Been Drinking","2. No,2. No","1. Not Ejected,1. Not Ejected","No,Yes","No,No","3. Lap and Shoulder Belt,9. Not Applicable","1. Not Obscured,12. Sun or Headlight Glare",,,0,646037,US-00060(B)/RAMP FROM RTE 17,0,4,"4.One-way, part of a one-way system","22,20",1. On Roadway,"0,0",E,E.Urban Other Principle Arterials; Connecting Links of Other Rural Principal Arterial,State Primary and Interstate,Not GUARDRAIL,Not HIT_RUN,"3,12",1,1. Not at Intersection,142160142,X,0,0,37.01846,37.01846,6,0.09,Not LRTRUCK,2. Daylight,LOCATED,-76.45051,-76.45051,RAMP,NOT_MAIN,0,0,0,0,0,Divided Roadway,"22,20",Not MOTORCYCLE,646037,646037.  US00017S050B  US00060       US00060,21712,21232,24017,23162,23631,1,1,0.025,PRI_URBAN,,,,,,,,,0,0,0,0,1,,0,0,,,,,,,,,Not PED,,1,0,Newport News,121,5,NOT-RD,5. On Entrance/Exit Ramp,6,0,0.09,10. On/Off Ramp,1. No Defects,"4. One-Way, Not Divided",1. Dry,"2. Blacktop, Asphalt, Bituminous",MERCURY BLVD OFF RAMP,RMP,US,R-VA   US00017SB      RMP050.00B,"Urbanized (Population 200,000 and over)",3. No,"0,0",,,,,,Not SENIOR,None,"25,2","35,25",Not SPEED,"35,25",646010,0,"2. No,2. No",0,"0,0",3AM TO 6AM,1,1,14. Ped Crosswalk,1. Yes - Working,Not a Parkway - Trucks and Commercial Vehicles Allowed,"1,2","3. Van,9. Bicycle",CHEVROLET,"1. Going Straight Ahead,7. Starting From Parked Position",EXPRESS,2002,5,5.Hampton Roads,1. No Adverse Condition (Clear/Cloudy),Not Provided,2. No,Not Provided,YOUNG
No Access Control,Not ALCIHOL,Urban,0,0,Portland Cement Concrete,PARKS AVE(L)/,Not UNBELTED,78,Male,B,2,BIKE,3.44,1,1,,2. Angle,"Not Provided,Not Provided","Not Provided,Not Provided",C7US00058,3.645,3,6/20/2014,6/20/2014,22. Bicycle,1910,B.Visiible Injury,2014,Left and Right sides,0,0,Virginia Beach,Urban,22. Bicycle,MAIN,6PM TO 9PM,134.Virginia Beach,554,Intersection,Reset Filters,VDOT_OTHER,Friday,Not DEER,"West,East",,5,1,141765227,80,Female,"PDO,B","1,2","1. No Improper Action,1. No Improper Action","2. Not Deployed,3. Unavailable/Not Applicable","4. No Test,4. No Test","1. No Defects,1. No Defects","14. No Driver Distraction,14. No Driver Distraction","1. Had Not Been Drinking,1. Had Not Been Drinking","Not Applicable,Not Applicable","1. Not Ejected,3. Totally Ejected","No,No","No,No","3. Lap and Shoulder Belt,8. No Restraint Used","1. Not Obscured,1. Not Obscured",,,4,541091,134-08721(L)/BALTIC AV,0,0,"0.Two-way, non-divided","22,22",1. On Roadway,"0,0",H,H.Urban Minor Arterial,Urban Extensions - Primary Routes,Not GUARDRAIL,Not HIT_RUN,"12,12",1,4. Four Approaches,141765227,C,0,0,36.84411,36.84411,0,0.31,Not LRTRUCK,2. Daylight,LOCATED,-75.98113,-75.98113,MAINLINE,MAIN,0,0,0,0,0,Undivided Roadway,"22,22",Not MOTORCYCLE,541091,541091. 13408721     C7US00058     C7US00058,16876,14747,14883,14343,11893,4,1,0.105,PRI_URBAN,,,,,,,,,0,0,40,0,1,,0,0,,,,,,,,,Not PED,,1,0,Virginia Beach,134,5,NOT-RD,9. Within Intersection,0,3.5,3.65,1. Straight - Level,1. No Defects,"1. Two-Way, Not Divided",1. Dry,"2. Blacktop, Asphalt, Bituminous",600 VIRGINIA BEACH BLVD,USPRI,US,R-VA   US00058WBBUS007,"Urbanized (Population 200,000 and over)",3. No,"0,0",12948,11505,11611,11190,10783,SENIOR,Left and Right sides,"15,5","25,25",Not SPEED,"25,25",541092,0,"2. No,2. No",0,"0,0",6PM TO 9PM,1,1,3. Traffic Signal,1. Yes - Working,Not a Parkway - Trucks and Commercial Vehicles Allowed,"1,2","1. Passenger car,9. Bicycle","BMW,UNK","3. Making Left Turn,1. Going Straight Ahead","525iA,BEACH CRUISER",2002,5,5.Hampton Roads,1. No Adverse Condition (Clear/Cloudy),Not Provided,2. No,Not Provided,Not YOUNG
No Access Control,Not ALCIHOL,Urban,0,0,Bituminous Concrete (Black Base),131-08645(B)/,Not UNBELTED,13,Male,B,2,BIKE,2.13,1,1,,2. Angle,"Not Provided,Not Provided","Not Provided,Not Provided",SR00407,2.13,4,6/24/2014,6/24/2014,22. Bicycle,1500,B.Visiible Injury,2014,Left and Right sides,0,0,Chesapeake,Urban,22. Bicycle,MAIN,12PM TO 3PM,131.Chesapeake,0,Intersection,Reset Filters,VDOT_OTHER,Tuesday,Not DEER,"West,West",,5,1,141755261,69,Male,"PDO,B","1,2","11. Did Not Have Right-of-Way,1. No Improper Action","2. Not Deployed,3. Unavailable/Not Applicable","4. No Test,4. No Test","9. Unknown,9. Unknown","14. No Driver Distraction,14. No Driver Distraction","6. Unknown,1. Had Not Been Drinking","3. Unknown,2. No","1. Not Ejected,2. Partially Ejected","NotProvided,No","No,No","3. Lap and Shoulder Belt,5. Helmet","1. Not Obscured,1. Not Obscured",,,2,483826,131-08645(B)/,0.11,1,"1.Divided, no control of access","22,22",4. Roadside,"0,0",H,H.Urban Minor Arterial,Urban Extensions - Primary Routes,Not GUARDRAIL,Not HIT_RUN,"1,10",1,1. Not at Intersection,141755261,C,0,0,36.8208,36.8208,0,0.11,Not LRTRUCK,2. Daylight,LOCATED,-76.2259,-76.2259,MAINLINE,MAIN,0,0,Curbed Grass,16,4,Divided Roadway,"22,22",Not MOTORCYCLE,483826,483826.  SR00407       SR00407      13108645      13108645,32271,31556,31735,31206,31827,6,1,0,PRI_URBAN,,,,,,,,,3.3,0,78,0,1,,0,0,,,,,,,,,Not PED,,1,0,Chesapeake,131,5,NOT-RD,"13. Driveway, Alley-Access - Related",0,2,2.13,1. Straight - Level,1. No Defects,"1. Two-Way, Not Divided",1. Dry,"2. Blacktop, Asphalt, Bituminous",4300 INDIAN RIVER RD,STPRI,SR,R-VA   SR00407WB,"Urbanized (Population 200,000 and over)",2. Yes - With School Activity,"0,39",26192,25612,25757,25378,25882,SENIOR,Left and Right sides,"15,4",,Not SPEED,,483826,0,"2. No,2. No",0,"0,0",12PM TO 3PM,1,1,1. No Traffic Control,6. No Traffic Control Device Present,Truck Access System,"1,2","2. Truck - Pick-up/Passenger Truck,9. Bicycle","Ford,N/A","2. Making Right Turn,1. Going Straight Ahead","F-150,BICYCLE",1996,5,5.Hampton Roads,1. No Adverse Condition (Clear/Cloudy),Not Provided,2. No,Not Provided,Not YOUNG
,Not ALCIHOL,Urban,0,0,,,Not UNBELTED,15,Female,B,1,BIKE,,1,1,,2. Angle,"Not Provided,Not Provided","Not Provided,Not Provided",,,,6/25/2014,6/25/2014,20. Motor Vehicle In Transport,1245,B.Visiible Injury,2014,,0,0,Virginia Beach,Urban,20. Motor Vehicle In Transport,MAIN,12PM TO 3PM,134.Virginia Beach,,Not Intersection,Reset Filters,VDOT_OTHER,Wednesday,Not DEER,"South,West",,5,1,141785045,,Not Provided,"B,PDO","1,2","1. No Improper Action,34. Hit and Run","3. Unavailable/Not Applicable,Not Provided","Not Applicable,Not Applicable","1. No Defects,9. Unknown","Not Applicable,Not Applicable","1. Had Not Been Drinking,6. Unknown","Not Applicable,3. Unknown","3. Totally Ejected,Not Provided","No,NotProvided","No,Yes","6. Other,Not Provided","1. Not Obscured,1. Not Obscured",,,,,,,,,"20,22",1. On Roadway,"0,0",,,,Not GUARDRAIL,HIT_RUN,"9,12",1,4. Four Approaches,,C,0,0,36.79199,36.79199,,,Not LRTRUCK,2. Daylight,UNLOCATED,-76.15022,-76.15022,MAINLINE,,,,,,,,"20,22",Not MOTORCYCLE,,.,,,,,,,1,,SEC_URBAN,,,,,,,,,,,,0,1,,0,0,,,,,,,,,Not PED,,1,0,Virginia Beach,134,5,NOT-RD,9. Within Intersection,,,,1. Straight - Level,1. No Defects,"1. Two-Way, Not Divided",1. Dry,1. Concrete,4999 HALIFAX DR,UNKWN,SC,U-VA134SC99999UK,,3. No,"0,0",,,,,,Not SENIOR,,5,"25,25",Not SPEED,"25,25",,,"2. No,3. Pending",,"0,0",12PM TO 3PM,1,1,4. Stop Sign,1. Yes - Working,,"1,2","9. Bicycle,22. Truck - Sport Utility Vehicle (SUV)","OTH,NISSAN","1. Going Straight Ahead,7. Starting From Parked Position","BICYCLE,PATHFINDER",2013,5,5.Hampton Roads,1. No Adverse Condition (Clear/Cloudy),Not Provided,2. No,Not Provided,YOUNG
No Access Control,Not ALCIHOL,Urban,0,0,Bituminous Concrete (Black Base),TANEVA COURT(R)/,Not UNBELTED,29,Male,B,2,BIKE,5.72,1,1,,2. Angle,"Not Provided,Not Provided","Not Provided,Not Provided",13408688,5.856,4,6/26/2014,6/26/2014,22. Bicycle,1330,B.Visiible Injury,2014,Left and Right sides,0,1,Virginia Beach,Urban,22. Bicycle,MAIN,12PM TO 3PM,134.Virginia Beach,"7,160",Intersection,Reset Filters,VDOT_OTHER,Thursday,Not DEER,"South,West",,5,1,141805111,31,Male,"C,B","1,2","11. Did Not Have Right-of-Way,1. No Improper Action","2. Not Deployed,3. Unavailable/Not Applicable","Not Applicable,Not Applicable","1. No Defects,1. No Defects","14. No Driver Distraction,14. No Driver Distraction","1. Had Not Been Drinking,1. Had Not Been Drinking","2. No,2. No","1. Not Ejected,1. Not Ejected","No,No","No,No","3. Lap and Shoulder Belt,5. Helmet","1. Not Obscured,1. Not Obscured",,,6,541688,BOLD RULER DR(R)/,0,1,"1.Divided, no control of access","22,20",1. On Roadway,"0,0",I,I.Urban Collector,Other City or Town Streets (not state maintained),Not GUARDRAIL,Not HIT_RUN,"12,3",1,3. Three Approaches,141805111,C,0,0,36.78511,36.78511,0,0.14,Not LRTRUCK,2. Daylight,LOCATED,-75.97492,-75.97492,MAINLINE,MAIN,0,0,Curbed Grass,14,4,Divided Roadway,"22,20",Not MOTORCYCLE,541475,541475. 13408669      13408669      13408688      13408688,64316,56978,57505,55417,55342,4,1,1.356,SEC_URBAN,,,,,,,,,0,0,54,0,2,,0,0,,,,,,,,,Not PED,,2,0,Virginia Beach,134,5,NOT-RD,9. Within Intersection,0,5.75,5.86,1. Straight - Level,1. No Defects,"2. Two-Way, Divided, Unprotected Median",1. Dry,"2. Blacktop, Asphalt, Bituminous",DAM NECK ROAD,URB,UR,R-VA134UR08688EB,"Urbanized (Population 200,000 and over)",3. No,"0,0",17204,16861,17017,16399,14538,Not SENIOR,Left and Right sides,"15,3","35,35",Not SPEED,"35,35",541687,0,"2. No,2. No",0,"0,0",12PM TO 3PM,1,1,3. Traffic Signal,1. Yes - Working,Not a Parkway - Trucks and Commercial Vehicles Allowed,"1,2","2. Truck - Pick-up/Passenger Truck,9. Bicycle","Ford,UNK","2. Making Right Turn,1. Going Straight Ahead","F-150,BICYCLE",2007,5,5.Hampton Roads,1. No Adverse Condition (Clear/Cloudy),Not Provided,2. No,Not Provided,Not YOUNG
No Access Control,Not ALCIHOL,Urban,1,1,"N/A, Unknown, or Unstabilized",122-08563(B)/COLLEY AVE,Not UNBELTED,43,Male,A,1,BIKE,0.7,0,0,,13. Bicyclist,"Not Provided,Not Provided","Not Provided,Not Provided",12208576,0.775,4,6/26/2014,6/26/2014,6. Parked Vehicle,1030,A.Ambulatory Injury,2014,Left and Right sides,0,0,Norfolk,Urban,6. Parked Vehicle,MAIN,9AM TO 12PM,122.Norfolk,396,Intersection,Reset Filters,VDOT_OTHER,Thursday,Not DEER,"West,West",,5,1,142170140,,Not Provided,"A,PDO","1,2","1. No Improper Action,Not Applicable","3. Unavailable/Not Applicable,Not Provided","4. No Test,Not Applicable","1. No Defects,Not Applicable","Not Applicable,Not Applicable","1. Had Not Been Drinking,Not Applicable","3. Unknown,Not Applicable","3. Totally Ejected,Not Provided","Yes,NotProvided","No,No","5. Helmet,Not Provided","1. Not Obscured,Not Applicable",,,1,485343,MANTEO STREET(B)/,0,0,"0.Two-way, non-divided","6,22",1. On Roadway,"0,0",H,H.Urban Minor Arterial,Other City or Town Streets (not state maintained),Not GUARDRAIL,Not HIT_RUN,"12,6",1,1. Not at Intersection,142170140,C,0,0,36.86513,36.86513,0,0.14,Not LRTRUCK,2. Daylight,LOCATED,-76.29753,-76.29753,MAINLINE,MAIN,0,0,0,0,0,Undivided Roadway,"6,22",Not MOTORCYCLE,485075,485075. 12208563      12208563      12208576      12208576,21260,21512,21711,20923,18719,2,1,0.075,SEC_URBAN,,,,,,,,,0,0,27,0,1,,0,0,,,,,,,,,Not PED,,1,0,Norfolk,122,5,RD-UNKNOWN,8. Non-Intersection,0,0.75,0.78,1. Straight - Level,1. No Defects,"1. Two-Way, Not Divided",1. Dry,"2. Blacktop, Asphalt, Bituminous",700 BLK W PRINCESS ANNE RD,URB,UR,R-VA122UR08576EB,"Urbanized (Population 200,000 and over)",3. No,"39,0",7699,8507,8586,8274,7499,Not SENIOR,Left and Right sides,"5,0","25,0",Not SPEED,"25,0",485075,0,"2. No,Not Provided",0,"0,0",9AM TO 12PM,1,1,1. No Traffic Control,6. No Traffic Control Device Present,Not a Parkway - Trucks and Commercial Vehicles Allowed,"1,2","9. Bicycle,1. Passenger car","BICYCLE,TOYOTA","1. Going Straight Ahead,Not Applicable",COROLLA,2005,5,5.Hampton Roads,1. No Adverse Condition (Clear/Cloudy),Not Provided,2. No,Not Provided,Not YOUNG
,Not ALCIHOL,Urban,0,0,,,Not UNBELTED,10,Male,C,2,BIKE,,0,0,,2. Angle,"Not Provided,Not Provided","Not Provided,Not Provided",,,,10/7/2015,10/7/2015,22. Bicycle,1701,C.Non-Visible Injury,2015,,1,1,Hampton,Urban,22. Bicycle,MAIN,3PM TO 6PM,114.Hampton,,Not Intersection,Reset Filters,VDOT_OTHER,Wednesday,Not DEER,"North,West",,5,1,152955086,74,Female,"PDO,C","1,2","1. No Improper Action,11. Did Not Have Right-of-Way","2. Not Deployed,3. Unavailable/Not Applicable","Not Applicable,Not Applicable","1. No Defects,1. No Defects","Not Applicable,Not Applicable","1. Had Not Been Drinking,1. Had Not Been Drinking","2. No,2. No","1. Not Ejected,1. Not Ejected","No,No","No,No","3. Lap and Shoulder Belt,8. No Restraint Used","1. Not Obscured,1. Not Obscured",,,,,,,,,"22,20",1. On Roadway,"0,0",,,,Not GUARDRAIL,Not HIT_RUN,"2,0",1,4. Four Approaches,,C,0,0,37.02281,37.02281,,,Not LRTRUCK,2. Daylight,UNLOCATED,-76.35659,-76.35659,MAINLINE,,,,,,,,"22,20",Not MOTORCYCLE,,.,,,,,,,1,,SEC_URBAN,,,,,,,,,,,,0,1,,0,0,,,,,,,,,Not PED,,1,0,Hampton,114,5,NOT-RD,10. Intersection Related - Within 150 Feet,,,,1. Straight - Level,1. No Defects,"1. Two-Way, Not Divided",1. Dry,"2. Blacktop, Asphalt, Bituminous",BACK RIVER RD,UNKWN,SC,U-VA114SC99999UK,,3. No,"0,0",,,,,,SENIOR,,"15,3","25,25",Not SPEED,"25,25",,,"2. No,2. No",,"0,0",3PM TO 6PM,1,1,5. Slow or Warning Sign,1. Yes - Working,,"1,2","1. Passenger car,9. Bicycle","TOYT,OTH","1. Going Straight Ahead,1. Going Straight Ahead","UNKNOWN,UNKNOWN",,5,5.Hampton Roads,1. No Adverse Condition (Clear/Cloudy),Not Provided,2. No,Not Provided,Not YOUNG