Access Control,Alcohol Notalcohol,Area Type1,A Crash,A People,Basetypedesc,Begin Node Dsc,Belted Unbelted,Bikeage,Bikegen,Bikeinjurytype,Bikevehiclenumber,Bike Nonbike,BMP,B Crash,B People,Carspeedlimit,Collision Type,Comm Cargo Body Type Cd,Comm Vehicle Body Type Cd,Cotedrouteid,Coted Mp,Count App,CRASH_DT (copy),Crash Dt,Crash Event Type Dsc,Crash Military Tm,Crash Severity,Crash Year,Curbgutterdesc,C Crash,C People,Juris Name Used,Area Type Used,First Harmful Event of Entire Crash,MAINLINE,Time Slicing Used,Phy_Juris_Nm,Offset-Ft,Intersection Analysis,Clear,Calculation_9640323132123359,Day Of Week,Deer Nodeer,Direction Of Travel Cd,Distracted Notdistracted,VSP,TOTAL CRASH,Document Nbr,Driverage,Drivergen,Driverinjurytype,Drivervehiclenumber,Driver Action Type Cd,Driver Airbag Deployment,Driver Alcohol Test Type Cd,Driver Condition Type Cd,Driver Distraction Type Cd,Driver Drinking Type Cd,Driver Drug Use Cd,Driver Ejected From Vehicle,Driver Ems Transport Ind,Driver Fled Scene Ind,Driver Safety Equip Used,Driver Vis Obscured Type Cd,Drowsy Notdrowsy,Drug Nodrug,EMP,End Node,End Node Dsc,End Offset,Facility,FAC,First Crash Event Cd,First Harmful Event,Fourth Crash Event Cd,Functionalclass,FUN,Govcondesc,Gr Nogr,Hitrun Not Hitrun,Initial Veh Impact Area Cd,Injury Crashes,Intersection Type,Int Doc,Jurtype,K_CRASH,K People,LAT (copy),LAT,Leftshoulderwidth,Length,Lgtruck Nonlgtruck,Light Condition,Located Unlocated,LON (copy),LON,MAINLINE (group),Mainline Yn,Medianleftshoulderwidth,Medianrightshoulderwidth,Mediantypedesc,Medianwidthmax,Medianwidthmin,Median Type,Most Harmful Crash Event Cd,Motor Nonmotor,Node,Node Info,Node Totaadt2011,Node Totaadt2012,Node Totaadt2013,Node Totaadt2014,Node Totaadt2015,Numberoflane,Number of Records,Offset,Ownership,Passage,Passgen,Passinjurytype,Passvehiclenumber,Pass Airbag Deployment,Pass Ejected From Vehicle,Pass Ems Transport Ind,Pass Safety Equip Used,Pavementconditionvalue,Pavementroughnessvalue,Pavementwidth,Pdo Crash,Total People Killed & Injured,Pedage,Pedestrians Injured,Pedestrians Killed,Pedgen,Pedinjurytype,Pednumber,Ped Action,Ped Al Test,Ped Cond,Ped Drink,Ped Drug,Ped Nonped,Ped Rflct,Persons Injured,Persons Killed,Physical Juris Nm,PJR,VSP_Used,Rd Type,Relation To Roadway,Rightshoulderwidth,RNS_MP (0.25 mi bin),Rns Mp,Roadway Alignment,Roadway Defect,Roadway Description,Roadway Surface Cond,Roadway Surface Type,Route Or Street Nm,Rte Category Cd,Rte Cat,Rte Nm,Ruralurbandesc,School Zone,Second Crash Event Cd,Segtotaadt2011,Segtotaadt2012,Segtotaadt2013,Segtotaadt2014,Segtotaadt2015,Senior Notsenior,Sidewalkdesc,Speed Before,Speed Max Safe,Speed Notspeed,Speed Posted,Start Node,Start Offset,Summons Issued Cd,Surfacedesc,Third Crash Event Cd,Time Slicing,Total Crashes including Property Damage Only,Total Crash,Traffic Control Type,Trfc Ctrl Status Type,Truckcommr,Vehiclenumber,Vehicle Body Type Cd,Vehicle Make Nm,Vehicle Maneuver Type Cd,Vehicle Model Nm,Vehicle Year Nbr,District,District_Used ,Weather Condition,Work Zone Location,Work Zone Related,Work Zone Type,Young Notyoung
No Access Control,Not ALCIHOL,Urban,0,0,"N/A, Unknown, or Unstabilized",134-08738(L)/IS-00264-W018A(R)/@ BONNIE ROAD,Not UNBELTED,21,Male,B,1,BIKE,1.84,1,1,,2. Angle,"Not Provided,Not Provided","Not Provided,Not Provided",13400013,1.881,3,7/2/2014,7/2/2014,20. Motor Vehicle In Transport,1312,B.Visiible Injury,2014,Left and Right sides,0,0,Virginia Beach,Urban,20. Motor Vehicle In Transport,MAIN,12PM TO 3PM,134.Virginia Beach,153,Intersection,Reset Filters,VDOT_OTHER,Wednesday,Not DEER,"East,North",DISTRACTED,5,1,141895044,40,Female,"B,PDO","1,2","37. Other,1. No Improper Action","3. Unavailable/Not Applicable,2. Not Deployed","Not Applicable,Not Applicable","1. No Defects,1. No Defects","11. Other,14. No Driver Distraction","1. Had Not Been Drinking,1. Had Not Been Drinking","2. No,2. No","1. Not Ejected,1. Not Ejected","Yes,No","No,No","9. Not Applicable,3. Lap and Shoulder Belt","16. Stopped Vehicle(s),16. Stopped Vehicle(s)",,,2,541079,US-00058(B)/Gap Terminus/ROSEMONT ROAD(U)/,0,1,"1.Divided, no control of access","20,22",1. On Roadway,"0,0",H,H.Urban Minor Arterial,Other City or Town Streets (not state maintained),Not GUARDRAIL,Not HIT_RUN,"2,12",1,1. Not at Intersection,141895044,C,0,0,36.84002,36.84002,0,0.07,Not LRTRUCK,2. Daylight,LOCATED,-76.09758,-76.09758,MAINLINE,MAIN,0,0,Curbed Grass,14,4,Divided Roadway,"20,22",Not MOTORCYCLE,541079,541079.  US00058       US00058      13400013,64871,64913,65058,63648,61918,4,1,0.029,SEC_URBAN,,,,,,,,,0,0,52,0,1,,0,0,,,,,,,,,Not PED,,1,0,Virginia Beach,134,5,NOT-RD,8. Non-Intersection,0,1.75,1.88,1. Straight - Level,1. No Defects,"2. Two-Way, Divided, Unprotected Median",1. Dry,"2. Blacktop, Asphalt, Bituminous",100  S.  ROSEMONT  ROAD,URB,UR,R-VA134UR00013NB,"Urbanized (Population 200,000 and over)",3. No,"0,0",31737,32453,32753,31564,32201,Not SENIOR,Left and Right sides,"3,20","25,25",Not SPEED,"35,35",541279,0,"1. Yes,2. No",0,"0,0",12PM TO 3PM,1,1,6. Traffic Lanes Marked,1. Yes - Working,Not a Parkway - Trucks and Commercial Vehicles Allowed,"1,2","9. Bicycle,1. Passenger car","MONGOOSE,HONDA","15. Other,1. Going Straight Ahead","BICYCLE,ODYSSEY",20132008,5,5.Hampton Roads,1. No Adverse Condition (Clear/Cloudy),Not Provided,2. No,Not Provided,Not YOUNG
No Access Control,Not ALCIHOL,Urban,0,0,Bituminous Concrete (Black Base),DONCASTER RD(B)/,Not UNBELTED,47,Female,B,2,BIKE,0.96,1,1,,16. Other,"Not Provided,Not Provided","Not Provided,Not Provided",13408747,1.016,4,7/3/2014,7/3/2014,22. Bicycle,1500,B.Visiible Injury,2014,Left and Right sides,0,0,Virginia Beach,Urban,22. Bicycle,MAIN,12PM TO 3PM,134.Virginia Beach,21,Intersection,Reset Filters,VDOT_OTHER,Thursday,Not DEER,"West,South",,5,1,141865021,54,Male,"PDO,B","1,2","37. Other,1. No Improper Action","2. Not Deployed,3. Unavailable/Not Applicable","4. No Test,4. No Test","1. No Defects,1. No Defects","14. No Driver Distraction,14. No Driver Distraction","1. Had Not Been Drinking,1. Had Not Been Drinking","2. No,2. No","1. Not Ejected,Not Provided","No,Yes","No,No","3. Lap and Shoulder Belt,5. Helmet","1. Not Obscured,1. Not Obscured",,,1,541839,134-08711(B)/134-08816(U)/KINGS GRANT RD,0,0,"0.Two-way, non-divided","22,20",1. On Roadway,"0,0",I,I.Urban Collector,Other City or Town Streets (not state maintained),Not GUARDRAIL,Not HIT_RUN,"1,12",1,4. Four Approaches,141865021,C,0,0,36.85863,36.85863,0,0.06,Not LRTRUCK,2. Daylight,LOCATED,-76.08683,-76.08683,MAINLINE,MAIN,0,0,0,0,0,Undivided Roadway,"22,20",Not MOTORCYCLE,541839,541839. 13408711      13408711      13408747      13408816,17980,16572,16725,16117,15694,2,1,0.004,SEC_URBAN,,,,,,,,,0,0,35,0,1,,0,0,,,,,,,,,Not PED,,1,0,Virginia Beach,134,5,NOT-RD,9. Within Intersection,0,1,1.02,1. Straight - Level,1. No Defects,"3. Two-Way, Divided, Positive Median Barrier",1. Dry,"2. Blacktop, Asphalt, Bituminous",3300 KINGS GRANT RD,URB,UR,R-VA134UR08747SB,"Urbanized (Population 200,000 and over)",3. No,"0,0",5005,5002,5048,4865,4456,Not SENIOR,None,"5,1","35,35",Not SPEED,"35,35",542312,0,"1. Yes,2. No",0,"0,0",12PM TO 3PM,1,1,14. Ped Crosswalk,1. Yes - Working,Not a Parkway - Trucks and Commercial Vehicles Allowed,"1,2","3. Van,9. Bicycle","Ford,OTH","2. Making Right Turn,1. Going Straight Ahead","Econoline Cargo Van,BICYCLE",20042013,5,5.Hampton Roads,1. No Adverse Condition (Clear/Cloudy),Not Provided,2. No,Not Provided,Not YOUNG
No Access Control,Not ALCIHOL,Urban,0,0,Bituminous Concrete (Black Base),134-08723(B)/BIRDNECK RD,Not UNBELTED,29,Female,B,1,BIKE,2.8,1,1,,2. Angle,"Not Provided,Not Provided","Not Provided,Not Provided",C7US00058,2.806,4,7/4/2014,7/4/2014,22. Bicycle,1519,B.Visiible Injury,2014,Left and Right sides,0,0,Virginia Beach,Urban,22. Bicycle,MAIN,3PM TO 6PM,134.Virginia Beach,32,Intersection,Reset Filters,VDOT_OTHER,Friday,Not DEER,"South,North",,5,1,141865161,44,Female,"B,PDO","1,2","11. Did Not Have Right-of-Way,1. No Improper Action","3. Unavailable/Not Applicable,2. Not Deployed","4. No Test,4. No Test","1. No Defects,1. No Defects","14. No Driver Distraction,14. No Driver Distraction","1. Had Not Been Drinking,1. Had Not Been Drinking","2. No,2. No","2. Partially Ejected,1. Not Ejected","Yes,No","No,No","5. Helmet,3. Lap and Shoulder Belt","1. Not Obscured,1. Not Obscured",,,3,541093,134-08723(B)/BIRDNECK RD,0.1,1,"1.Divided, no control of access","20,22",1. On Roadway,"0,0",H,H.Urban Minor Arterial,Urban Extensions - Primary Routes,Not GUARDRAIL,Not HIT_RUN,"12,1",1,4. Four Approaches,141865161,C,0,0,36.84189,36.84189,0,0.1,Not LRTRUCK,2. Daylight,LOCATED,-75.9959,-75.9959,MAINLINE,MAIN,0,0,Curbed Grass,16,4,Divided Roadway,"20,22",Not MOTORCYCLE,541093,541093. 13408723      13408723     C7US00058     C7US00058,31884,31906,32201,31032,32535,4,1,0.006,PRI_URBAN,,,,,,,,,0,96,54,0,1,,0,0,,,,,,,,,Not PED,,1,0,Virginia Beach,134,5,NOT-RD,9. Within Intersection,0,2.75,2.81,1. Straight - Level,1. No Defects,"2. Two-Way, Divided, Unprotected Median",1. Dry,"2. Blacktop, Asphalt, Bituminous",1100 VIRGINIA BEACH BL,USPRI,US,R-VA   US00058WBBUS007,"Urbanized (Population 200,000 and over)",3. No,"0,0",12948,11505,11611,11190,10783,Not SENIOR,Left and Right sides,"5,5","35,35",Not SPEED,"35,35",541093,0,"2. No,2. No",0,"0,0",3PM TO 6PM,1,1,14. Ped Crosswalk,1. Yes - Working,Not a Parkway - Trucks and Commercial Vehicles Allowed,"1,2","9. Bicycle,1. Passenger car","UNK,Dodge","1. Going Straight Ahead,2. Making Right Turn","BICYCLE,Neon",2004,5,5.Hampton Roads,1. No Adverse Condition (Clear/Cloudy),Not Provided,2. No,Not Provided,Not YOUNG
No Access Control,Not ALCIHOL,Urban,0,0,"N/A, Unknown, or Unstabilized",E. GILBERT STREET(R)/,Not UNBELTED,31,Female,C,2,BIKE,0.46,0,0,,13. Bicyclist,"Not Provided,Not Provided","Not Provided,Not Provided",SR00278,0.46,3,7/5/2014,7/5/2014,22. Bicycle,828,C.Non-Visible Injury,2014,Left side,1,1,Hampton,Urban,22. Bicycle,MAIN,6AM TO 9AM,114.Hampton,"1,003",Intersection,Reset Filters,VDOT_OTHER,Saturday,Not DEER,"East,North",,5,1,142230046,29,Male,"PDO,C","1,2","11. Did Not Have Right-of-Way,1. No Improper Action","2. Not Deployed,3. Unavailable/Not Applicable","4. No Test,4. No Test","1. No Defects,1. No Defects","Not Applicable,Not Applicable","1. Had Not Been Drinking,1. Had Not Been Drinking","2. No,2. No","1. Not Ejected,3. Totally Ejected","No,Yes","No,No","3. Lap and Shoulder Belt,5. Helmet","1. Not Obscured,1. Not Obscured",,,1,253163,LITTLE BACK RIVER ROAD(L)/,0,0,"0.Two-way, non-divided","22,0",7. In Parking Lane or Zone,"0,0",H,H.Urban Minor Arterial,Urban Extensions - Primary Routes,Not GUARDRAIL,Not HIT_RUN,"12,9",1,1. Not at Intersection,142230046,C,0,0,37.05044,37.05044,0,0.17,Not LRTRUCK,2. Daylight,LOCATED,-76.34736,-76.34736,MAINLINE,MAIN,0,0,0,0,0,Undivided Roadway,"22,0",Not MOTORCYCLE,253162,253162.  SR00278       SR00278      11407045,24615,24071,23483,20083,20485,4,1,0.19,PRI_URBAN,,,,,,,,,0,0,52,0,1,,0,0,,,,,,,,,Not PED,,1,0,Hampton,114,5,NOT-RD,"13. Driveway, Alley-Access - Related",6,0.25,0.46,1. Straight - Level,1. No Defects,"2. Two-Way, Divided, Unprotected Median",1. Dry,"2. Blacktop, Asphalt, Bituminous",N KING ST,STPRI,SR,R-VA   SR00278NB,"Urbanized (Population 200,000 and over)",3. No,"0,0",17764,17372,17477,14291,14575,Not SENIOR,None,5,"0,0",SPEED,"0,0",746594,0,"3. Pending,2. No",0,"0,0",6AM TO 9AM,1,1,1. No Traffic Control,6. No Traffic Control Device Present,Not a Parkway - Trucks and Commercial Vehicles Allowed,"1,2","1. Passenger car,9. Bicycle",KIA,"2. Making Right Turn,1. Going Straight Ahead",SEPHIA,2000,5,5.Hampton Roads,1. No Adverse Condition (Clear/Cloudy),Not Provided,2. No,Not Provided,Not YOUNG
,Not ALCIHOL,Urban,1,1,,,Not UNBELTED,13,Male,A,2,BIKE,,0,0,,1. Rear End,"Not Provided,Not Provided","Not Provided,Not Provided",,,,7/6/2014,7/6/2014,20. Motor Vehicle In Transport,1638,A.Ambulatory Injury,2014,,0,0,Hampton,Urban,20. Motor Vehicle In Transport,MAIN,3PM TO 6PM,114.Hampton,,Not Intersection,Reset Filters,VDOT_OTHER,Sunday,Not DEER,"South,East",,5,1,142190077,,Not Provided,"PDO,A","1,2","34. Hit and Run,1. No Improper Action","Not Provided,3. Unavailable/Not Applicable","4. No Test,4. No Test","9. Unknown,1. No Defects","Not Applicable,Not Applicable","6. Unknown,1. Had Not Been Drinking","Not Applicable,Not Applicable","Not Provided,3. Totally Ejected","NotProvided,No","Yes,No","Not Provided,9. Not Applicable","Not Applicable,1. Not Obscured",,,,,,,,,"20,20",1. On Roadway,"0,0",,,,Not GUARDRAIL,HIT_RUN,"12,0",1,4. Four Approaches,,C,0,0,37.03873,37.03873,,,Not LRTRUCK,2. Daylight,UNLOCATED,-76.29257,-76.29257,MAINLINE,,,,,,,,"20,20",Not MOTORCYCLE,,.,,,,,,,1,,SEC_URBAN,,,,,,,,,,,,0,1,,0,0,,,,,,,,,Not PED,,1,0,Hampton,114,5,NOT-RD,9. Within Intersection,,,,1. Straight - Level,1. No Defects,"1. Two-Way, Not Divided",1. Dry,"2. Blacktop, Asphalt, Bituminous",POINT COMFORT AVE,UNKWN,SC,U-VA114SC99999UK,,3. No,"0,0",,,,,,Not SENIOR,,5,"25,25",Not SPEED,"25,25",,,"Not Provided,2. No",,"0,0",3PM TO 6PM,1,1,4. Stop Sign,1. Yes - Working,,"1,2","1. Passenger car,9. Bicycle","MITSUBISHI,FELT","3. Making Left Turn,1. Going Straight Ahead","ECLIPSE SPYDER,VOLT BICYCLE",1999,5,5.Hampton Roads,1. No Adverse Condition (Clear/Cloudy),Not Provided,2. No,Not Provided,Not YOUNG
No Access Control,Not ALCIHOL,Urban,0,0,"N/A, Unknown, or Unstabilized",34TH STREET(B)/,Not UNBELTED,53,Female,B,1,BIKE,1.68,1,1,,2. Angle,"Not Provided,Not Provided","Not Provided,Not Provided",12208567,1.709,4,7/7/2014,7/7/2014,20. Motor Vehicle In Transport,1425,B.Visiible Injury,2014,Left and Right sides,0,0,Norfolk,Urban,20. Motor Vehicle In Transport,MAIN,12PM TO 3PM,122.Norfolk,111,Intersection,Reset Filters,VDOT_OTHER,Monday,Not DEER,"Not Provided,Not Provided",,5,1,142230095,37,Male,"B,PDO","1,2","11. Did Not Have Right-of-Way,1. No Improper Action","Not Provided,2. Not Deployed","4. No Test,4. No Test","1. No Defects,1. No Defects","Not Applicable,Not Applicable","1. Had Not Been Drinking,1. Had Not Been Drinking","2. No,2. No","3. Totally Ejected,1. Not Ejected","Yes,No","No,No","9. Not Applicable,3. Lap and Shoulder Belt","1. Not Obscured,1. Not Obscured",,,2,485229,122-08791(B)/35TH ST,0,0,"0.Two-way, non-divided","20,20",1. On Roadway,"0,0",H,H.Urban Minor Arterial,Other City or Town Streets (not state maintained),Not GUARDRAIL,Not HIT_RUN,"0,0",1,1. Not at Intersection,142230095,C,0,0,36.87807,36.87807,0,0.05,Not LRTRUCK,2. Daylight,LOCATED,-76.28489,-76.28489,MAINLINE,MAIN,0,0,0,0,0,Undivided Roadway,"20,20",Not MOTORCYCLE,485229,485229. 12208567      12208567      12208791      12208791,12402,10323,10419,10041,9506,3,1,0.021,SEC_URBAN,,,,,,,,,0,0,33,0,1,,0,0,,,,,,,,,Not PED,,1,0,Norfolk,122,5,NOT-RD,8. Non-Intersection,0,1.5,1.71,2. Curve - Level,1. No Defects,"1. Two-Way, Not Divided",1. Dry,"2. Blacktop, Asphalt, Bituminous",3400 LLEWELLYN AVE,URB,UR,R-VA122UR08567NB,"Urbanized (Population 200,000 and over)",3. No,"0,0",7655,6851,6914,6663,6681,Not SENIOR,Left and Right sides,"5,30","30,30",Not SPEED,"30,30",485228,0,"1. Yes,2. No",0,"0,0",12PM TO 3PM,1,1,6. Traffic Lanes Marked,6. No Traffic Control Device Present,Not a Parkway - Trucks and Commercial Vehicles Allowed,"1,2","9. Bicycle,1. Passenger car","NEXT,LEXUS","4. Making U-Turn,1. Going Straight Ahead","BICYCLE,LS430",2002,5,5.Hampton Roads,1. No Adverse Condition (Clear/Cloudy),Not Provided,2. No,Not Provided,Not YOUNG
No Access Control,Not ALCIHOL,Urban,0,0,Penetration Macadam and Water Bound Macadam,REPUBLIC ROAD(L)/LAUREL LANE(R)/,Not UNBELTED,38,Male,B,1,BIKE,0.76,1,1,,4. Sideswipe - Same Direction,"Not Provided,Not Provided","Not Provided,Not Provided",13400009,0.763,4,10/15/2015,10/15/2015,20. Motor Vehicle In Transport,1153,B.Visiible Injury,2015,Left and Right sides,0,0,Virginia Beach,Urban,20. Motor Vehicle In Transport,MAIN,9AM TO 12PM,134.Virginia Beach,913,Intersection,Reset Filters,VDOT_OTHER,Thursday,Not DEER,"South,South",,5,1,152895163,55,Male,"B,PDO","1,2","1. No Improper Action,11. Did Not Have Right-of-Way","3. Unavailable/Not Applicable,3. Unavailable/Not Applicable","4. No Test,4. No Test","1. No Defects,1. No Defects","14. No Driver Distraction,14. No Driver Distraction","1. Had Not Been Drinking,1. Had Not Been Drinking","2. No,2. No","1. Not Ejected,1. Not Ejected","Yes,No","No,No","5. Helmet,5. Helmet","1. Not Obscured,1. Not Obscured",,,1,541257,134-08714(L)/WOLFSNARE RD,0,1,"1.Divided, no control of access","20,20",1. On Roadway,"0,0",H,H.Urban Minor Arterial,Other City or Town Streets (not state maintained),Not GUARDRAIL,Not HIT_RUN,"5,12",1,1. Not at Intersection,152895163,C,0,0,36.85362,36.85362,0,0.19,Not LRTRUCK,2. Daylight,LOCATED,-76.02319,-76.02319,MAINLINE,MAIN,0,0,Curbed Grass,16,4,Divided Roadway,"20,20",MOTORCYCLE,541066,541066.  US00058       US00058      13400009      13400009,63023,61504,62556,60804,62575,4,1,0.173,SEC_URBAN,,,,,,,,,0,0,52,0,1,,0,0,,,,,,,,,Not PED,,1,0,Virginia Beach,134,5,NOT-RD,8. Non-Intersection,0,0.75,0.8,1. Straight - Level,1. No Defects,"3. Two-Way, Divided, Positive Median Barrier",1. Dry,"2. Blacktop, Asphalt, Bituminous",800 FIRST COLONIAL RD,URB,UR,R-VA134UR00009SB,"Urbanized (Population 200,000 and over)",3. No,"0,0",36525,34557,34876,33610,35142,Not SENIOR,Left and Right sides,"10,10","35,35",Not SPEED,"35,35",734938,0,"2. No,2. No",0,"0,0",9AM TO 12PM,1,1,1. No Traffic Control,6. No Traffic Control Device Present,Not a Parkway - Trucks and Commercial Vehicles Allowed,"1,2","9. Bicycle,11. Motorcycle","TARMAC,HONDA","1. Going Straight Ahead,2. Making Right Turn","SL4,VTX1300",20142005,5,5.Hampton Roads,1. No Adverse Condition (Clear/Cloudy),Not Provided,2. No,Not Provided,Not YOUNG
No Access Control,Not ALCIHOL,Urban,0,0,Bituminous Concrete (Black Base),SR-00225(B)/,Not UNBELTED,44,Male,C,1,BIKE,3.2,0,0,,2. Angle,"Not Provided,Not Provided","Not Provided,Not Provided",13408638,3.209,4,7/8/2014,7/8/2014,20. Motor Vehicle In Transport,1051,C.Non-Visible Injury,2014,Left and Right sides,1,1,Virginia Beach,Urban,20. Motor Vehicle In Transport,MAIN,9AM TO 12PM,134.Virginia Beach,48,Intersection,Reset Filters,VDOT_OTHER,Tuesday,Not DEER,"North,West",,5,1,141945030,20,Male,"C,PDO","1,2","11. Did Not Have Right-of-Way,1. No Improper Action","3. Unavailable/Not Applicable,2. Not Deployed","4. No Test,4. No Test","1. No Defects,1. No Defects","14. No Driver Distraction,14. No Driver Distraction","1. Had Not Been Drinking,1. Had Not Been Drinking","3. Unknown,3. Unknown","1. Not Ejected,1. Not Ejected","Yes,No","No,No","8. No Restraint Used,3. Lap and Shoulder Belt","1. Not Obscured,1. Not Obscured",,,3,541207,SR-00225(B)/,0.06,0,"0.Two-way, non-divided","20,22",1. On Roadway,"0,0",I,I.Urban Collector,Other City or Town Streets (not state maintained),Not GUARDRAIL,Not HIT_RUN,"12,8",1,4. Four Approaches,141945030,C,0,0,36.87546,36.87546,0,0.06,Not LRTRUCK,2. Daylight,LOCATED,-76.13419,-76.13419,MAINLINE,MAIN,0,0,0,0,0,Undivided Roadway,"20,22",Not MOTORCYCLE,541207,541207.  SR00225       SR00225      13408638      13408638,56599,52789,53120,51769,50967,4,1,0.009,SEC_URBAN,,,,,,,,,0,0,64,0,1,,0,0,,,,,,,,,Not PED,,1,0,Virginia Beach,134,5,NOT-RD,"15. Other Crossing (Crossing for Bikes, School, etc.)",0,3,3.2,1. Straight - Level,1. No Defects,"2. Two-Way, Divided, Unprotected Median",1. Dry,"2. Blacktop, Asphalt, Bituminous",WISHART ROAD,URB,UR,R-VA134UR08638WB,"Urbanized (Population 200,000 and over)",3. No,"0,0",1400,1220,1231,1187,1256,Not SENIOR,Left and Right sides,"2,2","45,45",Not SPEED,"45,45",541207,0,"2. No,2. No",0,"0,0",9AM TO 12PM,1,1,3. Traffic Signal,1. Yes - Working,Not a Parkway - Trucks and Commercial Vehicles Allowed,"1,2","9. Bicycle,1. Passenger car","SCHWINN,MERCURY","1. Going Straight Ahead,1. Going Straight Ahead","BICYCLE,2 DOOR",1994,5,5.Hampton Roads,1. No Adverse Condition (Clear/Cloudy),Not Provided,2. No,Not Provided,YOUNG
No Access Control,Not ALCIHOL,Urban,0,0,Bituminous Concrete (Black Base),SR-00143(B)/121-00004(U)/OYSTER PT RD,Not UNBELTED,46,Male,C,2,BIKE,0,0,0,,2. Angle,"Not Provided,Not Provided","Not Provided,Not Provided",SR00171,0,4,7/8/2014,7/8/2014,22. Bicycle,1053,C.Non-Visible Injury,2014,Left and Right sides,1,1,Newport News,Urban,22. Bicycle,MAIN,9AM TO 12PM,121.Newport News,0,Intersection,Reset Filters,VDOT_OTHER,Tuesday,Not DEER,"East,North",DISTRACTED,5,1,142330082,21,Male,"PDO,C","1,2","37. Other,20. Disregarded Officer or Flagger","2. Not Deployed,3. Unavailable/Not Applicable","4. No Test,4. No Test","1. No Defects,1. No Defects","11. Other,11. Other","1. Had Not Been Drinking,1. Had Not Been Drinking","2. No,2. No","1. Not Ejected,1. Not Ejected","No,Yes","No,No","3. Lap and Shoulder Belt,5. Helmet","1. Not Obscured,1. Not Obscured",,,0,646390,CRISTON DRIVE(L)/,0,1,"1.Divided, no control of access","22,22",1. On Roadway,"0,0",H,H.Urban Minor Arterial,Urban Extensions - Primary Routes,Not GUARDRAIL,Not HIT_RUN,"12,9",1,4. Four Approaches,142330082,C,0,0,37.1048,37.1048,0,0.15,Not LRTRUCK,2. Daylight,LOCATED,-76.49408,-76.49408,MAINLINE,MAIN,0,0,Curbed (solid raised),4,4,Divided Roadway,"22,22",Not MOTORCYCLE,646114,646114.  SR00143       SR00143       SR00171      12100004,101086,102166,92808,91207,94005,6,1,0,PRI_URBAN,,,,,,,,,0,0,90,0,1,,0,0,,,,,,,,,Not PED,,1,0,Newport News,121,5,NOT-RD,1. Main-Line Roadway,0,0,0,1. Straight - Level,1. No Defects,"4. One-Way, Not Divided",1. Dry,"2. Blacktop, Asphalt, Bituminous",OYSTER POINT RD,STPRI,SR,R-VA   SR00171EB,"Urbanized (Population 200,000 and over)",3. No,"0,0",43566,42602,43997,42430,43290,Not SENIOR,Left side,"5,2","45,0",SPEED,"45,0",646114,0,"2. No,2. No",0,"0,0",9AM TO 12PM,1,1,3. Traffic Signal,1. Yes - Working,Not a Parkway - Trucks and Commercial Vehicles Allowed,"1,2","2. Truck - Pick-up/Passenger Truck,9. Bicycle",CHEVROLE,"2. Making Right Turn,15. Other",CK1500,1987,5,5.Hampton Roads,1. No Adverse Condition (Clear/Cloudy),Not Provided,2. No,Not Provided,Not YOUNG
No Access Control,ALCOHOL,Urban,0,0,Bituminous Concrete (Black Base),SHURNEY LN(R)/,Not UNBELTED,55,Male,B,1,BIKE,1.93,1,1,,2. Angle,"Not Provided,Not Provided","Not Provided,Not Provided",13408678,1.957,3,7/8/2014,7/8/2014,20. Motor Vehicle In Transport,2251,B.Visiible Injury,2014,Left and Right sides,0,0,Virginia Beach,Urban,20. Motor Vehicle In Transport,MAIN,9PM TO 12AM,134.Virginia Beach,16,Intersection,Reset Filters,VDOT_OTHER,Tuesday,Not DEER,"East,North",,5,1,141975538,44,Male,"B,PDO","1,2","11. Did Not Have Right-of-Way,1. No Improper Action","3. Unavailable/Not Applicable,2. Not Deployed","4. No Test,4. No Test","1. No Defects,1. No Defects","14. No Driver Distraction,14. No Driver Distraction","4. Drinking - Ability Not Impaired,1. Had Not Been Drinking","2. No,2. No","3. Totally Ejected,1. Not Ejected","Yes,No","No,No","8. No Restraint Used,3. Lap and Shoulder Belt","1. Not Obscured,1. Not Obscured",,,2,724415,134-00008(L)/DIAMOND SPRINGS,0,0,"0.Two-way, non-divided","20,22",1. On Roadway,"0,0",I,I.Urban Collector,Other City or Town Streets (not state maintained),Not GUARDRAIL,Not HIT_RUN,"3,12",1,3. Three Approaches,141975538,C,0,0,36.86529,36.86529,0,0.03,Not LRTRUCK,4. Darkness - Road Lighted,LOCATED,-76.17021,-76.17021,MAINLINE,MAIN,0,0,0,0,0,Undivided Roadway,"20,22",Not MOTORCYCLE,724415,724415. 13400008      13408678      13408678,25431,26060,26301,25346,26883,2,1,0.003,SEC_URBAN,,,,,,,,,0,0,44,0,1,,0,0,,,,,,,,,Not PED,,1,0,Virginia Beach,134,5,NOT-RD,9. Within Intersection,0,1.75,1.96,1. Straight - Level,1. No Defects,"2. Two-Way, Divided, Unprotected Median",1. Dry,"2. Blacktop, Asphalt, Bituminous",700 NEWTOWN ROAD,URB,UR,R-VA134UR08678WB,"Urbanized (Population 200,000 and over)",3. No,"0,0",6560,5713,5766,5556,6213,Not SENIOR,Left and Right sides,"5,45",45,Not SPEED,45,541579,0,"1. Yes,2. No",0,"0,0",9PM TO 12AM,1,1,3. Traffic Signal,1. Yes - Working,Not a Parkway - Trucks and Commercial Vehicles Allowed,"1,2","9. Bicycle,22. Truck - Sport Utility Vehicle (SUV)","OTH,Nissan","1. Going Straight Ahead,1. Going Straight Ahead","BICYCLE,Pathfinder",2008,5,5.Hampton Roads,1. No Adverse Condition (Clear/Cloudy),Not Provided,2. No,Not Provided,Not YOUNG