Access Control,Alcohol Notalcohol,Area Type1,A Crash,A People,Basetypedesc,Begin Node Dsc,Belted Unbelted,Bikeage,Bikegen,Bikeinjurytype,Bikevehiclenumber,Bike Nonbike,BMP,B Crash,B People,Carspeedlimit,Collision Type,Comm Cargo Body Type Cd,Comm Vehicle Body Type Cd,Cotedrouteid,Coted Mp,Count App,CRASH_DT (copy),Crash Dt,Crash Event Type Dsc,Crash Military Tm,Crash Severity,Crash Year,Curbgutterdesc,C Crash,C People,Juris Name Used,Area Type Used,First Harmful Event of Entire Crash,MAINLINE,Time Slicing Used,Phy_Juris_Nm,Offset-Ft,Intersection Analysis,Clear,Calculation_9640323132123359,Day Of Week,Deer Nodeer,Direction Of Travel Cd,Distracted Notdistracted,VSP,TOTAL CRASH,Document Nbr,Driverage,Drivergen,Driverinjurytype,Drivervehiclenumber,Driver Action Type Cd,Driver Airbag Deployment,Driver Alcohol Test Type Cd,Driver Condition Type Cd,Driver Distraction Type Cd,Driver Drinking Type Cd,Driver Drug Use Cd,Driver Ejected From Vehicle,Driver Ems Transport Ind,Driver Fled Scene Ind,Driver Safety Equip Used,Driver Vis Obscured Type Cd,Drowsy Notdrowsy,Drug Nodrug,EMP,End Node,End Node Dsc,End Offset,Facility,FAC,First Crash Event Cd,First Harmful Event,Fourth Crash Event Cd,Functionalclass,FUN,Govcondesc,Gr Nogr,Hitrun Not Hitrun,Initial Veh Impact Area Cd,Injury Crashes,Intersection Type,Int Doc,Jurtype,K_CRASH,K People,LAT (copy),LAT,Leftshoulderwidth,Length,Lgtruck Nonlgtruck,Light Condition,Located Unlocated,LON (copy),LON,MAINLINE (group),Mainline Yn,Medianleftshoulderwidth,Medianrightshoulderwidth,Mediantypedesc,Medianwidthmax,Medianwidthmin,Median Type,Most Harmful Crash Event Cd,Motor Nonmotor,Node,Node Info,Node Totaadt2011,Node Totaadt2012,Node Totaadt2013,Node Totaadt2014,Node Totaadt2015,Numberoflane,Number of Records,Offset,Ownership,Passage,Passgen,Passinjurytype,Passvehiclenumber,Pass Airbag Deployment,Pass Ejected From Vehicle,Pass Ems Transport Ind,Pass Safety Equip Used,Pavementconditionvalue,Pavementroughnessvalue,Pavementwidth,Pdo Crash,Total People Killed & Injured,Pedage,Pedestrians Injured,Pedestrians Killed,Pedgen,Pedinjurytype,Pednumber,Ped Action,Ped Al Test,Ped Cond,Ped Drink,Ped Drug,Ped Nonped,Ped Rflct,Persons Injured,Persons Killed,Physical Juris Nm,PJR,VSP_Used,Rd Type,Relation To Roadway,Rightshoulderwidth,RNS_MP (0.25 mi bin),Rns Mp,Roadway Alignment,Roadway Defect,Roadway Description,Roadway Surface Cond,Roadway Surface Type,Route Or Street Nm,Rte Category Cd,Rte Cat,Rte Nm,Ruralurbandesc,School Zone,Second Crash Event Cd,Segtotaadt2011,Segtotaadt2012,Segtotaadt2013,Segtotaadt2014,Segtotaadt2015,Senior Notsenior,Sidewalkdesc,Speed Before,Speed Max Safe,Speed Notspeed,Speed Posted,Start Node,Start Offset,Summons Issued Cd,Surfacedesc,Third Crash Event Cd,Time Slicing,Total Crashes including Property Damage Only,Total Crash,Traffic Control Type,Trfc Ctrl Status Type,Truckcommr,Vehiclenumber,Vehicle Body Type Cd,Vehicle Make Nm,Vehicle Maneuver Type Cd,Vehicle Model Nm,Vehicle Year Nbr,District,District_Used ,Weather Condition,Work Zone Location,Work Zone Related,Work Zone Type,Young Notyoung
,Not ALCIHOL,Urban,0,0,,,Not UNBELTED,18,Male,C,2,BIKE,,0,0,,13. Bicyclist,"Not Provided,Not Provided","Not Provided,Not Provided",,,,11/1/2015,11/1/2015,22. Bicycle,2002,C.Non-Visible Injury,2015,,1,1,Newport News,Urban,22. Bicycle,MAIN,6PM TO 9PM,121.Newport News,,Not Intersection,Reset Filters,VDOT_OTHER,Sunday,Not DEER,"East,North",,5,1,160390120,,Male,"PDO,C","1,2","Not Applicable,1. No Improper Action","Not Provided,3. Unavailable/Not Applicable","Not Applicable,Not Applicable","9. Unknown,1. No Defects","Not Applicable,Not Applicable","6. Unknown,6. Unknown","3. Unknown,3. Unknown","Not Provided,1. Not Ejected","NotProvided,No","Yes,No","Not Provided,9. Not Applicable","Not Applicable,1. Not Obscured",,,,,,,,,"22,20",1. On Roadway,"0,0",,,,Not GUARDRAIL,HIT_RUN,"12,9",1,4. Four Approaches,,C,0,0,37.09115,37.09115,,,Not LRTRUCK,2. Daylight,UNLOCATED,-76.48578,-76.48578,MAINLINE,,,,,,,,"22,20",Not MOTORCYCLE,,.,,,,,,,1,,SEC_URBAN,,,,,,,,,,,,0,1,,0,0,,,,,,,,,Not PED,,1,0,Newport News,121,5,NOT-RD,9. Within Intersection,,,,1. Straight - Level,1. No Defects,5. Unknown,1. Dry,"2. Blacktop, Asphalt, Bituminous",JEFFERSON AVE,UNKWN,SC,U-VA121SC99999UK,,3. No,"0,0",,,,,,Not SENIOR,,"0,5","25,45",Not SPEED,"25,45",,,"Not Provided,2. No",,"0,0",6PM TO 9PM,1,1,3. Traffic Signal,1. Yes - Working,,"1,2","3. Van,9. Bicycle",,"1. Going Straight Ahead,1. Going Straight Ahead",,,5,5.Hampton Roads,1. No Adverse Condition (Clear/Cloudy),Not Provided,2. No,Not Provided,YOUNG
,Not ALCIHOL,Urban,0,0,,,Not UNBELTED,24,Female,B,1,BIKE,,1,1,,2. Angle,"Not Provided,Not Provided","Not Provided,Not Provided",,,,7/18/2014,7/18/2014,22. Bicycle,1525,B.Visiible Injury,2014,,0,0,Virginia Beach,Urban,22. Bicycle,MAIN,3PM TO 6PM,134.Virginia Beach,,Not Intersection,Reset Filters,VDOT_OTHER,Friday,Not DEER,"North,North",,5,1,142005217,49,Male,"B,PDO","1,2","17. Other Improper Turn,17. Other Improper Turn","3. Unavailable/Not Applicable,2. Not Deployed","Not Applicable,Not Applicable","1. No Defects,1. No Defects","14. No Driver Distraction,14. No Driver Distraction","1. Had Not Been Drinking,1. Had Not Been Drinking","2. No,2. No","Not Provided,1. Not Ejected","Yes,No","No,No","9. Not Applicable,3. Lap and Shoulder Belt","1. Not Obscured,14. Blind Spot",,,,,,,,,"20,22",1. On Roadway,"0,0",,,,Not GUARDRAIL,Not HIT_RUN,"0,3",1,3. Three Approaches,,C,0,0,36.85246,36.85246,,,Not LRTRUCK,2. Daylight,UNLOCATED,-75.99442,-75.99442,MAINLINE,,,,,,,,"20,22",Not MOTORCYCLE,,.,,,,,,,1,,SEC_URBAN,,,,,,,,,,,,0,1,,0,0,,,,,,,,,Not PED,,1,0,Virginia Beach,134,5,NOT-RD,10. Intersection Related - Within 150 Feet,,,,1. Straight - Level,1. No Defects,"1. Two-Way, Not Divided",1. Dry,"2. Blacktop, Asphalt, Bituminous",N. BIRDNECK RD,UNKWN,SC,U-VA134SC99999UK,,3. No,"0,0",,,,,,Not SENIOR,,"5,15","35,35",Not SPEED,"35,35",,,"2. No,2. No",,"0,0",3PM TO 6PM,1,1,3. Traffic Signal,1. Yes - Working,,"1,2","9. Bicycle,3. Van",Ford,"2. Making Right Turn,2. Making Right Turn","BICYCLE,Econoline Cargo Van",2003,5,5.Hampton Roads,1. No Adverse Condition (Clear/Cloudy),Not Provided,2. No,Not Provided,Not YOUNG
No Access Control,Not ALCIHOL,Urban,0,0,Dual Type,US-00060(B)/MUSEUM DR,Not UNBELTED,16,Male,B,1,BIKE,0,1,1,,13. Bicyclist,"Not Provided,Not Provided","Not Provided,Not Provided",SR00312,0.025,3,7/18/2014,7/18/2014,20. Motor Vehicle In Transport,2140,B.Visiible Injury,2014,Right side,0,0,Newport News,Urban,20. Motor Vehicle In Transport,MAIN,9PM TO 12AM,121.Newport News,132,Intersection,Reset Filters,VDOT_OTHER,Friday,Not DEER,"North,East",DISTRACTED,5,1,150200019,22,Female,"B,PDO","1,2","37. Other,1. No Improper Action","2. Not Deployed,2. Not Deployed","4. No Test,4. No Test","1. No Defects,1. No Defects","11. Other,Not Applicable","1. Had Not Been Drinking,1. Had Not Been Drinking","2. No,2. No","1. Not Ejected,1. Not Ejected","No,No","No,No","8. No Restraint Used,3. Lap and Shoulder Belt","1. Not Obscured,1. Not Obscured",,,0,646043,US-00060(B)/MUSEUM DR,0.09,1,"1.Divided, no control of access","20,20",1. On Roadway,"0,0",H,H.Urban Minor Arterial,Urban Extensions - Primary Routes,Not GUARDRAIL,Not HIT_RUN,"9,1",1,4. Four Approaches,150200019,C,0,0,37.06177,37.06177,6,0.09,Not LRTRUCK,4. Darkness - Road Lighted,LOCATED,-76.48683,-76.48683,MAINLINE,MAIN,3,3,Grass/Unprotected,54,26,Divided Roadway,"20,20",Not MOTORCYCLE,646043,646043.  SR00312       US00060       US00060,44740,43750,51200,49377,50377,4,1,0.025,PRI_URBAN,,,,,,,,,0,194,50,0,1,,0,0,,,,,,,,,Not PED,,1,0,Newport News,121,5,NOT-RD,9. Within Intersection,0,0,0.03,2. Curve - Level,1. No Defects,"2. Two-Way, Divided, Unprotected Median",1. Dry,"2. Blacktop, Asphalt, Bituminous",J CLYDE MORRIS,STPRI,SR,R-VA   SR00312EB,"Urbanized (Population 200,000 and over)",3. No,"0,0",32657,31934,35771,34497,35196,Not SENIOR,Right side,"0,0","0,0",Not SPEED,"0,0",646043,0,"2. No,2. No",0,"0,0",9PM TO 12AM,1,1,3. Traffic Signal,1. Yes - Working,Not a Parkway - Trucks and Commercial Vehicles Allowed,"1,2","9. Bicycle,1. Passenger car",VOLKSWAG,"16. Entering Street From Parking Lot,3. Making Left Turn",TOUAREG,2013,5,5.Hampton Roads,1. No Adverse Condition (Clear/Cloudy),Not Provided,2. No,Not Provided,YOUNG
No Access Control,Not ALCIHOL,Urban,0,0,Bituminous Concrete (Black Base),27TH ST(B)/,Not UNBELTED,23,Female,B,2,BIKE,0.72,1,1,,16. Other,"Not Provided,Not Provided","Not Provided,Not Provided",13408719,0.72,3,7/20/2014,7/20/2014,22. Bicycle,5,B.Visiible Injury,2014,Left and Right sides,0,0,Virginia Beach,Urban,22. Bicycle,MAIN,0AM TO 3AM,134.Virginia Beach,"1,426",Intersection,Reset Filters,VDOT_OTHER,Sunday,Not DEER,"North,South",,5,1,142105252,19,Male,"PDO,B","1,2","11. Did Not Have Right-of-Way,1. No Improper Action","2. Not Deployed,3. Unavailable/Not Applicable","Not Applicable,Not Applicable","1. No Defects,1. No Defects","14. No Driver Distraction,14. No Driver Distraction","1. Had Not Been Drinking,1. Had Not Been Drinking","2. No,2. No","1. Not Ejected,3. Totally Ejected","No,No","No,No","3. Lap and Shoulder Belt,9. Not Applicable","1. Not Obscured,1. Not Obscured",,,1,541969,28TH ST(B)/,0,0,"0.Two-way, non-divided","22,20",1. On Roadway,"0,0",I,I.Urban Collector,Other City or Town Streets (not state maintained),Not GUARDRAIL,Not HIT_RUN,"12,9",1,3. Three Approaches,142105252,C,0,0,36.85546,36.85546,0,0.07,Not LRTRUCK,4. Darkness - Road Lighted,LOCATED,-75.97716,-75.97716,MAINLINE,MAIN,0,0,0,0,0,Undivided Roadway,"22,20",Not MOTORCYCLE,541303,541303. 13408578      13408719      13408719,9608,8441,8519,8210,7819,2,1,0.27,SEC_URBAN,,,,,,,,,0,0,38,0,1,,0,0,,,,,,,,,Not PED,,1,0,Virginia Beach,134,5,NOT-RD,9. Within Intersection,0,0.5,0.72,1. Straight - Level,1. No Defects,"1. Two-Way, Not Divided",1. Dry,"2. Blacktop, Asphalt, Bituminous",2700 ATLANTIC AVE,URB,UR,R-VA134UR08719SB,"Urbanized (Population 200,000 and over)",3. No,"0,0",8390,7490,7559,7285,6867,Not SENIOR,Left and Right sides,"10,5",25,Not SPEED,25,541968,0,"1. Yes,2. No",0,"0,0",0AM TO 3AM,1,1,1. No Traffic Control,6. No Traffic Control Device Present,Not a Parkway - Trucks and Commercial Vehicles Allowed,"1,2","1. Passenger car,9. Bicycle",Lexus,"3. Making Left Turn,1. Going Straight Ahead","ES 330,BICYCLE",2004,5,5.Hampton Roads,1. No Adverse Condition (Clear/Cloudy),Not Provided,2. No,Not Provided,YOUNG
Partial Access Control,Not ALCIHOL,Urban,0,0,"N/A, Unknown, or Unstabilized",114-07026-W002A(L)/114-07026-E002B(L)/RAMP TO,Not UNBELTED,39,Male,C,1,BIKE,6.92,0,0,,2. Angle,"Not Provided,Not Provided","Not Provided,Not Provided",SR00134,6.934,4,11/2/2015,11/2/2015,22. Bicycle,1949,C.Non-Visible Injury,2015,None,1,1,Hampton,Urban,22. Bicycle,MAIN,6PM TO 9PM,114.Hampton,74,Intersection,Reset Filters,VDOT_OTHER,Monday,Not DEER,"East,North",,5,1,153075119,51,Male,"C,PDO","1,2","11. Did Not Have Right-of-Way,1. No Improper Action","3. Unavailable/Not Applicable,2. Not Deployed","4. No Test,Not Applicable","1. No Defects,1. No Defects","Not Applicable,Not Applicable","6. Unknown,1. Had Not Been Drinking","3. Unknown,2. No","2. Partially Ejected,1. Not Ejected","No,No","No,No","8. No Restraint Used,3. Lap and Shoulder Belt","1. Not Obscured,1. Not Obscured",,,7,702862,SR-00134-W007B(L)/RAMP TO RT 7026,0,2,"2.Divided, partial control of access","20,22",1. On Roadway,"0,0",E,E.Urban Other Principle Arterials; Connecting Links of Other Rural Principal Arterial,Urban Extensions - Primary Routes,Not GUARDRAIL,Not HIT_RUN,"6,12",1,"5. Five-Point, or More",153075119,C,0,0,37.06012,37.06012,6,0.03,Not LRTRUCK,4. Darkness - Road Lighted,LOCATED,-76.4012,-76.4012,MAINLINE,MAIN,4,4,Grass/Unprotected,40,40,Divided Roadway,"20,22",Not MOTORCYCLE,756260,756260.  SR00134       SR00134      11407026E002B 11407026W002A,30850,,31892,31857,33115,4,1,0.014,PRI_URBAN,,,,,,,,,0,136,44,0,1,,0,0,,,,,,,,,Not PED,,1,0,Hampton,114,5,NOT-RD,9. Within Intersection,6,6.75,6.93,1. Straight - Level,1. No Defects,"3. Two-Way, Divided, Positive Median Barrier",2. Wet,"2. Blacktop, Asphalt, Bituminous",MAGRUDER BLVD,STPRI,SR,R-VA   SR00134WB,"Urbanized (Population 200,000 and over)",3. No,"0,0",30850,,31892,31857,33115,Not SENIOR,None,"0,20","50,50",Not SPEED,"50,50",756260,0,"2. No,2. No",0,"0,0",6PM TO 9PM,1,1,3. Traffic Signal,1. Yes - Working,Truck Access System,"1,2","9. Bicycle,22. Truck - Sport Utility Vehicle (SUV)","OTH,JEEP","1. Going Straight Ahead,3. Making Left Turn","UNKNOWN,CHEROKEE",,5,5.Hampton Roads,1. No Adverse Condition (Clear/Cloudy),Not Provided,2. No,Not Provided,Not YOUNG
No Access Control,Not ALCIHOL,Urban,0,0,Bituminous Concrete (Black Base),FRANKTOWN ROAD(L)/,Not UNBELTED,9,Male,C,2,BIKE,1.75,0,0,,2. Angle,"Not Provided,Not Provided","Not Provided,Not Provided",11407053,1.753,3,11/3/2015,11/3/2015,22. Bicycle,1648,C.Non-Visible Injury,2015,Left and Right sides,1,1,Hampton,Urban,22. Bicycle,MAIN,3PM TO 6PM,114.Hampton,829,Intersection,Reset Filters,VDOT_OTHER,Tuesday,Not DEER,"North,West",DISTRACTED,5,1,153245271,,Not Provided,"PDO,C","1,2","34. Hit and Run,1. No Improper Action","Not Provided,3. Unavailable/Not Applicable","4. No Test,Not Applicable","9. Unknown,1. No Defects","11. Other,Not Applicable","6. Unknown,1. Had Not Been Drinking","3. Unknown,2. No","Not Provided,3. Totally Ejected","No,No","Yes,No","Not Provided,8. No Restraint Used","13. Other,Not Applicable",,,2,253546,BOYKIN LANE(R)/,0,1,"1.Divided, no control of access","20,20",1. On Roadway,"0,0",I,I.Urban Collector,Other City or Town Streets (not state maintained),Not GUARDRAIL,HIT_RUN,"12,9",1,1. Not at Intersection,153245271,C,0,0,37.05116,37.05116,0,0.06,Not LRTRUCK,3. Dusk,LOCATED,-76.30299,-76.30299,MAINLINE,MAIN,0,0,Curbed Grass,16,16,Divided Roadway,"22,20",Not MOTORCYCLE,253109,253109.  SR00169       SR00169      11407053,8857,8661,7730,7454,7605,2,1,0.157,SEC_URBAN,,,,,,,,,0,0,50,0,1,,0,0,,,,,,,,,Not PED,,1,0,Hampton,114,5,NOT-RD,1. Main-Line Roadway,0,1.75,1.75,1. Straight - Level,1. No Defects,"2. Two-Way, Divided, Unprotected Median",1. Dry,"2. Blacktop, Asphalt, Bituminous",2402 ANDREWS BLVD,URB,UR,R-VA114UR07053EB,"Urbanized (Population 200,000 and over)",3. No,"22,0",5083,4971,4399,4242,4328,Not SENIOR,Left and Right sides,"0,0","30,30",Not SPEED,"30,30",253545,0,"3. Pending,2. No",0,"0,0",3PM TO 6PM,1,1,1. No Traffic Control,6. No Traffic Control Device Present,Not a Parkway - Trucks and Commercial Vehicles Allowed,"1,2","1. Passenger car,9. Bicycle",UNK,"1. Going Straight Ahead,15. Other","UNKNOWN,UNKNOWN",0,5,5.Hampton Roads,1. No Adverse Condition (Clear/Cloudy),Not Provided,2. No,Not Provided,Not YOUNG
No Access Control,Not ALCIHOL,Urban,0,0,Bituminous Concrete (Black Base),MAG.-CUNNINGHAM CONN,Not UNBELTED,70,Not Provided,C,2,BIKE,3.82,0,0,,2. Angle,"Not Provided,Not Provided","Not Provided,Not Provided",SR00152,4.084,3,3/12/2013,3/12/2013,22. Bicycle,1844,C.Non-Visible Injury,2013,Left and Right sides,1,1,Hampton,Urban,22. Bicycle,MAIN,6PM TO 9PM,114.Hampton,"4,615",Intersection,Reset Filters,VDOT_OTHER,Tuesday,Not DEER,"West,Not Provided",,5,1,131560248,,0,"PDO,C","1,2","34. Hit and Run,1. No Improper Action","Not Provided,3. Unavailable/Not Applicable","Not Applicable,4. No Test","9. Unknown,1. No Defects","Not Applicable,Not Applicable","Not Applicable,1. Had Not Been Drinking","Not Applicable,2. No","Not Provided,3. Totally Ejected","NotProvided,Yes","Yes,No","Not Provided,8. No Restraint Used","Not Applicable,1. Not Obscured",,,4,253074,EXECUTIVE DRIVE(L)/,0,0,"0.Two-way, non-divided","22,0",1. On Roadway,"0,0",H,H.Urban Minor Arterial,Urban Extensions - Primary Routes,Not GUARDRAIL,HIT_RUN,"12,0",1,4. Four Approaches,131560248,C,0,0,37.045756,37.045756,0,0.27,Not LRTRUCK,2. Daylight,LOCATED,-76.396273,-76.396273,MAINLINE,MAIN,0,0,0,0,0,Undivided Roadway,"22,0",Not MOTORCYCLE,253068,253068.  SR00152       SR00152      11407025,23815,23289,22824,22011,22457,4,1,0.874,PRI_URBAN,,,,,,,,,0,0,60,0,1,,0,0,,,,,,,,,Not PED,,1,0,Hampton,114,5,NOT-RD,9. Within Intersection,0,4,4.09,1. Straight - Level,1. No Defects,"2. Two-Way, Divided, Unprotected Median",2. Wet,"2. Blacktop, Asphalt, Bituminous",cunningham driive,STPRI,SR,R-VA   SR00152WB,"Urbanized (Population 200,000 and over)",3. No,"0,0",20485,20032,20767,20027,20433,SENIOR,None,12,"0,35",Not SPEED,"0,35",253073,0,"Not Provided,2. No",0,"0,0",6PM TO 9PM,1,1,14. Ped Crosswalk,1. Yes - Working,Not a Parkway - Trucks and Commercial Vehicles Allowed,"1,2","Not Applicable,9. Bicycle",,"1. Going Straight Ahead,1. Going Straight Ahead",,,5,5.Hampton Roads,5. Rain,Not Provided,2. No,Not Provided,Not YOUNG
No Access Control,Not ALCIHOL,Urban,0,0,Dual Type,122-08623(L)/BAY AV,Not UNBELTED,12,Male,B,2,BIKE,405.81,1,1,,2. Angle,"Not Provided,Not Provided","Not Provided,Not Provided",US00460,406.029,3,3/13/2013,3/13/2013,22. Bicycle,1500,B.Visiible Injury,2013,Left and Right sides,0,0,Norfolk,Urban,22. Bicycle,MAIN,12PM TO 3PM,122.Norfolk,"1,156",Intersection,Reset Filters,VDOT_OTHER,Wednesday,Not DEER,"East,North",,5,1,131610141,40,0,"PDO,B","1,2","34. Hit and Run,1. No Improper Action","2. Not Deployed,3. Unavailable/Not Applicable","Not Applicable,Not Applicable","1. No Defects,1. No Defects","Not Applicable,Not Applicable","1. Had Not Been Drinking,Not Applicable","2. No,Not Applicable","1. Not Ejected,3. Totally Ejected","No,No","No,No","3. Lap and Shoulder Belt,9. Not Applicable","5. Trees, Crops, etc.,1. Not Obscured",,,406,483735,MAPLE AVE(B)/,0,1,"1.Divided, no control of access","22,20",1. On Roadway,"0,0",H,H.Urban Minor Arterial,Urban Extensions - Primary Routes,Not GUARDRAIL,HIT_RUN,"12,9",1,4. Four Approaches,131610141,C,0,0,36.944892,36.944892,0,0.29,Not LRTRUCK,2. Daylight,LOCATED,-76.259497,-76.259497,MAINLINE,MAIN,4,4,0,48,48,Divided Roadway,"22,20",Not MOTORCYCLE,483736,483736.  US00460       US00460      12208623,14715,13878,14006,13498,12571,4,1,0.219,PRI_URBAN,,,,,,,,,0,220,46,0,1,,0,0,,,,,,,,,Not PED,,1,0,Norfolk,122,5,NOT-RD,"15. Other Crossing (Crossing for Bikes, School, etc.)",0,406,406.03,1. Straight - Level,1. No Defects,"1. Two-Way, Not Divided",1. Dry,"2. Blacktop, Asphalt, Bituminous",100 W GILPIN AVE,USPRI,US,R-VA   US00460WB,"Urbanized (Population 200,000 and over)",3. No,"0,0",13586,12420,12535,12080,11719,Not SENIOR,None,5,"25,0",Not SPEED,"25,0",483736,0,"3. Pending,2. No",0,"0,0",12PM TO 3PM,1,1,4. Stop Sign,1. Yes - Working,Not a Parkway - Trucks and Commercial Vehicles Allowed,"1,2","1. Passenger car,9. Bicycle","MSSAN,PACIFIC","2. Making Right Turn,15. Other","MAXIMA,BICYCLE",2004,5,5.Hampton Roads,1. No Adverse Condition (Clear/Cloudy),Not Provided,2. No,Not Provided,Not YOUNG
No Access Control,Not ALCIHOL,Urban,0,0,Dual Type,JB-137/NCL WILLIAMSBURG/,Not UNBELTED,20,Female,C,1,BIKE,236.75,0,0,,13. Bicyclist,"Not Provided,Not Provided","Not Provided,Not Provided",US00060,236.985,3,7/21/2014,7/21/2014,20. Motor Vehicle In Transport,1629,C.Non-Visible Injury,2014,Right side,1,1,Williamsburg,Urban,20. Motor Vehicle In Transport,MAIN,3PM TO 6PM,137.Williamsburg,"2,402",Intersection,Reset Filters,VDOT_OTHER,Monday,Not DEER,"North,East",,5,1,142310003,57,Female,"C,PDO","1,2","11. Did Not Have Right-of-Way,1. No Improper Action","3. Unavailable/Not Applicable,2. Not Deployed","4. No Test,4. No Test","1. No Defects,1. No Defects","Not Applicable,Not Applicable","1. Had Not Been Drinking,1. Had Not Been Drinking","2. No,2. No","3. Totally Ejected,1. Not Ejected","No,No","No,No","8. No Restraint Used,3. Lap and Shoulder Belt","1. Not Obscured,1. Not Obscured",,,237,398769,JB-137/NCL WILLIAMSBURG/,0.44,1,"1.Divided, no control of access","22,20",2. Shoulder,"0,0",E,E.Urban Other Principle Arterials; Connecting Links of Other Rural Principal Arterial,Urban Extensions - Primary Routes,Not GUARDRAIL,Not HIT_RUN,"11,12",1,2. Two Approaches,142310003,C,0,0,37.30644,37.30644,6,0.41,Not LRTRUCK,2. Daylight,LOCATED,-76.72973,-76.72973,MAINLINE,MAIN,3,3,Grass/Unprotected,120,42,Divided Roadway,"22,20",Not MOTORCYCLE,398129,398129.  4700645       US00060       US00060,24206,23710,21917,21201,21594,4,1,0.455,PRI_URBAN,,,,,,,,,0,82,56,0,1,,0,0,,,,,,,,,Not PED,,1,0,Williamsburg,137,5,NOT-RD,9. Within Intersection,0,236.75,236.98,1. Straight - Level,1. No Defects,"3. Two-Way, Divided, Positive Median Barrier",1. Dry,"2. Blacktop, Asphalt, Bituminous",RICHMOND ROAD,USPRI,US,R-VA   US00060EB,"Urbanized (Population 200,000 and over)",3. No,"0,0",22422,21926,20109,19393,19786,Not SENIOR,Right side,3,"35,35",Not SPEED,"35,35",398769,0.03,"2. No,2. No",0,"0,0",3PM TO 6PM,1,1,6. Traffic Lanes Marked,1. Yes - Working,Not a Parkway - Trucks and Commercial Vehicles Allowed,"1,2","9. Bicycle,22. Truck - Sport Utility Vehicle (SUV)","SCHWINN,MERCEDES","1. Going Straight Ahead,16. Entering Street From Parking Lot","FRONTIER,SUV",2010,5,5.Hampton Roads,1. No Adverse Condition (Clear/Cloudy),Not Provided,2. No,Not Provided,YOUNG
Partial Access Control,Not ALCIHOL,Urban,0,0,Bituminous Concrete (Black Base),121-07027(B)/TERRACE DRIVE(R)/,Not UNBELTED,17,Male,C,1,BIKE,0.34,0,0,,13. Bicyclist,"Not Provided,Not Provided","Not Provided,Not Provided",12100006,0.346,3,7/23/2014,7/23/2014,22. Bicycle,1435,C.Non-Visible Injury,2014,Left side,1,1,Newport News,Urban,22. Bicycle,MAIN,12PM TO 3PM,121.Newport News,"1,827",Intersection,Reset Filters,VDOT_OTHER,Wednesday,Not DEER,"West,East",,5,1,150130001,23,Female,"C,PDO","1,2","11. Did Not Have Right-of-Way,1. No Improper Action","Not Provided,2. Not Deployed","Not Applicable,4. No Test","8. Other,1. No Defects","Not Applicable,Not Applicable","1. Had Not Been Drinking,1. Had Not Been Drinking","Not Applicable,2. No","Not Provided,1. Not Ejected","No,No","No,No","8. No Restraint Used,3. Lap and Shoulder Belt","1. Not Obscured,1. Not Obscured",,,1,734334,114-07026(U)/JB-114-121/,0,2,"2.Divided, partial control of access","20,22",1. On Roadway,"0,0",B,B.Urban Freeways and Expressways; Connecting Links of Rural Principle Arterial,Other City or Town Streets (not state maintained),Not GUARDRAIL,Not HIT_RUN,"12,1",1,3. Three Approaches,150130001,C,0,0,37.06452,37.06452,0,0.29,Not LRTRUCK,2. Daylight,LOCATED,-76.45384,-76.45384,MAINLINE,MAIN,3,3,Grass/Unprotected,54,40,Divided Roadway,"20,22",Not MOTORCYCLE,646359,646359. 12100006      12107027      12107027,31284,30865,32832,31931,32374,4,1,0.346,SEC_URBAN,,,,,,,,,3.8,0,50,0,1,,0,0,,,,,,,,,Not PED,,1,0,Newport News,121,5,NOT-RD,9. Within Intersection,8,0.25,0.35,1. Straight - Level,1. No Defects,"3. Two-Way, Divided, Positive Median Barrier",1. Dry,"2. Blacktop, Asphalt, Bituminous",HAMPTON ROADS CENTER PKWY,URB,UR,R-VA121UR00006WB,"Urbanized (Population 200,000 and over)",3. No,"0,0",21321,21396,21819,21579,21608,Not SENIOR,Left side,"3,2","45,45",Not SPEED,"45,45",646359,0.34,"2. No,2. No",0,"0,0",12PM TO 3PM,1,1,3. Traffic Signal,1. Yes - Working,Not a Parkway - Trucks and Commercial Vehicles Allowed,"1,2","9. Bicycle,22. Truck - Sport Utility Vehicle (SUV)",JEEP,"1. Going Straight Ahead,2. Making Right Turn",LIBERTY,2011,5,5.Hampton Roads,1. No Adverse Condition (Clear/Cloudy),Not Provided,2. No,Not Provided,YOUNG
No Access Control,Not ALCIHOL,Urban,0,0,"Stabilized with Selected Material (Soil,Gravel,Stone,etc.)",134-08688(B)/,Not UNBELTED,40,Female,B,1,BIKE,1.99,1,1,,2. Angle,"Not Provided,Not Provided","Not Provided,Not Provided",13408687,1.99,4,11/5/2015,11/5/2015,22. Bicycle,1741,B.Visiible Injury,2015,None,0,0,Virginia Beach,Urban,22. Bicycle,MAIN,3PM TO 6PM,134.Virginia Beach,0,Intersection,Reset Filters,VDOT_OTHER,Thursday,Not DEER,"East,North",,5,1,153115138,38,Male,"B,PDO","1,2","21. Disregarded Traffic Signal,1. No Improper Action","3. Unavailable/Not Applicable,2. Not Deployed","4. No Test,4. No Test","1. No Defects,1. No Defects","14. No Driver Distraction,14. No Driver Distraction","1. Had Not Been Drinking,1. Had Not Been Drinking","2. No,2. No","1. Not Ejected,1. Not Ejected","Yes,No","No,No","5. Helmet,3. Lap and Shoulder Belt","1. Not Obscured,1. Not Obscured",,,2,541682,MIRROR LAKE DR(R)/,0,1,"1.Divided, no control of access","20,22",1. On Roadway,"0,0",H,H.Urban Minor Arterial,Other City or Town Streets (not state maintained),Not GUARDRAIL,Not HIT_RUN,"3,12",1,4. Four Approaches,153115138,C,0,0,36.78485,36.78485,0,0.16,Not LRTRUCK,4. Darkness - Road Lighted,LOCATED,-76.04982,-76.04982,MAINLINE,MAIN,0,0,Curbed Grass,20,8,Divided Roadway,"20,22",Not MOTORCYCLE,715408,715408. 13408687      13408687      13408688      13408688,53285,54484,54988,52992,48548,4,1,0,SEC_URBAN,,,,,,,,,0,0,54,0,1,,0,0,,,,,,,,,Not PED,,1,0,Virginia Beach,134,5,NOT-RD,9. Within Intersection,0,1.75,1.98,1. Straight - Level,1. No Defects,"2. Two-Way, Divided, Unprotected Median",1. Dry,"2. Blacktop, Asphalt, Bituminous",1581-1635 London Bridge Road,URB,UR,R-VA134UR08687WB,"Urbanized (Population 200,000 and over)",3. No,"0,0",25583,24676,24904,24000,21239,Not SENIOR,None,"25,35","55,55",Not SPEED,"55,55",715408,0,"1. Yes,2. No",0,"0,0",3PM TO 6PM,1,1,3. Traffic Signal,1. Yes - Working,Not a Parkway - Trucks and Commercial Vehicles Allowed,"1,2","9. Bicycle,1. Passenger car","BICYCLE,LEXUS","1. Going Straight Ahead,1. Going Straight Ahead","UNK,GS 350",2010,5,5.Hampton Roads,1. No Adverse Condition (Clear/Cloudy),Not Provided,2. No,Not Provided,Not YOUNG