Access Control,Alcohol Notalcohol,Area Type1,A Crash,A People,Basetypedesc,Begin Node Dsc,Belted Unbelted,Bikeage,Bikegen,Bikeinjurytype,Bikevehiclenumber,Bike Nonbike,BMP,B Crash,B People,Carspeedlimit,Collision Type,Comm Cargo Body Type Cd,Comm Vehicle Body Type Cd,Cotedrouteid,Coted Mp,Count App,CRASH_DT (copy),Crash Dt,Crash Event Type Dsc,Crash Military Tm,Crash Severity,Crash Year,Curbgutterdesc,C Crash,C People,Juris Name Used,Area Type Used,First Harmful Event of Entire Crash,MAINLINE,Time Slicing Used,Phy_Juris_Nm,Offset-Ft,Intersection Analysis,Clear,Calculation_9640323132123359,Day Of Week,Deer Nodeer,Direction Of Travel Cd,Distracted Notdistracted,VSP,TOTAL CRASH,Document Nbr,Driverage,Drivergen,Driverinjurytype,Drivervehiclenumber,Driver Action Type Cd,Driver Airbag Deployment,Driver Alcohol Test Type Cd,Driver Condition Type Cd,Driver Distraction Type Cd,Driver Drinking Type Cd,Driver Drug Use Cd,Driver Ejected From Vehicle,Driver Ems Transport Ind,Driver Fled Scene Ind,Driver Safety Equip Used,Driver Vis Obscured Type Cd,Drowsy Notdrowsy,Drug Nodrug,EMP,End Node,End Node Dsc,End Offset,Facility,FAC,First Crash Event Cd,First Harmful Event,Fourth Crash Event Cd,Functionalclass,FUN,Govcondesc,Gr Nogr,Hitrun Not Hitrun,Initial Veh Impact Area Cd,Injury Crashes,Intersection Type,Int Doc,Jurtype,K_CRASH,K People,LAT (copy),LAT,Leftshoulderwidth,Length,Lgtruck Nonlgtruck,Light Condition,Located Unlocated,LON (copy),LON,MAINLINE (group),Mainline Yn,Medianleftshoulderwidth,Medianrightshoulderwidth,Mediantypedesc,Medianwidthmax,Medianwidthmin,Median Type,Most Harmful Crash Event Cd,Motor Nonmotor,Node,Node Info,Node Totaadt2011,Node Totaadt2012,Node Totaadt2013,Node Totaadt2014,Node Totaadt2015,Numberoflane,Number of Records,Offset,Ownership,Passage,Passgen,Passinjurytype,Passvehiclenumber,Pass Airbag Deployment,Pass Ejected From Vehicle,Pass Ems Transport Ind,Pass Safety Equip Used,Pavementconditionvalue,Pavementroughnessvalue,Pavementwidth,Pdo Crash,Total People Killed & Injured,Pedage,Pedestrians Injured,Pedestrians Killed,Pedgen,Pedinjurytype,Pednumber,Ped Action,Ped Al Test,Ped Cond,Ped Drink,Ped Drug,Ped Nonped,Ped Rflct,Persons Injured,Persons Killed,Physical Juris Nm,PJR,VSP_Used,Rd Type,Relation To Roadway,Rightshoulderwidth,RNS_MP (0.25 mi bin),Rns Mp,Roadway Alignment,Roadway Defect,Roadway Description,Roadway Surface Cond,Roadway Surface Type,Route Or Street Nm,Rte Category Cd,Rte Cat,Rte Nm,Ruralurbandesc,School Zone,Second Crash Event Cd,Segtotaadt2011,Segtotaadt2012,Segtotaadt2013,Segtotaadt2014,Segtotaadt2015,Senior Notsenior,Sidewalkdesc,Speed Before,Speed Max Safe,Speed Notspeed,Speed Posted,Start Node,Start Offset,Summons Issued Cd,Surfacedesc,Third Crash Event Cd,Time Slicing,Total Crashes including Property Damage Only,Total Crash,Traffic Control Type,Trfc Ctrl Status Type,Truckcommr,Vehiclenumber,Vehicle Body Type Cd,Vehicle Make Nm,Vehicle Maneuver Type Cd,Vehicle Model Nm,Vehicle Year Nbr,District,District_Used ,Weather Condition,Work Zone Location,Work Zone Related,Work Zone Type,Young Notyoung
No Access Control,Not ALCIHOL,Urban,0,0,"N/A, Unknown, or Unstabilized",1SR-00337-P(L)/122-08580(L)/MAY STREET(R)/& C,Not UNBELTED,55,Male,C,2,BIKE,26.68,0,0,,13. Bicyclist,"Not Provided,Not Provided","Not Provided,Not Provided",SR00337,27.02,4,7/25/2014,7/25/2014,22. Bicycle,1230,C.Non-Visible Injury,2014,Left and Right sides,1,1,Norfolk,Urban,22. Bicycle,MAIN,12PM TO 3PM,122.Norfolk,211,Intersection,Reset Filters,VDOT_OTHER,Friday,Not DEER,"West,South",,5,1,142320023,74,Female,"PDO,C","1,2","37. Other,1. No Improper Action","2. Not Deployed,3. Unavailable/Not Applicable","Not Applicable,Not Applicable","1. No Defects,Not Applicable","Not Applicable,Not Applicable","Not Applicable,Not Applicable","Not Applicable,Not Applicable","1. Not Ejected,1. Not Ejected","No,Yes","No,No","3. Lap and Shoulder Belt,9. Not Applicable","1. Not Obscured,1. Not Obscured",,,27,483415,SR-00168(L)/US-00460(B)/,0,1,"1.Divided, no control of access","22,20",1. On Roadway,"0,0",E,E.Urban Other Principle Arterials; Connecting Links of Other Rural Principal Arterial,Urban Extensions - Primary Routes,Not GUARDRAIL,Not HIT_RUN,"2,7",1,4. Four Approaches,142320023,C,0,0,36.85332,36.85332,0,0.38,Not LRTRUCK,2. Daylight,LOCATED,-76.28031,-76.28031,MAINLINE,MAIN,0,0,0,0,0,Divided Roadway,"22,20",Not MOTORCYCLE,483415,483415.  SR00168       SR00337       US00460       US00460,55523,52794,53072,51146,61117,7,1,0.04,PRI_URBAN,,,,,,,,,0,0,0,0,1,,0,0,,,,,,,,,Not PED,,1,0,Norfolk,122,5,NOT-RD,9. Within Intersection,0,399,399.09,1. Straight - Level,1. No Defects,"3. Two-Way, Divided, Positive Median Barrier",1. Dry,"2. Blacktop, Asphalt, Bituminous",E BRAMBLETON AVE,STPRI,SR,R-VA   SR00337EB,"Urbanized (Population 200,000 and over)",3. No,"0,0",21525,19907,19422,18279,21893,SENIOR,Left and Right sides,"2,0","30,30",Not SPEED,"30,30",483666,0,"2. No,2. No",0,"0,0",12PM TO 3PM,1,1,6. Traffic Lanes Marked,1. Yes - Working,Not a Parkway - Trucks and Commercial Vehicles Allowed,"1,2","1. Passenger car,9. Bicycle","HONDA,BICYCLE","2. Making Right Turn,8. Stopped in Traffic Lane",CRV,2000,5,5.Hampton Roads,1. No Adverse Condition (Clear/Cloudy),Not Provided,2. No,Not Provided,Not YOUNG
No Access Control,Not ALCIHOL,Urban,0,0,"N/A, Unknown, or Unstabilized",134-08722(B)/22SD ST,Not UNBELTED,63,Male,K,2,BIKE,302.68,0,0,,2. Angle,"Not Provided,Not Provided","Not Provided,Not Provided",US00060,302.682,4,7/26/2014,7/26/2014,20. Motor Vehicle In Transport,1858,K.Fatal Injury,2014,Left and Right sides,0,0,Virginia Beach,Urban,20. Motor Vehicle In Transport,MAIN,6PM TO 9PM,134.Virginia Beach,11,Intersection,Reset Filters,VDOT_OTHER,Saturday,Not DEER,"North,East",,5,1,142285191,28,Male,"PDO,K","1,2","1. No Improper Action,11. Did Not Have Right-of-Way","2. Not Deployed,3. Unavailable/Not Applicable","Not Applicable,Not Applicable","1. No Defects,9. Unknown","14. No Driver Distraction,14. No Driver Distraction","1. Had Not Been Drinking,6. Unknown","2. No,3. Unknown","1. Not Ejected,1. Not Ejected","No,Yes","No,No","3. Lap and Shoulder Belt,8. No Restraint Used","1. Not Obscured,1. Not Obscured",,,303,541108,134-08722(B)/22SD ST,0.05,1,"1.Divided, no control of access","22,20",1. On Roadway,"0,0",E,E.Urban Other Principle Arterials; Connecting Links of Other Rural Principal Arterial,Urban Extensions - Primary Routes,Not GUARDRAIL,Not HIT_RUN,"11,12",0,4. Four Approaches,142285191,C,1,1,36.84999,36.84999,0,0.05,Not LRTRUCK,2. Daylight,LOCATED,-75.97684,-75.97684,MAINLINE,MAIN,0,0,Curbed (solid raised),2,2,Divided Roadway,"22,20",Not MOTORCYCLE,541108,541108.  US00060       US00060      13408722      13408722,25340,24166,24141,23764,24222,4,1,0.002,PRI_URBAN,,,,,,,,,0,235,44,0,1,,0,0,,,,,,,,,Not PED,,0,1,Virginia Beach,134,5,NOT-RD,9. Within Intersection,0,302.5,302.68,1. Straight - Level,1. No Defects,"2. Two-Way, Divided, Unprotected Median",1. Dry,"2. Blacktop, Asphalt, Bituminous",2198 PACIFIC AVENUE,USPRI,US,R-VA   US00060WB,"Urbanized (Population 200,000 and over)",3. No,"0,0",17719,17603,17500,17399,15837,Not SENIOR,Left and Right sides,20,"35,35",Not SPEED,"35,35",541108,0,"2. No,2. No",0,"0,0",6PM TO 9PM,1,1,3. Traffic Signal,1. Yes - Working,Not a Parkway - Trucks and Commercial Vehicles Allowed,"1,2","22. Truck - Sport Utility Vehicle (SUV),9. Bicycle","Nissan,UNK","1. Going Straight Ahead,1. Going Straight Ahead","Pathfinder,BICYCLE",2007,5,5.Hampton Roads,1. No Adverse Condition (Clear/Cloudy),Not Provided,2. No,Not Provided,Not YOUNG
No Access Control,Not ALCIHOL,Urban,0,0,"N/A, Unknown, or Unstabilized",122-08637(R)/MERRIMAC AV,Not UNBELTED,33,Male,C,1,BIKE,9.41,0,0,,2. Angle,"Not Provided,Not Provided","Not Provided,Not Provided",SR00166,9.654,4,11/9/2015,11/9/2015,20. Motor Vehicle In Transport,731,C.Non-Visible Injury,2015,Left and Right sides,1,1,Norfolk,Urban,20. Motor Vehicle In Transport,MAIN,6AM TO 9AM,122.Norfolk,296,Intersection,Reset Filters,VDOT_OTHER,Monday,Not DEER,"East,North",,5,1,153550019,22,Female,"C,PDO","1,2","11. Did Not Have Right-of-Way,1. No Improper Action","3. Unavailable/Not Applicable,2. Not Deployed","4. No Test,4. No Test","1. No Defects,1. No Defects","Not Applicable,Not Applicable","1. Had Not Been Drinking,1. Had Not Been Drinking","2. No,2. No","1. Not Ejected,1. Not Ejected","No,No","No,No","9. Not Applicable,3. Lap and Shoulder Belt","1. Not Obscured,1. Not Obscured",,,10,483357,122-08637(R)/MERRIMAC AV,0.25,0,"0.Two-way, non-divided","20,20",1. On Roadway,"0,0",E,E.Urban Other Principle Arterials; Connecting Links of Other Rural Principal Arterial,Urban Extensions - Primary Routes,Not GUARDRAIL,Not HIT_RUN,"12,8",1,4. Four Approaches,153550019,C,0,0,36.85957,36.85957,0,0.25,Not LRTRUCK,2. Daylight,LOCATED,-76.25051,-76.25051,MAINLINE,MAIN,0,0,0,0,0,Undivided Roadway,"20,20",Not MOTORCYCLE,483356,483356.  SR00166       SR00166      12208573      12208573,31516,29333,29305,28964,30104,4,1,0.056,PRI_URBAN,,,,,,,,,0,250,44,0,1,,0,0,,,,,,,,,Not PED,,1,0,Norfolk,122,5,NOT-RD,9. Within Intersection,0,9.5,9.65,1. Straight - Level,1. No Defects,"1. Two-Way, Not Divided",2. Wet,"2. Blacktop, Asphalt, Bituminous",2100 BLK VINCENT AVE,STPRI,SR,R-VA   SR00166EB,"Urbanized (Population 200,000 and over)",3. No,"0,0",18481,16449,16334,16385,17840,Not SENIOR,Left and Right sides,"10,20","30,30",Not SPEED,"30,30",483357,0,"1. Yes,2. No",0,"0,0",6AM TO 9AM,1,1,1. No Traffic Control,6. No Traffic Control Device Present,Not a Parkway - Trucks and Commercial Vehicles Allowed,"1,2","9. Bicycle,1. Passenger car","SCHWINN,BUICK","1. Going Straight Ahead,3. Making Left Turn","SIDEWINDER,CENTURY",2001,5,5.Hampton Roads,5. Rain,Not Provided,2. No,Not Provided,Not YOUNG
,Not ALCIHOL,Urban,0,0,,,Not UNBELTED,24,Male,C,2,BIKE,,0,0,,2. Angle,"Not Provided,Not Provided","Not Provided,Not Provided",,,,11/10/2015,11/10/2015,22. Bicycle,1012,C.Non-Visible Injury,2015,,1,1,Virginia Beach,Urban,22. Bicycle,MAIN,9AM TO 12PM,134.Virginia Beach,,Not Intersection,Reset Filters,VDOT_OTHER,Tuesday,Not DEER,"West,South",,5,1,153585072,76,Male,"PDO,C","1,2","11. Did Not Have Right-of-Way,1. No Improper Action","2. Not Deployed,3. Unavailable/Not Applicable","4. No Test,Not Applicable","1. No Defects,1. No Defects","14. No Driver Distraction,14. No Driver Distraction","1. Had Not Been Drinking,1. Had Not Been Drinking","2. No,2. No","1. Not Ejected,1. Not Ejected","No,Yes","No,No","3. Lap and Shoulder Belt,8. No Restraint Used","1. Not Obscured,1. Not Obscured",,,,,,,,,"22,20",1. On Roadway,"0,0",,,,Not GUARDRAIL,Not HIT_RUN,"12,9",1,4. Four Approaches,,C,0,0,36.85318,36.85318,,,Not LRTRUCK,2. Daylight,UNLOCATED,-76.02261,-76.02261,MAINLINE,,,,,,,,"22,20",Not MOTORCYCLE,,.,,,,,,,1,,SEC_URBAN,,,,,,,,,,,,0,1,,0,0,,,,,,,,,Not PED,,1,0,Virginia Beach,134,5,NOT-RD,9. Within Intersection,,,,1. Straight - Level,1. No Defects,"1. Two-Way, Not Divided",1. Dry,"2. Blacktop, Asphalt, Bituminous",1600 LAUREL LA,UNKWN,SC,U-VA134SC99999UK,,3. No,"0,0",,,,,,SENIOR,,"15,5","25,25",Not SPEED,"25,25",,,"2. No,Not Provided",,"0,0",9AM TO 12PM,1,1,3. Traffic Signal,1. Yes - Working,,"1,2","22. Truck - Sport Utility Vehicle (SUV),9. Bicycle",TOYOTA,"2. Making Right Turn,1. Going Straight Ahead","HIGHLANDER,BICYCLE",2008,5,5.Hampton Roads,1. No Adverse Condition (Clear/Cloudy),Not Provided,2. No,Not Provided,Not YOUNG
No Access Control,Not ALCIHOL,Urban,0,0,Dual Type,SIGMAN STREET(L)/,Not UNBELTED,52,Male,C,2,BIKE,11.98,0,0,,2. Angle,"Not Provided,Not Provided","Not Provided,Not Provided",SR00166,12.017,4,11/11/2015,11/11/2015,20. Motor Vehicle In Transport,653,C.Non-Visible Injury,2015,None,1,1,Norfolk,Urban,20. Motor Vehicle In Transport,MAIN,6AM TO 9AM,122.Norfolk,333,Intersection,Reset Filters,VDOT_OTHER,Wednesday,Not DEER,"South,West",,5,1,153560019,64,Female,"PDO,C","1,2","11. Did Not Have Right-of-Way,1. No Improper Action","2. Not Deployed,3. Unavailable/Not Applicable","Not Applicable,Not Applicable","1. No Defects,1. No Defects","Not Applicable,Not Applicable","1. Had Not Been Drinking,1. Had Not Been Drinking","2. No,2. No","1. Not Ejected,3. Totally Ejected","No,Yes","No,No","3. Lap and Shoulder Belt,5. Helmet","12. Sun or Headlight Glare,1. Not Obscured",,,12,483352,SIGMAN STREET(L)/,0.21,1,"1.Divided, no control of access","22,20",1. On Roadway,"0,0",E,E.Urban Other Principle Arterials; Connecting Links of Other Rural Principal Arterial,Urban Extensions - Primary Routes,Not GUARDRAIL,Not HIT_RUN,"11,1",1,3. Three Approaches,153560019,C,0,0,36.87507,36.87507,5,0.04,Not LRTRUCK,2. Daylight,LOCATED,-76.2127,-76.2127,MAINLINE,MAIN,0,0,0,14,14,Divided Roadway,"22,20",Not MOTORCYCLE,755020,755020.  SR00165S033A  SR00165S034A  SR00166       SR00166,22179,20216,20074,20138,20253,4,1,0.063,PRI_URBAN,,,,,,,,,0,150,46,0,1,,0,0,,,,,,,,,Not PED,,1,0,Norfolk,122,5,NOT-RD,9. Within Intersection,5,12,12.02,1. Straight - Level,1. No Defects,"2. Two-Way, Divided, Unprotected Median",1. Dry,"2. Blacktop, Asphalt, Bituminous",1500 BLK COWAND AVE.,STPRI,SR,R-VA   SR00166WB,"Urbanized (Population 200,000 and over)",3. No,"0,39",22179,20216,20074,20138,20253,Not SENIOR,None,"5,20","25,40",Not SPEED,"25,40",483352,0.17,"2. No,2. No",0,"0,0",6AM TO 9AM,1,1,4. Stop Sign,1. Yes - Working,Not a Parkway - Trucks and Commercial Vehicles Allowed,"1,2","1. Passenger car,9. Bicycle","CHEVY,TRAK BIKE","3. Making Left Turn,1. Going Straight Ahead","MALIBU,MEN'S 15 SPEED",20122012,5,5.Hampton Roads,1. No Adverse Condition (Clear/Cloudy),Not Provided,2. No,Not Provided,Not YOUNG
,ALCOHOL,Urban,0,0,,,Not UNBELTED,55,Male,B,1,BIKE,,1,1,,2. Angle,"Not Provided,Not Provided","Not Provided,Not Provided",,,,11/11/2015,11/11/2015,22. Bicycle,1637,B.Visiible Injury,2015,,0,0,Virginia Beach,Urban,22. Bicycle,MAIN,3PM TO 6PM,134.Virginia Beach,,Not Intersection,Reset Filters,VDOT_OTHER,Wednesday,Not DEER,"East,South",,5,1,153255150,24,Female,"B,PDO","1,2","11. Did Not Have Right-of-Way,1. No Improper Action","3. Unavailable/Not Applicable,2. Not Deployed","4. No Test,Not Applicable","1. No Defects,1. No Defects","Not Applicable,Not Applicable","4. Drinking - Ability Not Impaired,1. Had Not Been Drinking","2. No,2. No","1. Not Ejected,1. Not Ejected","Yes,No","No,No","6. Other,3. Lap and Shoulder Belt","1. Not Obscured,1. Not Obscured",,,,,,,,,"20,22",1. On Roadway,"0,0",,,,Not GUARDRAIL,Not HIT_RUN,"3,12",1,1. Not at Intersection,,C,0,0,36.81169,36.81169,,,Not LRTRUCK,4. Darkness - Road Lighted,UNLOCATED,-76.09534,-76.09534,MAINLINE,,,,,,,,"20,22",Not MOTORCYCLE,,.,,,,,,,1,,SEC_URBAN,,,,,,,,,,,,0,1,,0,0,,,,,,,,,Not PED,,1,0,Virginia Beach,134,5,NOT-RD,8. Non-Intersection,,,,1. Straight - Level,1. No Defects,"1. Two-Way, Not Divided",1. Dry,1. Concrete,3541 HOLLAND RD,UNKWN,SC,U-VA134SC99999UK,,3. No,"0,0",,,,,,Not SENIOR,,"5,20","45,45",Not SPEED,"45,45",,,"2. No,2. No",,"0,0",3PM TO 6PM,1,1,1. No Traffic Control,6. No Traffic Control Device Present,,"1,2","9. Bicycle,1. Passenger car","TREK,KIA","1. Going Straight Ahead,1. Going Straight Ahead","NAVIGATOR 100,AMANTI",2004,5,5.Hampton Roads,1. No Adverse Condition (Clear/Cloudy),Not Provided,2. No,Not Provided,Not YOUNG
No Access Control,Not ALCIHOL,Urban,0,0,Bituminous Concrete (Black Base),134-08715(R)/POPLAR POINT ROAD(L)/MILL DAM RD,Not UNBELTED,38,Female,B,2,BIKE,2.68,1,1,,2. Angle,"Not Provided,Not Provided","Not Provided,Not Provided",SR00279,2.931,3,3/22/2013,3/22/2013,22. Bicycle,1339,B.Visiible Injury,2013,Left and Right sides,0,0,Virginia Beach,Urban,22. Bicycle,MAIN,12PM TO 3PM,134.Virginia Beach,"1,325",Intersection,Reset Filters,VDOT_OTHER,Friday,Not DEER,"West,South",DISTRACTED,5,1,130845102,57,0,"PDO,B","1,2","1. No Improper Action,1. No Improper Action","2. Not Deployed,3. Unavailable/Not Applicable","4. No Test,4. No Test","1. No Defects,1. No Defects","11. Other,14. No Driver Distraction","1. Had Not Been Drinking,1. Had Not Been Drinking","Not Applicable,Not Applicable","1. Not Ejected,3. Totally Ejected","No,Yes","No,No","3. Lap and Shoulder Belt,5. Helmet","5. Trees, Crops, etc.,1. Not Obscured",,,3,541231,BURTON DRIVE(L)/,0,1,"1.Divided, no control of access","22,20","8. Off Roadway, Location Unknown","0,0",H,H.Urban Minor Arterial,Urban Extensions - Primary Routes,Not GUARDRAIL,Not HIT_RUN,"12,0",1,1. Not at Intersection,130845102,C,0,0,36.88034,36.88034,0,0.55,Not LRTRUCK,2. Daylight,LOCATED,-76.043444,-76.043444,MAINLINE,MAIN,0,0,Curbed Grass,16,4,Divided Roadway,"22,20",Not MOTORCYCLE,541230,541230.  SR00279       SR00279      13408715,47094,37375,37720,36350,36829,6,1,0.251,PRI_URBAN,,,,,,,,,0,0,76,0,1,,0,0,,,,,,,,,Not PED,,1,0,Virginia Beach,134,5,NOT-RD,8. Non-Intersection,0,2.75,2.93,1. Straight - Level,1. No Defects,"2. Two-Way, Divided, Unprotected Median",1. Dry,1. Concrete,1439 GREAT NECK RD N,STPRI,SR,R-VA   SR00279NB,"Urbanized (Population 200,000 and over)",3. No,"0,0",42630,33566,33876,32646,33306,Not SENIOR,Left and Right sides,"2,10","45,45",Not SPEED,"45,45",541230,0,"2. No,2. No",0,"0,0",12PM TO 3PM,1,1,13. Other,1. Yes - Working,Not a Parkway - Trucks and Commercial Vehicles Allowed,"1,2","22. Truck - Sport Utility Vehicle (SUV),9. Bicycle","JEEP,TREK","2. Making Right Turn,1. Going Straight Ahead","GRAND CHEROKEE,6700 BICYCLE",1998,5,5.Hampton Roads,1. No Adverse Condition (Clear/Cloudy),Not Provided,2. No,Not Provided,Not YOUNG
No Access Control,Not ALCIHOL,Urban,0,0,Bituminous Concrete (Black Base),IS-00064-W286B(R)/FROM RT 64 WEST,Not UNBELTED,25,0,B,1,BIKE,2.02,1,1,,2. Angle,"Not Provided,Not Provided","Not Provided,Not Provided",13400007,2.061,3,3/22/2013,3/22/2013,20. Motor Vehicle In Transport,640,B.Visiible Injury,2013,Left and Right sides,0,0,Virginia Beach,Urban,20. Motor Vehicle In Transport,MAIN,6AM TO 9AM,134.Virginia Beach,48,Intersection,Reset Filters,VDOT_OTHER,Friday,Not DEER,"East,Not Provided",DISTRACTED,5,1,130835091,,Male,"B,PDO","1,2","1. No Improper Action,34. Hit and Run","2. Not Deployed,Not Provided","Not Applicable,Not Applicable","1. No Defects,9. Unknown","14. No Driver Distraction,11. Other","1. Had Not Been Drinking,6. Unknown","2. No,3. Unknown","1. Not Ejected,Not Provided","No,NotProvided","No,Yes","8. No Restraint Used,Not Provided","1. Not Obscured,12. Sun or Headlight Glare",,,2,541254,134-08661(R)/STRICKLAND BLVD(L)/,0,1,"1.Divided, no control of access","20,22",1. On Roadway,"0,0",H,H.Urban Minor Arterial,Other City or Town Streets (not state maintained),Not GUARDRAIL,HIT_RUN,"7,12",1,3. Three Approaches,130835091,C,0,0,36.805609,36.805609,0,0.05,Not LRTRUCK,4. Darkness - Road Lighted,LOCATED,-76.191444,-76.191444,MAINLINE,MAIN,0,0,Curbed Grass,14,4,Divided Roadway,"20,22",Not MOTORCYCLE,541254,541254. 13400007      13400007      13408661,70874,65561,66166,63765,65887,7,1,0.009,SEC_URBAN,,,,,,,,,3.3,0,90,0,1,,0,0,,,,,,,,,Not PED,,1,0,Virginia Beach,134,5,NOT-RD,9. Within Intersection,0,2,2.07,1. Straight - Level,1. No Defects,"1. Two-Way, Not Divided",1. Dry,"2. Blacktop, Asphalt, Bituminous",INDIAN RIVER RD,URB,UR,R-VA134UR00007WB,"Urbanized (Population 200,000 and over)",3. No,"0,0",75507,69875,70520,67961,69532,Not SENIOR,Left and Right sides,5,"45,45",Not SPEED,"45,45",541253,0.05,"2. No,Not Provided",0,"0,0",6AM TO 9AM,1,1,4. Stop Sign,1. Yes - Working,Not a Parkway - Trucks and Commercial Vehicles Allowed,"1,2","9. Bicycle,2. Truck - Pick-up/Passenger Truck",BMX,"1. Going Straight Ahead,2. Making Right Turn",BICYCLE,,5,5.Hampton Roads,1. No Adverse Condition (Clear/Cloudy),Not Provided,2. No,Not Provided,Not YOUNG
No Access Control,Not ALCIHOL,Urban,0,0,"N/A, Unknown, or Unstabilized",40TH STREET(B)/,Not UNBELTED,53,Male,B,2,BIKE,301.41,1,1,,2. Angle,"Not Provided,Not Provided","Not Provided,Not Provided",US00060,301.958,4,7/28/2014,7/28/2014,20. Motor Vehicle In Transport,1045,B.Visiible Injury,2014,Left and Right sides,0,1,Virginia Beach,Urban,20. Motor Vehicle In Transport,MAIN,9AM TO 12PM,134.Virginia Beach,380,Intersection,Reset Filters,VDOT_OTHER,Monday,Not DEER,"South,South",,5,1,142115200,49,Female,"C,B","1,2","1. No Improper Action,14. Improper Turn - Wide Right Turn","2. Not Deployed,3. Unavailable/Not Applicable","Not Applicable,Not Applicable","1. No Defects,1. No Defects","14. No Driver Distraction,14. No Driver Distraction","1. Had Not Been Drinking,1. Had Not Been Drinking","Not Applicable,Not Applicable","1. Not Ejected,3. Totally Ejected","No,Yes","No,No","3. Lap and Shoulder Belt,6. Other","1. Not Obscured,1. Not Obscured",,,302,541111,40TH STREET(B)/,0.56,1,"1.Divided, no control of access","22,20",1. On Roadway,"0,0",E,E.Urban Other Principle Arterials; Connecting Links of Other Rural Principal Arterial,Urban Extensions - Primary Routes,Not GUARDRAIL,Not HIT_RUN,"3,11",1,3. Three Approaches,142115200,C,0,0,36.8602,36.8602,0,0.56,Not LRTRUCK,2. Daylight,LOCATED,-75.97965,-75.97965,MAINLINE,MAIN,0,0,Curbed (solid raised),2,2,Divided Roadway,"22,20",Not MOTORCYCLE,541057,541057.  US00058       US00060       US00060      13408578,35003,33265,33529,33082,32581,4,1,0.072,PRI_URBAN,,,,,,,,,0,176,60,0,2,,0,0,,,,,,,,,Not PED,,2,0,Virginia Beach,134,5,NOT-RD,1. Main-Line Roadway,0,301.75,301.95,1. Straight - Level,1. No Defects,"1. Two-Way, Not Divided",1. Dry,"2. Blacktop, Asphalt, Bituminous",3196 PACIFIC AVE,USPRI,US,R-VA   US00060EB,"Urbanized (Population 200,000 and over)",3. No,"0,0",19524,19707,19591,19479,19184,Not SENIOR,Left and Right sides,"5,5","35,35",Not SPEED,"35,35",541111,0,"2. No,2. No",0,"0,0",9AM TO 12PM,1,1,3. Traffic Signal,1. Yes - Working,Not a Parkway - Trucks and Commercial Vehicles Allowed,"1,2","1. Passenger car,9. Bicycle","BMW,SCHWINN","2. Making Right Turn,2. Making Right Turn","135i,BICYCLE",20082012,5,5.Hampton Roads,1. No Adverse Condition (Clear/Cloudy),Not Provided,2. No,Not Provided,Not YOUNG
No Access Control,Not ALCIHOL,Urban,0,0,"Stabilized with Selected Material (Soil,Gravel,Stone,etc.)",99-00627(R)/EAST,Not UNBELTED,50,Female,B,1,BIKE,3.79,1,1,,2. Angle,"Not Provided,Not Provided","Not Provided,Not Provided",9900718,4.026,3,7/28/2014,7/28/2014,20. Motor Vehicle In Transport,1830,B.Visiible Injury,2014,None,0,0,York,Urban,20. Motor Vehicle In Transport,MAIN,6PM TO 9PM,99.York,21,Intersection,Reset Filters,VDOT_OTHER,Monday,Not DEER,"East,East",,5,1,142145062,52,Male,"B,PDO","1,2","14. Improper Turn - Wide Right Turn,1. No Improper Action","3. Unavailable/Not Applicable,2. Not Deployed","Not Applicable,Not Applicable","1. No Defects,1. No Defects","14. No Driver Distraction,14. No Driver Distraction","1. Had Not Been Drinking,1. Had Not Been Drinking","2. No,2. No","1. Not Ejected,1. Not Ejected","Yes,No","No,No","9. Not Applicable,3. Lap and Shoulder Belt","1. Not Obscured,1. Not Obscured",,,4,671125,99-00622(R)/WEST,0,0,"0.Two-way, non-divided","20,20",1. On Roadway,"0,0",J,J.Urban Local,State Secondary,Not GUARDRAIL,Not HIT_RUN,"11,2",1,4. Four Approaches,142145062,N,0,0,37.19654,37.19654,5,0.24,Not LRTRUCK,2. Daylight,LOCATED,-76.4283,-76.4283,MAINLINE,MAIN,0,0,0,0,0,Undivided Roadway,"20,20",Not MOTORCYCLE,671125,671125.  9900622       9900718       9900718,4879,4810,4581,4480,4535,2,1,0.004,VDOT_SEC,,,,,,,,,0,0,0,0,1,,0,0,,,,,,,,,Not PED,,1,0,York,99,5,NOT-RD,9. Within Intersection,5,4,4.03,1. Straight - Level,1. No Defects,"1. Two-Way, Not Divided",1. Dry,"2. Blacktop, Asphalt, Bituminous",SEAFORD RD RT 622,SEC,SC,R-VA099SC00718WB,"Urbanized (Population 200,000 and over)",3. No,"0,0",612,612,636,636,636,Not SENIOR,None,"20,35","35,35",Not SPEED,"35,35",672052,0,"2. No,2. No",Paved (unofficial definition),"0,0",6PM TO 9PM,1,1,6. Traffic Lanes Marked,1. Yes - Working,Not a Parkway - Trucks and Commercial Vehicles Allowed,"1,2","9. Bicycle,2. Truck - Pick-up/Passenger Truck","UNKNOWN,Chevrolet","13. Passing,1. Going Straight Ahead","UNKNOWN,Silverado 1500",20002000,5,5.Hampton Roads,1. No Adverse Condition (Clear/Cloudy),Not Provided,2. No,Not Provided,Not YOUNG