Access Control,Alcohol Notalcohol,Area Type1,A Crash,A People,Basetypedesc,Begin Node Dsc,Belted Unbelted,Bikeage,Bikegen,Bikeinjurytype,Bikevehiclenumber,Bike Nonbike,BMP,B Crash,B People,Carspeedlimit,Collision Type,Comm Cargo Body Type Cd,Comm Vehicle Body Type Cd,Cotedrouteid,Coted Mp,Count App,CRASH_DT (copy),Crash Dt,Crash Event Type Dsc,Crash Military Tm,Crash Severity,Crash Year,Curbgutterdesc,C Crash,C People,Juris Name Used,Area Type Used,First Harmful Event of Entire Crash,MAINLINE,Time Slicing Used,Phy_Juris_Nm,Offset-Ft,Intersection Analysis,Clear,Calculation_9640323132123359,Day Of Week,Deer Nodeer,Direction Of Travel Cd,Distracted Notdistracted,VSP,TOTAL CRASH,Document Nbr,Driverage,Drivergen,Driverinjurytype,Drivervehiclenumber,Driver Action Type Cd,Driver Airbag Deployment,Driver Alcohol Test Type Cd,Driver Condition Type Cd,Driver Distraction Type Cd,Driver Drinking Type Cd,Driver Drug Use Cd,Driver Ejected From Vehicle,Driver Ems Transport Ind,Driver Fled Scene Ind,Driver Safety Equip Used,Driver Vis Obscured Type Cd,Drowsy Notdrowsy,Drug Nodrug,EMP,End Node,End Node Dsc,End Offset,Facility,FAC,First Crash Event Cd,First Harmful Event,Fourth Crash Event Cd,Functionalclass,FUN,Govcondesc,Gr Nogr,Hitrun Not Hitrun,Initial Veh Impact Area Cd,Injury Crashes,Intersection Type,Int Doc,Jurtype,K_CRASH,K People,LAT (copy),LAT,Leftshoulderwidth,Length,Lgtruck Nonlgtruck,Light Condition,Located Unlocated,LON (copy),LON,MAINLINE (group),Mainline Yn,Medianleftshoulderwidth,Medianrightshoulderwidth,Mediantypedesc,Medianwidthmax,Medianwidthmin,Median Type,Most Harmful Crash Event Cd,Motor Nonmotor,Node,Node Info,Node Totaadt2011,Node Totaadt2012,Node Totaadt2013,Node Totaadt2014,Node Totaadt2015,Numberoflane,Number of Records,Offset,Ownership,Passage,Passgen,Passinjurytype,Passvehiclenumber,Pass Airbag Deployment,Pass Ejected From Vehicle,Pass Ems Transport Ind,Pass Safety Equip Used,Pavementconditionvalue,Pavementroughnessvalue,Pavementwidth,Pdo Crash,Total People Killed & Injured,Pedage,Pedestrians Injured,Pedestrians Killed,Pedgen,Pedinjurytype,Pednumber,Ped Action,Ped Al Test,Ped Cond,Ped Drink,Ped Drug,Ped Nonped,Ped Rflct,Persons Injured,Persons Killed,Physical Juris Nm,PJR,VSP_Used,Rd Type,Relation To Roadway,Rightshoulderwidth,RNS_MP (0.25 mi bin),Rns Mp,Roadway Alignment,Roadway Defect,Roadway Description,Roadway Surface Cond,Roadway Surface Type,Route Or Street Nm,Rte Category Cd,Rte Cat,Rte Nm,Ruralurbandesc,School Zone,Second Crash Event Cd,Segtotaadt2011,Segtotaadt2012,Segtotaadt2013,Segtotaadt2014,Segtotaadt2015,Senior Notsenior,Sidewalkdesc,Speed Before,Speed Max Safe,Speed Notspeed,Speed Posted,Start Node,Start Offset,Summons Issued Cd,Surfacedesc,Third Crash Event Cd,Time Slicing,Total Crashes including Property Damage Only,Total Crash,Traffic Control Type,Trfc Ctrl Status Type,Truckcommr,Vehiclenumber,Vehicle Body Type Cd,Vehicle Make Nm,Vehicle Maneuver Type Cd,Vehicle Model Nm,Vehicle Year Nbr,District,District_Used ,Weather Condition,Work Zone Location,Work Zone Related,Work Zone Type,Young Notyoung
No Access Control,Not ALCIHOL,Urban,0,0,Bituminous Concrete (Black Base),MELVILLE RD(R)/,Not UNBELTED,53,Male,C,2,BIKE,0.55,0,0,,13. Bicyclist,"Not Provided,Not Provided","Not Provided,Not Provided",11407006,0.55,3,7/29/2014,7/29/2014,22. Bicycle,535,C.Non-Visible Injury,2014,Left and Right sides,1,1,Hampton,Urban,22. Bicycle,MAIN,3AM TO 6AM,114.Hampton,"2,904",Intersection,Reset Filters,VDOT_OTHER,Tuesday,Not DEER,"East,East",,5,1,142310217,,Not Provided,"PDO,C","1,2","34. Hit and Run,1. No Improper Action","Not Provided,Not Provided","Not Applicable,Not Applicable","9. Unknown,1. No Defects","Not Applicable,Not Applicable","6. Unknown,1. Had Not Been Drinking","Not Applicable,2. No","Not Provided,Not Provided","NotProvided,Yes","Yes,No","Not Provided,9. Not Applicable","Not Applicable,1. Not Obscured",,,1,253228,GLENDALE RD(R)/,0,0,"0.Two-way, non-divided","22,20",1. On Roadway,"0,0",I,I.Urban Collector,Other City or Town Streets (not state maintained),Not GUARDRAIL,HIT_RUN,"12,6",1,2. Two Approaches,142310217,C,0,0,37.0133,37.0133,0,0.06,Not LRTRUCK,1. Dawn,LOCATED,-76.3725,-76.3725,MAINLINE,MAIN,0,0,0,0,0,Undivided Roadway,"22,20",Not MOTORCYCLE,253217,253217. 11407006      11407059      11407059,11726,11466,10930,10541,10755,2,1,0.55,SEC_URBAN,,,,,,,,,3.4,0,28,0,1,,0,0,,,,,,,,,Not PED,,1,0,Hampton,114,5,NOT-RD,9. Within Intersection,0,0.5,0.55,1. Straight - Level,1. No Defects,"1. Two-Way, Not Divided",1. Dry,"2. Blacktop, Asphalt, Bituminous",SHELL RD,URB,UR,R-VA114UR07006WB,"Urbanized (Population 200,000 and over)",3. No,"0,0",4043,3953,3404,3283,3349,Not SENIOR,Left side,,"0,0",Not SPEED,"0,0",253227,0,"Not Provided,2. No",0,"0,0",3AM TO 6AM,1,1,6. Traffic Lanes Marked,1. Yes - Working,Not a Parkway - Trucks and Commercial Vehicles Allowed,"1,2","22. Truck - Sport Utility Vehicle (SUV),9. Bicycle",SCHWINN,"1. Going Straight Ahead,1. Going Straight Ahead",BICYCLE,,5,5.Hampton Roads,1. No Adverse Condition (Clear/Cloudy),Not Provided,2. No,Not Provided,Not YOUNG
No Access Control,Not ALCIHOL,Urban,0,0,"N/A, Unknown, or Unstabilized",1SR-00247-P(L)/Gap Terminus/RUFFIN WAY(B)/,Not UNBELTED,50,Male,B,2,BIKE,1.87,1,1,,2. Angle,"Not Provided,Not Provided","Not Provided,Not Provided",SR00247,2.002,3,11/13/2015,11/13/2015,20. Motor Vehicle In Transport,1610,B.Visiible Injury,2015,Left and Right sides,0,0,Norfolk,Urban,20. Motor Vehicle In Transport,MAIN,3PM TO 6PM,122.Norfolk,"1,204",Intersection,Reset Filters,VDOT_OTHER,Friday,Not DEER,"West,West",,5,1,153560023,28,Female,"PDO,B","1,2","1. No Improper Action,42. Improper or Unsafe Lane Change","2. Not Deployed,3. Unavailable/Not Applicable","Not Applicable,Not Applicable","1. No Defects,1. No Defects","Not Applicable,Not Applicable","1. Had Not Been Drinking,1. Had Not Been Drinking","2. No,2. No","1. Not Ejected,3. Totally Ejected","No,Yes","No,No","3. Lap and Shoulder Belt,5. Helmet","1. Not Obscured,1. Not Obscured",,,2,483547,122-08767(L)/VERSAILLES AVE(L)/NORWAY PLACE,0,1,"1.Divided, no control of access","22,20",1. On Roadway,"0,0",H,H.Urban Minor Arterial,Urban Extensions - Primary Routes,Not GUARDRAIL,Not HIT_RUN,"12,8",1,4. Four Approaches,153560023,C,0,0,36.87518,36.87518,0,0.36,Not LRTRUCK,2. Daylight,LOCATED,-76.2694,-76.2694,MAINLINE,MAIN,0,0,Curbed Grass,12,12,Divided Roadway,"22,20",Not MOTORCYCLE,483547,483547.  SR00247       SR00247      12208767,16397,14587,14722,14188,16025,4,1,0.228,PRI_URBAN,,,,,,,,,0,180,54,0,1,,0,0,,,,,,,,,Not PED,,1,0,Norfolk,122,5,NOT-RD,10. Intersection Related - Within 150 Feet,0,2,2,1. Straight - Level,1. No Defects,"3. Two-Way, Divided, Positive Median Barrier",1. Dry,"2. Blacktop, Asphalt, Bituminous",1400 LAFAYETTE BLVD,STPRI,SR,R-VA   SR00247WB,"Urbanized (Population 200,000 and over)",3. No,"0,0",15747,14016,14145,13632,15493,Not SENIOR,Left and Right sides,"28,15","30,30",Not SPEED,"30,30",483546,0.33,"2. No,1. Yes",0,"0,0",3PM TO 6PM,1,1,6. Traffic Lanes Marked,6. No Traffic Control Device Present,Not a Parkway - Trucks and Commercial Vehicles Allowed,"1,2","1. Passenger car,9. Bicycle","CHEVROLET,RALEIGH","1. Going Straight Ahead,14. Changing Lanes","4 DOOR,TAURUS 8.0",19992012,5,5.Hampton Roads,1. No Adverse Condition (Clear/Cloudy),Not Provided,2. No,Not Provided,Not YOUNG
No Access Control,Not ALCIHOL,Urban,1,1,"N/A, Unknown, or Unstabilized",114-07059(B)/POWHATAN PKWY,Not UNBELTED,61,Male,A,2,BIKE,271.64,0,0,,2. Angle,"Not Provided,Not Provided","Not Provided,Not Provided",US00060,271.917,4,11/13/2015,11/13/2015,22. Bicycle,1608,A.Ambulatory Injury,2015,Left and Right sides,0,0,Hampton,Urban,22. Bicycle,MAIN,3PM TO 6PM,114.Hampton,16,Intersection,Reset Filters,VDOT_OTHER,Friday,Not DEER,"South,East",,5,1,153205099,82,Male,"PDO,A","1,2","11. Did Not Have Right-of-Way,1. No Improper Action","2. Not Deployed,3. Unavailable/Not Applicable","Not Applicable,Not Applicable","1. No Defects,1. No Defects","Not Applicable,Not Applicable","1. Had Not Been Drinking,1. Had Not Been Drinking","2. No,2. No","1. Not Ejected,1. Not Ejected","No,No","No,No","3. Lap and Shoulder Belt,5. Helmet","1. Not Obscured,1. Not Obscured",,,272,253012,114-07035(B)/LASALLE AV,0,0,"0.Two-way, non-divided","22,20",1. On Roadway,"0,0",H,H.Urban Minor Arterial,Urban Extensions - Primary Routes,Not GUARDRAIL,Not HIT_RUN,"12,8",1,4. Four Approaches,153205099,C,0,0,37.00821,37.00821,0,0.28,Not LRTRUCK,2. Daylight,LOCATED,-76.3597,-76.3597,MAINLINE,MAIN,0,0,0,0,0,Undivided Roadway,"22,20",Not MOTORCYCLE,253012,253012.  US00060       US00060      11407035      11407035,10661,10425,10024,9667,9863,4,1,0.003,PRI_URBAN,,,,,,,,,0,185,44,0,1,,0,0,,,,,,,,,Not PED,,1,0,Hampton,114,5,NOT-RD,9. Within Intersection,0,271.75,271.92,1. Straight - Level,1. No Defects,"1. Two-Way, Not Divided",1. Dry,"2. Blacktop, Asphalt, Bituminous",KECOUGHTAN RD,USPRI,US,R-VA   US00060WB,"Urbanized (Population 200,000 and over)",3. No,"0,0",5999,5867,5898,5688,5803,SENIOR,Left side,"5,10","35,35",Not SPEED,"35,35",253013,0.75,"1. Yes,2. No",0,"0,0",3PM TO 6PM,1,1,3. Traffic Signal,1. Yes - Working,Not a Parkway - Trucks and Commercial Vehicles Allowed,"1,2","1. Passenger car,9. Bicycle","MERC,UNK","3. Making Left Turn,1. Going Straight Ahead","GRAND MARQUI,UNKNOWN",,5,5.Hampton Roads,1. No Adverse Condition (Clear/Cloudy),Not Provided,2. No,Not Provided,Not YOUNG
No Access Control,Not ALCIHOL,Urban,1,1,Bituminous Concrete (Black Base),MINTON DRIVE(L)/,Not UNBELTED,18,Male,A,1,BIKE,259.72,0,0,,13. Bicyclist,"Not Provided,Not Provided","Not Provided,Not Provided",US00060,259.725,3,11/13/2015,11/13/2015,22. Bicycle,1557,A.Ambulatory Injury,2015,Left and Right sides,0,0,Newport News,Urban,22. Bicycle,MAIN,3PM TO 6PM,121.Newport News,871,Intersection,Reset Filters,VDOT_OTHER,Friday,Not DEER,"West,North",DISTRACTED,5,1,160430039,23,Female,"A,PDO","1,2","11. Did Not Have Right-of-Way,1. No Improper Action","2. Not Deployed,2. Not Deployed","4. No Test,4. No Test","1. No Defects,1. No Defects","11. Other,11. Other","1. Had Not Been Drinking,1. Had Not Been Drinking","2. No,2. No","3. Totally Ejected,1. Not Ejected","Yes,No","No,No","8. No Restraint Used,3. Lap and Shoulder Belt","1. Not Obscured,1. Not Obscured",,,260,646044,121-07036(R)/HIDEN BLVD,0,1,"1.Divided, no control of access","20,22",1. On Roadway,"0,0",H,H.Urban Minor Arterial,Urban Extensions - Primary Routes,Not GUARDRAIL,Not HIT_RUN,"4,11",1,4. Four Approaches,160430039,C,0,0,37.07278,37.07278,0,0.17,Not LRTRUCK,2. Daylight,LOCATED,-76.49361,-76.49361,MAINLINE,MAIN,0,0,Curbed Grass,14,14,Divided Roadway,"20,22",Not MOTORCYCLE,646044,646044.  US00060       US00060      12107036,35438,34654,43239,41699,42544,4,1,0.165,PRI_URBAN,,,,,,,,,0,255,48,0,1,,0,0,,,,,,,,,Not PED,,1,0,Newport News,121,5,NOT-RD,9. Within Intersection,0,259.5,259.72,1. Straight - Level,1. No Defects,"3. Two-Way, Divided, Positive Median Barrier",1. Dry,"2. Blacktop, Asphalt, Bituminous",MINTON DR,USPRI,US,R-VA   US00060EB,"Urbanized (Population 200,000 and over)",3. No,"0,0",31484,30788,39115,37722,38486,Not SENIOR,Left and Right sides,"3,10","35,35",Not SPEED,"35,35",646045,0,"2. No,2. No",0,"0,0",3PM TO 6PM,1,1,3. Traffic Signal,1. Yes - Working,Not a Parkway - Trucks and Commercial Vehicles Allowed,"1,2","9. Bicycle,1. Passenger car",KIA,"1. Going Straight Ahead,3. Making Left Turn",OPIMA,2008,5,5.Hampton Roads,1. No Adverse Condition (Clear/Cloudy),Not Provided,2. No,Not Provided,YOUNG
,Not ALCIHOL,Urban,0,0,,,Not UNBELTED,38,0,PDO,1,BIKE,,0,0,,2. Angle,"Not Provided,Not Provided","Not Provided,Not Provided",,,,3/26/2013,3/26/2013,20. Motor Vehicle In Transport,1600,PDO.Property Damage Only,2013,,0,0,Franklin,Urban,20. Motor Vehicle In Transport,MAIN,3PM TO 6PM,145.Franklin,,Not Intersection,Reset Filters,VDOT_OTHER,Tuesday,Not DEER,"East,West",,5,1,130905131,67,Male,"PDO,PDO","1,2","11. Did Not Have Right-of-Way,1. No Improper Action","5. Unknown,2. Not Deployed","4. No Test,4. No Test","1. No Defects,Not Applicable","Not Applicable,Not Applicable","1. Had Not Been Drinking,Not Applicable","3. Unknown,2. No","1. Not Ejected,1. Not Ejected","No,No","No,No","9. Not Applicable,3. Lap and Shoulder Belt","1. Not Obscured,1. Not Obscured",,,,,,,,,"20,22",1. On Roadway,"0,0",,,,Not GUARDRAIL,Not HIT_RUN,"12,1",0,4. Four Approaches,,C,0,0,36.670334,36.670334,,,Not LRTRUCK,2. Daylight,UNLOCATED,-76.946067,-76.946067,MAINLINE,,,,,,,,"20,22",Not MOTORCYCLE,,.,,,,,,,1,,SEC_URBAN,,,,,,,,,,,,1,0,,0,0,,,,,,,,,Not PED,,0,0,Franklin,145,5,NOT-RD,10. Intersection Related - Within 150 Feet,,,,1. Straight - Level,1. No Defects,"1. Two-Way, Not Divided",1. Dry,"2. Blacktop, Asphalt, Bituminous",Bailey Drive,UNKWN,SC,U-VA145SC99999UK,,3. No,"0,0",,,,,,SENIOR,,"5,15",35,Not SPEED,35,,,"Not Provided,2. No",,"0,0",3PM TO 6PM,1,1,3. Traffic Signal,1. Yes - Working,,"1,2","9. Bicycle,3. Van","Bicycle,Toyota","1. Going Straight Ahead,2. Making Right Turn","Bicycle,Van",20002004,5,5.Hampton Roads,1. No Adverse Condition (Clear/Cloudy),Not Provided,2. No,Not Provided,Not YOUNG
No Access Control,Not ALCIHOL,Urban,0,0,Bituminous Concrete (Black Base),134-08829(L)/GREEN RUN BLVD,Not UNBELTED,33,Male,B,2,BIKE,2.82,1,1,,3. Head On,"Not Provided,Not Provided","Not Provided,Not Provided",13400012,2.9,4,8/1/2014,8/1/2014,22. Bicycle,1131,B.Visiible Injury,2014,Left and Right sides,0,0,Virginia Beach,Urban,22. Bicycle,MAIN,9AM TO 12PM,134.Virginia Beach,106,Intersection,Reset Filters,VDOT_OTHER,Friday,Not DEER,"West,East",,5,1,142145043,84,Male,"PDO,B","1,2","1. No Improper Action,11. Did Not Have Right-of-Way","2. Not Deployed,3. Unavailable/Not Applicable","4. No Test,4. No Test","1. No Defects,1. No Defects","14. No Driver Distraction,14. No Driver Distraction","1. Had Not Been Drinking,1. Had Not Been Drinking","2. No,2. No","1. Not Ejected,3. Totally Ejected","No,Yes","No,No","3. Lap and Shoulder Belt,6. Other","1. Not Obscured,1. Not Obscured",,,3,541275,134-00014(L)/134-08717(R)/Gap Terminus/LYNNHA,0,1,"1.Divided, no control of access","22,20",1. On Roadway,"0,0",H,H.Urban Minor Arterial,Other City or Town Streets (not state maintained),Not GUARDRAIL,Not HIT_RUN,"12,9",1,4. Four Approaches,142145043,C,0,0,36.80049,36.80049,0,0.1,Not LRTRUCK,2. Daylight,LOCATED,-76.08594,-76.08594,MAINLINE,MAIN,0,0,Curbed Grass,16,4,Divided Roadway,"22,20",Not MOTORCYCLE,541275,541275. 13400012      13400012      13400014      13408717,57323,59152,59698,57532,59080,4,1,0.02,SEC_URBAN,,,,,,,,,0,0,52,0,1,,0,0,,,,,,,,,Not PED,,1,0,Virginia Beach,134,5,NOT-RD,9. Within Intersection,0,2.75,2.91,2. Curve - Level,1. No Defects,"2. Two-Way, Divided, Unprotected Median",1. Dry,"2. Blacktop, Asphalt, Bituminous",HOLLAND RD,URB,UR,R-VA134UR00012WB,"Urbanized (Population 200,000 and over)",3. No,"0,0",28098,29924,30200,29104,29116,SENIOR,Left and Right sides,"35,5","35,35",Not SPEED,"45,45",541274,0,"2. No,1. Yes",0,"0,0",9AM TO 12PM,1,1,6. Traffic Lanes Marked,1. Yes - Working,Not a Parkway - Trucks and Commercial Vehicles Allowed,"1,2","1. Passenger car,9. Bicycle","TOYT,UNK","2. Making Right Turn,1. Going Straight Ahead","CAMRY,BICYCLE",2007,5,5.Hampton Roads,1. No Adverse Condition (Clear/Cloudy),Not Provided,2. No,Not Provided,Not YOUNG
No Access Control,Not ALCIHOL,Urban,0,0,"N/A, Unknown, or Unstabilized",SOUTHGATE AVENUE(B)/,Not UNBELTED,19,Male,B,1,BIKE,0.65,1,1,,4. Sideswipe - Same Direction,"Not Provided,Not Provided","Not Provided,Not Provided",13408612,0.655,4,8/1/2014,8/1/2014,20. Motor Vehicle In Transport,825,B.Visiible Injury,2014,None,0,1,Virginia Beach,Urban,20. Motor Vehicle In Transport,MAIN,6AM TO 9AM,134.Virginia Beach,607,Intersection,Reset Filters,VDOT_OTHER,Friday,Not DEER,"West,East",DISTRACTED,5,1,142145097,46,Female,"B,C","1,2","10. Wrong Side Of Road - Not Overtaking,1. No Improper Action","3. Unavailable/Not Applicable,2. Not Deployed","4. No Test,4. No Test","1. No Defects,1. No Defects","5. Radio/CD, etc.,14. No Driver Distraction","1. Had Not Been Drinking,1. Had Not Been Drinking","2. No,2. No","1. Not Ejected,1. Not Ejected","Yes,No","No,No","9. Not Applicable,3. Lap and Shoulder Belt","1. Not Obscured,1. Not Obscured",,,1,541338,BRIAN AVENUE(L)/,0,0,"0.Two-way, non-divided","20,20",1. On Roadway,"0,0",I,I.Urban Collector,Other City or Town Streets (not state maintained),Not GUARDRAIL,Not HIT_RUN,"2,3",1,4. Four Approaches,142145097,C,0,0,36.84206,36.84206,3,0.05,Not LRTRUCK,2. Daylight,LOCATED,-76.15408,-76.15408,MAINLINE,MAIN,0,0,0,0,0,Undivided Roadway,"20,20",Not MOTORCYCLE,541339,541339. 13408612      13408612      13408738      13408738,11270,10954,11055,10654,11127,2,1,0.115,SEC_URBAN,,,,,,,,,0,0,22,0,2,,0,0,,,,,,,,,Not PED,,2,0,Virginia Beach,134,5,NOT-RD,10. Intersection Related - Within 150 Feet,3,0.5,0.65,1. Straight - Level,1. No Defects,"1. Two-Way, Not Divided",1. Dry,"2. Blacktop, Asphalt, Bituminous",5013 CLEVELAND ST,URB,UR,R-VA134UR08612EB,"Urbanized (Population 200,000 and over)",3. No,"0,0",7215,6819,6882,6632,7234,Not SENIOR,None,"3,20","35,35",Not SPEED,"35,35",541337,0,"1. Yes,2. No",0,"0,0",6AM TO 9AM,1,1,1. No Traffic Control,6. No Traffic Control Device Present,Not a Parkway - Trucks and Commercial Vehicles Allowed,"1,2","9. Bicycle,22. Truck - Sport Utility Vehicle (SUV)","BICYCLE,HYUNDAI","1. Going Straight Ahead,1. Going Straight Ahead","MOUNTAIN,TUCSON",20142013,5,5.Hampton Roads,1. No Adverse Condition (Clear/Cloudy),Not Provided,2. No,Not Provided,YOUNG
No Access Control,Not ALCIHOL,Urban,1,1,Bituminous Concrete (Black Base),7TH BAY ST(B)/,Not UNBELTED,,Not Provided,A,2,BIKE,0.13,0,0,,2. Angle,"Not Provided,Not Provided","Not Provided,Not Provided",12208766,0.199,4,3/28/2013,3/28/2013,22. Bicycle,1720,A.Ambulatory Injury,2013,None,0,0,Norfolk,Urban,22. Bicycle,MAIN,3PM TO 6PM,122.Norfolk,"5,180",Intersection,Reset Filters,VDOT_OTHER,Thursday,Not DEER,"West,Not Provided",DISTRACTED,5,1,131510035,,0,"PDO,A","1,2","34. Hit and Run,22. Disregarded Stop or Yield Sign","3. Unavailable/Not Applicable,3. Unavailable/Not Applicable","Not Applicable,Not Applicable","9. Unknown,1. No Defects","11. Other,11. Other","6. Unknown,1. Had Not Been Drinking","3. Unknown,3. Unknown","1. Not Ejected,2. Partially Ejected","NotProvided,Yes","Yes,No","9. Not Applicable,9. Not Applicable","13. Other,13. Other",,,0,485901,8TH BAY ST(B)/,0,0,"0.Two-way, non-divided","22,0",1. On Roadway,"0,0",I,I.Urban Collector,Other City or Town Streets (not state maintained),Not GUARDRAIL,HIT_RUN,"5,0",1,4. Four Approaches,131510035,C,0,0,36.931987,36.931987,2,0.07,Not LRTRUCK,2. Daylight,LOCATED,-76.208364,-76.208364,MAINLINE,MAIN,0,0,0,0,0,Undivided Roadway,"22,0",Not MOTORCYCLE,483165,483165.  US00060       US00060      12208766      12208766,23824,23027,23239,22396,24436,2,1,0.981,SEC_URBAN,,,,,,,,,0,0,18,0,1,,0,0,,,,,,,,,Not PED,,1,0,Norfolk,122,5,NOT-RD,9. Within Intersection,2,0,0.2,1. Straight - Level,1. No Defects,"1. Two-Way, Not Divided",1. Dry,"2. Blacktop, Asphalt, Bituminous",9500 8th bay st,URB,UR,R-VA122UR08766EB,"Urbanized (Population 200,000 and over)",3. No,"0,0",3005,1009,1018,981,868,Not SENIOR,None,,"25,0",Not SPEED,"25,0",485900,0,"3. Pending,2. No",0,"0,0",3PM TO 6PM,1,1,4. Stop Sign,1. Yes - Working,Not a Parkway - Trucks and Commercial Vehicles Allowed,"1,2","1. Passenger car,9. Bicycle","nissan,bicycle","1. Going Straight Ahead,1. Going Straight Ahead",,1991,5,5.Hampton Roads,1. No Adverse Condition (Clear/Cloudy),Not Provided,2. No,Not Provided,Not YOUNG
Partial Access Control,Not ALCIHOL,Urban,0,0,Bituminous Concrete (Black Base),SR-00166(R)/134-00008(R)/,Not UNBELTED,19,0,B,1,BIKE,51.64,1,1,,2. Angle,"Not Provided,Not Provided","Not Provided,Not Provided",US00013,51.64,4,4/2/2013,4/2/2013,22. Bicycle,1812,B.Visiible Injury,2013,Left and Right sides,0,0,Virginia Beach,Urban,22. Bicycle,MAIN,6PM TO 9PM,134.Virginia Beach,0,Intersection,Reset Filters,VDOT_OTHER,Tuesday,Not DEER,"East,North",,5,1,130955176,28,Female,"B,PDO","1,2","11. Did Not Have Right-of-Way,1. No Improper Action","3. Unavailable/Not Applicable,2. Not Deployed","4. No Test,4. No Test","1. No Defects,Not Applicable","14. No Driver Distraction,14. No Driver Distraction","1. Had Not Been Drinking,1. Had Not Been Drinking","2. No,2. No","2. Partially Ejected,1. Not Ejected","Yes,No","No,No","8. No Restraint Used,3. Lap and Shoulder Belt","1. Not Obscured,1. Not Obscured",,,52,541014,SR-00166(R)/134-00008(R)/,0.15,2,"2.Divided, partial control of access","22,22",1. On Roadway,"0,0",E,E.Urban Other Principle Arterials; Connecting Links of Other Rural Principal Arterial,Urban Extensions - Primary Routes,Not GUARDRAIL,Not HIT_RUN,"9,12",1,4. Four Approaches,130955176,C,0,0,36.886816,36.886816,0,0.15,Not LRTRUCK,2. Daylight,LOCATED,-76.179193,-76.179193,MAINLINE,MAIN,0,0,Curbed Grass,20,4,Divided Roadway,"22,22",Not MOTORCYCLE,541014,541014.  SR00166       US00013       US00013      13400008,73478,73114,73090,72209,68345,8,1,0,PRI_URBAN,,,,,,,,,0,185,102,0,1,,0,0,,,,,,,,,Not PED,,1,0,Virginia Beach,134,5,NOT-RD,9. Within Intersection,0,51.5,51.64,1. Straight - Level,1. No Defects,"3. Two-Way, Divided, Positive Median Barrier",1. Dry,1. Concrete,5700 NORTHAMPTON BOULEVARD,USPRI,US,R-VA   US00013NB,"Urbanized (Population 200,000 and over)",3. No,"0,0",37059,37119,36935,36928,35494,Not SENIOR,None,"5,40","55,55",Not SPEED,"55,55",541014,0,"1. Yes,2. No",0,"0,0",6PM TO 9PM,1,1,3. Traffic Signal,1. Yes - Working,Designated Truck Route - D1,"1,2","9. Bicycle,22. Truck - Sport Utility Vehicle (SUV)","OTH,Ford","1. Going Straight Ahead,1. Going Straight Ahead","BICYCLE,Explorer",20052002,5,5.Hampton Roads,1. No Adverse Condition (Clear/Cloudy),Not Provided,2. No,Not Provided,YOUNG
,Not ALCIHOL,Urban,1,1,,,Not UNBELTED,43,0,A,1,BIKE,,0,0,,2. Angle,"Not Provided,Not Provided,Not Provided","Not Provided,Not Provided,Not Provided",,,,4/2/2013,4/2/2013,22. Bicycle,1634,A.Ambulatory Injury,2013,,0,0,Suffolk,Urban,22. Bicycle,MAIN,3PM TO 6PM,133.Suffolk,,Not Intersection,Reset Filters,VDOT_OTHER,Tuesday,Not DEER,"East,North,South",DISTRACTED,5,1,130995060,4823,Male,"A,PDO,PDO","1,2,3","21. Disregarded Traffic Signal,1. No Improper Action,Not Applicable","3. Unavailable/Not Applicable,2. Not Deployed,2. Not Deployed","4. No Test,4. No Test,4. No Test","1. No Defects,1. No Defects,1. No Defects","1. Looking at Roadside Incident,Not Applicable,Not Applicable","1. Had Not Been Drinking,1. Had Not Been Drinking,1. Had Not Been Drinking","2. No,2. No,2. No","3. Totally Ejected,1. Not Ejected,1. Not Ejected","Yes,No,No","No,No,No","9. Not Applicable,3. Lap and Shoulder Belt,3. Lap and Shoulder Belt","1. Not Obscured,11. Moving Vehicle(s),1. Not Obscured",,,,,,,,,"22,22,42",1. On Roadway,"0,0,0",,,,Not GUARDRAIL,Not HIT_RUN,"3,12,0",1,4. Four Approaches,,C,0,0,36.733649,36.733649,,,Not LRTRUCK,2. Daylight,UNLOCATED,-76.581655,-76.581655,MAINLINE,,,,,,,,"22,22,42",Not MOTORCYCLE,,.,,,,,,,1,,PRI_URBAN,,,,,,,,,,,,0,1,,0,0,,,,,,,,,Not PED,,1,0,Suffolk,133,5,NOT-RD,9. Within Intersection,,93,93.19,1. Straight - Level,1. No Defects,"1. Two-Way, Not Divided",1. Dry,"2. Blacktop, Asphalt, Bituminous",PRENTIS ST,STPRI,SR,R-VA   SR00010WB,,3. No,"0,0,0",,,,,,Not SENIOR,,"10,10,25","25,25,0",Not SPEED,"25,25,25",,,"1. Yes,1. Yes,Not Provided",,"0,0,0",3PM TO 6PM,1,1,3. Traffic Signal,1. Yes - Working,,"1,2,3","9. Bicycle,1. Passenger car,1. Passenger car","NISS,FORD","1. Going Straight Ahead,1. Going Straight Ahead,1. Going Straight Ahead","ALTIMA,2 DOOR",20031998,5,5.Hampton Roads,1. No Adverse Condition (Clear/Cloudy),Not Provided,2. No,Not Provided,Not YOUNG