Access Control,Alcohol Notalcohol,Area Type1,A Crash,A People,Basetypedesc,Begin Node Dsc,Belted Unbelted,Bikeage,Bikegen,Bikeinjurytype,Bikevehiclenumber,Bike Nonbike,BMP,B Crash,B People,Carspeedlimit,Collision Type,Comm Cargo Body Type Cd,Comm Vehicle Body Type Cd,Cotedrouteid,Coted Mp,Count App,CRASH_DT (copy),Crash Dt,Crash Event Type Dsc,Crash Military Tm,Crash Severity,Crash Year,Curbgutterdesc,C Crash,C People,Juris Name Used,Area Type Used,First Harmful Event of Entire Crash,MAINLINE,Time Slicing Used,Phy_Juris_Nm,Offset-Ft,Intersection Analysis,Clear,Calculation_9640323132123359,Day Of Week,Deer Nodeer,Direction Of Travel Cd,Distracted Notdistracted,VSP,TOTAL CRASH,Document Nbr,Driverage,Drivergen,Driverinjurytype,Drivervehiclenumber,Driver Action Type Cd,Driver Airbag Deployment,Driver Alcohol Test Type Cd,Driver Condition Type Cd,Driver Distraction Type Cd,Driver Drinking Type Cd,Driver Drug Use Cd,Driver Ejected From Vehicle,Driver Ems Transport Ind,Driver Fled Scene Ind,Driver Safety Equip Used,Driver Vis Obscured Type Cd,Drowsy Notdrowsy,Drug Nodrug,EMP,End Node,End Node Dsc,End Offset,Facility,FAC,First Crash Event Cd,First Harmful Event,Fourth Crash Event Cd,Functionalclass,FUN,Govcondesc,Gr Nogr,Hitrun Not Hitrun,Initial Veh Impact Area Cd,Injury Crashes,Intersection Type,Int Doc,Jurtype,K_CRASH,K People,LAT (copy),LAT,Leftshoulderwidth,Length,Lgtruck Nonlgtruck,Light Condition,Located Unlocated,LON (copy),LON,MAINLINE (group),Mainline Yn,Medianleftshoulderwidth,Medianrightshoulderwidth,Mediantypedesc,Medianwidthmax,Medianwidthmin,Median Type,Most Harmful Crash Event Cd,Motor Nonmotor,Node,Node Info,Node Totaadt2011,Node Totaadt2012,Node Totaadt2013,Node Totaadt2014,Node Totaadt2015,Numberoflane,Number of Records,Offset,Ownership,Passage,Passgen,Passinjurytype,Passvehiclenumber,Pass Airbag Deployment,Pass Ejected From Vehicle,Pass Ems Transport Ind,Pass Safety Equip Used,Pavementconditionvalue,Pavementroughnessvalue,Pavementwidth,Pdo Crash,Total People Killed & Injured,Pedage,Pedestrians Injured,Pedestrians Killed,Pedgen,Pedinjurytype,Pednumber,Ped Action,Ped Al Test,Ped Cond,Ped Drink,Ped Drug,Ped Nonped,Ped Rflct,Persons Injured,Persons Killed,Physical Juris Nm,PJR,VSP_Used,Rd Type,Relation To Roadway,Rightshoulderwidth,RNS_MP (0.25 mi bin),Rns Mp,Roadway Alignment,Roadway Defect,Roadway Description,Roadway Surface Cond,Roadway Surface Type,Route Or Street Nm,Rte Category Cd,Rte Cat,Rte Nm,Ruralurbandesc,School Zone,Second Crash Event Cd,Segtotaadt2011,Segtotaadt2012,Segtotaadt2013,Segtotaadt2014,Segtotaadt2015,Senior Notsenior,Sidewalkdesc,Speed Before,Speed Max Safe,Speed Notspeed,Speed Posted,Start Node,Start Offset,Summons Issued Cd,Surfacedesc,Third Crash Event Cd,Time Slicing,Total Crashes including Property Damage Only,Total Crash,Traffic Control Type,Trfc Ctrl Status Type,Truckcommr,Vehiclenumber,Vehicle Body Type Cd,Vehicle Make Nm,Vehicle Maneuver Type Cd,Vehicle Model Nm,Vehicle Year Nbr,District,District_Used ,Weather Condition,Work Zone Location,Work Zone Related,Work Zone Type,Young Notyoung
No Access Control,Not ALCIHOL,Urban,1,1,Portland Cement Concrete,134-00009(L)/134-08726(R)/Gap Terminus/1ST CO,Not UNBELTED,55,Male,A,2,BIKE,1.5,0,0,,2. Angle,"Not Provided,Not Provided","Not Provided,Not Provided",C7US00058,1.557,4,4/4/2013,4/4/2013,22. Bicycle,1357,A.Ambulatory Injury,2013,Left and Right sides,0,1,Virginia Beach,Urban,22. Bicycle,MAIN,12PM TO 3PM,134.Virginia Beach,829,Intersection,Reset Filters,VDOT_OTHER,Thursday,Not DEER,"East,North",DISTRACTED,5,1,130995041,26,0,"C,A","1,2","1. No Improper Action,11. Did Not Have Right-of-Way","2. Not Deployed,3. Unavailable/Not Applicable","4. No Test,4. No Test","1. No Defects,1. No Defects","Not Applicable,11. Other","1. Had Not Been Drinking,1. Had Not Been Drinking","2. No,2. No","1. Not Ejected,1. Not Ejected","No,Yes","No,No","3. Lap and Shoulder Belt,9. Not Applicable","1. Not Obscured,1. Not Obscured",,,2,541094,134-08729(R)/OCEANA BLVD(L)/OCEANA BLVD,0,0,"0.Two-way, non-divided","22,20",1. On Roadway,"0,0",H,H.Urban Minor Arterial,Urban Extensions - Primary Routes,Not GUARDRAIL,Not HIT_RUN,"2,11",1,1. Not at Intersection,130995041,C,0,0,36.842387,36.842387,0,0.34,Not LRTRUCK,2. Daylight,LOCATED,-76.018277,-76.018277,MAINLINE,MAIN,0,0,0,0,0,Undivided Roadway,"22,20",Not MOTORCYCLE,541095,541095. 13400009      13408726     C7US00058     C7US00058,42867,39753,40120,38664,39701,4,1,0.157,PRI_URBAN,,,,,,,,,0,211,44,0,2,,0,0,,,,,,,,,Not PED,,2,0,Virginia Beach,134,5,NOT-RD,1. Main-Line Roadway,0,1.5,1.61,1. Straight - Level,1. No Defects,"1. Two-Way, Not Divided",1. Dry,"2. Blacktop, Asphalt, Bituminous",1621 VIRGINIA BEACH BLVD,USPRI,US,R-VA   US00058EBBUS007,"Urbanized (Population 200,000 and over)",3. No,"0,0",19559,17660,17823,17176,18006,Not SENIOR,Right side,"35,5","35,35",Not SPEED,"35,35",541095,0.1,"2. No,1. Yes",0,"0,0",12PM TO 3PM,1,1,6. Traffic Lanes Marked,1. Yes - Working,Truck Access System,"1,2","1. Passenger car,9. Bicycle","CHRYSLER,SCHWINN","1. Going Straight Ahead,1. Going Straight Ahead","SEBRING,BICYCLE",2004,5,5.Hampton Roads,1. No Adverse Condition (Clear/Cloudy),Not Provided,2. No,Not Provided,Not YOUNG
No Access Control,Not ALCIHOL,Urban,0,0,"N/A, Unknown, or Unstabilized",THISTLEY LANE(L)/,Not UNBELTED,54,Male,B,2,BIKE,1.54,1,1,,4. Sideswipe - Same Direction,"Not Provided,Not Provided","Not Provided,Not Provided",13100010,1.54,3,4/6/2013,4/6/2013,22. Bicycle,1055,B.Visiible Injury,2013,None,0,0,Chesapeake,Urban,22. Bicycle,MAIN,9AM TO 12PM,131.Chesapeake,"2,534",Intersection,Reset Filters,VDOT_OTHER,Saturday,Not DEER,"North,North",,5,1,130975080,55,0,"PDO,B","1,2","41. Improper Passing,1. No Improper Action","2. Not Deployed,3. Unavailable/Not Applicable","4. No Test,4. No Test","1. No Defects,1. No Defects","14. No Driver Distraction,14. No Driver Distraction","1. Had Not Been Drinking,1. Had Not Been Drinking","2. No,2. No","1. Not Ejected,1. Not Ejected","No,Yes","No,No","3. Lap and Shoulder Belt,5. Helmet","1. Not Obscured,1. Not Obscured",,,2,751743,ROAD(R)/,0,0,"0.Two-way, non-divided","22,20",1. On Roadway,"0,0",I,I.Urban Collector,Other City or Town Streets (not state maintained),Not GUARDRAIL,Not HIT_RUN,"5,11",1,3. Three Approaches,130975080,C,0,0,36.652594,36.652594,1,0.05,Not LRTRUCK,2. Daylight,LOCATED,-76.235859,-76.235859,MAINLINE,MAIN,0,0,0,0,0,Undivided Roadway,"22,20",Not MOTORCYCLE,751750,751750.  SR00168S008B 13100010      13100010,2728,2668,2683,3174,3237,2,1,0.48,SEC_URBAN,,,,,,,,,0,0,18,0,1,,0,0,,,,,,,,,Not PED,,1,0,Chesapeake,131,5,NOT-RD,9. Within Intersection,1,1.5,1.54,1. Straight - Level,1. No Defects,"1. Two-Way, Not Divided",1. Dry,"2. Blacktop, Asphalt, Bituminous",EDINBURGH PW,URB,UR,R-VA131UR00010EB,"Urbanized (Population 200,000 and over)",3. No,"0,0",2728,2668,2683,3174,3237,Not SENIOR,None,"35,15","40,40",Not SPEED,"40,40",751742,0,"3. Pending,2. No",0,"0,0",9AM TO 12PM,1,1,6. Traffic Lanes Marked,1. Yes - Working,Not a Parkway - Trucks and Commercial Vehicles Allowed,"1,2","2. Truck - Pick-up/Passenger Truck,9. Bicycle","Dodge,SPECIALIZED","1. Going Straight Ahead,1. Going Straight Ahead","Ram 3500,BICYCLE",19952012,5,5.Hampton Roads,1. No Adverse Condition (Clear/Cloudy),Not Provided,2. No,Not Provided,Not YOUNG
No Access Control,Not ALCIHOL,Urban,0,0,"N/A, Unknown, or Unstabilized",RUDEE POINT ROAD(R)/HARBOR POINT(L)/,Not UNBELTED,25,Female,B,2,BIKE,21.91,1,1,,2. Angle,"Not Provided,Not Provided","Not Provided,Not Provided",13408669,21.91,4,4/6/2013,4/6/2013,22. Bicycle,954,B.Visiible Injury,2013,Left and Right sides,0,0,Virginia Beach,Urban,22. Bicycle,MAIN,9AM TO 12PM,134.Virginia Beach,"3,274",Intersection,Reset Filters,VDOT_OTHER,Saturday,Not DEER,"East,Not Provided",,5,1,130995050,89,0,"PDO,B","1,2","1. No Improper Action,11. Did Not Have Right-of-Way","2. Not Deployed,3. Unavailable/Not Applicable","4. No Test,4. No Test","1. No Defects,1. No Defects","14. No Driver Distraction,14. No Driver Distraction","1. Had Not Been Drinking,1. Had Not Been Drinking","2. No,2. No","1. Not Ejected,1. Not Ejected","No,No","No,No","3. Lap and Shoulder Belt,8. No Restraint Used","1. Not Obscured,1. Not Obscured",,,22,742546,RUDEE POINT ROAD(R)/HARBOR POINT(L)/,0.02,0,"0.Two-way, non-divided","22,20",1. On Roadway,"0,0",H,H.Urban Minor Arterial,Other City or Town Streets (not state maintained),Not GUARDRAIL,Not HIT_RUN,"10,0",1,4. Four Approaches,130995050,C,0,0,36.82902539,36.82902539,0,0.02,Not LRTRUCK,2. Daylight,LOCATED,-75.97358698,-75.97358698,MAINLINE,MAIN,0,0,0,0,0,Undivided Roadway,"22,20",Not MOTORCYCLE,541493,541493. 13408669      13408669      13408724      13408724,26452,23305,23520,22666,22386,4,1,0.62,SEC_URBAN,,,,,,,,,0,0,56,0,1,,0,0,,,,,,,,,Not PED,,1,0,Virginia Beach,134,5,NOT-RD,9. Within Intersection,0,21.75,21.91,1. Straight - Level,1. No Defects,"1. Two-Way, Not Divided",1. Dry,"2. Blacktop, Asphalt, Bituminous",452 GENERAL BOOTH BL,URB,UR,R-VA134UR08669NB,"Urbanized (Population 200,000 and over)",3. No,"0,0",15328,16751,17349,16731,11352,SENIOR,Left and Right sides,"3,25","35,35",Not SPEED,"35,35",742546,0,"2. No,2. No",0,"0,0",9AM TO 12PM,1,1,3. Traffic Signal,1. Yes - Working,Not a Parkway - Trucks and Commercial Vehicles Allowed,"1,2","1. Passenger car,9. Bicycle","CADILLAC,BICYCLE","3. Making Left Turn,1. Going Straight Ahead","CTS,UNKNOWN",20082013,5,5.Hampton Roads,1. No Adverse Condition (Clear/Cloudy),Not Provided,2. No,Not Provided,Not YOUNG
,Not ALCIHOL,Urban,0,0,,,Not UNBELTED,17,Male,B,1,BIKE,,1,1,,2. Angle,"Not Provided,Not Provided","Not Provided,Not Provided",,,,8/4/2014,8/4/2014,20. Motor Vehicle In Transport,1619,B.Visiible Injury,2014,,0,0,Virginia Beach,Urban,20. Motor Vehicle In Transport,MAIN,3PM TO 6PM,134.Virginia Beach,,Not Intersection,Reset Filters,VDOT_OTHER,Monday,Not DEER,"South,West",DISTRACTED,5,1,142185111,58,Female,"B,PDO","1,2","22. Disregarded Stop or Yield Sign,1. No Improper Action","3. Unavailable/Not Applicable,2. Not Deployed","4. No Test,4. No Test","1. No Defects,1. No Defects","11. Other,Not Applicable","1. Had Not Been Drinking,1. Had Not Been Drinking","2. No,2. No","3. Totally Ejected,1. Not Ejected","No,No","No,No","9. Not Applicable,3. Lap and Shoulder Belt","1. Not Obscured,1. Not Obscured",,,,,,,,,"20,22",1. On Roadway,"0,0",,,,Not GUARDRAIL,Not HIT_RUN,"6,1",1,4. Four Approaches,,C,0,0,36.82068,36.82068,,,Not LRTRUCK,2. Daylight,UNLOCATED,-76.06808,-76.06808,MAINLINE,,,,,,,,"20,22",Not MOTORCYCLE,,.,,,,,,,1,,SEC_URBAN,,,,,,,,,,,,0,1,,0,0,,,,,,,,,Not PED,,1,0,Virginia Beach,134,5,NOT-RD,9. Within Intersection,,,,1. Straight - Level,1. No Defects,"1. Two-Way, Not Divided",1. Dry,"2. Blacktop, Asphalt, Bituminous",2708 NORTH MALL DRIVE,UNKWN,SC,U-VA134SC99999UK,,3. No,"0,0",,,,,,Not SENIOR,,"5,25","25,25",Not SPEED,"25,25",,,"2. No,2. No",,"0,0",3PM TO 6PM,1,1,4. Stop Sign,1. Yes - Working,,"1,2","9. Bicycle,1. Passenger car","DR PEPPER,Mazda","1. Going Straight Ahead,1. Going Straight Ahead","SPECIAL EDITION,MAZDA6",2008,5,5.Hampton Roads,1. No Adverse Condition (Clear/Cloudy),Not Provided,2. No,Not Provided,YOUNG
,Not ALCIHOL,Urban,0,0,,,Not UNBELTED,16,Male,B,1,BIKE,,1,1,,2. Angle,"Not Provided,Not Provided","Not Provided,Not Provided",,,,8/5/2014,8/5/2014,20. Motor Vehicle In Transport,1215,B.Visiible Injury,2014,,0,0,Virginia Beach,Urban,20. Motor Vehicle In Transport,MAIN,12PM TO 3PM,134.Virginia Beach,,Not Intersection,Reset Filters,VDOT_OTHER,Tuesday,Not DEER,"South,West",,5,1,142185029,53,Male,"B,PDO","1,2","11. Did Not Have Right-of-Way,1. No Improper Action","2. Not Deployed,2. Not Deployed","Not Applicable,Not Applicable","1. No Defects,1. No Defects","14. No Driver Distraction,14. No Driver Distraction","1. Had Not Been Drinking,1. Had Not Been Drinking","2. No,2. No","3. Totally Ejected,1. Not Ejected","No,No","No,No","9. Not Applicable,3. Lap and Shoulder Belt","1. Not Obscured,1. Not Obscured",,,,,,,,,"20,22",1. On Roadway,"0,0",,,,Not GUARDRAIL,Not HIT_RUN,"12,2",1,4. Four Approaches,,C,0,0,36.82547,36.82547,,,Not LRTRUCK,2. Daylight,UNLOCATED,-76.16075,-76.16075,MAINLINE,,,,,,,,"20,22",Not MOTORCYCLE,,.,,,,,,,1,,SEC_URBAN,,,,,,,,,,,,0,1,,0,0,,,,,,,,,Not PED,,1,0,Virginia Beach,134,5,NOT-RD,9. Within Intersection,,,,1. Straight - Level,4. Under Repair,"2. Two-Way, Divided, Unprotected Median",1. Dry,"2. Blacktop, Asphalt, Bituminous",PRINCESS ANNE ROAD,UNKWN,SC,U-VA134SC99999UK,,3. No,"0,0",,,,,,Not SENIOR,,"10,10","35,35",Not SPEED,"35,35",,,"2. No,2. No",,"0,0",12PM TO 3PM,1,1,3. Traffic Signal,1. Yes - Working,,"1,2","9. Bicycle,2. Truck - Pick-up/Passenger Truck","N/A,Ford","1. Going Straight Ahead,3. Making Left Turn","BICYCLE,Ranger",2002,5,5.Hampton Roads,1. No Adverse Condition (Clear/Cloudy),3. Activity Area,1. Yes,5. Other,YOUNG
No Access Control,Not ALCIHOL,Urban,0,0,"N/A, Unknown, or Unstabilized",IS-00064-W250B(L)/FROM RT 64 WEST,Not UNBELTED,24,Male,B,2,BIKE,23.43,1,1,,13. Bicyclist,"Not Provided,Not Provided","Not Provided,Not Provided",SR00143,23.455,3,8/6/2014,8/6/2014,19. Ped,1936,B.Visiible Injury,2014,None,0,0,Newport News,Urban,19. Ped,MAIN,6PM TO 9PM,121.Newport News,132,Intersection,Reset Filters,VDOT_OTHER,Wednesday,Not DEER,"South,South",,5,1,142740030,49,Male,"PDO,B","1,2","37. Other,1. No Improper Action","2. Not Deployed,3. Unavailable/Not Applicable","Not Applicable,Not Applicable","1. No Defects,1. No Defects","Not Applicable,Not Applicable","1. Had Not Been Drinking,1. Had Not Been Drinking","2. No,2. No","1. Not Ejected,2. Partially Ejected","No,No","No,No","3. Lap and Shoulder Belt,9. Not Applicable","1. Not Obscured,1. Not Obscured",,,24,50650,SR-00105(B)/JB-99-94/YORK - 64 R/W LIMITS/WAR,0,1,"1.Divided, no control of access","19,22",2. Shoulder,"0,0",E,E.Urban Other Principle Arterials; Connecting Links of Other Rural Principal Arterial,Urban Extensions - Primary Routes,Not GUARDRAIL,Not HIT_RUN,"3,9",1,1. Not at Intersection,142740030,C,0,0,37.17485,37.17485,6,0.09,Not LRTRUCK,2. Daylight,LOCATED,-76.54845,-76.54845,MAINLINE,MAIN,0,0,Curbed (solid raised),8,4,Divided Roadway,"19,22",Not MOTORCYCLE,646119,646119.  IS00064W250B  SR00143       SR00143,29814,30902,29462,29432,30503,4,1,0.025,PRI_URBAN,,,,,,,,,0,117,42,0,1,,0,0,,,,,,,,,Not PED,,1,0,Newport News,121,5,NOT-RD,8. Non-Intersection,6,23.25,23.45,1. Straight - Level,1. No Defects,"3. Two-Way, Divided, Positive Median Barrier",2. Wet,"2. Blacktop, Asphalt, Bituminous",JEFFERSON AVE,STPRI,SR,R-VA   SR00143SB,"Urbanized (Population 200,000 and over)",3. No,"0,0",29814,30902,27151,27121,28192,Not SENIOR,None,"20,5","45,45",Not SPEED,"45,45",646119,0,"1. Yes,2. No",0,"0,0",6PM TO 9PM,1,1,3. Traffic Signal,1. Yes - Working,Not a Parkway - Trucks and Commercial Vehicles Allowed,"1,2","Not Applicable,9. Bicycle",HOWE,"1. Going Straight Ahead,1. Going Straight Ahead",,1995,5,5.Hampton Roads,9. Other,Not Provided,2. No,Not Provided,Not YOUNG
,Not ALCIHOL,Urban,1,1,,,Not UNBELTED,56,Male,A,1,BIKE,,0,0,,13. Bicyclist,"Not Provided,Not Provided","Not Provided,Not Provided",,,,8/6/2014,8/6/2014,22. Bicycle,1525,A.Ambulatory Injury,2014,,0,0,Hampton,Urban,22. Bicycle,MAIN,3PM TO 6PM,114.Hampton,,Not Intersection,Reset Filters,VDOT_OTHER,Wednesday,Not DEER,"North,North",,5,1,142380072,73,Male,"A,PDO","1,2","37. Other,1. No Improper Action","3. Unavailable/Not Applicable,3. Unavailable/Not Applicable","Not Applicable,Not Applicable","1. No Defects,1. No Defects","Not Applicable,Not Applicable","1. Had Not Been Drinking,1. Had Not Been Drinking","2. No,2. No","3. Totally Ejected,1. Not Ejected","Yes,No","No,No","5. Helmet,3. Lap and Shoulder Belt","1. Not Obscured,1. Not Obscured",,,,,,,,,"20,22",1. On Roadway,"0,0",,,,Not GUARDRAIL,Not HIT_RUN,"12,9",1,1. Not at Intersection,,C,0,0,37.02188,37.02188,,,Not LRTRUCK,2. Daylight,UNLOCATED,-76.42202,-76.42202,MAINLINE,,,,,,,,"20,22",Not MOTORCYCLE,,.,,,,,,,1,,SEC_URBAN,,,,,,,,,,,,0,1,,0,0,,,,,,,,,Not PED,,1,0,Hampton,114,5,NOT-RD,8. Non-Intersection,,,,1. Straight - Level,1. No Defects,"1. Two-Way, Not Divided",1. Dry,1. Concrete,100-35 MARTHA LEE,UNKWN,SC,U-VA114SC99999UK,,3. No,"0,0",,,,,,SENIOR,,"6,5","15,5",Not SPEED,"15,5",,,"2. No,2. No",,"0,0",3PM TO 6PM,1,1,1. No Traffic Control,6. No Traffic Control Device Present,,"1,2","9. Bicycle,3. Van",DODGE,"1. Going Straight Ahead,3. Making Left Turn",BICYCLE,1995,5,5.Hampton Roads,1. No Adverse Condition (Clear/Cloudy),Not Provided,2. No,Not Provided,Not YOUNG
,Not ALCIHOL,Urban,0,0,,,Not UNBELTED,39,Male,B,2,BIKE,,1,1,,2. Angle,"Not Provided,Not Provided","Not Provided,Not Provided",,,,4/9/2013,4/9/2013,22. Bicycle,1900,B.Visiible Injury,2013,,0,0,Chesapeake,Urban,22. Bicycle,MAIN,6PM TO 9PM,131.Chesapeake,,Not Intersection,Reset Filters,VDOT_OTHER,Tuesday,Not DEER,"East,North",,5,1,130995276,73,0,"PDO,B","1,2","11. Did Not Have Right-of-Way,1. No Improper Action","2. Not Deployed,Not Provided","4. No Test,4. No Test","1. No Defects,1. No Defects","14. No Driver Distraction,14. No Driver Distraction","1. Had Not Been Drinking,1. Had Not Been Drinking","2. No,2. No","1. Not Ejected,Not Provided","NotProvided,Yes","No,No","3. Lap and Shoulder Belt,5. Helmet","1. Not Obscured,1. Not Obscured",,,,,,,,,"22,20",1. On Roadway,"0,0",,,,Not GUARDRAIL,Not HIT_RUN,"12,8",1,4. Four Approaches,,C,0,0,36.654973,36.654973,,,Not LRTRUCK,2. Daylight,UNLOCATED,-76.144028,-76.144028,MAINLINE,,,,,,,,"22,20",Not MOTORCYCLE,,.,,,,,,,1,,SEC_URBAN,,,,,,,,,,,,0,1,,0,0,,,,,,,,,Not PED,,1,0,Chesapeake,131,5,NOT-RD,9. Within Intersection,,,,1. Straight - Level,1. No Defects,"1. Two-Way, Not Divided",1. Dry,"2. Blacktop, Asphalt, Bituminous",LONG RIDGE RD,UNKWN,SC,U-VA131SC99999UK,,3. No,"0,0",,,,,,SENIOR,,"10,15","45,45",Not SPEED,"45,45",,,"1. Yes,Not Provided",,"0,0",6PM TO 9PM,1,1,4. Stop Sign,1. Yes - Working,,"1,2","2. Truck - Pick-up/Passenger Truck,9. Bicycle",Ford,"1. Going Straight Ahead,1. Going Straight Ahead",F-150,1996,5,5.Hampton Roads,1. No Adverse Condition (Clear/Cloudy),Not Provided,2. No,Not Provided,Not YOUNG
No Access Control,Not ALCIHOL,Urban,0,0,Bituminous Concrete (Black Base),134-08717(B)/LYNNHAVEN PKWY,Not UNBELTED,19,Male,C,1,BIKE,24.49,0,0,,2. Angle,"Not Provided,Not Provided","Not Provided,Not Provided",SR00165,24.49,4,8/7/2014,8/7/2014,20. Motor Vehicle In Transport,1245,C.Non-Visible Injury,2014,Left and Right sides,1,1,Virginia Beach,Urban,20. Motor Vehicle In Transport,MAIN,12PM TO 3PM,134.Virginia Beach,0,Intersection,Reset Filters,VDOT_OTHER,Thursday,Not DEER,"South,West",,5,1,142205048,34,Female,"C,PDO","1,2","10. Wrong Side Of Road - Not Overtaking,1. No Improper Action","3. Unavailable/Not Applicable,2. Not Deployed","Not Applicable,Not Applicable","1. No Defects,1. No Defects","14. No Driver Distraction,14. No Driver Distraction","1. Had Not Been Drinking,1. Had Not Been Drinking","Not Applicable,Not Applicable","1. Not Ejected,1. Not Ejected","Yes,No","No,No","6. Other,3. Lap and Shoulder Belt","1. Not Obscured,1. Not Obscured",,,25,708310,134-08692(L)/,0,1,"1.Divided, no control of access","20,22",1. On Roadway,"0,0",H,H.Urban Minor Arterial,Urban Extensions - Primary Routes,Not GUARDRAIL,Not HIT_RUN,"12,4",1,4. Four Approaches,142205048,C,0,0,36.79313,36.79313,0,0.4,Not LRTRUCK,2. Daylight,LOCATED,-76.11884,-76.11884,MAINLINE,MAIN,0,0,Curbed Grass,12,4,Divided Roadway,"20,22",Not MOTORCYCLE,541154,541154.  SR00165       SR00165      13408717      13408717,71411,64807,65405,63032,70989,8,1,0,PRI_URBAN,,,,,,,,,0,120,102,0,1,,0,0,,,,,,,,,Not PED,,1,0,Virginia Beach,134,5,NOT-RD,9. Within Intersection,0,24.25,24.48,1. Straight - Level,1. No Defects,"2. Two-Way, Divided, Unprotected Median",1. Dry,"2. Blacktop, Asphalt, Bituminous",4100 BLOCK PRINCESS ANNE ROAD,STPRI,SR,R-VA   SR00165NB,"Urbanized (Population 200,000 and over)",3. No,"0,0",57973,44466,44877,43248,55000,Not SENIOR,Right side,"5,5","15,15",Not SPEED,"45,45",541154,0,"1. Yes,2. No",0,"0,0",12PM TO 3PM,1,1,3. Traffic Signal,1. Yes - Working,Not a Parkway - Trucks and Commercial Vehicles Allowed,"1,2","9. Bicycle,1. Passenger car",Ford,"15. Other,3. Making Left Turn","BICYCLE,Taurus",2002,5,5.Hampton Roads,1. No Adverse Condition (Clear/Cloudy),Not Provided,2. No,Not Provided,YOUNG
No Access Control,Not ALCIHOL,Urban,0,0,Bituminous Concrete (Black Base),131-08657(L)/Gap Terminus/MARTIN AVE.(R)/,Not UNBELTED,29,Male,C,1,BIKE,20.44,0,0,,2. Angle,"Not Provided,Not Provided","Not Provided,Not Provided",SR00168,20.44,3,8/8/2014,8/8/2014,20. Motor Vehicle In Transport,1540,C.Non-Visible Injury,2014,None,1,1,Chesapeake,Urban,20. Motor Vehicle In Transport,MAIN,3PM TO 6PM,131.Chesapeake,0,Intersection,Reset Filters,VDOT_OTHER,Friday,Not DEER,"West,West",,5,1,142215159,27,Female,"C,PDO","1,2","21. Disregarded Traffic Signal,1. No Improper Action","3. Unavailable/Not Applicable,2. Not Deployed","Not Applicable,Not Applicable","Not Applicable,Not Applicable","Not Applicable,Not Applicable","1. Had Not Been Drinking,1. Had Not Been Drinking","3. Unknown,3. Unknown","3. Totally Ejected,1. Not Ejected","Yes,No","No,No","8. No Restraint Used,3. Lap and Shoulder Belt","Not Applicable,Not Applicable",,,21,724399,OLIVER AVE(R)/,0,1,"1.Divided, no control of access","20,22",1. On Roadway,"0,0",E,E.Urban Other Principle Arterials; Connecting Links of Other Rural Principal Arterial,Urban Extensions - Primary Routes,Not GUARDRAIL,Not HIT_RUN,"6,3",1,4. Four Approaches,142215159,C,0,0,36.81339,36.81339,0,0.07,Not LRTRUCK,2. Daylight,LOCATED,-76.26448,-76.26448,MAINLINE,MAIN,0,0,Curbed Grass,14,4,Divided Roadway,"20,22",Not MOTORCYCLE,484804,484804.  SR00168       SR00168      13108657,14296,14112,14187,16458,16895,4,1,0,PRI_URBAN,,,,,,,,,0,217,54,0,1,,0,0,,,,,,,,,Not PED,,1,0,Chesapeake,131,5,NOT-RD,9. Within Intersection,0,20.25,20.44,3. Grade - Straight,1. No Defects,"3. Two-Way, Divided, Positive Median Barrier",1. Dry,1. Concrete,ATLANTIC AVE,STPRI,SR,R-VA   SR00168SB,"Urbanized (Population 200,000 and over)",3. No,"0,0",8436,8341,8385,8730,8981,Not SENIOR,None,20,"25,25",Not SPEED,"25,25",484804,0,"1. Yes,2. No",0,"0,0",3PM TO 6PM,1,1,3. Traffic Signal,1. Yes - Working,Not a Parkway - Trucks and Commercial Vehicles Allowed,"1,2","9. Bicycle,22. Truck - Sport Utility Vehicle (SUV)","MOONGOOSE,Ford","2. Making Right Turn,3. Making Left Turn","BICYCLE,Expedition",20141997,5,5.Hampton Roads,1. No Adverse Condition (Clear/Cloudy),Not Provided,2. No,Not Provided,Not YOUNG
,Not ALCIHOL,Urban,0,0,,,Not UNBELTED,21,Female,B,2,BIKE,,1,1,,2. Angle,"Not Provided,Not Provided","Not Provided,Not Provided",,,,8/8/2014,8/8/2014,22. Bicycle,2339,B.Visiible Injury,2014,,0,0,Virginia Beach,Urban,22. Bicycle,MAIN,9PM TO 12AM,134.Virginia Beach,,Not Intersection,Reset Filters,VDOT_OTHER,Friday,Not DEER,"North,North",,5,1,142255062,26,Male,"PDO,B","1,2","37. Other,37. Other","2. Not Deployed,3. Unavailable/Not Applicable","Not Applicable,Not Applicable","1. No Defects,1. No Defects","14. No Driver Distraction,14. No Driver Distraction","1. Had Not Been Drinking,1. Had Not Been Drinking","2. No,2. No","1. Not Ejected,1. Not Ejected","No,No","No,No","3. Lap and Shoulder Belt,6. Other","1. Not Obscured,1. Not Obscured",,,,,,,,,"22,20",1. On Roadway,"0,0",,,,Not GUARDRAIL,Not HIT_RUN,"12,9",1,1. Not at Intersection,,C,0,0,36.82243,36.82243,,,Not LRTRUCK,4. Darkness - Road Lighted,UNLOCATED,-75.98037,-75.98037,MAINLINE,,,,,,,,"22,20",Not MOTORCYCLE,,.,,,,,,,1,,SEC_URBAN,,,,,,,,,,,,0,1,,0,0,,,,,,,,,Not PED,,1,0,Virginia Beach,134,5,NOT-RD,"13. Driveway, Alley-Access - Related",,,,1. Straight - Level,1. No Defects,"1. Two-Way, Not Divided",1. Dry,"2. Blacktop, Asphalt, Bituminous",GENERAL BOOTH BLVD,UNKWN,SC,U-VA134SC99999UK,,3. No,"0,0",,,,,,Not SENIOR,,"5,5","45,45",Not SPEED,"45,45",,,"2. No,2. No",,"0,0",9PM TO 12AM,1,1,3. Traffic Signal,1. Yes - Working,,"1,2","1. Passenger car,9. Bicycle","JEEP,BICYCLE","2. Making Right Turn,1. Going Straight Ahead","WRANGLER,UNK",1998,5,5.Hampton Roads,1. No Adverse Condition (Clear/Cloudy),Not Provided,2. No,Not Provided,Not YOUNG