Access Control,Alcohol Notalcohol,Area Type1,A Crash,A People,Basetypedesc,Begin Node Dsc,Belted Unbelted,Bikeage,Bikegen,Bikeinjurytype,Bikevehiclenumber,Bike Nonbike,BMP,B Crash,B People,Carspeedlimit,Collision Type,Comm Cargo Body Type Cd,Comm Vehicle Body Type Cd,Cotedrouteid,Coted Mp,Count App,CRASH_DT (copy),Crash Dt,Crash Event Type Dsc,Crash Military Tm,Crash Severity,Crash Year,Curbgutterdesc,C Crash,C People,Juris Name Used,Area Type Used,First Harmful Event of Entire Crash,MAINLINE,Time Slicing Used,Phy_Juris_Nm,Offset-Ft,Intersection Analysis,Clear,Calculation_9640323132123359,Day Of Week,Deer Nodeer,Direction Of Travel Cd,Distracted Notdistracted,VSP,TOTAL CRASH,Document Nbr,Driverage,Drivergen,Driverinjurytype,Drivervehiclenumber,Driver Action Type Cd,Driver Airbag Deployment,Driver Alcohol Test Type Cd,Driver Condition Type Cd,Driver Distraction Type Cd,Driver Drinking Type Cd,Driver Drug Use Cd,Driver Ejected From Vehicle,Driver Ems Transport Ind,Driver Fled Scene Ind,Driver Safety Equip Used,Driver Vis Obscured Type Cd,Drowsy Notdrowsy,Drug Nodrug,EMP,End Node,End Node Dsc,End Offset,Facility,FAC,First Crash Event Cd,First Harmful Event,Fourth Crash Event Cd,Functionalclass,FUN,Govcondesc,Gr Nogr,Hitrun Not Hitrun,Initial Veh Impact Area Cd,Injury Crashes,Intersection Type,Int Doc,Jurtype,K_CRASH,K People,LAT (copy),LAT,Leftshoulderwidth,Length,Lgtruck Nonlgtruck,Light Condition,Located Unlocated,LON (copy),LON,MAINLINE (group),Mainline Yn,Medianleftshoulderwidth,Medianrightshoulderwidth,Mediantypedesc,Medianwidthmax,Medianwidthmin,Median Type,Most Harmful Crash Event Cd,Motor Nonmotor,Node,Node Info,Node Totaadt2011,Node Totaadt2012,Node Totaadt2013,Node Totaadt2014,Node Totaadt2015,Numberoflane,Number of Records,Offset,Ownership,Passage,Passgen,Passinjurytype,Passvehiclenumber,Pass Airbag Deployment,Pass Ejected From Vehicle,Pass Ems Transport Ind,Pass Safety Equip Used,Pavementconditionvalue,Pavementroughnessvalue,Pavementwidth,Pdo Crash,Total People Killed & Injured,Pedage,Pedestrians Injured,Pedestrians Killed,Pedgen,Pedinjurytype,Pednumber,Ped Action,Ped Al Test,Ped Cond,Ped Drink,Ped Drug,Ped Nonped,Ped Rflct,Persons Injured,Persons Killed,Physical Juris Nm,PJR,VSP_Used,Rd Type,Relation To Roadway,Rightshoulderwidth,RNS_MP (0.25 mi bin),Rns Mp,Roadway Alignment,Roadway Defect,Roadway Description,Roadway Surface Cond,Roadway Surface Type,Route Or Street Nm,Rte Category Cd,Rte Cat,Rte Nm,Ruralurbandesc,School Zone,Second Crash Event Cd,Segtotaadt2011,Segtotaadt2012,Segtotaadt2013,Segtotaadt2014,Segtotaadt2015,Senior Notsenior,Sidewalkdesc,Speed Before,Speed Max Safe,Speed Notspeed,Speed Posted,Start Node,Start Offset,Summons Issued Cd,Surfacedesc,Third Crash Event Cd,Time Slicing,Total Crashes including Property Damage Only,Total Crash,Traffic Control Type,Trfc Ctrl Status Type,Truckcommr,Vehiclenumber,Vehicle Body Type Cd,Vehicle Make Nm,Vehicle Maneuver Type Cd,Vehicle Model Nm,Vehicle Year Nbr,District,District_Used ,Weather Condition,Work Zone Location,Work Zone Related,Work Zone Type,Young Notyoung
,Not ALCIHOL,Urban,0,0,,,Not UNBELTED,57,Male,B,1,BIKE,,1,1,,2. Angle,"Not Provided,Not Provided","Not Provided,Not Provided",,,3,8/9/2014,8/9/2014,22. Bicycle,1551,B.Visiible Injury,2014,,0,0,Virginia Beach,Urban,22. Bicycle,MAIN,3PM TO 6PM,134.Virginia Beach,0,Intersection,Reset Filters,VDOT_OTHER,Saturday,Not DEER,"South,West",,5,1,142235205,38,Female,"B,PDO","1,2","11. Did Not Have Right-of-Way,11. Did Not Have Right-of-Way","3. Unavailable/Not Applicable,2. Not Deployed","4. No Test,4. No Test","1. No Defects,1. No Defects","14. No Driver Distraction,14. No Driver Distraction","1. Had Not Been Drinking,1. Had Not Been Drinking","2. No,2. No","2. Partially Ejected,1. Not Ejected","Yes,No","No,No","5. Helmet,3. Lap and Shoulder Belt","13. Other,13. Other",,,,,,,0,,"20,22",1. On Roadway,"0,0",I,,,Not GUARDRAIL,Not HIT_RUN,"9,12",1,4. Four Approaches,142235205,C,0,0,36.85646,36.85646,,,Not LRTRUCK,2. Daylight,UNLOCATED,-76.04774,-76.04774,MAINLINE,,,,,,,,"20,22",Not MOTORCYCLE,541225,541225.  SR00279       SR00279      13408712,42792,39168,39529,38094,29237,,1,0,SEC_URBAN,,,,,,,,,,,,0,1,,0,0,,,,,,,,,Not PED,,1,0,Virginia Beach,134,5,NOT-RD,10. Intersection Related - Within 150 Feet,,0.25,0.25,1. Straight - Level,1. No Defects,"3. Two-Way, Divided, Positive Median Barrier",1. Dry,"2. Blacktop, Asphalt, Bituminous",800 GREAT NECK RD N,URB,UR,R-VA134UR08712WB,,3. No,"0,0",,,,,,Not SENIOR,,"10,5","10,25",Not SPEED,"10,25",,,"2. No,2. No",,"0,0",3PM TO 6PM,1,1,4. Stop Sign,1. Yes - Working,,"1,2","9. Bicycle,22. Truck - Sport Utility Vehicle (SUV)",BMW,"1. Going Straight Ahead,2. Making Right Turn","BICYCLE,X5",2005,5,5.Hampton Roads,1. No Adverse Condition (Clear/Cloudy),Not Provided,2. No,Not Provided,Not YOUNG
No Access Control,Not ALCIHOL,Rural,0,0,Bituminous Concrete (Black Base),DEEP HOLE ROAD(B)/,Not UNBELTED,16,Male,B,2,BIKE,0.38,1,1,,13. Bicyclist,"Not Provided,Not Provided","Not Provided,Not Provided",19000001,0.38,4,8/9/2014,8/9/2014,22. Bicycle,1525,B.Visiible Injury,2014,Left and Right sides,0,0,Chincoteaque,Rural,22. Bicycle,MAIN,3PM TO 6PM,190.Chincoteaque,"1,426",Intersection,Reset Filters,VDOT_OTHER,Saturday,Not DEER,"West,West",,5,1,142215148,46,Female,"PDO,B","1,2","37. Other,1. No Improper Action","2. Not Deployed,3. Unavailable/Not Applicable","4. No Test,4. No Test","1. No Defects,1. No Defects","14. No Driver Distraction,14. No Driver Distraction","1. Had Not Been Drinking,1. Had Not Been Drinking","2. No,2. No","1. Not Ejected,3. Totally Ejected","No,No","No,No","3. Lap and Shoulder Belt,9. Not Applicable","1. Not Obscured,1. Not Obscured",,,0,105986,DEEP HOLE ROAD(B)/,0.09,0,"0.Two-way, non-divided","22,20",1. On Roadway,"0,0",4,4.Rural Major Collector,Other City or Town Streets (not state maintained),Not GUARDRAIL,Not HIT_RUN,"3,12",1,1. Not at Intersection,142215148,T,0,0,37.93521,37.93521,0,0.09,Not LRTRUCK,2. Daylight,LOCATED,-75.36756,-75.36756,MAINLINE,MAIN,0,0,0,0,0,Undivided Roadway,"22,20",Not MOTORCYCLE,105965,105965. 19000001      19000001      19000002      19000002,10787,10886,10985,12298,12411,2,1,0.27,VDOT_SEC,,,,,,,,,4.2,0,32,0,1,,0,0,,,,,,,,,Not PED,,1,0,Chincoteaque,190,5,NOT-RD,8. Non-Intersection,0,0.25,0.38,1. Straight - Level,1. No Defects,"1. Two-Way, Not Divided",1. Dry,"2. Blacktop, Asphalt, Bituminous",MADDOX BLVD,URB,UR,R-VA190UR00001WB,Rural,3. No,"0,0",8998,9079,9160,10392,10488,Not SENIOR,Left and Right sides,0,25,Not SPEED,25,105986,0,"2. No,2. No",0,"0,0",3PM TO 6PM,1,1,6. Traffic Lanes Marked,6. No Traffic Control Device Present,Not a Parkway - Trucks and Commercial Vehicles Allowed,"1,2","22. Truck - Sport Utility Vehicle (SUV),9. Bicycle","DODGE,BICYCLE","8. Stopped in Traffic Lane,1. Going Straight Ahead",JOURNEY,2012,5,5.Hampton Roads,1. No Adverse Condition (Clear/Cloudy),Not Provided,2. No,Not Provided,YOUNG
No Access Control,Not ALCIHOL,Urban,0,0,Bituminous Concrete (Black Base),PACA LN(L)/,Not UNBELTED,49,0,B,1,BIKE,2.35,1,1,,2. Angle,"Not Provided,Not Provided","Not Provided,Not Provided",13408678,2.418,3,4/11/2013,4/11/2013,20. Motor Vehicle In Transport,1630,B.Visiible Injury,2013,Left and Right sides,0,0,Virginia Beach,Urban,20. Motor Vehicle In Transport,MAIN,3PM TO 6PM,134.Virginia Beach,11,Intersection,Reset Filters,VDOT_OTHER,Thursday,Not DEER,"North,West",,5,1,131035103,27,Male,"B,PDO","1,2","11. Did Not Have Right-of-Way,1. No Improper Action","2. Not Deployed,2. Not Deployed","4. No Test,4. No Test","1. No Defects,1. No Defects","Not Applicable,Not Applicable","1. Had Not Been Drinking,1. Had Not Been Drinking","2. No,2. No","1. Not Ejected,1. Not Ejected","Yes,NotProvided","No,No","6. Other,3. Lap and Shoulder Belt","1. Not Obscured,1. Not Obscured",,,2,541392,134-08651(L)/BAKER ROAD,0,0,"0.Two-way, non-divided","20,20",1. On Roadway,"0,0",H,H.Urban Minor Arterial,Other City or Town Streets (not state maintained),Not GUARDRAIL,Not HIT_RUN,"3,12",1,4. Four Approaches,131035103,C,0,0,36.859547,36.859547,0,0.07,Not LRTRUCK,2. Daylight,LOCATED,-76.175274,-76.175274,MAINLINE,MAIN,0,0,0,0,0,Undivided Roadway,"20,20",Not MOTORCYCLE,541392,541392. 13408651      13408678      13408678,36149,34694,35015,33744,33342,4,1,0.002,SEC_URBAN,,,,,,,,,0,0,70,0,1,,0,0,,,,,,,,,Not PED,,1,0,Virginia Beach,134,5,NOT-RD,9. Within Intersection,0,2.25,2.42,1. Straight - Level,1. No Defects,"2. Two-Way, Divided, Unprotected Median",1. Dry,"2. Blacktop, Asphalt, Bituminous",601 NEWTOWN RD,URB,UR,R-VA134UR08678EB,"Urbanized (Population 200,000 and over)",3. No,"0,0",24330,25770,26008,25064,25952,Not SENIOR,Left and Right sides,"10,25","45,45",Not SPEED,"45,45",541575,0,"2. No,1. Yes",0,"0,0",3PM TO 6PM,1,1,3. Traffic Signal,1. Yes - Working,Not a Parkway - Trucks and Commercial Vehicles Allowed,"1,2","9. Bicycle,1. Passenger car","HUFFY,VOLKSWAGEN","1. Going Straight Ahead,1. Going Straight Ahead","BICYCLE,PASSAT SEDAN",19992005,5,5.Hampton Roads,1. No Adverse Condition (Clear/Cloudy),Not Provided,2. No,Not Provided,Not YOUNG
,Not ALCIHOL,Urban,0,0,,,Not UNBELTED,26,Male,B,2,BIKE,,1,1,,3. Head On,"Not Provided,Not Provided","Not Provided,Not Provided",,,,4/12/2013,4/12/2013,22. Bicycle,1228,B.Visiible Injury,2013,,0,0,Virginia Beach,Urban,22. Bicycle,MAIN,12PM TO 3PM,134.Virginia Beach,,Not Intersection,Reset Filters,VDOT_OTHER,Friday,Not DEER,"North,West",,5,1,131075077,24,0,"PDO,B","1,2","37. Other,1. No Improper Action","2. Not Deployed,3. Unavailable/Not Applicable","4. No Test,4. No Test","1. No Defects,1. No Defects","14. No Driver Distraction,14. No Driver Distraction","1. Had Not Been Drinking,1. Had Not Been Drinking","2. No,2. No","1. Not Ejected,1. Not Ejected","No,Yes","No,No","3. Lap and Shoulder Belt,9. Not Applicable","5. Trees, Crops, etc.,1. Not Obscured",,,,,,,,,"22,20",1. On Roadway,"0,0",,,,Not GUARDRAIL,Not HIT_RUN,"12,11",1,3. Three Approaches,,C,0,0,36.847806,36.847806,,,Not LRTRUCK,2. Daylight,UNLOCATED,-76.024774,-76.024774,MAINLINE,,,,,,,,"22,20",Not MOTORCYCLE,,.,,,,,,,1,,SEC_URBAN,,,,,,,,,,,,0,1,,0,0,,,,,,,,,Not PED,,1,0,Virginia Beach,134,5,RD-UNKNOWN,9. Within Intersection,,,,1. Straight - Level,1. No Defects,"1. Two-Way, Not Divided",1. Dry,1. Concrete,1777 DONNA BL,UNKWN,SC,U-VA134SC99999UK,,3. No,"0,0",,,,,,Not SENIOR,,"5,10","25,25",Not SPEED,"25,25",,,"2. No,2. No",,"0,0",12PM TO 3PM,1,1,1. No Traffic Control,6. No Traffic Control Device Present,,"1,2","1. Passenger car,9. Bicycle","HYUNDAI,GIANT","7. Starting From Parked Position,1. Going Straight Ahead","ELANTRA,N/A",20122013,5,5.Hampton Roads,1. No Adverse Condition (Clear/Cloudy),Not Provided,2. No,Not Provided,Not YOUNG
No Access Control,Not ALCIHOL,Urban,0,0,Bituminous Concrete (Black Base),MANTEO STREET(B)/,Not UNBELTED,19,Male,C,2,BIKE,0.97,0,0,,2. Angle,"Not Provided,Not Provided","Not Provided,Not Provided",12208572,0.97,4,4/12/2013,4/12/2013,22. Bicycle,843,C.Non-Visible Injury,2013,Left and Right sides,1,1,Norfolk,Urban,22. Bicycle,MAIN,6AM TO 9AM,122.Norfolk,581,Intersection,Reset Filters,VDOT_OTHER,Friday,Not DEER,"South,East",,5,1,132060198,59,0,"PDO,C","1,2","1. No Improper Action,37. Other","2. Not Deployed,3. Unavailable/Not Applicable","4. No Test,4. No Test","1. No Defects,1. No Defects","Not Applicable,Not Applicable","1. Had Not Been Drinking,1. Had Not Been Drinking","2. No,2. No","1. Not Ejected,1. Not Ejected","No,Yes","No,No","3. Lap and Shoulder Belt,9. Not Applicable","1. Not Obscured,1. Not Obscured",,,1,485126,122-08565(B)/21ST ST,0,0,"0.Two-way, non-divided","22,20","8. Off Roadway, Location Unknown","0,0",H,H.Urban Minor Arterial,Other City or Town Streets (not state maintained),Not GUARDRAIL,Not HIT_RUN,"12,9",1,1. Not at Intersection,132060198,C,0,0,36.869618,36.869618,0,0.11,Not LRTRUCK,2. Daylight,LOCATED,-76.293212,-76.293212,MAINLINE,MAIN,0,0,0,0,0,Undivided Roadway,"22,20",Not MOTORCYCLE,485126,485126. 12208565      12208565      12208572      12208572,20050,20970,21163,20395,17584,2,1,0.11,SEC_URBAN,,,,,,,,,0,0,48,0,1,,0,0,,,,,,,,,Not PED,,1,0,Norfolk,122,5,NOT-RD,10. Intersection Related - Within 150 Feet,0,0.75,0.97,3. Grade - Straight,1. No Defects,"1. Two-Way, Not Divided",2. Wet,"2. Blacktop, Asphalt, Bituminous",536 w 21st st,URB,UR,R-VA122UR08572WB,"Urbanized (Population 200,000 and over)",3. No,"0,0",13565,14234,14365,13844,11912,Not SENIOR,Left and Right sides,"0,5","25,25",Not SPEED,"25,25",485284,0,"2. No,2. No",0,"0,0",6AM TO 9AM,1,1,1. No Traffic Control,6. No Traffic Control Device Present,Not a Parkway - Trucks and Commercial Vehicles Allowed,"1,2","2. Truck - Pick-up/Passenger Truck,9. Bicycle","Ford,ber","16. Entering Street From Parking Lot,1. Going Straight Ahead","Explorer,Mountain Bike",2002,5,5.Hampton Roads,5. Rain,Not Provided,2. No,Not Provided,YOUNG
No Access Control,Not ALCIHOL,Urban,0,0,"N/A, Unknown, or Unstabilized",134-08719(L)/ATLANTIC AV,Not UNBELTED,50,Female,B,2,BIKE,303.14,1,1,,6. Fixed Object in Road,"Not Provided,Not Provided","Not Provided,Not Provided",US00060,303.147,3,4/13/2013,4/13/2013,22. Bicycle,1245,B.Visiible Injury,2013,Left side,0,1,Virginia Beach,Urban,22. Bicycle,MAIN,12PM TO 3PM,134.Virginia Beach,301,Intersection,Reset Filters,VDOT_OTHER,Saturday,Not DEER,"East,North",,5,1,131345072,65,0,"C,B","1,2","11. Did Not Have Right-of-Way,1. No Improper Action","2. Not Deployed,3. Unavailable/Not Applicable","Not Applicable,Not Applicable","1. No Defects,1. No Defects","14. No Driver Distraction,14. No Driver Distraction","1. Had Not Been Drinking,1. Had Not Been Drinking","2. No,2. No","1. Not Ejected,1. Not Ejected","No,Yes","No,No","3. Lap and Shoulder Belt,5. Helmet","1. Not Obscured,1. Not Obscured",,,303,541105,134-08719(L)/ATLANTIC AV,0.33,0,"0.Two-way, non-divided","22,20",1. On Roadway,"0,0",I,I.Urban Collector,Urban Extensions - Primary Routes,Not GUARDRAIL,Not HIT_RUN,"0,9",1,1. Not at Intersection,131345072,C,0,0,36.844575,36.844575,0,0.28,Not LRTRUCK,2. Daylight,LOCATED,-75.973989,-75.973989,MAINLINE,MAIN,0,0,0,0,0,Undivided Roadway,"22,10",Not MOTORCYCLE,541105,541105.  US00060       US00060      13408719,12256,9957,10050,9685,9651,4,1,0.057,PRI_URBAN,,,,,,,,,0,108,46,0,2,,0,0,,,,,,,,,Not PED,,2,0,Virginia Beach,134,5,NOT-RD,1. Main-Line Roadway,6,303,303.14,1. Straight - Level,1. No Defects,"2. Two-Way, Divided, Unprotected Median",1. Dry,1. Concrete,1600 ATLANTIC AVE,USPRI,US,R-VA   US00060EB,"Urbanized (Population 200,000 and over)",3. No,"0,10",7746,6878,6942,6690,6381,SENIOR,Left side,"10,20","35,35",Not SPEED,"35,35",541105,0.05,"2. No,2. No",0,"0,0",12PM TO 3PM,1,1,1. No Traffic Control,6. No Traffic Control Device Present,Not a Parkway - Trucks and Commercial Vehicles Allowed,"1,2","1. Passenger car,9. Bicycle","FORD,TREK","3. Making Left Turn,14. Changing Lanes","4D,BICYCLE",2012,5,5.Hampton Roads,1. No Adverse Condition (Clear/Cloudy),Not Provided,2. No,Not Provided,Not YOUNG
,ALCOHOL,Urban,1,1,,,Not UNBELTED,44,0,A,1,BIKE,,0,0,,2. Angle,"Not Provided,Not Provided","Not Provided,Not Provided",,,3,4/13/2013,4/13/2013,22. Bicycle,1356,A.Ambulatory Injury,2013,,0,0,Hampton,Urban,22. Bicycle,MAIN,12PM TO 3PM,114.Hampton,0,Intersection,Reset Filters,VDOT_OTHER,Saturday,Not DEER,"South,East",,5,1,132060302,30,Male,"A,PDO","1,2","21. Disregarded Traffic Signal,1. No Improper Action","3. Unavailable/Not Applicable,2. Not Deployed","4. No Test,Not Applicable","1. No Defects,8. Other","Not Applicable,Not Applicable","2. Drinking - Obviously Drunk,Not Applicable","Not Applicable,Not Applicable","3. Totally Ejected,1. Not Ejected","Yes,No","No,No","8. No Restraint Used,3. Lap and Shoulder Belt","11. Moving Vehicle(s),1. Not Obscured",,,,,,,1,,"20,22",1. On Roadway,"0,0",H,,,Not GUARDRAIL,Not HIT_RUN,"12,11",1,4. Four Approaches,132060302,C,0,0,37.043329,37.043329,,,Not LRTRUCK,2. Daylight,UNLOCATED,-76.342332,-76.342332,MAINLINE,,,,,,,,"20,22",Not MOTORCYCLE,253121,253121.  SR00169       US00258       US00258,41229,40318,39556,38147,38920,,1,0,PRI_URBAN,,,,,,,,,,,,0,1,,0,0,,,,,,,,,Not PED,,1,0,Hampton,114,5,NOT-RD,9. Within Intersection,,7,7.05,1. Straight - Level,1. No Defects,"2. Two-Way, Divided, Unprotected Median",1. Dry,"2. Blacktop, Asphalt, Bituminous",E MERCURY BLVD,STPRI,SR,R-VA   SR00169SB,,3. No,"0,0",,,,,,Not SENIOR,,"5,45","45,45",Not SPEED,"45,45",,,"1. Yes,2. No",,"0,0",12PM TO 3PM,1,1,3. Traffic Signal,1. Yes - Working,,"1,2","9. Bicycle,22. Truck - Sport Utility Vehicle (SUV)","ROADMASTER,HONDA","1. Going Straight Ahead,1. Going Straight Ahead","BICYCLE,PILOT",2009,5,5.Hampton Roads,1. No Adverse Condition (Clear/Cloudy),Not Provided,2. No,Not Provided,Not YOUNG
No Access Control,Not ALCIHOL,Urban,0,0,"N/A, Unknown, or Unstabilized",122-08620(R)/SHEPPARD AV,Not UNBELTED,16,Male,PDO,2,BIKE,28.62,1,1,,2. Angle,"Not Provided,Not Provided","Not Provided,Not Provided",SR00168,28.979,3,4/14/2013,4/14/2013,20. Motor Vehicle In Transport,1922,B.Visiible Injury,2013,Left and Right sides,0,0,Norfolk,Urban,20. Motor Vehicle In Transport,MAIN,6PM TO 9PM,122.Norfolk,"1,896",Intersection,Reset Filters,VDOT_OTHER,Sunday,Not DEER,"North,South",,5,1,132060332,28,0,"PDO,PDO","1,2","1. No Improper Action,11. Did Not Have Right-of-Way","2. Not Deployed,3. Unavailable/Not Applicable","4. No Test,4. No Test","1. No Defects,1. No Defects","Not Applicable,Not Applicable","1. Had Not Been Drinking,1. Had Not Been Drinking","2. No,2. No","1. Not Ejected,1. Not Ejected","No,No","No,No","3. Lap and Shoulder Belt,9. Not Applicable","1. Not Obscured,1. Not Obscured",,,29,483436,122-08618(B)/BAYVIEW BLVD,0,0,"0.Two-way, non-divided","22,20",1. On Roadway,"0,0",H,H.Urban Minor Arterial,Urban Extensions - Primary Routes,Not GUARDRAIL,Not HIT_RUN,"2,12",1,3. Three Approaches,132060332,C,0,0,36.92732,36.92732,0,0.81,Not LRTRUCK,2. Daylight,LOCATED,-76.2527,-76.2527,MAINLINE,MAIN,0,0,0,0,0,Undivided Roadway,"22,20",Not MOTORCYCLE,483435,483435.  SR00168       SR00168      12208620,18378,18353,18523,17850,15821,4,1,0.359,PRI_URBAN,15,Male,B,2,3. Unavailable/Not Applicable,1. Not Ejected,Yes,9. Not Applicable,0,241,52,0,1,,0,0,,,,,,,,,Not PED,,1,0,Norfolk,122,5,NOT-RD,9. Within Intersection,0,28.75,28.98,1. Straight - Level,1. No Defects,"1. Two-Way, Not Divided",1. Dry,"2. Blacktop, Asphalt, Bituminous",8400 tidewater dr,STPRI,SR,R-VA   SR00168NB,"Urbanized (Population 200,000 and over)",3. No,"0,0",17747,17777,17941,17290,15319,Not SENIOR,None,5,"25,0",Not SPEED,"25,0",483435,0,"2. No,3. Pending",0,"0,0",6PM TO 9PM,1,1,4. Stop Sign,6. No Traffic Control Device Present,Not a Parkway - Trucks and Commercial Vehicles Allowed,"1,2","1. Passenger car,9. Bicycle","Honda,UNKNOWN","2. Making Right Turn,1. Going Straight Ahead","civic,Bicycle",2009,5,5.Hampton Roads,1. No Adverse Condition (Clear/Cloudy),Not Provided,2. No,Not Provided,YOUNG
No Access Control,Not ALCIHOL,Urban,0,0,Bituminous Concrete (Black Base),134-00012(B)/S PLAZA TR,Not UNBELTED,26,Female,B,2,BIKE,0.51,1,1,,2. Angle,"Not Provided,Not Provided","Not Provided,Not Provided",13408733,0.52,4,8/10/2014,8/10/2014,22. Bicycle,1150,B.Visiible Injury,2014,Left and Right sides,0,0,Virginia Beach,Urban,22. Bicycle,MAIN,9AM TO 12PM,134.Virginia Beach,53,Intersection,Reset Filters,VDOT_OTHER,Sunday,Not DEER,"West,North",,5,1,142235059,22,Female,"PDO,B","1,2","1. No Improper Action,37. Other","2. Not Deployed,3. Unavailable/Not Applicable","4. No Test,4. No Test","1. No Defects,1. No Defects","14. No Driver Distraction,14. No Driver Distraction","6. Unknown,6. Unknown","3. Unknown,3. Unknown","1. Not Ejected,3. Totally Ejected","No,Yes","No,No","3. Lap and Shoulder Belt,8. No Restraint Used","1. Not Obscured,1. Not Obscured",,,1,542141,KIPLING LN(R)/,0,1,"1.Divided, no control of access","22,20",1. On Roadway,"0,0",H,H.Urban Minor Arterial,Other City or Town Streets (not state maintained),Not GUARDRAIL,Not HIT_RUN,"12,8",1,4. Four Approaches,142235059,C,0,0,36.81931,36.81931,0,0.1,Not LRTRUCK,2. Daylight,LOCATED,-76.11981,-76.11981,MAINLINE,MAIN,0,0,Curbed Grass,14,4,Divided Roadway,"22,20",Not MOTORCYCLE,541269,541269. 13400012      13400012      13408733      13408733,47676,45208,45625,43969,44361,4,1,0.01,SEC_URBAN,,,,,,,,,0,0,54,0,1,,0,0,,,,,,,,,Not PED,,1,0,Virginia Beach,134,5,NOT-RD,9. Within Intersection,0,0.5,0.52,1. Straight - Level,1. No Defects,"2. Two-Way, Divided, Unprotected Median",1. Dry,"2. Blacktop, Asphalt, Bituminous",4200 S. PLAZA TRAIL,URB,UR,R-VA134UR08733NB,"Urbanized (Population 200,000 and over)",3. No,"0,0",11812,9165,9250,8914,8978,Not SENIOR,Left and Right sides,"2,2","35,35",Not SPEED,"35,35",541269,0,"2. No,1. Yes",0,"0,0",9AM TO 12PM,1,1,3. Traffic Signal,1. Yes - Working,Not a Parkway - Trucks and Commercial Vehicles Allowed,"1,2","1. Passenger car,9. Bicycle","CHEVY,NISHIKI","3. Making Left Turn,15. Other","4S,BICYCLE",20122014,5,5.Hampton Roads,1. No Adverse Condition (Clear/Cloudy),Not Provided,2. No,Not Provided,Not YOUNG
,Not ALCIHOL,Urban,0,0,,,Not UNBELTED,51,Female,B,2,BIKE,,1,1,,2. Angle,"Not Provided,Not Provided","Not Provided,Not Provided",,,,8/10/2014,8/10/2014,22. Bicycle,834,B.Visiible Injury,2014,,0,0,Virginia Beach,Urban,22. Bicycle,MAIN,6AM TO 9AM,134.Virginia Beach,,Not Intersection,Reset Filters,VDOT_OTHER,Sunday,Not DEER,"North,North",,5,1,142235058,80,Male,"PDO,B","1,2","11. Did Not Have Right-of-Way,1. No Improper Action","2. Not Deployed,3. Unavailable/Not Applicable","4. No Test,4. No Test","1. No Defects,1. No Defects","14. No Driver Distraction,14. No Driver Distraction","1. Had Not Been Drinking,1. Had Not Been Drinking","Not Applicable,Not Applicable","1. Not Ejected,Not Provided","NotProvided,Yes","No,No","3. Lap and Shoulder Belt,5. Helmet","1. Not Obscured,1. Not Obscured",,,,,,,,,"22,20",1. On Roadway,"0,0",,,,Not GUARDRAIL,Not HIT_RUN,"2,10",1,4. Four Approaches,,C,0,0,36.77276,36.77276,,,Not LRTRUCK,2. Daylight,UNLOCATED,-75.99607,-75.99607,MAINLINE,,,,,,,,"22,20",Not MOTORCYCLE,,.,,,,,,,1,,SEC_URBAN,,,,,,,,,,,,0,1,,0,0,,,,,,,,,Not PED,,1,0,Virginia Beach,134,5,NOT-RD,10. Intersection Related - Within 150 Feet,,,,1. Straight - Level,1. No Defects,"1. Two-Way, Not Divided",1. Dry,"2. Blacktop, Asphalt, Bituminous",CULVER LANE,UNKWN,SC,U-VA134SC99999UK,,3. No,"0,0",,,,,,SENIOR,,"10,5","35,35",Not SPEED,"35,35",,,"1. Yes,Not Provided",,"0,0",6AM TO 9AM,1,1,1. No Traffic Control,6. No Traffic Control Device Present,,"1,2","1. Passenger car,9. Bicycle","Cadillac,OTH","3. Making Left Turn,2. Making Right Turn","DeVille,BICYCLE",20032014,5,5.Hampton Roads,1. No Adverse Condition (Clear/Cloudy),Not Provided,2. No,Not Provided,Not YOUNG
,Not ALCIHOL,Urban,1,1,,,Not UNBELTED,4,Male,A,2,BIKE,,0,0,,12. Ped,"Not Provided,Not Provided","Not Provided,Not Provided",,,,8/10/2014,8/10/2014,19. Ped,1543,A.Ambulatory Injury,2014,,0,0,Norfolk,Urban,19. Ped,MAIN,3PM TO 6PM,122.Norfolk,,Not Intersection,Reset Filters,VDOT_OTHER,Sunday,Not DEER,"East,Not Provided",DISTRACTED,5,1,142530034,32,Female,"PDO,A","1,2","1. No Improper Action,37. Other","2. Not Deployed,Not Provided","Not Applicable,Not Applicable","1. No Defects,1. No Defects","Not Applicable,11. Other","1. Had Not Been Drinking,1. Had Not Been Drinking","2. No,2. No","1. Not Ejected,3. Totally Ejected","No,Yes","No,No","3. Lap and Shoulder Belt,8. No Restraint Used","10. Parked Vehicle(s),10. Parked Vehicle(s)",,,,,,,,,"19,0",1. On Roadway,"0,0",,,,Not GUARDRAIL,Not HIT_RUN,"10,0",1,1. Not at Intersection,,C,0,0,36.91194,36.91194,,,Not LRTRUCK,2. Daylight,UNLOCATED,-76.25809,-76.25809,MAINLINE,,,,,,,,"19,0",Not MOTORCYCLE,,.,,,,,,,1,,SEC_URBAN,,,,,,,,,,,,0,1,,0,0,,,,,,,,,Not PED,,1,0,Norfolk,122,5,NOT-RD,8. Non-Intersection,,,,2. Curve - Level,1. No Defects,"4. One-Way, Not Divided",1. Dry,"2. Blacktop, Asphalt, Bituminous",500 ASTOR CIR,UNKWN,SC,U-VA122SC99999UK,,3. No,"0,0",,,,,,Not SENIOR,,5,15,Not SPEED,15,,,"1. Yes,2. No",,"0,0",3PM TO 6PM,1,1,1. No Traffic Control,6. No Traffic Control Device Present,,"1,2","3. Van,9. Bicycle",HONDA,"3. Making Left Turn,15. Other",ODDESEY,2006,5,5.Hampton Roads,1. No Adverse Condition (Clear/Cloudy),Not Provided,2. No,Not Provided,Not YOUNG