Access Control,Alcohol Notalcohol,Area Type1,A Crash,A People,Basetypedesc,Begin Node Dsc,Belted Unbelted,Bikeage,Bikegen,Bikeinjurytype,Bikevehiclenumber,Bike Nonbike,BMP,B Crash,B People,Carspeedlimit,Collision Type,Comm Cargo Body Type Cd,Comm Vehicle Body Type Cd,Cotedrouteid,Coted Mp,Count App,CRASH_DT (copy),Crash Dt,Crash Event Type Dsc,Crash Military Tm,Crash Severity,Crash Year,Curbgutterdesc,C Crash,C People,Juris Name Used,Area Type Used,First Harmful Event of Entire Crash,MAINLINE,Time Slicing Used,Phy_Juris_Nm,Offset-Ft,Intersection Analysis,Clear,Calculation_9640323132123359,Day Of Week,Deer Nodeer,Direction Of Travel Cd,Distracted Notdistracted,VSP,TOTAL CRASH,Document Nbr,Driverage,Drivergen,Driverinjurytype,Drivervehiclenumber,Driver Action Type Cd,Driver Airbag Deployment,Driver Alcohol Test Type Cd,Driver Condition Type Cd,Driver Distraction Type Cd,Driver Drinking Type Cd,Driver Drug Use Cd,Driver Ejected From Vehicle,Driver Ems Transport Ind,Driver Fled Scene Ind,Driver Safety Equip Used,Driver Vis Obscured Type Cd,Drowsy Notdrowsy,Drug Nodrug,EMP,End Node,End Node Dsc,End Offset,Facility,FAC,First Crash Event Cd,First Harmful Event,Fourth Crash Event Cd,Functionalclass,FUN,Govcondesc,Gr Nogr,Hitrun Not Hitrun,Initial Veh Impact Area Cd,Injury Crashes,Intersection Type,Int Doc,Jurtype,K_CRASH,K People,LAT (copy),LAT,Leftshoulderwidth,Length,Lgtruck Nonlgtruck,Light Condition,Located Unlocated,LON (copy),LON,MAINLINE (group),Mainline Yn,Medianleftshoulderwidth,Medianrightshoulderwidth,Mediantypedesc,Medianwidthmax,Medianwidthmin,Median Type,Most Harmful Crash Event Cd,Motor Nonmotor,Node,Node Info,Node Totaadt2011,Node Totaadt2012,Node Totaadt2013,Node Totaadt2014,Node Totaadt2015,Numberoflane,Number of Records,Offset,Ownership,Passage,Passgen,Passinjurytype,Passvehiclenumber,Pass Airbag Deployment,Pass Ejected From Vehicle,Pass Ems Transport Ind,Pass Safety Equip Used,Pavementconditionvalue,Pavementroughnessvalue,Pavementwidth,Pdo Crash,Total People Killed & Injured,Pedage,Pedestrians Injured,Pedestrians Killed,Pedgen,Pedinjurytype,Pednumber,Ped Action,Ped Al Test,Ped Cond,Ped Drink,Ped Drug,Ped Nonped,Ped Rflct,Persons Injured,Persons Killed,Physical Juris Nm,PJR,VSP_Used,Rd Type,Relation To Roadway,Rightshoulderwidth,RNS_MP (0.25 mi bin),Rns Mp,Roadway Alignment,Roadway Defect,Roadway Description,Roadway Surface Cond,Roadway Surface Type,Route Or Street Nm,Rte Category Cd,Rte Cat,Rte Nm,Ruralurbandesc,School Zone,Second Crash Event Cd,Segtotaadt2011,Segtotaadt2012,Segtotaadt2013,Segtotaadt2014,Segtotaadt2015,Senior Notsenior,Sidewalkdesc,Speed Before,Speed Max Safe,Speed Notspeed,Speed Posted,Start Node,Start Offset,Summons Issued Cd,Surfacedesc,Third Crash Event Cd,Time Slicing,Total Crashes including Property Damage Only,Total Crash,Traffic Control Type,Trfc Ctrl Status Type,Truckcommr,Vehiclenumber,Vehicle Body Type Cd,Vehicle Make Nm,Vehicle Maneuver Type Cd,Vehicle Model Nm,Vehicle Year Nbr,District,District_Used ,Weather Condition,Work Zone Location,Work Zone Related,Work Zone Type,Young Notyoung
No Access Control,Not ALCIHOL,Urban,0,0,Bituminous Concrete (Black Base),SEASHELL ROAD(R)/,Not UNBELTED,33,Male,PDO,2,BIKE,293.67,0,0,,4. Sideswipe - Same Direction,"Not Provided,Not Provided","Not Provided,Not Provided",US00060,293.714,3,8/11/2014,8/11/2014,22. Bicycle,1535,PDO.Property Damage Only,2014,Left and Right sides,0,0,Virginia Beach,Urban,22. Bicycle,MAIN,3PM TO 6PM,134.Virginia Beach,876,Intersection,Reset Filters,VDOT_OTHER,Monday,Not DEER,"West,West",,5,1,142235325,81,Female,"PDO,PDO","1,2","40. Fail to Maintain Proper Control,1. No Improper Action","2. Not Deployed,3. Unavailable/Not Applicable","4. No Test,4. No Test","1. No Defects,1. No Defects","14. No Driver Distraction,14. No Driver Distraction","1. Had Not Been Drinking,1. Had Not Been Drinking","2. No,2. No","1. Not Ejected,1. Not Ejected","No,No","No,No","3. Lap and Shoulder Belt,5. Helmet","1. Not Obscured,1. Not Obscured",,,294,541121,EBBTIDE ROAD(R)/,0,1,"1.Divided, no control of access","22,20",1. On Roadway,"0,0",E,E.Urban Other Principle Arterials; Connecting Links of Other Rural Principal Arterial,Urban Extensions - Primary Routes,Not GUARDRAIL,Not HIT_RUN,"3,9",0,1. Not at Intersection,142235325,C,0,0,36.91086,36.91086,0,0.14,Not LRTRUCK,1. Dawn,LOCATED,-76.07429,-76.07429,MAINLINE,MAIN,2,2,Grass/Unprotected,20,8,Divided Roadway,"22,20",Not MOTORCYCLE,541119,541119.  SR00279       US00060       US00060,40261,36798,36789,36155,35925,4,1,0.166,PRI_URBAN,,,,,,,,,0,199,60,1,0,,0,0,,,,,,,,,Not PED,,0,0,Virginia Beach,134,5,NOT-RD,8. Non-Intersection,0,293.5,293.71,1. Straight - Level,1. No Defects,"2. Two-Way, Divided, Unprotected Median",1. Dry,"2. Blacktop, Asphalt, Bituminous",2945 SHORE DR,USPRI,US,R-VA   US00060WB,"Urbanized (Population 200,000 and over)",3. No,"0,0",35717,32418,32228,32043,33361,SENIOR,Right side,"40,25","45,45",Not SPEED,"45,45",541122,0,"1. Yes,2. No",0,"0,0",3PM TO 6PM,1,1,6. Traffic Lanes Marked,1. Yes - Working,Truck Access System,"1,2","1. Passenger car,9. Bicycle","Cadillac,TREK","1. Going Straight Ahead,1. Going Straight Ahead","DeVille,MADONE/BICYCLE",20052010,5,5.Hampton Roads,1. No Adverse Condition (Clear/Cloudy),Not Provided,2. No,Not Provided,Not YOUNG
No Access Control,Not ALCIHOL,Urban,0,0,"N/A, Unknown, or Unstabilized",134-00012(B)/Gap Terminus/WINDSOR OAKS BLVD,Not UNBELTED,22,0,B,1,BIKE,0.87,1,1,,2. Angle,"Not Provided,Not Provided","Not Provided,Not Provided",13408734,0.878,3,4/17/2013,4/17/2013,22. Bicycle,700,B.Visiible Injury,2013,Left and Right sides,0,0,Virginia Beach,Urban,22. Bicycle,MAIN,6AM TO 9AM,134.Virginia Beach,42,Intersection,Reset Filters,VDOT_OTHER,Wednesday,Not DEER,"East,South",,5,1,131085047,21,Female,"B,PDO","1,2","11. Did Not Have Right-of-Way,1. No Improper Action","2. Not Deployed,2. Not Deployed","Not Applicable,Not Applicable","1. No Defects,1. No Defects","14. No Driver Distraction,14. No Driver Distraction","1. Had Not Been Drinking,1. Had Not Been Drinking","2. No,2. No","1. Not Ejected,1. Not Ejected","Yes,No","No,No","9. Not Applicable,3. Lap and Shoulder Belt","1. Not Obscured,1. Not Obscured",,,1,542184,LAKE FRONT PLACE(L)/,0,0,"0.Two-way, non-divided","20,22",1. On Roadway,"0,0",I,I.Urban Collector,Other City or Town Streets (not state maintained),Not GUARDRAIL,Not HIT_RUN,"12,12",1,4. Four Approaches,131085047,C,0,0,36.81626,36.81626,0,0.1,Not LRTRUCK,2. Daylight,LOCATED,-76.111628,-76.111628,MAINLINE,MAIN,0,0,0,0,0,Undivided Roadway,"20,22",Not MOTORCYCLE,541270,541270. 13400012      13400012      13408734,35640,35749,36078,34769,35508,2,1,0.008,SEC_URBAN,,,,,,,,,0,0,40,0,1,,0,0,,,,,,,,,Not PED,,1,0,Virginia Beach,134,5,NOT-RD,9. Within Intersection,0,0.75,0.88,1. Straight - Level,1. No Defects,"2. Two-Way, Divided, Unprotected Median",1. Dry,"2. Blacktop, Asphalt, Bituminous",3900 BLOCK OF HOLLAND ROAD,URB,UR,R-VA134UR08734SB,"Urbanized (Population 200,000 and over)",3. No,"0,0",5528,4473,4514,4350,4650,Not SENIOR,Left and Right sides,"5,15","45,45",Not SPEED,"45,45",541270,0,"1. Yes,2. No",0,"0,0",6AM TO 9AM,1,1,3. Traffic Signal,1. Yes - Working,Not a Parkway - Trucks and Commercial Vehicles Allowed,"1,2","9. Bicycle,1. Passenger car",Scion,"2. Making Right Turn,3. Making Left Turn","BICYCLE,tC",2007,5,5.Hampton Roads,1. No Adverse Condition (Clear/Cloudy),Not Provided,2. No,Not Provided,Not YOUNG
No Access Control,Not ALCIHOL,Urban,0,0,Bituminous Concrete (Black Base),CORE AVE(R)/,Not UNBELTED,30,Male,C,2,BIKE,0.7,0,0,,4. Sideswipe - Same Direction,"Not Provided,Not Provided","Not Provided,Not Provided",12208572,0.7,4,4/18/2013,4/18/2013,20. Motor Vehicle In Transport,1700,C.Non-Visible Injury,2013,Left and Right sides,1,1,Norfolk,Urban,20. Motor Vehicle In Transport,MAIN,3PM TO 6PM,122.Norfolk,528,Intersection,Reset Filters,VDOT_OTHER,Thursday,Not DEER,"South,South",,5,1,132100019,51,0,"PDO,C","1,2","1. No Improper Action,1. No Improper Action","2. Not Deployed,3. Unavailable/Not Applicable","4. No Test,4. No Test","1. No Defects,1. No Defects","Not Applicable,Not Applicable","1. Had Not Been Drinking,1. Had Not Been Drinking","2. No,2. No","1. Not Ejected,1. Not Ejected","No,No","No,No","3. Lap and Shoulder Belt,8. No Restraint Used","1. Not Obscured,1. Not Obscured",,,1,485086,122-08563(B)/COLLEY AVE,0,0,"0.Two-way, non-divided","22,0",1. On Roadway,"0,0",H,H.Urban Minor Arterial,Other City or Town Streets (not state maintained),Not GUARDRAIL,Not HIT_RUN,"7,1",1,1. Not at Intersection,132100019,C,0,0,36.87121,36.87121,0,0.1,Not LRTRUCK,2. Daylight,LOCATED,-76.298197,-76.298197,MAINLINE,MAIN,0,0,0,0,0,Undivided Roadway,"22,0",Not MOTORCYCLE,485086,485086. 12208563      12208563      12208572      12208572,26250,26219,26461,25501,22565,2,1,0.1,SEC_URBAN,,,,,,,,,0,0,48,0,1,,0,0,,,,,,,,,Not PED,,1,0,Norfolk,122,5,NOT-RD,1. Main-Line Roadway,0,0.5,0.7,1. Straight - Level,1. No Defects,"1. Two-Way, Not Divided",1. Dry,1. Concrete,900 BLOCK OF CORE AV,URB,UR,R-VA122UR08572WB,"Urbanized (Population 200,000 and over)",3. No,"0,0",7874,7340,7408,7139,6248,Not SENIOR,Left and Right sides,25,25,Not SPEED,25,485283,0,"2. No,2. No",0,"0,0",3PM TO 6PM,1,1,1. No Traffic Control,6. No Traffic Control Device Present,Not a Parkway - Trucks and Commercial Vehicles Allowed,"1,2","1. Passenger car,9. Bicycle","MERCURY,BEACH CRUISER","12. Backing,1. Going Straight Ahead",GRAND MARQUIS,2001,5,5.Hampton Roads,1. No Adverse Condition (Clear/Cloudy),Not Provided,2. No,Not Provided,Not YOUNG
No Access Control,Not ALCIHOL,Urban,0,0,Bituminous Concrete (Black Base),VIRGINIA AQUARIUM(B)/,Not UNBELTED,31,Male,B,2,BIKE,21.16,1,1,,2. Angle,"Not Provided,Not Provided","Not Provided,Not Provided",13408669,21.171,4,4/18/2013,4/18/2013,22. Bicycle,1255,B.Visiible Injury,2013,Left side,0,1,Virginia Beach,Urban,22. Bicycle,MAIN,12PM TO 3PM,134.Virginia Beach,"4,282",Intersection,Reset Filters,VDOT_OTHER,Thursday,Not DEER,"South,West",,5,1,131195174,18,0,"C,B","1,2","1. No Improper Action,11. Did Not Have Right-of-Way","2. Not Deployed,3. Unavailable/Not Applicable","4. No Test,4. No Test","1. No Defects,1. No Defects","14. No Driver Distraction,14. No Driver Distraction","1. Had Not Been Drinking,1. Had Not Been Drinking","2. No,2. No","1. Not Ejected,2. Partially Ejected","No,Yes","No,No","3. Lap and Shoulder Belt,9. Not Applicable","16. Stopped Vehicle(s),16. Stopped Vehicle(s)",,,21,541483,HEADQUARTERS RD(R)/,0,1,"1.Divided, no control of access","22,20",1. On Roadway,"0,0",H,H.Urban Minor Arterial,Other City or Town Streets (not state maintained),Not GUARDRAIL,Not HIT_RUN,"12,1",1,4. Four Approaches,131195174,C,0,0,36.82105,36.82105,0,0.25,Not LRTRUCK,2. Daylight,LOCATED,-75.982273,-75.982273,MAINLINE,MAIN,6,6,Grass/Unprotected,36,24,Divided Roadway,"22,20",Not MOTORCYCLE,541482,541482. 13408669      13408669      13408723      13408723,30985,31853,32314,31262,28218,4,1,0.811,SEC_URBAN,,,,,,,,,0,0,50,0,2,,0,0,,,,,,,,,Not PED,,2,0,Virginia Beach,134,5,NOT-RD,1. Main-Line Roadway,8,21,21.17,1. Straight - Level,1. No Defects,"2. Two-Way, Divided, Unprotected Median",1. Dry,"2. Blacktop, Asphalt, Bituminous",717 GENERAL BOOTH BL,URB,UR,R-VA134UR08669SB,"Urbanized (Population 200,000 and over)",3. No,"0,0",15328,16751,17349,16731,11352,Not SENIOR,Left side,"10,5","45,45",Not SPEED,"45,45",742545,0,"2. No,1. Yes",0,"0,0",12PM TO 3PM,1,1,3. Traffic Signal,1. Yes - Working,Not a Parkway - Trucks and Commercial Vehicles Allowed,"1,2","1. Passenger car,9. Bicycle","MAZDA,TREK","1. Going Straight Ahead,1. Going Straight Ahead","RX-8,BICYCLE  4300",20042010,5,5.Hampton Roads,1. No Adverse Condition (Clear/Cloudy),Not Provided,2. No,Not Provided,YOUNG
No Access Control,Not ALCIHOL,Urban,0,0,Bituminous Concrete (Black Base),HURON DRIVE(R)/,Not UNBELTED,20,0,C,1,BIKE,2.62,0,0,,2. Angle,"Not Provided,Not Provided","Not Provided,Not Provided",SR00239,2.64,4,4/19/2013,4/19/2013,20. Motor Vehicle In Transport,1750,C.Non-Visible Injury,2013,Right side,1,1,Portsmouth,Urban,20. Motor Vehicle In Transport,MAIN,3PM TO 6PM,124.Portsmouth,106,Intersection,Reset Filters,VDOT_OTHER,Friday,Not DEER,"Not Provided,Not Provided",,5,1,131495318,64,Male,"C,PDO","1,2","11. Did Not Have Right-of-Way,1. No Improper Action","3. Unavailable/Not Applicable,2. Not Deployed","4. No Test,4. No Test","1. No Defects,1. No Defects","Not Applicable,Not Applicable","1. Had Not Been Drinking,1. Had Not Been Drinking","2. No,2. No","2. Partially Ejected,1. Not Ejected","No,No","No,No","9. Not Applicable,3. Lap and Shoulder Belt","1. Not Obscured,1. Not Obscured",,,3,483089,US-00017(B)/,0,1,"1.Divided, no control of access","20,20",1. On Roadway,"0,0",H,H.Urban Minor Arterial,Urban Extensions - Primary Routes,Not GUARDRAIL,Not HIT_RUN,"0,0",1,1. Not at Intersection,131495318,C,0,0,36.795093,36.795093,6,0.04,Not LRTRUCK,2. Daylight,LOCATED,-76.327727,-76.327727,MAINLINE,MAIN,0,0,Curbed Grass,16,4,Divided Roadway,"20,20",Not MOTORCYCLE,483089,483089.  SR00239       SR00239       US00017       US00017,36550,37150,33193,33495,34514,4,1,0.02,PRI_URBAN,,,,,,,,,0,135,52,0,1,,0,0,,,,,,,,,Not PED,,1,0,Portsmouth,124,5,NOT-RD,1. Main-Line Roadway,0,2.5,2.66,1. Straight - Level,1. No Defects,"2. Two-Way, Divided, Unprotected Median",1. Dry,"2. Blacktop, Asphalt, Bituminous",2100 VICTORY BLVD,STPRI,SR,R-VA   SR00239EB,"Urbanized (Population 200,000 and over)",3. No,"0,0",15746,15398,16295,15715,16033,Not SENIOR,None,"0,30","0,35",Not SPEED,"0,35",483529,0.05,"2. No,2. No",0,"0,0",3PM TO 6PM,1,1,1. No Traffic Control,6. No Traffic Control Device Present,Not a Parkway - Trucks and Commercial Vehicles Allowed,"1,2","9. Bicycle,1. Passenger car",CADI,"1. Going Straight Ahead,1. Going Straight Ahead",DEVILLE,1995,5,5.Hampton Roads,1. No Adverse Condition (Clear/Cloudy),Not Provided,2. No,Not Provided,YOUNG
No Access Control,Not ALCIHOL,Urban,0,0,"N/A, Unknown, or Unstabilized",PARKER AVE(B)/,Not UNBELTED,19,Female,C,2,BIKE,0.13,0,0,,2. Angle,"Not Provided,Not Provided","Not Provided,Not Provided",12208562,0.248,3,4/19/2013,4/19/2013,20. Motor Vehicle In Transport,1522,C.Non-Visible Injury,2013,Left side,1,1,Norfolk,Urban,20. Motor Vehicle In Transport,MAIN,3PM TO 6PM,122.Norfolk,"1,309",Intersection,Reset Filters,VDOT_OTHER,Friday,Not DEER,"South,East",,5,1,132100048,20,0,"PDO,C","1,2","11. Did Not Have Right-of-Way,11. Did Not Have Right-of-Way","2. Not Deployed,3. Unavailable/Not Applicable","4. No Test,4. No Test","1. No Defects,1. No Defects","Not Applicable,Not Applicable","1. Had Not Been Drinking,1. Had Not Been Drinking","2. No,2. No","1. Not Ejected,1. Not Ejected","No,No","No,No","3. Lap and Shoulder Belt,9. Not Applicable","1. Not Obscured,1. Not Obscured",,,0,485062,ELKHORN AVE(B)/,0,0,"0.Two-way, non-divided","22,20",1. On Roadway,"0,0",I,I.Urban Collector,Other City or Town Streets (not state maintained),Not GUARDRAIL,Not HIT_RUN,"12,7",1,3. Three Approaches,132100048,C,0,0,36.883252,36.883252,0,0.12,Not LRTRUCK,2. Daylight,LOCATED,-76.308008,-76.308008,MAINLINE,MAIN,0,0,0,0,0,Undivided Roadway,"22,20",Not MOTORCYCLE,485060,485060. 12208562      12208564      12208564,11371,11571,11678,11254,11854,2,1,0.248,SEC_URBAN,,,,,,,,,0,0,26,0,1,,0,0,,,,,,,,,Not PED,,1,0,Norfolk,122,5,NOT-RD,9. Within Intersection,5,0,0.25,1. Straight - Level,1. No Defects,"1. Two-Way, Not Divided",1. Dry,"2. Blacktop, Asphalt, Bituminous",ELKHORN AVE,URB,UR,R-VA122UR08562WB,"Urbanized (Population 200,000 and over)",3. No,"0,0",10987,11166,11269,10860,10960,Not SENIOR,Left side,5,"0,0",Not SPEED,"25,0",485061,0,"2. No,2. No",0,"0,0",3PM TO 6PM,1,1,14. Ped Crosswalk,1. Yes - Working,Not a Parkway - Trucks and Commercial Vehicles Allowed,"1,2","1. Passenger car,9. Bicycle",BUICK,"2. Making Right Turn,1. Going Straight Ahead",SKYLARK,1997,5,5.Hampton Roads,1. No Adverse Condition (Clear/Cloudy),Not Provided,2. No,Not Provided,YOUNG
No Access Control,Not ALCIHOL,Urban,0,0,"N/A, Unknown, or Unstabilized",124-08545(L)/RODMAN AVE,Not UNBELTED,41,Female,C,2,BIKE,28.72,0,0,,2. Angle,"Not Provided,Not Provided","Not Provided,Not Provided",US00017,28.728,3,4/19/2013,4/19/2013,22. Bicycle,1437,C.Non-Visible Injury,2013,Left and Right sides,1,1,Portsmouth,Urban,22. Bicycle,MAIN,12PM TO 3PM,124.Portsmouth,42,Intersection,Reset Filters,VDOT_OTHER,Friday,Not DEER,"Not Provided,Not Provided",,5,1,131495317,,0,"PDO,C","1,2","1. No Improper Action,21. Disregarded Traffic Signal","2. Not Deployed,3. Unavailable/Not Applicable","4. No Test,4. No Test","1. No Defects,1. No Defects","Not Applicable,Not Applicable","1. Had Not Been Drinking,1. Had Not Been Drinking","2. No,2. No","1. Not Ejected,3. Totally Ejected","No,No","No,No","3. Lap and Shoulder Belt,9. Not Applicable","1. Not Obscured,1. Not Obscured",,,29,483069,124-08545(L)/RODMAN AVE,0.07,0,"0.Two-way, non-divided","22,20",1. On Roadway,"0,0",E,E.Urban Other Principle Arterials; Connecting Links of Other Rural Principal Arterial,Urban Extensions - Primary Routes,Not GUARDRAIL,Not HIT_RUN,"0,0",1,2. Two Approaches,131495317,C,0,0,36.835546,36.835546,0,0.07,Not LRTRUCK,2. Daylight,LOCATED,-76.347357,-76.347357,MAINLINE,MAIN,0,0,0,0,0,Undivided Roadway,"22,20",Not MOTORCYCLE,483069,483069.  US00017       US00017      12408545,29614,29679,27617,27708,27526,4,1,0.008,PRI_URBAN,,,,,,,,,0,271,60,0,1,,0,0,,,,,,,,,Not PED,,1,0,Portsmouth,124,5,NOT-RD,9. Within Intersection,0,28.5,28.72,1. Straight - Level,1. No Defects,"1. Two-Way, Not Divided",1. Dry,"2. Blacktop, Asphalt, Bituminous",3636 HIGH ST,USPRI,US,R-VA   US00017SB,"Urbanized (Population 200,000 and over)",3. No,"0,0",29450,29608,25307,25517,25265,Not SENIOR,Left and Right sides,"0,6","25,0",SPEED,"25,0",483069,0,"Not Provided,Not Provided",0,"0,0",12PM TO 3PM,1,1,3. Traffic Signal,1. Yes - Working,Truck Access System,"1,2","1. Passenger car,9. Bicycle",TOYT,"1. Going Straight Ahead,1. Going Straight Ahead",CAMRY,2012,5,5.Hampton Roads,1. No Adverse Condition (Clear/Cloudy),Not Provided,2. No,Not Provided,Not YOUNG
,Not ALCIHOL,Urban,0,0,,,Not UNBELTED,26,Female,B,2,BIKE,,1,1,,13. Bicyclist,"Not Provided,Not Provided","Not Provided,Not Provided",,,,8/13/2014,8/13/2014,22. Bicycle,1110,B.Visiible Injury,2014,,0,0,Norfolk,Urban,22. Bicycle,MAIN,9AM TO 12PM,122.Norfolk,,Not Intersection,Reset Filters,VDOT_OTHER,Wednesday,Not DEER,"North,East",,5,1,142400027,50,Male,"PDO,B","1,2","11. Did Not Have Right-of-Way,1. No Improper Action","2. Not Deployed,3. Unavailable/Not Applicable","Not Applicable,Not Applicable","1. No Defects,1. No Defects","Not Applicable,Not Applicable","1. Had Not Been Drinking,1. Had Not Been Drinking","2. No,2. No","1. Not Ejected,3. Totally Ejected","No,No","No,No","3. Lap and Shoulder Belt,8. No Restraint Used","1. Not Obscured,1. Not Obscured",,,,,,,,,"22,20",1. On Roadway,"0,0",,,,Not GUARDRAIL,Not HIT_RUN,"12,3",1,1. Not at Intersection,,C,0,0,36.86808,36.86808,,,Not LRTRUCK,2. Daylight,UNLOCATED,-76.29118,-76.29118,MAINLINE,,,,,,,,"22,20",Not MOTORCYCLE,,.,,,,,,,1,,SEC_URBAN,,,,,,,,,,,,0,1,,0,0,,,,,,,,,Not PED,,1,0,Norfolk,122,5,NOT-RD,8. Non-Intersection,,,,1. Straight - Level,1. No Defects,"1. Two-Way, Not Divided",1. Dry,"2. Blacktop, Asphalt, Bituminous",400 BLK W 20TH ST,UNKWN,SC,U-VA122SC99999UK,,3. No,"0,0",,,,,,Not SENIOR,,10,"10,0",Not SPEED,"10,0",,,"1. Yes,2. No",,"0,0",9AM TO 12PM,1,1,1. No Traffic Control,6. No Traffic Control Device Present,,"1,2","2. Truck - Pick-up/Passenger Truck,9. Bicycle",FORD,"16. Entering Street From Parking Lot,1. Going Straight Ahead","F150,BICYCLE",1997,5,5.Hampton Roads,1. No Adverse Condition (Clear/Cloudy),Not Provided,2. No,Not Provided,Not YOUNG
No Access Control,Not ALCIHOL,Urban,0,0,Portland Cement Concrete,PARKS AVE(L)/,Not UNBELTED,24,Female,B,1,BIKE,3.44,1,1,,2. Angle,"Not Provided,Not Provided","Not Provided,Not Provided",C7US00058,3.538,3,8/13/2014,8/13/2014,22. Bicycle,1453,B.Visiible Injury,2014,Left and Right sides,0,0,Virginia Beach,Urban,22. Bicycle,MAIN,12PM TO 3PM,134.Virginia Beach,"1,119",Intersection,Reset Filters,VDOT_OTHER,Wednesday,Not DEER,"South,East",,5,1,142265260,46,Male,"B,PDO","1,2","21. Disregarded Traffic Signal,1. No Improper Action","3. Unavailable/Not Applicable,2. Not Deployed","4. No Test,4. No Test","1. No Defects,1. No Defects","14. No Driver Distraction,14. No Driver Distraction","1. Had Not Been Drinking,1. Had Not Been Drinking","2. No,2. No","1. Not Ejected,1. Not Ejected","No,No","No,No","5. Helmet,3. Lap and Shoulder Belt","1. Not Obscured,1. Not Obscured",,,4,541091,134-08721(L)/BALTIC AV,0,0,"0.Two-way, non-divided","20,22",1. On Roadway,"0,0",H,H.Urban Minor Arterial,Urban Extensions - Primary Routes,Not GUARDRAIL,Not HIT_RUN,"3,12",1,4. Four Approaches,142265260,C,0,0,36.84379,36.84379,0,0.31,Not LRTRUCK,2. Daylight,LOCATED,-75.98306,-75.98306,MAINLINE,MAIN,0,0,0,0,0,Undivided Roadway,"20,22",Not MOTORCYCLE,541091,541091. 13408721     C7US00058     C7US00058,16876,14747,14883,14343,11893,4,1,0.212,PRI_URBAN,,,,,,,,,0,0,40,0,1,,0,0,,,,,,,,,Not PED,,1,0,Virginia Beach,134,5,NOT-RD,9. Within Intersection,0,3.5,3.54,1. Straight - Level,1. No Defects,"1. Two-Way, Not Divided",1. Dry,"2. Blacktop, Asphalt, Bituminous",699 VIRGINIA BEACH BLVD,USPRI,US,R-VA   US00058EBBUS007,"Urbanized (Population 200,000 and over)",3. No,"0,0",12948,11505,11611,11190,10783,Not SENIOR,Left and Right sides,"5,30","25,25",SPEED,"25,25",541092,0,"2. No,2. No",0,"0,0",12PM TO 3PM,1,1,3. Traffic Signal,1. Yes - Working,Not a Parkway - Trucks and Commercial Vehicles Allowed,"1,2","9. Bicycle,2. Truck - Pick-up/Passenger Truck","HUFFY,Ford","1. Going Straight Ahead,1. Going Straight Ahead","CRUISER,Super Duty F-350 SRW",2003,5,5.Hampton Roads,1. No Adverse Condition (Clear/Cloudy),Not Provided,2. No,Not Provided,Not YOUNG
,Not ALCIHOL,Urban,0,0,,,Not UNBELTED,13,Male,B,2,BIKE,,1,1,,13. Bicyclist,"Not Provided,Not Provided","Not Provided,Not Provided",,,,8/14/2014,8/14/2014,22. Bicycle,1630,B.Visiible Injury,2014,,0,0,Newport News,Urban,22. Bicycle,MAIN,3PM TO 6PM,121.Newport News,,Not Intersection,Reset Filters,VDOT_OTHER,Thursday,Not DEER,"West,South",DISTRACTED,5,1,142740041,,Female,"PDO,B","1,2","34. Hit and Run,1. No Improper Action","5. Unknown,3. Unavailable/Not Applicable","Not Applicable,4. No Test","9. Unknown,1. No Defects","11. Other,Not Applicable","6. Unknown,1. Had Not Been Drinking","3. Unknown,2. No","1. Not Ejected,3. Totally Ejected","NotProvided,No","Yes,No","6. Other,9. Not Applicable","13. Other,1. Not Obscured",,,,,,,,,"22,20",1. On Roadway,"0,0",,,,Not GUARDRAIL,HIT_RUN,"12,9",1,3. Three Approaches,,C,0,0,37.09812,37.09812,,,Not LRTRUCK,2. Daylight,UNLOCATED,-76.5269,-76.5269,MAINLINE,,,,,,,,"22,20",Not MOTORCYCLE,,.,,,,,,,1,,SEC_URBAN,,,,,,,,,,,,0,1,,0,0,,,,,,,,,Not PED,,1,0,Newport News,121,5,NOT-RD,9. Within Intersection,,,,1. Straight - Level,1. No Defects,"1. Two-Way, Not Divided",1. Dry,"2. Blacktop, Asphalt, Bituminous",MENCHVILLE RD,UNKWN,SC,U-VA121SC99999UK,,3. No,"0,39",,,,,,Not SENIOR,,"0,0","0,0",Not SPEED,"0,0",,,"3. Pending,2. No",,"0,0",3PM TO 6PM,1,1,4. Stop Sign,1. Yes - Working,,"1,2","1. Passenger car,9. Bicycle",,"2. Making Right Turn,1. Going Straight Ahead",,,5,5.Hampton Roads,1. No Adverse Condition (Clear/Cloudy),Not Provided,2. No,Not Provided,Not YOUNG