Access Control,Alcohol Notalcohol,Area Type1,A Crash,A People,Basetypedesc,Begin Node Dsc,Belted Unbelted,Bikeage,Bikegen,Bikeinjurytype,Bikevehiclenumber,Bike Nonbike,BMP,B Crash,B People,Carspeedlimit,Collision Type,Comm Cargo Body Type Cd,Comm Vehicle Body Type Cd,Cotedrouteid,Coted Mp,Count App,CRASH_DT (copy),Crash Dt,Crash Event Type Dsc,Crash Military Tm,Crash Severity,Crash Year,Curbgutterdesc,C Crash,C People,Juris Name Used,Area Type Used,First Harmful Event of Entire Crash,MAINLINE,Time Slicing Used,Phy_Juris_Nm,Offset-Ft,Intersection Analysis,Clear,Calculation_9640323132123359,Day Of Week,Deer Nodeer,Direction Of Travel Cd,Distracted Notdistracted,VSP,TOTAL CRASH,Document Nbr,Driverage,Drivergen,Driverinjurytype,Drivervehiclenumber,Driver Action Type Cd,Driver Airbag Deployment,Driver Alcohol Test Type Cd,Driver Condition Type Cd,Driver Distraction Type Cd,Driver Drinking Type Cd,Driver Drug Use Cd,Driver Ejected From Vehicle,Driver Ems Transport Ind,Driver Fled Scene Ind,Driver Safety Equip Used,Driver Vis Obscured Type Cd,Drowsy Notdrowsy,Drug Nodrug,EMP,End Node,End Node Dsc,End Offset,Facility,FAC,First Crash Event Cd,First Harmful Event,Fourth Crash Event Cd,Functionalclass,FUN,Govcondesc,Gr Nogr,Hitrun Not Hitrun,Initial Veh Impact Area Cd,Injury Crashes,Intersection Type,Int Doc,Jurtype,K_CRASH,K People,LAT (copy),LAT,Leftshoulderwidth,Length,Lgtruck Nonlgtruck,Light Condition,Located Unlocated,LON (copy),LON,MAINLINE (group),Mainline Yn,Medianleftshoulderwidth,Medianrightshoulderwidth,Mediantypedesc,Medianwidthmax,Medianwidthmin,Median Type,Most Harmful Crash Event Cd,Motor Nonmotor,Node,Node Info,Node Totaadt2011,Node Totaadt2012,Node Totaadt2013,Node Totaadt2014,Node Totaadt2015,Numberoflane,Number of Records,Offset,Ownership,Passage,Passgen,Passinjurytype,Passvehiclenumber,Pass Airbag Deployment,Pass Ejected From Vehicle,Pass Ems Transport Ind,Pass Safety Equip Used,Pavementconditionvalue,Pavementroughnessvalue,Pavementwidth,Pdo Crash,Total People Killed & Injured,Pedage,Pedestrians Injured,Pedestrians Killed,Pedgen,Pedinjurytype,Pednumber,Ped Action,Ped Al Test,Ped Cond,Ped Drink,Ped Drug,Ped Nonped,Ped Rflct,Persons Injured,Persons Killed,Physical Juris Nm,PJR,VSP_Used,Rd Type,Relation To Roadway,Rightshoulderwidth,RNS_MP (0.25 mi bin),Rns Mp,Roadway Alignment,Roadway Defect,Roadway Description,Roadway Surface Cond,Roadway Surface Type,Route Or Street Nm,Rte Category Cd,Rte Cat,Rte Nm,Ruralurbandesc,School Zone,Second Crash Event Cd,Segtotaadt2011,Segtotaadt2012,Segtotaadt2013,Segtotaadt2014,Segtotaadt2015,Senior Notsenior,Sidewalkdesc,Speed Before,Speed Max Safe,Speed Notspeed,Speed Posted,Start Node,Start Offset,Summons Issued Cd,Surfacedesc,Third Crash Event Cd,Time Slicing,Total Crashes including Property Damage Only,Total Crash,Traffic Control Type,Trfc Ctrl Status Type,Truckcommr,Vehiclenumber,Vehicle Body Type Cd,Vehicle Make Nm,Vehicle Maneuver Type Cd,Vehicle Model Nm,Vehicle Year Nbr,District,District_Used ,Weather Condition,Work Zone Location,Work Zone Related,Work Zone Type,Young Notyoung
No Access Control,Not ALCIHOL,Urban,1,1,Bituminous Concrete (Black Base),RADFORD DRIVE(L)/,Not UNBELTED,42,Not Provided,A,2,BIKE,2.66,0,0,,1. Rear End,"Not Provided,Not Provided","Not Provided,Not Provided",11407021,2.693,4,4/21/2013,4/21/2013,22. Bicycle,125,A.Ambulatory Injury,2013,Left and Right sides,0,0,Hampton,Urban,22. Bicycle,MAIN,0AM TO 3AM,114.Hampton,"3,395",Intersection,Reset Filters,VDOT_OTHER,Sunday,Not DEER,"North,North",,5,1,132120109,,0,"PDO,A","1,2","34. Hit and Run,Not Applicable","Not Provided,3. Unavailable/Not Applicable","Not Applicable,Not Applicable","Not Applicable,Not Applicable","Not Applicable,Not Applicable","Not Applicable,Not Applicable","Not Applicable,Not Applicable","Not Provided,3. Totally Ejected","NotProvided,Yes","Yes,No","Not Provided,9. Not Applicable","Not Applicable,Not Applicable",,,3,253341,BURTON STREET(R)/,0,0,"0.Two-way, non-divided","22,20",1. On Roadway,"0,0",H,H.Urban Minor Arterial,Other City or Town Streets (not state maintained),Not GUARDRAIL,HIT_RUN,"1,6",1,1. Not at Intersection,132120109,C,0,0,37.050842,37.050842,0,0.13,Not LRTRUCK,4. Darkness - Road Lighted,LOCATED,-76.428883,-76.428883,MAINLINE,MAIN,0,0,0,0,0,Undivided Roadway,"22,20",Not MOTORCYCLE,253062,253062.  SR00152       SR00152      11407021      11407021,33869,33119,30398,29316,29909,4,1,0.643,SEC_URBAN,,,,,,,,,0,0,52,0,1,,0,0,,,,,,,,,Not PED,,1,0,Hampton,114,5,NOT-RD,8. Non-Intersection,0,2.5,2.66,1. Straight - Level,1. No Defects,"2. Two-Way, Divided, Unprotected Median",1. Dry,"2. Blacktop, Asphalt, Bituminous",1046 BIG BETHEL,URB,UR,R-VA114UR07021NB,"Urbanized (Population 200,000 and over)",3. No,"0,0",23068,22558,16675,16081,16407,Not SENIOR,Left and Right sides,,"0,0",Not SPEED,"0,0",253340,0,"Not Provided,2. No",0,"0,0",0AM TO 3AM,1,1,1. No Traffic Control,6. No Traffic Control Device Present,Not a Parkway - Trucks and Commercial Vehicles Allowed,"1,2","Not Applicable,9. Bicycle",BIKE,"Not Applicable,Not Applicable",,,5,5.Hampton Roads,1. No Adverse Condition (Clear/Cloudy),Not Provided,2. No,Not Provided,Not YOUNG
No Access Control,Not ALCIHOL,Urban,0,0,Bituminous Concrete (Black Base),MULLER LANE(L)/ONNES DRIVE(R)/,Not UNBELTED,40,Male,B,2,BIKE,16.58,1,1,,2. Angle,"Not Provided,Not Provided","Not Provided,Not Provided",SR00143,16.581,3,4/22/2013,4/22/2013,22. Bicycle,717,B.Visiible Injury,2013,Left and Right sides,0,0,Newport News,Urban,22. Bicycle,MAIN,6AM TO 9AM,121.Newport News,533,Intersection,Reset Filters,VDOT_OTHER,Monday,Not DEER,"South,North",DISTRACTED,5,1,132120141,30,0,"PDO,B","1,2","37. Other,1. No Improper Action","2. Not Deployed,3. Unavailable/Not Applicable","4. No Test,4. No Test","1. No Defects,1. No Defects","11. Other,Not Applicable","1. Had Not Been Drinking,1. Had Not Been Drinking","3. Unknown,3. Unknown","1. Not Ejected,1. Not Ejected","No,Yes","No,No","3. Lap and Shoulder Belt,8. No Restraint Used","13. Other,1. Not Obscured",,,17,730745,BELL KING RD(L)/,0,1,"1.Divided, no control of access","22,20",1. On Roadway,"0,0",E,E.Urban Other Principle Arterials; Connecting Links of Other Rural Principal Arterial,Urban Extensions - Primary Routes,Not GUARDRAIL,Not HIT_RUN,"1,9",1,3. Three Approaches,132120141,C,0,0,37.091232,37.091232,0,0.24,Not LRTRUCK,2. Daylight,LOCATED,-76.485582,-76.485582,MAINLINE,MAIN,0,0,Curbed Grass,16,4,Divided Roadway,"22,20",Not MOTORCYCLE,716547,716547.  SR00143       SR00143      12100017,58285,60200,43681,43504,45153,6,1,0.101,PRI_URBAN,,,,,,,,,0,112,76,0,1,,0,0,,,,,,,,,Not PED,,1,0,Newport News,121,5,NOT-RD,1. Main-Line Roadway,0,16.5,16.58,1. Straight - Level,1. No Defects,"3. Two-Way, Divided, Positive Median Barrier",1. Dry,1. Concrete,JEFFERSON AVE,STPRI,SR,R-VA   SR00143SB,"Urbanized (Population 200,000 and over)",3. No,"0,0",56137,58185,47499,47447,49321,Not SENIOR,Left and Right sides,"5,2","45,45",Not SPEED,"45,45",730746,0,"1. Yes,2. No",0,"0,0",6AM TO 9AM,1,1,3. Traffic Signal,1. Yes - Working,Not a Parkway - Trucks and Commercial Vehicles Allowed,"1,2","1. Passenger car,9. Bicycle",CHEVROLE,"2. Making Right Turn,15. Other",TAHOE,2005,5,5.Hampton Roads,1. No Adverse Condition (Clear/Cloudy),Not Provided,2. No,Not Provided,Not YOUNG
No Access Control,Not ALCIHOL,Urban,0,0,Bituminous Concrete (Black Base),134-08724(B)/GEN BOOTH BLVD,Not UNBELTED,27,Male,B,1,BIKE,22.53,1,1,,16. Other,"Not Provided,Not Provided","Not Provided,Not Provided",13408669,22.532,4,8/16/2014,8/16/2014,20. Motor Vehicle In Transport,1800,B.Visiible Injury,2014,Left and Right sides,0,0,Virginia Beach,Urban,20. Motor Vehicle In Transport,MAIN,3PM TO 6PM,134.Virginia Beach,11,Intersection,Reset Filters,VDOT_OTHER,Saturday,Not DEER,"East,North",,5,1,142305176,53,Male,"B,PDO","1,2","1. No Improper Action,1. No Improper Action","3. Unavailable/Not Applicable,2. Not Deployed","4. No Test,4. No Test","1. No Defects,1. No Defects","14. No Driver Distraction,14. No Driver Distraction","1. Had Not Been Drinking,1. Had Not Been Drinking","2. No,2. No","3. Totally Ejected,1. Not Ejected","Yes,No","No,No","9. Not Applicable,3. Lap and Shoulder Belt","1. Not Obscured,1. Not Obscured",,,23,541494,10TH ST(R)/,0,0,"0.Two-way, non-divided","20,22",1. On Roadway,"0,0",H,H.Urban Minor Arterial,Other City or Town Streets (not state maintained),Not GUARDRAIL,Not HIT_RUN,"3,12",1,4. Four Approaches,142305176,C,0,0,36.83747,36.83747,0,0.07,Not LRTRUCK,2. Daylight,LOCATED,-75.97342,-75.97342,MAINLINE,MAIN,0,0,0,0,0,Undivided Roadway,"20,22",Not MOTORCYCLE,541493,541493. 13408669      13408669      13408724      13408724,26452,23305,23520,22666,22386,4,1,0.002,SEC_URBAN,,,,,,,,,0,0,59,0,1,,0,0,,,,,,,,,Not PED,,1,0,Virginia Beach,134,5,NOT-RD,9. Within Intersection,0,22.5,22.53,1. Straight - Level,1. No Defects,"1. Two-Way, Not Divided",1. Dry,"2. Blacktop, Asphalt, Bituminous",9TH ST.,URB,UR,R-VA134UR08669NB,"Urbanized (Population 200,000 and over)",3. No,"0,0",19418,17275,17434,16802,16426,Not SENIOR,Left and Right sides,15,"25,25",Not SPEED,"25,25",541493,0,"2. No,2. No",0,"0,0",3PM TO 6PM,1,1,3. Traffic Signal,1. Yes - Working,Not a Parkway - Trucks and Commercial Vehicles Allowed,"1,2","9. Bicycle,1. Passenger car","DIAMONDBACK,NISSAN","1. Going Straight Ahead,1. Going Straight Ahead","BICYCLE,VERSA",20082015,5,5.Hampton Roads,1. No Adverse Condition (Clear/Cloudy),Not Provided,2. No,Not Provided,Not YOUNG
,Not ALCIHOL,Urban,0,0,,,Not UNBELTED,12,Male,B,2,BIKE,,1,1,,2. Angle,"Not Provided,Not Provided","Not Provided,Not Provided",,,,8/19/2014,8/19/2014,22. Bicycle,1320,B.Visiible Injury,2014,,0,1,Virginia Beach,Urban,22. Bicycle,MAIN,12PM TO 3PM,134.Virginia Beach,,Not Intersection,Reset Filters,VDOT_OTHER,Tuesday,Not DEER,"East,North",,5,1,142325208,44,Female,"C,B","1,2","11. Did Not Have Right-of-Way,1. No Improper Action","2. Not Deployed,3. Unavailable/Not Applicable","4. No Test,4. No Test","1. No Defects,1. No Defects","14. No Driver Distraction,14. No Driver Distraction","1. Had Not Been Drinking,1. Had Not Been Drinking","Not Applicable,Not Applicable","1. Not Ejected,2. Partially Ejected","NotProvided,Yes","No,No","3. Lap and Shoulder Belt,8. No Restraint Used","1. Not Obscured,1. Not Obscured",,,,,,,,,"22,20",1. On Roadway,"0,0",,,,Not GUARDRAIL,Not HIT_RUN,"1,12",1,4. Four Approaches,,C,0,0,36.84438,36.84438,,,Not LRTRUCK,2. Daylight,UNLOCATED,-76.09148,-76.09148,MAINLINE,,,,,,,,"22,20",Not MOTORCYCLE,,.,,,,,,,1,,SEC_URBAN,,,,,,,,,,,,0,2,,0,0,,,,,,,,,Not PED,,2,0,Virginia Beach,134,5,NOT-RD,9. Within Intersection,,,,1. Straight - Level,1. No Defects,"1. Two-Way, Not Divided",1. Dry,"2. Blacktop, Asphalt, Bituminous",ALCOTT ROAD,UNKWN,SC,U-VA134SC99999UK,,3. No,"0,0",,,,,,Not SENIOR,,"5,5","25,25",Not SPEED,"25,25",,,"2. No,2. No",,"0,0",12PM TO 3PM,1,1,4. Stop Sign,1. Yes - Working,,"1,2","1. Passenger car,9. Bicycle","Mazda,DIAMONDBACK","2. Making Right Turn,1. Going Straight Ahead","MAZDA3,BICYCLE",2008,5,5.Hampton Roads,1. No Adverse Condition (Clear/Cloudy),Not Provided,2. No,Not Provided,Not YOUNG
No Access Control,Not ALCIHOL,Urban,0,0,Bituminous Concrete (Black Base),HILL PRONCE ROAD(B)/,Not UNBELTED,53,Male,B,2,BIKE,29.05,1,1,,4. Sideswipe - Same Direction,"Not Provided,Not Provided","Not Provided,Not Provided",SR00165,29.05,3,8/19/2014,8/19/2014,22. Bicycle,530,B.Visiible Injury,2014,Left and Right sides,0,1,Virginia Beach,Urban,22. Bicycle,MAIN,3AM TO 6AM,134.Virginia Beach,"2,165",Intersection,Reset Filters,VDOT_OTHER,Tuesday,Not DEER,"West,West",,5,1,142355029,73,Male,"C,B","1,2","9. Other Improper Passing,1. No Improper Action","2. Not Deployed,3. Unavailable/Not Applicable","Not Applicable,Not Applicable","4. Other Body Defects,1. No Defects","14. No Driver Distraction,14. No Driver Distraction","1. Had Not Been Drinking,1. Had Not Been Drinking","2. No,2. No","1. Not Ejected,1. Not Ejected","No,Yes","No,No","3. Lap and Shoulder Belt,5. Helmet","2. Rain, Snow, etc. on Windshield,1. Not Obscured",,,29,541143,134-08730(R)/CHEYENNE ROAD(L)/PARLIAMENT DR,0,1,"1.Divided, no control of access","22,20",1. On Roadway,"0,0",H,H.Urban Minor Arterial,Urban Extensions - Primary Routes,Not GUARDRAIL,Not HIT_RUN,"1,10",1,1. Not at Intersection,142355029,C,0,0,36.8349,36.8349,0,0.41,Not LRTRUCK,4. Darkness - Road Lighted,LOCATED,-76.17823,-76.17823,MAINLINE,MAIN,0,0,Curbed Grass,16,4,Divided Roadway,"22,20",Not MOTORCYCLE,541143,541143.  SR00165       SR00165      13408730,28954,27664,27919,26906,24548,4,1,0.41,PRI_URBAN,,,,,,,,,0,117,52,0,2,,0,0,,,,,,,,,Not PED,,2,0,Virginia Beach,134,5,NOT-RD,8. Non-Intersection,0,29,29.05,1. Straight - Level,7. Slick Pavement,"2. Two-Way, Divided, Unprotected Median",2. Wet,"2. Blacktop, Asphalt, Bituminous",5512 PRINCESS ANNE RD,STPRI,SR,R-VA   SR00165NB,"Urbanized (Population 200,000 and over)",3. No,"0,0",26310,23054,23267,22422,21613,SENIOR,Left and Right sides,"35,5","35,35",Not SPEED,"35,35",541144,0,"1. Yes,2. No",0,"0,0",3AM TO 6AM,1,1,6. Traffic Lanes Marked,1. Yes - Working,Not a Parkway - Trucks and Commercial Vehicles Allowed,"1,2","1. Passenger car,9. Bicycle","Hyundai,BICYCLE","1. Going Straight Ahead,1. Going Straight Ahead",Sonata,2003,5,5.Hampton Roads,5. Rain,Not Provided,2. No,Not Provided,Not YOUNG
No Access Control,Not ALCIHOL,Urban,0,0,Bituminous Concrete (Black Base),US-00058(B)/134-08685(U)/GR NECK RD,Not UNBELTED,27,Male,B,1,BIKE,0,1,1,,16. Other,"Not Provided,Not Provided","Not Provided,Not Provided",SR00279,0.147,4,8/20/2014,8/20/2014,20. Motor Vehicle In Transport,1410,B.Visiible Injury,2014,Left and Right sides,0,0,Virginia Beach,Urban,20. Motor Vehicle In Transport,MAIN,12PM TO 3PM,134.Virginia Beach,776,Intersection,Reset Filters,VDOT_OTHER,Wednesday,Not DEER,"North,South",,5,1,142695122,30,Female,"B,PDO","1,2","37. Other,1. No Improper Action","3. Unavailable/Not Applicable,2. Not Deployed","4. No Test,4. No Test","1. No Defects,1. No Defects","14. No Driver Distraction,14. No Driver Distraction","1. Had Not Been Drinking,1. Had Not Been Drinking","2. No,2. No","2. Partially Ejected,1. Not Ejected","No,No","No,No","8. No Restraint Used,3. Lap and Shoulder Belt","13. Other,13. Other",,,0,541221,RUSTWOOD LANE(R)/,0,1,"1.Divided, no control of access","20,22",1. On Roadway,"0,0",H,H.Urban Minor Arterial,Urban Extensions - Primary Routes,Not GUARDRAIL,Not HIT_RUN,"9,12",1,2. Two Approaches,142695122,C,0,0,36.84372,36.84372,0,0.26,Not LRTRUCK,2. Daylight,LOCATED,-76.04811,-76.04811,MAINLINE,MAIN,0,0,Curbed Grass,16,4,Divided Roadway,"20,22",Not MOTORCYCLE,541073,541073.  SR00279       US00058       US00058      13408685,72812,72157,72823,70180,68463,4,1,0.147,PRI_URBAN,,,,,,,,,0,0,76,0,1,,0,0,,,,,,,,,Not PED,,1,0,Virginia Beach,134,5,NOT-RD,9. Within Intersection,0,0,0.15,9. Other,1. No Defects,"2. Two-Way, Divided, Unprotected Median",1. Dry,"2. Blacktop, Asphalt, Bituminous",500 BK N GREAT NECK RD,STPRI,SR,R-VA   SR00279SB,"Urbanized (Population 200,000 and over)",3. No,"0,0",42549,38938,39297,37871,29030,Not SENIOR,Left and Right sides,"10,5","45,45",Not SPEED,"45,45",541073,0,"2. No,2. No",0,"0,0",12PM TO 3PM,1,1,8. Yield Sign,1. Yes - Working,Not a Parkway - Trucks and Commercial Vehicles Allowed,"1,2","9. Bicycle,1. Passenger car","UNK,Mazda","1. Going Straight Ahead,2. Making Right Turn","UNK,MAZDA6",2005,5,5.Hampton Roads,1. No Adverse Condition (Clear/Cloudy),Not Provided,2. No,Not Provided,Not YOUNG
,Not ALCIHOL,Urban,0,0,,,Not UNBELTED,20,Female,B,2,BIKE,,1,1,,2. Angle,"Not Provided,Not Provided","Not Provided,Not Provided",,,,8/20/2014,8/20/2014,22. Bicycle,1610,B.Visiible Injury,2014,,0,0,Virginia Beach,Urban,22. Bicycle,MAIN,3PM TO 6PM,134.Virginia Beach,,Not Intersection,Reset Filters,VDOT_OTHER,Wednesday,Not DEER,"West,South",,5,1,142335030,54,Male,"PDO,B","1,2","11. Did Not Have Right-of-Way,1. No Improper Action","2. Not Deployed,3. Unavailable/Not Applicable","4. No Test,4. No Test","1. No Defects,1. No Defects","14. No Driver Distraction,14. No Driver Distraction","1. Had Not Been Drinking,1. Had Not Been Drinking","3. Unknown,3. Unknown","1. Not Ejected,3. Totally Ejected","No,Yes","No,No","3. Lap and Shoulder Belt,8. No Restraint Used","5. Trees, Crops, etc.,5. Trees, Crops, etc.",,,,,,,,,"22,20",1. On Roadway,"0,0",,,,Not GUARDRAIL,Not HIT_RUN,"12,9",1,3. Three Approaches,,C,0,0,36.83554,36.83554,,,Not LRTRUCK,2. Daylight,UNLOCATED,-75.97271,-75.97271,MAINLINE,,,,,,,,"22,20",Not MOTORCYCLE,,.,,,,,,,1,,SEC_URBAN,,,,,,,,,,,,0,1,,0,0,,,,,,,,,Not PED,,1,0,Virginia Beach,134,5,NOT-RD,9. Within Intersection,,,,1. Straight - Level,1. No Defects,"1. Two-Way, Not Divided",1. Dry,"2. Blacktop, Asphalt, Bituminous",700 PACIFIC AVE,UNKWN,SC,U-VA134SC99999UK,,3. No,"0,0",,,,,,Not SENIOR,,"5,2","25,25",Not SPEED,"25,25",,,"1. Yes,2. No",,"0,0",3PM TO 6PM,1,1,4. Stop Sign,1. Yes - Working,,"1,2","2. Truck - Pick-up/Passenger Truck,9. Bicycle",TOYOTA,"2. Making Right Turn,1. Going Straight Ahead","TACOMA,BICYCLE",2012,5,5.Hampton Roads,1. No Adverse Condition (Clear/Cloudy),Not Provided,2. No,Not Provided,YOUNG
,Not ALCIHOL,Urban,0,0,,,Not UNBELTED,18,Male,B,1,BIKE,,1,1,,3. Head On,"Not Provided,Not Provided","Not Provided,Not Provided",,,,8/20/2014,8/20/2014,22. Bicycle,2036,B.Visiible Injury,2014,,0,0,Suffolk,Urban,22. Bicycle,MAIN,6PM TO 9PM,133.Suffolk,,Not Intersection,Reset Filters,VDOT_OTHER,Wednesday,Not DEER,"West,North",,5,1,143655104,20,Female,"B,PDO","1,2","11. Did Not Have Right-of-Way,1. No Improper Action","3. Unavailable/Not Applicable,2. Not Deployed","4. No Test,4. No Test","1. No Defects,1. No Defects","14. No Driver Distraction,14. No Driver Distraction","1. Had Not Been Drinking,1. Had Not Been Drinking","3. Unknown,3. Unknown","1. Not Ejected,1. Not Ejected","Yes,No","No,No","8. No Restraint Used,3. Lap and Shoulder Belt","1. Not Obscured,11. Moving Vehicle(s)",,,,,,,,,"20,22",1. On Roadway,"0,0",,,,Not GUARDRAIL,Not HIT_RUN,"11,12",1,4. Four Approaches,,C,0,0,36.73755,36.73755,,,Not LRTRUCK,3. Dusk,UNLOCATED,-76.58254,-76.58254,MAINLINE,,,,,,,,"20,22",Not MOTORCYCLE,,.,,,,,,,1,,PRI_URBAN,,,,,,,,,,,,0,1,,0,0,,,,,,,,,Not PED,,1,0,Suffolk,133,5,RD-UNKNOWN,10. Intersection Related - Within 150 Feet,,2.5,2.72,1. Straight - Level,1. No Defects,"3. Two-Way, Divided, Positive Median Barrier",1. Dry,"2. Blacktop, Asphalt, Bituminous",N MAIN ST,USPRI,US,R-VA   US00013NBBUS005,,3. No,"0,0",,,,,,Not SENIOR,,"2,15","25,25",Not SPEED,"25,25",,,"3. Pending,2. No",,"0,0",6PM TO 9PM,1,1,3. Traffic Signal,1. Yes - Working,,"1,2","9. Bicycle,1. Passenger car","OTH,CHEV","15. Other,1. Going Straight Ahead","BICYCLE,CAVALIER",,5,5.Hampton Roads,1. No Adverse Condition (Clear/Cloudy),Not Provided,2. No,Not Provided,YOUNG
No Access Control,Not ALCIHOL,Urban,0,0,"N/A, Unknown, or Unstabilized",IS-00264-W(B)/TO 1ST COLONIAL ROAD,Not UNBELTED,68,Male,B,2,BIKE,0.11,1,1,,2. Angle,"Not Provided,Not Provided","Not Provided,Not Provided",IS00264W021A,0.163,3,8/21/2014,8/21/2014,22. Bicycle,1559,B.Visiible Injury,2014,None,0,0,Virginia Beach,Urban,22. Bicycle,RAMP,3PM TO 6PM,134.Virginia Beach,37,Intersection,Reset Filters,VDOT_OTHER,Thursday,Not DEER,"West,South",,5,1,142385151,70,Male,"PDO,B","1,2","11. Did Not Have Right-of-Way,1. No Improper Action","2. Not Deployed,3. Unavailable/Not Applicable","4. No Test,4. No Test","1. No Defects,1. No Defects","14. No Driver Distraction,14. No Driver Distraction","1. Had Not Been Drinking,1. Had Not Been Drinking","2. No,2. No","1. Not Ejected,1. Not Ejected","No,Yes","No,No","3. Lap and Shoulder Belt,8. No Restraint Used","14. Blind Spot,1. Not Obscured",,,0,541258,134-00009(B)/134-00009- 000B(U)/FROM & TO ROU,0,4,"4.One-way, part of a one-way system","22,20",1. On Roadway,"0,0",A,A.Urban Interstate,State Primary and Interstate,Not GUARDRAIL,Not HIT_RUN,"12,4",1,1. Not at Intersection,142385151,X,0,0,36.84616,36.84616,3,0.06,Not LRTRUCK,2. Daylight,LOCATED,-76.02056,-76.02056,RAMP,NOT_MAIN,0,0,0,0,0,Divided Roadway,"22,20",Not MOTORCYCLE,541258,541258.  IS00264W021A 13400009      13400009,31993,30507,32592,31474,35041,2,1,0.007,VDOT_IS,,,,,,,,,0,0,24,0,1,,0,0,,,,,,,,,Not PED,,1,0,Virginia Beach,134,5,NOT-RD,8. Non-Intersection,5,0,0.17,10. On/Off Ramp,1. No Defects,"2. Two-Way, Divided, Unprotected Median",1. Dry,1. Concrete,501 FIRST COLONIAL RD,ISRMP,IS,R-VA   IS00264WB      RMP021.00A,"Urbanized (Population 200,000 and over)",3. No,"0,0",,,3606,3606,3916,SENIOR,None,"4,5","35,35",Not SPEED,"35,35",541053,0.11,"1. Yes,2. No",0,"0,0",3PM TO 6PM,1,1,3. Traffic Signal,1. Yes - Working,Not a Parkway - Trucks and Commercial Vehicles Allowed,"1,2","22. Truck - Sport Utility Vehicle (SUV),9. Bicycle","FORD,UNK","6. Merging Into Traffic Lane,1. Going Straight Ahead","EXPLORER,MOUNTAIN BIKE",2014,5,5.Hampton Roads,1. No Adverse Condition (Clear/Cloudy),Not Provided,2. No,Not Provided,Not YOUNG
,ALCOHOL,Urban,1,1,,,Not UNBELTED,43,Male,A,1,BIKE,,0,0,,2. Angle,"Not Provided,Not Provided","Not Provided,Not Provided",,,,8/21/2014,8/21/2014,20. Motor Vehicle In Transport,1816,A.Ambulatory Injury,2014,,0,0,Virginia Beach,Urban,20. Motor Vehicle In Transport,MAIN,6PM TO 9PM,134.Virginia Beach,,Not Intersection,Reset Filters,VDOT_OTHER,Thursday,Not DEER,"South,North",,5,1,142495142,42,Male,"A,PDO","1,2","40. Fail to Maintain Proper Control,1. No Improper Action","3. Unavailable/Not Applicable,2. Not Deployed","4. No Test,Not Applicable","1. No Defects,1. No Defects","14. No Driver Distraction,14. No Driver Distraction","2. Drinking - Obviously Drunk,1. Had Not Been Drinking","2. No,2. No","1. Not Ejected,1. Not Ejected","Yes,No","No,No","8. No Restraint Used,3. Lap and Shoulder Belt","1. Not Obscured,1. Not Obscured",,,,,,,,,"20,22",1. On Roadway,"0,0",,,,Not GUARDRAIL,Not HIT_RUN,"1,1",1,4. Four Approaches,,C,0,0,36.82904,36.82904,,,Not LRTRUCK,2. Daylight,UNLOCATED,-75.97346,-75.97346,MAINLINE,,,,,,,,"20,22",Not MOTORCYCLE,,.,,,,,,,1,,SEC_URBAN,,,,,,,,,,,,0,1,,0,0,,,,,,,,,Not PED,,1,0,Virginia Beach,134,5,NOT-RD,9. Within Intersection,,,,1. Straight - Level,1. No Defects,"1. Two-Way, Not Divided",1. Dry,"2. Blacktop, Asphalt, Bituminous",GENERAL BOOTH BOULEVARD,UNKWN,SC,U-VA134SC99999UK,,3. No,"0,0",,,,,,Not SENIOR,,"20,5","10,10",SPEED,"10,10",,,"3. Pending,2. No",,"0,0",6PM TO 9PM,1,1,14. Ped Crosswalk,1. Yes - Working,,"1,2","9. Bicycle,16. Other (Scooter, Go-cart, Hearse, Bookmobile, Golf Cart, etc.)","CUSTOM,DODGE","1. Going Straight Ahead,2. Making Right Turn","BICYCLE,RAM 4500",2012,5,5.Hampton Roads,1. No Adverse Condition (Clear/Cloudy),Not Provided,2. No,Not Provided,Not YOUNG
No Access Control,Not ALCIHOL,Urban,0,0,"N/A, Unknown, or Unstabilized",ARCTIC AVE(B)/,Not UNBELTED,28,Male,B,2,BIKE,1.01,1,1,,4. Sideswipe - Same Direction,"Not Provided,Not Provided","Not Provided,Not Provided",13408818,1.059,3,8/22/2014,8/22/2014,22. Bicycle,210,B.Visiible Injury,2014,Left and Right sides,0,1,Virginia Beach,Urban,22. Bicycle,MAIN,0AM TO 3AM,134.Virginia Beach,269,Intersection,Reset Filters,VDOT_OTHER,Friday,Not DEER,"West,West",,5,1,142475024,25,Male,"C,B","1,2","1. No Improper Action,1. No Improper Action","2. Not Deployed,3. Unavailable/Not Applicable","Not Applicable,4. No Test","1. No Defects,1. No Defects","14. No Driver Distraction,14. No Driver Distraction","Not Applicable,1. Had Not Been Drinking","2. No,2. No","1. Not Ejected,1. Not Ejected","No,No","No,No","3. Lap and Shoulder Belt,8. No Restraint Used","14. Blind Spot,1. Not Obscured",,,1,542477,ARCTIC AVE(B)/,0.05,0,"0.Two-way, non-divided","22,20",1. On Roadway,"0,0",I,I.Urban Collector,Other City or Town Streets (not state maintained),Not GUARDRAIL,Not HIT_RUN,"4,0",1,1. Not at Intersection,142475024,C,0,0,36.84699,36.84699,0,0.05,Not LRTRUCK,4. Darkness - Road Lighted,LOCATED,-75.97701,-75.97701,MAINLINE,MAIN,0,0,0,0,0,Undivided Roadway,"22,20",Not MOTORCYCLE,541106,541106.  US00060       US00060      13408818,20361,17737,17658,17505,16729,4,1,0.051,SEC_URBAN,,,,,,,,,0,0,62,0,2,,0,0,,,,,,,,,Not PED,,2,0,Virginia Beach,134,5,NOT-RD,1. Main-Line Roadway,0,1,1.06,1. Straight - Level,1. No Defects,"2. Two-Way, Divided, Unprotected Median",1. Dry,"2. Blacktop, Asphalt, Bituminous",300 19TH ST,URB,UR,R-VA134UR08818WB,"Urbanized (Population 200,000 and over)",3. No,"0,0",5284,3405,3436,3312,4014,Not SENIOR,Left and Right sides,"15,3","25,25",Not SPEED,"25,25",542477,0,"2. No,2. No",0,"0,0",0AM TO 3AM,1,1,6. Traffic Lanes Marked,1. Yes - Working,Not a Parkway - Trucks and Commercial Vehicles Allowed,"1,2","1. Passenger car,9. Bicycle",CHEVROLET,"15. Other,1. Going Straight Ahead","IMPALA,BICYCLE",2010,5,5.Hampton Roads,1. No Adverse Condition (Clear/Cloudy),Not Provided,2. No,Not Provided,Not YOUNG