Access Control,Alcohol Notalcohol,Area Type1,A Crash,A People,Basetypedesc,Begin Node Dsc,Belted Unbelted,Bikeage,Bikegen,Bikeinjurytype,Bikevehiclenumber,Bike Nonbike,BMP,B Crash,B People,Carspeedlimit,Collision Type,Comm Cargo Body Type Cd,Comm Vehicle Body Type Cd,Cotedrouteid,Coted Mp,Count App,CRASH_DT (copy),Crash Dt,Crash Event Type Dsc,Crash Military Tm,Crash Severity,Crash Year,Curbgutterdesc,C Crash,C People,Juris Name Used,Area Type Used,First Harmful Event of Entire Crash,MAINLINE,Time Slicing Used,Phy_Juris_Nm,Offset-Ft,Intersection Analysis,Clear,Calculation_9640323132123359,Day Of Week,Deer Nodeer,Direction Of Travel Cd,Distracted Notdistracted,VSP,TOTAL CRASH,Document Nbr,Driverage,Drivergen,Driverinjurytype,Drivervehiclenumber,Driver Action Type Cd,Driver Airbag Deployment,Driver Alcohol Test Type Cd,Driver Condition Type Cd,Driver Distraction Type Cd,Driver Drinking Type Cd,Driver Drug Use Cd,Driver Ejected From Vehicle,Driver Ems Transport Ind,Driver Fled Scene Ind,Driver Safety Equip Used,Driver Vis Obscured Type Cd,Drowsy Notdrowsy,Drug Nodrug,EMP,End Node,End Node Dsc,End Offset,Facility,FAC,First Crash Event Cd,First Harmful Event,Fourth Crash Event Cd,Functionalclass,FUN,Govcondesc,Gr Nogr,Hitrun Not Hitrun,Initial Veh Impact Area Cd,Injury Crashes,Intersection Type,Int Doc,Jurtype,K_CRASH,K People,LAT (copy),LAT,Leftshoulderwidth,Length,Lgtruck Nonlgtruck,Light Condition,Located Unlocated,LON (copy),LON,MAINLINE (group),Mainline Yn,Medianleftshoulderwidth,Medianrightshoulderwidth,Mediantypedesc,Medianwidthmax,Medianwidthmin,Median Type,Most Harmful Crash Event Cd,Motor Nonmotor,Node,Node Info,Node Totaadt2011,Node Totaadt2012,Node Totaadt2013,Node Totaadt2014,Node Totaadt2015,Numberoflane,Number of Records,Offset,Ownership,Passage,Passgen,Passinjurytype,Passvehiclenumber,Pass Airbag Deployment,Pass Ejected From Vehicle,Pass Ems Transport Ind,Pass Safety Equip Used,Pavementconditionvalue,Pavementroughnessvalue,Pavementwidth,Pdo Crash,Total People Killed & Injured,Pedage,Pedestrians Injured,Pedestrians Killed,Pedgen,Pedinjurytype,Pednumber,Ped Action,Ped Al Test,Ped Cond,Ped Drink,Ped Drug,Ped Nonped,Ped Rflct,Persons Injured,Persons Killed,Physical Juris Nm,PJR,VSP_Used,Rd Type,Relation To Roadway,Rightshoulderwidth,RNS_MP (0.25 mi bin),Rns Mp,Roadway Alignment,Roadway Defect,Roadway Description,Roadway Surface Cond,Roadway Surface Type,Route Or Street Nm,Rte Category Cd,Rte Cat,Rte Nm,Ruralurbandesc,School Zone,Second Crash Event Cd,Segtotaadt2011,Segtotaadt2012,Segtotaadt2013,Segtotaadt2014,Segtotaadt2015,Senior Notsenior,Sidewalkdesc,Speed Before,Speed Max Safe,Speed Notspeed,Speed Posted,Start Node,Start Offset,Summons Issued Cd,Surfacedesc,Third Crash Event Cd,Time Slicing,Total Crashes including Property Damage Only,Total Crash,Traffic Control Type,Trfc Ctrl Status Type,Truckcommr,Vehiclenumber,Vehicle Body Type Cd,Vehicle Make Nm,Vehicle Maneuver Type Cd,Vehicle Model Nm,Vehicle Year Nbr,District,District_Used ,Weather Condition,Work Zone Location,Work Zone Related,Work Zone Type,Young Notyoung
No Access Control,Not ALCIHOL,Urban,0,0,Bituminous Concrete (Black Base),FONTANA AVE(R)/,Not UNBELTED,18,Male,B,2,BIKE,0.99,1,1,,2. Angle,"Not Provided,Not Provided","Not Provided,Not Provided",13108645,1.057,4,11/19/2015,11/19/2015,20. Motor Vehicle In Transport,1435,B.Visiible Injury,2015,Left and Right sides,0,0,Chesapeake,Urban,20. Motor Vehicle In Transport,MAIN,12PM TO 3PM,131.Chesapeake,69,Intersection,Reset Filters,VDOT_OTHER,Thursday,Not DEER,"East,North",,5,1,153245259,33,Female,"PDO,B","1,2","1. No Improper Action,21. Disregarded Traffic Signal","2. Not Deployed,3. Unavailable/Not Applicable","Not Applicable,Not Applicable","1. No Defects,1. No Defects","14. No Driver Distraction,Not Applicable","Not Applicable,Not Applicable","2. No,2. No","1. Not Ejected,Not Provided","No,Yes","No,No","3. Lap and Shoulder Belt,5. Helmet","1. Not Obscured,Not Applicable",,,1,483826,SR-00407(B)/,0,1,"1.Divided, no control of access","22,20",1. On Roadway,"0,0",I,I.Urban Collector,Other City or Town Streets (not state maintained),Not GUARDRAIL,Not HIT_RUN,"10,12",1,4. Four Approaches,153245259,C,0,0,36.82068,36.82068,0,0.08,Not LRTRUCK,2. Daylight,LOCATED,-76.22648,-76.22648,MAINLINE,MAIN,0,0,Curbed Grass,8,4,Divided Roadway,"22,20",Not MOTORCYCLE,483826,483826.  SR00407       SR00407      13108645      13108645,32271,31556,31735,31206,31827,4,1,0.013,SEC_URBAN,,,,,,,,,0,0,50,0,1,,0,0,,,,,,,,,Not PED,,1,0,Chesapeake,131,5,NOT-RD,9. Within Intersection,0,1,1.06,1. Straight - Level,1. No Defects,"3. Two-Way, Divided, Positive Median Barrier",1. Dry,"2. Blacktop, Asphalt, Bituminous",INIDAN RIVER RD,URB,UR,R-VA131UR08645NB,"Urbanized (Population 200,000 and over)",3. No,"0,0",8847,8651,8700,8388,8558,Not SENIOR,Left and Right sides,"5,5",25,Not SPEED,25,484728,0.04,"Not Provided,Not Provided",0,"0,0",12PM TO 3PM,1,1,3. Traffic Signal,1. Yes - Working,Not a Parkway - Trucks and Commercial Vehicles Allowed,"1,2","1. Passenger car,9. Bicycle",LINCOLN,"1. Going Straight Ahead,Not Applicable",LS,2000,5,5.Hampton Roads,1. No Adverse Condition (Clear/Cloudy),Not Provided,2. No,Not Provided,YOUNG
No Access Control,Not ALCIHOL,Urban,0,0,Bituminous Concrete (Black Base),134-08688(B)/,Not UNBELTED,25,Male,B,2,BIKE,18.8,1,1,,2. Angle,"Not Provided,Not Provided","Not Provided,Not Provided",13408669,18.813,4,4/28/2013,4/28/2013,20. Motor Vehicle In Transport,1801,B.Visiible Injury,2013,Left and Right sides,0,0,Virginia Beach,Urban,20. Motor Vehicle In Transport,MAIN,6PM TO 9PM,134.Virginia Beach,"1,125",Intersection,Reset Filters,VDOT_OTHER,Sunday,Not DEER,"East,North",DISTRACTED,5,1,131195223,54,0,"PDO,B","1,2","11. Did Not Have Right-of-Way,1. No Improper Action","2. Not Deployed,3. Unavailable/Not Applicable","4. No Test,4. No Test","1. No Defects,1. No Defects","11. Other,14. No Driver Distraction","1. Had Not Been Drinking,1. Had Not Been Drinking","2. No,2. No","1. Not Ejected,1. Not Ejected","No,No","No,No","3. Lap and Shoulder Belt,8. No Restraint Used","1. Not Obscured,1. Not Obscured",,,19,541475,134-08688(B)/,0.42,1,"1.Divided, no control of access","22,20",9. Outside Right-of-Way,"0,0",E,E.Urban Other Principle Arterials; Connecting Links of Other Rural Principal Arterial,Other City or Town Streets (not state maintained),Not GUARDRAIL,Not HIT_RUN,"1,11",1,4. Four Approaches,131195223,C,0,0,36.789049,36.789049,0,0.22,Not LRTRUCK,2. Daylight,LOCATED,-75.997871,-75.997871,MAINLINE,MAIN,0,0,Curbed Grass,24,12,Divided Roadway,"22,20",Not MOTORCYCLE,541475,541475. 13408669      13408669      13408688      13408688,64316,56978,57505,55417,55342,6,1,0.213,SEC_URBAN,,,,,,,,,0,0,76,0,1,,0,0,,,,,,,,,Not PED,,1,0,Virginia Beach,134,5,NOT-RD,"13. Driveway, Alley-Access - Related",0,18.75,18.81,1. Straight - Level,1. No Defects,"1. Two-Way, Not Divided",1. Dry,1. Concrete,GENERAL BOOTH BLVD,URB,UR,R-VA134UR08669NB,"Urbanized (Population 200,000 and over)",3. No,"0,0",56509,44264,44673,43051,45355,Not SENIOR,Left and Right sides,"5,2",,Not SPEED,,541475,0.2,"2. No,2. No",0,"0,0",6PM TO 9PM,1,1,1. No Traffic Control,6. No Traffic Control Device Present,Not a Parkway - Trucks and Commercial Vehicles Allowed,"1,2","1. Passenger car,9. Bicycle",LINCOLN,"2. Making Right Turn,1. Going Straight Ahead",MK T,2010,5,5.Hampton Roads,1. No Adverse Condition (Clear/Cloudy),Not Provided,2. No,Not Provided,Not YOUNG
No Access Control,Not ALCIHOL,Urban,1,1,Bituminous Concrete (Black Base),CENTER AV,Not UNBELTED,14,Male,A,2,BIKE,51.69,0,0,,13. Bicyclist,"Not Provided,Not Provided","Not Provided,Not Provided",US00017,52.115,4,8/29/2014,8/29/2014,20. Motor Vehicle In Transport,2204,A.Ambulatory Injury,2014,Left and Right sides,0,0,Newport News,Urban,20. Motor Vehicle In Transport,MAIN,9PM TO 12AM,121.Newport News,"1,716",Intersection,Reset Filters,VDOT_OTHER,Friday,Not DEER,"North,East",,5,1,143040051,,Not Provided,"PDO,A","1,2","34. Hit and Run,11. Did Not Have Right-of-Way","5. Unknown,3. Unavailable/Not Applicable","Not Applicable,4. No Test","9. Unknown,1. No Defects","Not Applicable,Not Applicable","6. Unknown,1. Had Not Been Drinking","3. Unknown,2. No","1. Not Ejected,1. Not Ejected","No,Yes","Yes,No","6. Other,8. No Restraint Used","1. Not Obscured,1. Not Obscured",,,52,646008,SR-00152(B)/,0,1,"1.Divided, no control of access","22,20",1. On Roadway,"0,0",E,E.Urban Other Principle Arterials; Connecting Links of Other Rural Principal Arterial,Urban Extensions - Primary Routes,Not GUARDRAIL,HIT_RUN,"12,9",1,4. Four Approaches,143040051,C,0,0,37.03287,37.03287,0,0.75,Not LRTRUCK,5. Darkness - Road Not Lighted,LOCATED,-76.45279,-76.45279,MAINLINE,MAIN,0,0,Curbed Grass,14,4,Divided Roadway,"22,20",Not MOTORCYCLE,646008,646008.  SR00152       SR00152       US00017       US00017,52303,53662,49446,49228,49582,6,1,0.325,PRI_URBAN,,,,,,,,,0,179,72,0,1,,0,0,,,,,,,,,Not PED,,1,0,Newport News,121,5,NOT-RD,1. Main-Line Roadway,0,52,52.11,1. Straight - Level,1. No Defects,"2. Two-Way, Divided, Unprotected Median",1. Dry,"2. Blacktop, Asphalt, Bituminous",JEFEERSON AVE,USPRI,US,R-VA   US00017NB,"Urbanized (Population 200,000 and over)",3. No,"0,0",40702,41593,39530,39683,39836,Not SENIOR,Left and Right sides,"0,10","45,0",Not SPEED,"45,45",646009,0,"3. Pending,2. No",0,"0,0",9PM TO 12AM,1,1,3. Traffic Signal,1. Yes - Working,Designated Truck Route - D2,"1,2","3. Van,9. Bicycle",,"1. Going Straight Ahead,15. Other",,,5,5.Hampton Roads,1. No Adverse Condition (Clear/Cloudy),Not Provided,2. No,Not Provided,Not YOUNG
No Access Control,Not ALCIHOL,Urban,0,0,Bituminous Concrete (Black Base),134-00013(R)/Gap Terminus/ROSEMONT ROAD(L)/,Not UNBELTED,39,Male,B,2,BIKE,502.38,1,1,55,2. Angle,"Not Provided,Not Provided","Not Provided,Not Provided",US00058,502.529,3,8/30/2014,8/30/2014,20. Motor Vehicle In Transport,1415,B.Visiible Injury,2014,Left and Right sides,0,0,Virginia Beach,Urban,20. Motor Vehicle In Transport,MAIN,12PM TO 3PM,134.Virginia Beach,787,Intersection,Reset Filters,VDOT_OTHER,Saturday,Not DEER,"South,East",,5,1,142455152,27,Male,"PDO,B","1,2","11. Did Not Have Right-of-Way,1. No Improper Action","2. Not Deployed,3. Unavailable/Not Applicable","4. No Test,4. No Test","1. No Defects,1. No Defects","14. No Driver Distraction,14. No Driver Distraction","1. Had Not Been Drinking,1. Had Not Been Drinking","3. Unknown,3. Unknown","1. Not Ejected,1. Not Ejected","No,No","No,No","3. Lap and Shoulder Belt,8. No Restraint Used","1. Not Obscured,1. Not Obscured",,,503,541077,134-08733(B)/LITTLE NECK RD,0,1,"1.Divided, no control of access","22,20",1. On Roadway,"0,0",E,E.Urban Other Principle Arterials; Connecting Links of Other Rural Principal Arterial,Urban Extensions - Primary Routes,Not GUARDRAIL,Not HIT_RUN,"1,11",1,3. Three Approaches,142455152,C,0,0,36.841,36.841,0,0.41,Not LRTRUCK,2. Daylight,LOCATED,-76.09538,-76.09538,MAINLINE,MAIN,0,0,Curbed Grass,28,4,Divided Roadway,"22,20",Not MOTORCYCLE,541079,541079.  US00058       US00058      13400013,64871,64913,65058,63648,61918,8,1,0.149,PRI_URBAN,,,,,,,,,0,151,99,0,1,,0,0,,,,,,,,,Not PED,,1,0,Virginia Beach,134,5,NOT-RD,9. Within Intersection,0,502.5,502.53,1. Straight - Level,1. No Defects,"2. Two-Way, Divided, Unprotected Median",1. Dry,"2. Blacktop, Asphalt, Bituminous",3600 VIRGINIA BEACH BLVD,USPRI,US,R-VA   US00058WB,"Urbanized (Population 200,000 and over)",3. No,"0,0",50489,49507,49056,49178,50135,Not SENIOR,Left and Right sides,"2,2","2,2",Not SPEED,"35,45",541079,0,"1. Yes,2. No",0,"0,0",12PM TO 3PM,1,1,4. Stop Sign,1. Yes - Working,Not a Parkway - Trucks and Commercial Vehicles Allowed,"1,2","1. Passenger car,9. Bicycle","HONDA,SUN CYCLES","2. Making Right Turn,1. Going Straight Ahead","ACCORD,BICYCLE",2014,5,5.Hampton Roads,1. No Adverse Condition (Clear/Cloudy),Not Provided,2. No,Not Provided,Not YOUNG
,Not ALCIHOL,Urban,0,0,,,Not UNBELTED,28,Male,B,2,BIKE,,1,1,,2. Angle,"Not Provided,Not Provided","Not Provided,Not Provided",,,,8/31/2014,8/31/2014,20. Motor Vehicle In Transport,1921,B.Visiible Injury,2014,,0,0,Virginia Beach,Urban,20. Motor Vehicle In Transport,MAIN,6PM TO 9PM,134.Virginia Beach,,Not Intersection,Reset Filters,VDOT_OTHER,Sunday,Not DEER,"South,West",,5,1,142835244,26,Female,"PDO,B","1,2","11. Did Not Have Right-of-Way,1. No Improper Action","2. Not Deployed,3. Unavailable/Not Applicable","4. No Test,4. No Test","1. No Defects,1. No Defects","14. No Driver Distraction,14. No Driver Distraction","1. Had Not Been Drinking,1. Had Not Been Drinking","2. No,2. No","1. Not Ejected,3. Totally Ejected","No,Yes","No,No","3. Lap and Shoulder Belt,8. No Restraint Used","1. Not Obscured,1. Not Obscured",,,,,,,,,"22,20",1. On Roadway,"0,0",,,,Not GUARDRAIL,Not HIT_RUN,"1,4",1,4. Four Approaches,,C,0,0,36.78919,36.78919,,,Not LRTRUCK,2. Daylight,UNLOCATED,-76.12881,-76.12881,MAINLINE,,,,,,,,"22,20",Not MOTORCYCLE,,.,,,,,,,1,,SEC_URBAN,,,,,,,,,,,,0,1,,0,0,,,,,,,,,Not PED,,1,0,Virginia Beach,134,5,NOT-RD,9. Within Intersection,,,,1. Straight - Level,1. No Defects,"1. Two-Way, Not Divided",1. Dry,"2. Blacktop, Asphalt, Bituminous",1400 PISSARRO CIRCLE,UNKWN,SC,U-VA134SC99999UK,,3. No,"0,0",,,,,,Not SENIOR,,"5,5","25,25",Not SPEED,"25,25",,,"1. Yes,2. No",,"0,0",6PM TO 9PM,1,1,4. Stop Sign,1. Yes - Working,,"1,2","22. Truck - Sport Utility Vehicle (SUV),9. Bicycle",Jeep,"3. Making Left Turn,1. Going Straight Ahead",Liberty,2004,5,5.Hampton Roads,1. No Adverse Condition (Clear/Cloudy),Not Provided,2. No,Not Provided,Not YOUNG
No Access Control,Not ALCIHOL,Urban,0,0,Bituminous Concrete (Black Base),134-08734(L)/Gap Terminus/WINDSOR OAKS BLVD,Not UNBELTED,41,Female,B,2,BIKE,4.16,1,1,,16. Other,"Not Provided,Not Provided","Not Provided,Not Provided",13408627,4.16,3,11/23/2015,11/23/2015,20. Motor Vehicle In Transport,1630,B.Visiible Injury,2015,Left and Right sides,0,0,Virginia Beach,Urban,20. Motor Vehicle In Transport,MAIN,3PM TO 6PM,134.Virginia Beach,0,Intersection,Reset Filters,VDOT_OTHER,Monday,Not DEER,"West,South",DISTRACTED,5,1,153375195,22,Male,"PDO,B","1,2","11. Did Not Have Right-of-Way,1. No Improper Action","2. Not Deployed,3. Unavailable/Not Applicable","4. No Test,4. No Test","1. No Defects,1. No Defects","11. Other,14. No Driver Distraction","1. Had Not Been Drinking,1. Had Not Been Drinking","2. No,2. No","1. Not Ejected,2. Partially Ejected","No,Yes","No,No","3. Lap and Shoulder Belt,6. Other","1. Not Obscured,1. Not Obscured",,,4,541354,134-08833(R)/FOXWOOD DRIVE(L)/,0,1,"1.Divided, no control of access","22,20",1. On Roadway,"0,0",H,H.Urban Minor Arterial,Other City or Town Streets (not state maintained),Not GUARDRAIL,Not HIT_RUN,"12,9",1,4. Four Approaches,153375195,C,0,0,36.80652,36.80652,0,0.24,Not LRTRUCK,2. Daylight,LOCATED,-76.1171,-76.1171,MAINLINE,MAIN,6,6,Grass/Unprotected,40,24,Divided Roadway,"22,20",Not MOTORCYCLE,541353,541353. 13408627      13408627      13408734,28532,27991,28249,27224,28151,4,1,0,SEC_URBAN,,,,,,,,,0,0,52,0,1,,0,0,,,,,,,,,Not PED,,1,0,Virginia Beach,134,5,NOT-RD,9. Within Intersection,0,4,4.16,1. Straight - Level,1. No Defects,"2. Two-Way, Divided, Unprotected Median",1. Dry,"2. Blacktop, Asphalt, Bituminous",1798 S INDEPENDENCE BLVD,URB,UR,R-VA134UR08627NB,"Urbanized (Population 200,000 and over)",3. No,"0,0",24984,25066,25297,24379,25174,Not SENIOR,Left and Right sides,"10,5","5,5",Not SPEED,"35,35",541353,0,"1. Yes,2. No",0,"0,0",3PM TO 6PM,1,1,3. Traffic Signal,1. Yes - Working,Not a Parkway - Trucks and Commercial Vehicles Allowed,"1,2","1. Passenger car,9. Bicycle","NISSAN,BICYCLE","2. Making Right Turn,15. Other",ALTIMA,2013,5,5.Hampton Roads,1. No Adverse Condition (Clear/Cloudy),Not Provided,2. No,Not Provided,Not YOUNG
No Access Control,Not ALCIHOL,Urban,1,1,Portland Cement Concrete,US-00017-N023A(L)/US-00013-S037A(L)/RAMPS TO,Not UNBELTED,25,Female,A,2,BIKE,37.22,0,0,,16. Other,"Not Provided,Not Provided","Not Provided,Not Provided",US00013,37.979,4,11/24/2015,11/24/2015,22. Bicycle,32,A.Ambulatory Injury,2015,None,0,0,Chesapeake,Urban,22. Bicycle,MAIN,0AM TO 3AM,131.Chesapeake,903,Intersection,Reset Filters,VDOT_OTHER,Tuesday,Not DEER,"Not Provided,Not Provided",,5,1,153285046,,Not Provided,"PDO,A","1,2","34. Hit and Run,Not Applicable","Not Provided,3. Unavailable/Not Applicable","Not Applicable,Not Applicable","9. Unknown,9. Unknown","Not Applicable,Not Applicable","6. Unknown,Not Applicable","3. Unknown,Not Applicable","Not Provided,3. Totally Ejected","NotProvided,Yes","Yes,No","Not Provided,8. No Restraint Used","Not Applicable,Not Applicable",,,38,483040,SR-00196(L)/131-08605(R)/CANAL RD,0,1,"1.Divided, no control of access","22,0",4. Roadside,"0,0",E,E.Urban Other Principle Arterials; Connecting Links of Other Rural Principal Arterial,Urban Extensions - Primary Routes,Not GUARDRAIL,HIT_RUN,"0,0",1,3. Three Approaches,153285046,C,0,0,36.77282,36.77282,6,0.93,Not LRTRUCK,4. Darkness - Road Lighted,LOCATED,-76.32752,-76.32752,MAINLINE,MAIN,0,0,Grass/Unprotected,16,4,Divided Roadway,"22,0",Not MOTORCYCLE,483040,483040.  SR00196       US00013       US00013      13108605,26308,22880,22454,31067,34576,4,1,0.171,PRI_URBAN,,,,,,,,,0,161,40,0,1,,0,0,,,,,,,,,Not PED,,1,0,Chesapeake,131,5,NOT-RD,10. Intersection Related - Within 150 Feet,6,37.75,37.98,1. Straight - Level,1. No Defects,"2. Two-Way, Divided, Unprotected Median",1. Dry,"2. Blacktop, Asphalt, Bituminous",S MILITARY HWY,USPRI,US,R-VA   US00013SB,"Urbanized (Population 200,000 and over)",3. No,"0,0",13163,10716,10355,16213,18726,Not SENIOR,None,1,,Not SPEED,,756312,0,"Not Provided,2. No",0,"0,0",0AM TO 3AM,1,1,6. Traffic Lanes Marked,1. Yes - Working,Not a Parkway - Trucks and Commercial Vehicles Allowed,"1,2","Not Applicable,9. Bicycle",BIKE,"Not Applicable,Not Applicable",BIKE,2015,5,5.Hampton Roads,1. No Adverse Condition (Clear/Cloudy),Not Provided,2. No,Not Provided,Not YOUNG
,Not ALCIHOL,Urban,0,0,,,Not UNBELTED,29,Female,C,1,BIKE,,0,0,,13. Bicyclist,"Not Provided,Not Provided","Not Provided,Not Provided",,,,9/2/2014,9/2/2014,22. Bicycle,1300,C.Non-Visible Injury,2014,,1,1,Newport News,Urban,22. Bicycle,MAIN,12PM TO 3PM,121.Newport News,,Not Intersection,Reset Filters,VDOT_OTHER,Tuesday,Not DEER,"South,North",,5,1,142800081,42,Male,"C,PDO","1,2","11. Did Not Have Right-of-Way,1. No Improper Action","3. Unavailable/Not Applicable,2. Not Deployed","4. No Test,4. No Test","1. No Defects,1. No Defects","Not Applicable,Not Applicable","1. Had Not Been Drinking,1. Had Not Been Drinking","2. No,2. No","1. Not Ejected,1. Not Ejected","Yes,No","No,No","8. No Restraint Used,3. Lap and Shoulder Belt","1. Not Obscured,1. Not Obscured",,,,,,,,,"20,22",1. On Roadway,"0,0",,,,Not GUARDRAIL,Not HIT_RUN,"9,12",1,2. Two Approaches,,C,0,0,37.02373,37.02373,,,Not LRTRUCK,2. Daylight,UNLOCATED,-76.44707,-76.44707,MAINLINE,,,,,,,,"20,22",Not MOTORCYCLE,,.,,,,,,,1,,SEC_URBAN,,,,,,,,,,,,0,1,,0,0,,,,,,,,,Not PED,,1,0,Newport News,121,5,NOT-RD,9. Within Intersection,,,,1. Straight - Level,1. No Defects,"1. Two-Way, Not Divided",1. Dry,"2. Blacktop, Asphalt, Bituminous",BROOKE ST,UNKWN,SC,U-VA121SC99999UK,,3. No,"0,0",,,,,,Not SENIOR,,"5,8","35,25",Not SPEED,"35,25",,,"2. No,2. No",,"0,0",12PM TO 3PM,1,1,3. Traffic Signal,1. Yes - Working,,"1,2","9. Bicycle,2. Truck - Pick-up/Passenger Truck",DODGE,"1. Going Straight Ahead,2. Making Right Turn",DURANGO,2004,5,5.Hampton Roads,1. No Adverse Condition (Clear/Cloudy),Not Provided,2. No,Not Provided,Not YOUNG
No Access Control,Not ALCIHOL,Urban,1,1,Bituminous Concrete (Black Base),134-08725(R)/KINGS ARM DR,Not UNBELTED,24,Male,A,1,BIKE,0.74,0,0,,2. Angle,"Not Provided,Not Provided","Not Provided,Not Provided",13400014,0.74,3,9/4/2014,9/4/2014,20. Motor Vehicle In Transport,1348,A.Ambulatory Injury,2014,Left and Right sides,0,0,Virginia Beach,Urban,20. Motor Vehicle In Transport,MAIN,12PM TO 3PM,134.Virginia Beach,0,Intersection,Reset Filters,VDOT_OTHER,Thursday,Not DEER,"North,South",,5,1,142495032,69,Male,"A,PDO","1,2","11. Did Not Have Right-of-Way,1. No Improper Action","3. Unavailable/Not Applicable,2. Not Deployed","4. No Test,4. No Test","1. No Defects,1. No Defects","14. No Driver Distraction,14. No Driver Distraction","1. Had Not Been Drinking,1. Had Not Been Drinking","2. No,2. No","2. Partially Ejected,1. Not Ejected","Yes,No","No,No","8. No Restraint Used,3. Lap and Shoulder Belt","1. Not Obscured,1. Not Obscured",,,1,541299,BLACKSTONE STREET(R)/,0,1,"1.Divided, no control of access","20,22",1. On Roadway,"0,0",H,H.Urban Minor Arterial,Other City or Town Streets (not state maintained),Not GUARDRAIL,Not HIT_RUN,"12,12",1,2. Two Approaches,142495032,C,0,0,36.80795,36.80795,0,0.11,Not LRTRUCK,2. Daylight,LOCATED,-76.07668,-76.07668,MAINLINE,MAIN,0,0,Curbed Grass,22,4,Divided Roadway,"20,22",Not MOTORCYCLE,541300,541300. 13400014      13400014      13408725,36197,32324,32622,31438,33754,4,1,0,SEC_URBAN,,,,,,,,,0,0,52,0,1,,0,0,,,,,,,,,Not PED,,1,0,Virginia Beach,134,5,NOT-RD,1. Main-Line Roadway,0,0.5,0.74,3. Grade - Straight,1. No Defects,"2. Two-Way, Divided, Unprotected Median",1. Dry,"2. Blacktop, Asphalt, Bituminous",985 Lynnhaven Parkway,URB,UR,R-VA134UR00014NB,"Urbanized (Population 200,000 and over)",3. No,"0,0",35877,31969,32264,31093,33335,SENIOR,Left and Right sides,"13,5","1,1",Not SPEED,"25,25",541300,0,"2. No,2. No",0,"0,0",12PM TO 3PM,1,1,14. Ped Crosswalk,1. Yes - Working,Not a Parkway - Trucks and Commercial Vehicles Allowed,"1,2","9. Bicycle,1. Passenger car","SPECIALIZED,KIA","15. Other,2. Making Right Turn","ROAD BIKE,SPECTRA",19972007,5,5.Hampton Roads,1. No Adverse Condition (Clear/Cloudy),Not Provided,2. No,Not Provided,Not YOUNG
No Access Control,Not ALCIHOL,Urban,0,0,"N/A, Unknown, or Unstabilized",DUNE STREET(B)/,Not UNBELTED,35,Male,B,2,BIKE,1.6,1,1,,2. Angle,"Not Provided,Not Provided","Not Provided,Not Provided",12208621,1.6,4,5/1/2013,5/1/2013,22. Bicycle,517,B.Visiible Injury,2013,None,0,0,Norfolk,Urban,22. Bicycle,MAIN,3AM TO 6AM,122.Norfolk,"1,214",Intersection,Reset Filters,VDOT_OTHER,Wednesday,Not DEER,"South,North",,5,1,132330428,45,0,"PDO,B","1,2","1. No Improper Action,1. No Improper Action","2. Not Deployed,3. Unavailable/Not Applicable","Not Applicable,Not Applicable","1. No Defects,1. No Defects","Not Applicable,Not Applicable","1. Had Not Been Drinking,1. Had Not Been Drinking","2. No,2. No","1. Not Ejected,3. Totally Ejected","No,Yes","No,No","3. Lap and Shoulder Belt,5. Helmet","1. Not Obscured,1. Not Obscured",,,2,485608,WESTMONT AVENUE(L)/,0,0,"0.Two-way, non-divided","22,20",1. On Roadway,"0,0",I,I.Urban Collector,Other City or Town Streets (not state maintained),Not GUARDRAIL,Not HIT_RUN,"2,12",1,4. Four Approaches,132330428,C,0,0,36.936301,36.936301,2,0.09,Not LRTRUCK,4. Darkness - Road Lighted,LOCATED,-76.249131,-76.249131,MAINLINE,MAIN,0,0,0,0,0,Undivided Roadway,"22,20",Not MOTORCYCLE,485538,485538. 12208618      12208618      12208621      12208621,13909,13438,13561,13070,12082,2,1,0.23,SEC_URBAN,,,,,,,,,0,0,18,0,1,,0,0,,,,,,,,,Not PED,,1,0,Norfolk,122,5,NOT-RD,9. Within Intersection,2,1.5,1.6,1. Straight - Level,1. No Defects,"1. Two-Way, Not Divided",2. Wet,"2. Blacktop, Asphalt, Bituminous",8700 BLOCK OLD OCEANVIEW RD,URB,UR,R-VA122UR08621SB,"Urbanized (Population 200,000 and over)",3. No,"0,0",921,915,923,890,785,Not SENIOR,None,10,"25,0",Not SPEED,"25,0",485607,0,"2. No,2. No",0,"0,0",3AM TO 6AM,1,1,4. Stop Sign,1. Yes - Working,Not a Parkway - Trucks and Commercial Vehicles Allowed,"1,2","2. Truck - Pick-up/Passenger Truck,9. Bicycle",FORD,"3. Making Left Turn,1. Going Straight Ahead",F150,2001,5,5.Hampton Roads,5. Rain,Not Provided,2. No,Not Provided,Not YOUNG