Access Control,Alcohol Notalcohol,Area Type1,A Crash,A People,Basetypedesc,Begin Node Dsc,Belted Unbelted,Bikeage,Bikegen,Bikeinjurytype,Bikevehiclenumber,Bike Nonbike,BMP,B Crash,B People,Carspeedlimit,Collision Type,Comm Cargo Body Type Cd,Comm Vehicle Body Type Cd,Cotedrouteid,Coted Mp,Count App,CRASH_DT (copy),Crash Dt,Crash Event Type Dsc,Crash Military Tm,Crash Severity,Crash Year,Curbgutterdesc,C Crash,C People,Juris Name Used,Area Type Used,First Harmful Event of Entire Crash,MAINLINE,Time Slicing Used,Phy_Juris_Nm,Offset-Ft,Intersection Analysis,Clear,Calculation_9640323132123359,Day Of Week,Deer Nodeer,Direction Of Travel Cd,Distracted Notdistracted,VSP,TOTAL CRASH,Document Nbr,Driverage,Drivergen,Driverinjurytype,Drivervehiclenumber,Driver Action Type Cd,Driver Airbag Deployment,Driver Alcohol Test Type Cd,Driver Condition Type Cd,Driver Distraction Type Cd,Driver Drinking Type Cd,Driver Drug Use Cd,Driver Ejected From Vehicle,Driver Ems Transport Ind,Driver Fled Scene Ind,Driver Safety Equip Used,Driver Vis Obscured Type Cd,Drowsy Notdrowsy,Drug Nodrug,EMP,End Node,End Node Dsc,End Offset,Facility,FAC,First Crash Event Cd,First Harmful Event,Fourth Crash Event Cd,Functionalclass,FUN,Govcondesc,Gr Nogr,Hitrun Not Hitrun,Initial Veh Impact Area Cd,Injury Crashes,Intersection Type,Int Doc,Jurtype,K_CRASH,K People,LAT (copy),LAT,Leftshoulderwidth,Length,Lgtruck Nonlgtruck,Light Condition,Located Unlocated,LON (copy),LON,MAINLINE (group),Mainline Yn,Medianleftshoulderwidth,Medianrightshoulderwidth,Mediantypedesc,Medianwidthmax,Medianwidthmin,Median Type,Most Harmful Crash Event Cd,Motor Nonmotor,Node,Node Info,Node Totaadt2011,Node Totaadt2012,Node Totaadt2013,Node Totaadt2014,Node Totaadt2015,Numberoflane,Number of Records,Offset,Ownership,Passage,Passgen,Passinjurytype,Passvehiclenumber,Pass Airbag Deployment,Pass Ejected From Vehicle,Pass Ems Transport Ind,Pass Safety Equip Used,Pavementconditionvalue,Pavementroughnessvalue,Pavementwidth,Pdo Crash,Total People Killed & Injured,Pedage,Pedestrians Injured,Pedestrians Killed,Pedgen,Pedinjurytype,Pednumber,Ped Action,Ped Al Test,Ped Cond,Ped Drink,Ped Drug,Ped Nonped,Ped Rflct,Persons Injured,Persons Killed,Physical Juris Nm,PJR,VSP_Used,Rd Type,Relation To Roadway,Rightshoulderwidth,RNS_MP (0.25 mi bin),Rns Mp,Roadway Alignment,Roadway Defect,Roadway Description,Roadway Surface Cond,Roadway Surface Type,Route Or Street Nm,Rte Category Cd,Rte Cat,Rte Nm,Ruralurbandesc,School Zone,Second Crash Event Cd,Segtotaadt2011,Segtotaadt2012,Segtotaadt2013,Segtotaadt2014,Segtotaadt2015,Senior Notsenior,Sidewalkdesc,Speed Before,Speed Max Safe,Speed Notspeed,Speed Posted,Start Node,Start Offset,Summons Issued Cd,Surfacedesc,Third Crash Event Cd,Time Slicing,Total Crashes including Property Damage Only,Total Crash,Traffic Control Type,Trfc Ctrl Status Type,Truckcommr,Vehiclenumber,Vehicle Body Type Cd,Vehicle Make Nm,Vehicle Maneuver Type Cd,Vehicle Model Nm,Vehicle Year Nbr,District,District_Used ,Weather Condition,Work Zone Location,Work Zone Related,Work Zone Type,Young Notyoung
,Not ALCIHOL,Urban,0,0,,,Not UNBELTED,7,Female,C,2,BIKE,,0,0,,2. Angle,"Not Provided,Not Provided","Not Provided,Not Provided",,,,5/2/2013,5/2/2013,22. Bicycle,1634,C.Non-Visible Injury,2013,,1,1,Hampton,Urban,22. Bicycle,MAIN,3PM TO 6PM,114.Hampton,,Not Intersection,Reset Filters,VDOT_OTHER,Thursday,Not DEER,"East,North",,5,1,132330059,31,0,"PDO,C","1,2","1. No Improper Action,40. Fail to Maintain Proper Control","2. Not Deployed,3. Unavailable/Not Applicable","4. No Test,4. No Test","1. No Defects,1. No Defects","Not Applicable,Not Applicable","1. Had Not Been Drinking,1. Had Not Been Drinking","2. No,2. No","1. Not Ejected,1. Not Ejected","No,Yes","No,No","3. Lap and Shoulder Belt,9. Not Applicable","1. Not Obscured,1. Not Obscured",,,,,,,,,"22,20",1. On Roadway,"0,0",,,,Not GUARDRAIL,Not HIT_RUN,"1,12",1,1. Not at Intersection,,C,0,0,37.041225,37.041225,,,Not LRTRUCK,2. Daylight,UNLOCATED,-76.315389,-76.315389,MAINLINE,,,,,,,,"22,20",Not MOTORCYCLE,,.,,,,,,,1,,SEC_URBAN,,,,,,,,,,,,0,1,,0,0,,,,,,,,,Not PED,,1,0,Hampton,114,5,NOT-RD,1. Main-Line Roadway,,,,1. Straight - Level,1. No Defects,"1. Two-Way, Not Divided",1. Dry,"2. Blacktop, Asphalt, Bituminous",1824 RAWOOD DR,UNKWN,SC,U-VA114SC99999UK,,3. No,"0,0",,,,,,Not SENIOR,,,"25,25",Not SPEED,"25,25",,,"2. No,2. No",,"0,0",3PM TO 6PM,1,1,6. Traffic Lanes Marked,1. Yes - Working,,"1,2","1. Passenger car,9. Bicycle","Ford,BIKE","1. Going Straight Ahead,1. Going Straight Ahead",2door,1998,5,5.Hampton Roads,1. No Adverse Condition (Clear/Cloudy),Not Provided,2. No,Not Provided,Not YOUNG
,Not ALCIHOL,Urban,0,0,,,Not UNBELTED,16,Female,PDO,2,BIKE,,0,0,,2. Angle,"Not Provided,Not Provided","Not Provided,Not Provided",,,,5/2/2013,5/2/2013,20. Motor Vehicle In Transport,1614,PDO.Property Damage Only,2013,,0,0,Virginia Beach,Urban,20. Motor Vehicle In Transport,MAIN,3PM TO 6PM,134.Virginia Beach,,Not Intersection,Reset Filters,VDOT_OTHER,Thursday,Not DEER,"North,West",,5,1,131445136,58,0,"PDO,PDO","1,2","37. Other,10. Wrong Side Of Road - Not Overtaking","2. Not Deployed,3. Unavailable/Not Applicable","4. No Test,4. No Test","1. No Defects,1. No Defects","14. No Driver Distraction,14. No Driver Distraction","1. Had Not Been Drinking,1. Had Not Been Drinking","2. No,2. No","1. Not Ejected,3. Totally Ejected","No,No","No,No","3. Lap and Shoulder Belt,9. Not Applicable","1. Not Obscured,1. Not Obscured",,,,,,,,,"22,20",1. On Roadway,"0,0",,,,Not GUARDRAIL,Not HIT_RUN,"12,9",0,3. Three Approaches,,C,0,0,36.815192,36.815192,,,Not LRTRUCK,2. Daylight,UNLOCATED,-76.175643,-76.175643,MAINLINE,,,,,,,,"22,20",Not MOTORCYCLE,,.,,,,,,,1,,SEC_URBAN,,,,,,,,,,,,1,0,,0,0,,,,,,,,,Not PED,,0,0,Virginia Beach,134,5,NOT-RD,9. Within Intersection,,,,1. Straight - Level,1. No Defects,"1. Two-Way, Not Divided",1. Dry,"2. Blacktop, Asphalt, Bituminous",PROVIDENCE ROAD,UNKWN,SC,U-VA134SC99999UK,,3. No,"0,0",,,,,,Not SENIOR,,"5,3","45,45",Not SPEED,"45,45",,,"2. No,2. No",,"0,0",3PM TO 6PM,1,1,4. Stop Sign,1. Yes - Working,,"1,2","22. Truck - Sport Utility Vehicle (SUV),9. Bicycle","Toyota,STOLEN","2. Making Right Turn,1. Going Straight Ahead","4Runner,BMX BIKE",20062010,5,5.Hampton Roads,1. No Adverse Condition (Clear/Cloudy),Not Provided,2. No,Not Provided,YOUNG
No Access Control,Not ALCIHOL,Urban,0,0,Bituminous Concrete (Black Base),HOPE AVE(R)/,Not UNBELTED,22,Male,PDO,2,BIKE,2.91,1,1,,2. Angle,"Not Provided,Not Provided","Not Provided,Not Provided",13408723,2.91,3,11/28/2015,11/28/2015,22. Bicycle,1723,B.Visiible Injury,2015,Left and Right sides,0,0,Virginia Beach,Urban,22. Bicycle,MAIN,3PM TO 6PM,134.Virginia Beach,792,Intersection,Reset Filters,VDOT_OTHER,Saturday,Not DEER,"Not Provided,South",,5,1,153365491,,Not Provided,"PDO,PDO","1,2","34. Hit and Run,1. No Improper Action","Not Provided,3. Unavailable/Not Applicable","4. No Test,4. No Test","9. Unknown,1. No Defects","Not Applicable,14. No Driver Distraction","6. Unknown,1. Had Not Been Drinking","3. Unknown,2. No","Not Provided,3. Totally Ejected","NotProvided,No","Yes,No","Not Provided,8. No Restraint Used","1. Not Obscured,1. Not Obscured",,,3,542023,LORETTA LN(L)/,0,1,"1.Divided, no control of access","22,20",1. On Roadway,"0,0",H,H.Urban Minor Arterial,Other City or Town Streets (not state maintained),Not GUARDRAIL,HIT_RUN,"3,12",1,3. Three Approaches,153365491,C,0,0,36.83982,36.83982,0,0.03,Not LRTRUCK,4. Darkness - Road Lighted,LOCATED,-75.99719,-75.99719,MAINLINE,MAIN,0,0,Grass/Unprotected,14,3,Divided Roadway,"22,20",Not MOTORCYCLE,542019,542019. 13408723      13408723      13408724,17300,19878,20062,19334,19644,4,1,0.15,SEC_URBAN,22,Female,B,2,3. Unavailable/Not Applicable,3. Totally Ejected,Yes,8. No Restraint Used,0,0,56,0,1,,0,0,,,,,,,,,Not PED,,1,0,Virginia Beach,134,5,NOT-RD,9. Within Intersection,0,2.75,2.82,1. Straight - Level,1. No Defects,"2. Two-Way, Divided, Unprotected Median",1. Dry,"2. Blacktop, Asphalt, Bituminous",100 N. BIRDNECK RD.,URB,UR,R-VA134UR08723NB,"Urbanized (Population 200,000 and over)",3. No,"0,0",11644,13955,14084,13573,13770,Not SENIOR,Left and Right sides,5,35,Not SPEED,35,542022,0,"Not Provided,2. No",0,"0,0",3PM TO 6PM,1,1,4. Stop Sign,1. Yes - Working,Not a Parkway - Trucks and Commercial Vehicles Allowed,"1,2","1. Passenger car,9. Bicycle",BICYCLE,"2. Making Right Turn,1. Going Straight Ahead",BICYCLE,,5,5.Hampton Roads,1. No Adverse Condition (Clear/Cloudy),Not Provided,2. No,Not Provided,Not YOUNG
,Not ALCIHOL,Urban,0,0,,,Not UNBELTED,47,Male,B,2,BIKE,,1,1,,2. Angle,"Not Provided,Not Provided","Not Provided,Not Provided",,,,9/5/2014,9/5/2014,20. Motor Vehicle In Transport,1800,B.Visiible Injury,2014,,0,1,Virginia Beach,Urban,20. Motor Vehicle In Transport,MAIN,3PM TO 6PM,134.Virginia Beach,,Not Intersection,Reset Filters,VDOT_OTHER,Friday,Not DEER,"North,West",,5,1,142505030,68,Female,"C,B","1,2","37. Other,1. No Improper Action","2. Not Deployed,3. Unavailable/Not Applicable","4. No Test,4. No Test","1. No Defects,1. No Defects","14. No Driver Distraction,14. No Driver Distraction","1. Had Not Been Drinking,1. Had Not Been Drinking","2. No,2. No","1. Not Ejected,Not Provided","No,Yes","No,No","3. Lap and Shoulder Belt,8. No Restraint Used","1. Not Obscured,1. Not Obscured",,,,,,,,,"20,20",1. On Roadway,"0,0",,,,Not GUARDRAIL,Not HIT_RUN,"12,9",1,2. Two Approaches,,C,0,0,36.85021,36.85021,,,Not LRTRUCK,2. Daylight,UNLOCATED,-76.16817,-76.16817,MAINLINE,,,,,,,,"20,20",Not MOTORCYCLE,,.,,,,,,,1,,SEC_URBAN,,,,,,,,,,,,0,2,,0,0,,,,,,,,,Not PED,,2,0,Virginia Beach,134,5,NOT-RD,9. Within Intersection,,,,1. Straight - Level,1. No Defects,"2. Two-Way, Divided, Unprotected Median",1. Dry,"2. Blacktop, Asphalt, Bituminous",299 TOY AVE,UNKWN,SC,U-VA134SC99999UK,,3. No,"0,0",,,,,,SENIOR,,"5,5","25,25",Not SPEED,"25,25",,,"1. Yes,2. No",,"0,0",3PM TO 6PM,1,1,4. Stop Sign,1. Yes - Working,,"1,2","1. Passenger car,9. Bicycle","HYUNDAI,BICYCLE","2. Making Right Turn,1. Going Straight Ahead","SONATA,UNK",2011,5,5.Hampton Roads,1. No Adverse Condition (Clear/Cloudy),Not Provided,2. No,Not Provided,Not YOUNG
No Access Control,Not ALCIHOL,Urban,1,1,"N/A, Unknown, or Unstabilized",SR-00169(R)/MALLORY STREET(L)/,Not UNBELTED,47,Female,A,2,BIKE,8.74,0,0,,2. Angle,"Not Provided,Not Provided","Not Provided,Not Provided",SR00351,8.74,3,9/6/2014,9/6/2014,22. Bicycle,930,A.Ambulatory Injury,2014,Left and Right sides,0,0,Hampton,Urban,22. Bicycle,MAIN,9AM TO 12PM,114.Hampton,0,Intersection,Reset Filters,VDOT_OTHER,Saturday,Not DEER,"West,North",,5,1,142515085,96,Female,"PDO,A","1,2","22. Disregarded Stop or Yield Sign,22. Disregarded Stop or Yield Sign","2. Not Deployed,3. Unavailable/Not Applicable","Not Applicable,Not Applicable","Not Applicable,1. No Defects","Not Applicable,Not Applicable","1. Had Not Been Drinking,1. Had Not Been Drinking","2. No,2. No","1. Not Ejected,3. Totally Ejected","No,Yes","No,No","3. Lap and Shoulder Belt,9. Not Applicable","1. Not Obscured,1. Not Obscured",,,9,719172,SECOND ST(B)/,0,0,"0.Two-way, non-divided","22,20",1. On Roadway,"0,0",H,H.Urban Minor Arterial,Urban Extensions - Primary Routes,Not GUARDRAIL,Not HIT_RUN,"11,2",1,4. Four Approaches,142515085,C,0,0,37.04146,37.04146,0,0.07,Not LRTRUCK,2. Daylight,LOCATED,-76.29411,-76.29411,MAINLINE,MAIN,0,0,0,0,0,Undivided Roadway,"22,20",Not MOTORCYCLE,253105,253105.  SR00169       SR00351       SR00351,7610,7442,6172,5952,6072,2,1,0,PRI_URBAN,,,,,,,,,0,0,40,0,1,,0,0,,,,,,,,,Not PED,,1,0,Hampton,114,5,NOT-RD,1. Main-Line Roadway,0,2,2.17,1. Straight - Level,1. No Defects,"2. Two-Way, Divided, Unprotected Median",1. Dry,"2. Blacktop, Asphalt, Bituminous",N MALLORY ST,STPRI,SR,R-VA   SR00351EB,"Urbanized (Population 200,000 and over)",3. No,"0,0",4407,4310,3397,3276,3342,SENIOR,Left and Right sides,"15,10","25,25",Not SPEED,"25,25",253105,0,"1. Yes,1. Yes",0,"0,0",9AM TO 12PM,1,1,4. Stop Sign,1. Yes - Working,Not a Parkway - Trucks and Commercial Vehicles Allowed,"1,2","1. Passenger car,9. Bicycle",HYUN,"1. Going Straight Ahead,1. Going Straight Ahead",SONATA,2013,5,5.Hampton Roads,1. No Adverse Condition (Clear/Cloudy),Not Provided,2. No,Not Provided,Not YOUNG
No Access Control,Not ALCIHOL,Urban,0,0,"N/A, Unknown, or Unstabilized",SR-00168(B)/,Not UNBELTED,14,Not Provided,B,2,BIKE,2.41,1,1,,13. Bicyclist,"Not Provided,Not Provided","Not Provided,Not Provided",SR00247,2.463,4,9/6/2014,9/6/2014,22. Bicycle,1945,B.Visiible Injury,2014,Left and Right sides,0,0,Norfolk,Urban,22. Bicycle,MAIN,6PM TO 9PM,122.Norfolk,280,Intersection,Reset Filters,VDOT_OTHER,Saturday,Not DEER,"South,East",,5,1,142610016,74,Male,"PDO,B","1,2","1. No Improper Action,1. No Improper Action","2. Not Deployed,Not Provided","4. No Test,4. No Test","1. No Defects,1. No Defects","Not Applicable,Not Applicable","1. Had Not Been Drinking,1. Had Not Been Drinking","2. No,2. No","1. Not Ejected,Not Provided","No,Yes","No,No","3. Lap and Shoulder Belt,Not Provided","1. Not Obscured,1. Not Obscured",,,3,483419,SR-00168(B)/,0.61,0,"0.Two-way, non-divided","22,20",1. On Roadway,"0,0",H,H.Urban Minor Arterial,Urban Extensions - Primary Routes,Not GUARDRAIL,Not HIT_RUN,"12,0",1,3. Three Approaches,142610016,C,0,0,36.87736,36.87736,0,0.61,Not LRTRUCK,3. Dusk,LOCATED,-76.2627,-76.2627,MAINLINE,MAIN,0,0,0,0,0,Undivided Roadway,"22,20",Not MOTORCYCLE,483419,483419.  SR00168       SR00168       SR00247       SR00247,50170,46601,47285,46016,50378,4,1,0.053,PRI_URBAN,,,,,,,,,0,226,54,0,1,,0,0,,,,,,,,,Not PED,,1,0,Norfolk,122,5,NOT-RD,9. Within Intersection,0,2.25,2.46,1. Straight - Level,1. No Defects,"1. Two-Way, Not Divided",1. Dry,"2. Blacktop, Asphalt, Bituminous",1900 LAFAYETTE BLVD,STPRI,SR,R-VA   SR00247EB,"Urbanized (Population 200,000 and over)",3. No,"0,0",19642,16665,16819,16208,16536,SENIOR,Left and Right sides,10,"25,0",Not SPEED,"25,0",483419,0,"2. No,2. No",0,"0,0",6PM TO 9PM,1,1,4. Stop Sign,6. No Traffic Control Device Present,Not a Parkway - Trucks and Commercial Vehicles Allowed,"1,2","22. Truck - Sport Utility Vehicle (SUV),9. Bicycle","DODGE,MONGOOSE","3. Making Left Turn,1. Going Straight Ahead","CALIBER,FBNA 180",2012,5,5.Hampton Roads,1. No Adverse Condition (Clear/Cloudy),Not Provided,2. No,Not Provided,Not YOUNG
No Access Control,Not ALCIHOL,Urban,0,0,Bituminous Concrete (Black Base),122-08641(B)/(8641-AZALEA AVE/8607-VILLAGE AV,Not UNBELTED,27,Male,C,2,BIKE,0.5,0,0,,2. Angle,"Not Provided,Not Provided","Not Provided,Not Provided",12208607,0.5,4,11/30/2015,11/30/2015,22. Bicycle,1735,C.Non-Visible Injury,2015,Left and Right sides,1,1,Norfolk,Urban,22. Bicycle,MAIN,3PM TO 6PM,122.Norfolk,0,Intersection,Reset Filters,VDOT_OTHER,Monday,Not DEER,"West,East",,5,1,160130075,45,Male,"PDO,C","1,2","1. No Improper Action,1. No Improper Action","2. Not Deployed,3. Unavailable/Not Applicable","Not Applicable,Not Applicable","1. No Defects,1. No Defects","Not Applicable,Not Applicable","1. Had Not Been Drinking,1. Had Not Been Drinking","2. No,2. No","1. Not Ejected,3. Totally Ejected","NotProvided,Yes","No,No","3. Lap and Shoulder Belt,9. Not Applicable","2. Rain, Snow, etc. on Windshield,1. Not Obscured",,,1,485460,PINERIDGE ROAD(R)/,0,0,"0.Two-way, non-divided","22,20",1. On Roadway,"0,0",I,I.Urban Collector,Other City or Town Streets (not state maintained),Not GUARDRAIL,Not HIT_RUN,"12,12",1,4. Four Approaches,160130075,C,0,0,36.8617,36.8617,0,0.26,Not LRTRUCK,4. Darkness - Road Lighted,LOCATED,-76.23401,-76.23401,MAINLINE,MAIN,0,0,0,0,0,Undivided Roadway,"22,20",Not MOTORCYCLE,485461,485461. 12208607      12208607      12208641      12208641,13966,13117,13238,12757,12740,2,1,0,SEC_URBAN,,,,,,,,,0,0,36,0,1,,0,0,,,,,,,,,Not PED,,1,0,Norfolk,122,5,NOT-RD,9. Within Intersection,0,0.5,0.5,1. Straight - Level,1. No Defects,"1. Two-Way, Not Divided",2. Wet,"2. Blacktop, Asphalt, Bituminous",3800 BLK VILLAGE AVE,URB,UR,R-VA122UR08607EB,"Urbanized (Population 200,000 and over)",3. No,"0,0",3818,3820,3855,3715,3458,Not SENIOR,None,"15,3","30,30",Not SPEED,"30,30",485461,0,"2. No,2. No",0,"0,0",3PM TO 6PM,1,1,3. Traffic Signal,1. Yes - Working,Not a Parkway - Trucks and Commercial Vehicles Allowed,"1,2","1. Passenger car,9. Bicycle","MERCURY,FUJI","3. Making Left Turn,1. Going Straight Ahead","SABLE,BICYCLE",2002,5,5.Hampton Roads,5. Rain,Not Provided,2. No,Not Provided,Not YOUNG
No Access Control,Not ALCIHOL,Urban,0,0,"N/A, Unknown, or Unstabilized",HIDDEN VALLEY DRIVE(R)/,Not UNBELTED,21,Male,PDO,1,BIKE,0.75,0,0,,5. Sideswipe - Opposite Direction,"Not Provided,Not Provided","Not Provided,Not Provided",13408661,0.79,4,12/1/2015,12/1/2015,22. Bicycle,2225,PDO.Property Damage Only,2015,None,0,0,Virginia Beach,Urban,22. Bicycle,MAIN,9PM TO 12AM,134.Virginia Beach,"1,901",Intersection,Reset Filters,VDOT_OTHER,Tuesday,Not DEER,"North,South",,5,1,153375202,38,Male,"PDO,PDO","1,2","10. Wrong Side Of Road - Not Overtaking,1. No Improper Action","3. Unavailable/Not Applicable,1. Deployed - Front","Not Applicable,Not Applicable","1. No Defects,1. No Defects","14. No Driver Distraction,14. No Driver Distraction","1. Had Not Been Drinking,1. Had Not Been Drinking","2. No,2. No","1. Not Ejected,1. Not Ejected","No,No","No,No","8. No Restraint Used,3. Lap and Shoulder Belt","1. Not Obscured,1. Not Obscured",,,1,541415,OLD RIDGE ROAD(R)/,0,0,"0.Two-way, non-divided","20,22",1. On Roadway,"0,0",H,H.Urban Minor Arterial,Other City or Town Streets (not state maintained),Not GUARDRAIL,Not HIT_RUN,"1,2",0,1. Not at Intersection,153375202,C,0,0,36.77546,36.77546,5,0.17,Not LRTRUCK,4. Darkness - Road Lighted,LOCATED,-76.19056,-76.19056,MAINLINE,MAIN,0,0,0,0,0,Undivided Roadway,"20,14",Not MOTORCYCLE,541168,541168.  SR00190       SR00190      13408661      13408661,52357,50128,50590,48754,47427,2,1,0.36,SEC_URBAN,,,,,,,,,0,0,20,1,0,,0,0,,,,,,,,,Not PED,,0,0,Virginia Beach,134,5,RD-UNKNOWN,8. Non-Intersection,5,0.75,0.75,1. Straight - Level,1. No Defects,"1. Two-Way, Not Divided",1. Dry,"2. Blacktop, Asphalt, Bituminous",2000 BLK. CENTERVILLE TURNPIKE,URB,UR,R-VA134UR08661SB,"Urbanized (Population 200,000 and over)",3. No,"0,14",18787,18527,18698,18019,17399,Not SENIOR,None,"5,40","20,45",Not SPEED,"45,45",541414,0,"1. Yes,2. No",0,"0,0",9PM TO 12AM,1,1,6. Traffic Lanes Marked,1. Yes - Working,Not a Parkway - Trucks and Commercial Vehicles Allowed,"1,2","9. Bicycle,1. Passenger car","UNK,HONDA","1. Going Straight Ahead,1. Going Straight Ahead","BICYCLE,ACCORD",2006,5,5.Hampton Roads,3. Fog,Not Provided,2. No,Not Provided,Not YOUNG
No Access Control,Not ALCIHOL,Urban,0,0,Bituminous Concrete (Black Base),122-08576(B)/PRINCESS ANNE RD,Not UNBELTED,81,Male,B,1,BIKE,1.08,1,1,,13. Bicyclist,"Not Provided,Not Provided","Not Provided,Not Provided",12208575,1.106,4,9/8/2014,9/8/2014,20. Motor Vehicle In Transport,1830,B.Visiible Injury,2014,Left and Right sides,0,0,Norfolk,Urban,20. Motor Vehicle In Transport,MAIN,6PM TO 9PM,122.Norfolk,137,Intersection,Reset Filters,VDOT_OTHER,Monday,Not DEER,"South,North",,5,1,142670006,49,Male,"B,PDO","1,2","10. Wrong Side Of Road - Not Overtaking,Not Applicable","Not Provided,2. Not Deployed","Not Applicable,Not Applicable","1. No Defects,1. No Defects","Not Applicable,Not Applicable","Not Applicable,Not Applicable","Not Applicable,Not Applicable","Not Provided,1. Not Ejected","Yes,No","No,No","8. No Restraint Used,3. Lap and Shoulder Belt","1. Not Obscured,1. Not Obscured",,,1,485318,GOFF STREET(B)/,0,1,"1.Divided, no control of access","20,20",1. On Roadway,"0,0",H,H.Urban Minor Arterial,Other City or Town Streets (not state maintained),Not GUARDRAIL,Not HIT_RUN,"10,12",1,4. Four Approaches,142670006,C,0,0,36.85823,36.85823,0,0.09,Not LRTRUCK,2. Daylight,LOCATED,-76.27823,-76.27823,MAINLINE,MAIN,0,0,Curbed Grass,24,16,Divided Roadway,"20,20",Not MOTORCYCLE,485317,485317. 12208575      12208575      12208576      12208576,30226,26765,27012,26032,27016,4,1,0.026,SEC_URBAN,,,,,,,,,0,0,52,0,1,,0,0,,,,,,,,,Not PED,,1,0,Norfolk,122,5,NOT-RD,9. Within Intersection,0,1,1.11,1. Straight - Level,1. No Defects,"3. Two-Way, Divided, Positive Median Barrier",2. Wet,"2. Blacktop, Asphalt, Bituminous",1100 CHURCH ST,URB,UR,R-VA122UR08575NB,"Urbanized (Population 200,000 and over)",3. No,"0,0",19191,17740,17904,17254,19771,SENIOR,Left and Right sides,,"25,25",Not SPEED,"25,25",485317,0,"1. Yes,2. No",0,"0,0",6PM TO 9PM,1,1,3. Traffic Signal,1. Yes - Working,Not a Parkway - Trucks and Commercial Vehicles Allowed,"1,2","9. Bicycle,1. Passenger car",DODGE,"1. Going Straight Ahead,2. Making Right Turn",INTREPID,2000,5,5.Hampton Roads,5. Rain,Not Provided,2. No,Not Provided,Not YOUNG
No Access Control,Not ALCIHOL,Urban,1,1,"N/A, Unknown, or Unstabilized",122-08576(B)/PR ANNE RD,Not UNBELTED,36,Female,A,1,BIKE,29.65,0,0,,13. Bicyclist,"Not Provided,Not Provided","Not Provided,Not Provided",SR00337,29.651,4,9/10/2014,9/10/2014,22. Bicycle,550,A.Ambulatory Injury,2014,Left and Right sides,0,0,Norfolk,Urban,22. Bicycle,MAIN,3AM TO 6AM,122.Norfolk,5,Intersection,Reset Filters,VDOT_OTHER,Wednesday,Not DEER,"East,South",DISTRACTED,5,1,150420000,60,Male,"A,PDO","1,2","21. Disregarded Traffic Signal,1. No Improper Action","3. Unavailable/Not Applicable,1. Deployed - Front","Not Applicable,Not Applicable","1. No Defects,1. No Defects","3. Looking at Scenery,Not Applicable","Not Applicable,Not Applicable","2. No,2. No","3. Totally Ejected,1. Not Ejected","Yes,No","No,No","9. Not Applicable,3. Lap and Shoulder Belt","1. Not Obscured,1. Not Obscured",,,30,483660,122-08576(B)/PR ANNE RD,0.28,0,"0.Two-way, non-divided","20,22",1. On Roadway,"0,0",E,E.Urban Other Principle Arterials; Connecting Links of Other Rural Principal Arterial,Urban Extensions - Primary Routes,Not GUARDRAIL,Not HIT_RUN,"8,12",1,4. Four Approaches,150420000,C,0,0,36.86641,36.86641,0,0.28,Not LRTRUCK,1. Dawn,LOCATED,-76.30057,-76.30057,MAINLINE,MAIN,0,0,0,0,0,Undivided Roadway,"20,22",Not MOTORCYCLE,483660,483660.  SR00337       SR00337      12208576      12208576,31619,33978,33270,31393,33577,4,1,0.001,PRI_URBAN,,,,,,,,,0,303,44,0,1,,0,0,,,,,,,,,Not PED,,1,0,Norfolk,122,5,NOT-RD,1. Main-Line Roadway,0,29.5,29.65,1. Straight - Level,1. No Defects,"1. Two-Way, Not Divided",1. Dry,"2. Blacktop, Asphalt, Bituminous",1100 HAMPTON BLVD,STPRI,SR,R-VA   SR00337WB,"Urbanized (Population 200,000 and over)",3. No,"0,0",28212,30413,29672,27926,30314,Not SENIOR,Left and Right sides,"5,35","35,35",Not SPEED,"35,35",483660,0,"1. Yes,2. No",0,"0,0",3AM TO 6AM,1,1,3. Traffic Signal,1. Yes - Working,Not a Parkway - Trucks and Commercial Vehicles Allowed,"1,2","9. Bicycle,1. Passenger car","HUFFY,HYUNDAI","1. Going Straight Ahead,1. Going Straight Ahead","NELLUSSO,ELANTRA",1999,5,5.Hampton Roads,1. No Adverse Condition (Clear/Cloudy),Not Provided,2. No,Not Provided,Not YOUNG
No Access Control,Not ALCIHOL,Urban,1,1,"N/A, Unknown, or Unstabilized",LLOYD DRIVE(B)/,Not UNBELTED,24,Not Provided,A,2,BIKE,0.82,0,1,,3. Head On,"Not Provided,Not Provided","Not Provided,Not Provided",13108640,0.822,4,9/11/2014,9/11/2014,20. Motor Vehicle In Transport,1909,A.Ambulatory Injury,2014,Left and Right sides,0,0,Chesapeake,Urban,20. Motor Vehicle In Transport,MAIN,6PM TO 9PM,131.Chesapeake,"1,204",Intersection,Reset Filters,VDOT_OTHER,Thursday,Not DEER,"South,West",,5,1,142545309,32,Male,"PDO,A","1,2","11. Did Not Have Right-of-Way,1. No Improper Action","2. Not Deployed,2. Not Deployed","4. No Test,4. No Test","1. No Defects,1. No Defects","14. No Driver Distraction,14. No Driver Distraction","1. Had Not Been Drinking,1. Had Not Been Drinking","2. No,2. No","1. Not Ejected,1. Not Ejected","No,Yes","No,No","3. Lap and Shoulder Belt,8. No Restraint Used","11. Moving Vehicle(s),1. Not Obscured",,,1,484695,131-08635(L)/131-08665(R)/PROVIDENCE RD,0,1,"1.Divided, no control of access","22,20",1. On Roadway,"0,0",H,H.Urban Minor Arterial,Other City or Town Streets (not state maintained),Not GUARDRAIL,Not HIT_RUN,"12,12",1,4. Four Approaches,142545309,C,0,0,36.80014,36.80014,0,0.23,Not LRTRUCK,2. Daylight,LOCATED,-76.24718,-76.24718,MAINLINE,MAIN,0,0,Curbed Grass,16,4,Divided Roadway,"22,20",Not MOTORCYCLE,484695,484695. 13108635      13108640      13108640      13108665,19954,19512,19623,17935,18292,4,1,0.228,SEC_URBAN,,,,,,,,,0,0,50,0,2,24,1,0,Male,B,2,1. Crossing At Intersection With Signal,4. No Test,1. No Defects,1. Had Not Been Drinking,2. No,PED,2. No,2,0,Chesapeake,131,5,NOT-RD,9. Within Intersection,0,0.75,0.82,1. Straight - Level,1. No Defects,"3. Two-Way, Divided, Positive Median Barrier",1. Dry,1. Concrete,PROVIDENCE RD,URB,UR,R-VA131UR08640EB,"Urbanized (Population 200,000 and over)",3. No,"0,0",15117,14782,14866,13640,13911,Not SENIOR,Left and Right sides,"2,5","40,40",Not SPEED,"40,40",484703,0,"2. No,2. No",0,"0,0",6PM TO 9PM,1,1,4. Stop Sign,1. Yes - Working,Not a Parkway - Trucks and Commercial Vehicles Allowed,"1,2","1. Passenger car,9. Bicycle",Toyota,"2. Making Right Turn,1. Going Straight Ahead",Camry,2009,5,5.Hampton Roads,1. No Adverse Condition (Clear/Cloudy),Not Provided,2. No,Not Provided,Not YOUNG