Access Control,Alcohol Notalcohol,Area Type1,A Crash,A People,Basetypedesc,Begin Node Dsc,Belted Unbelted,Bikeage,Bikegen,Bikeinjurytype,Bikevehiclenumber,Bike Nonbike,BMP,B Crash,B People,Carspeedlimit,Collision Type,Comm Cargo Body Type Cd,Comm Vehicle Body Type Cd,Cotedrouteid,Coted Mp,Count App,CRASH_DT (copy),Crash Dt,Crash Event Type Dsc,Crash Military Tm,Crash Severity,Crash Year,Curbgutterdesc,C Crash,C People,Juris Name Used,Area Type Used,First Harmful Event of Entire Crash,MAINLINE,Time Slicing Used,Phy_Juris_Nm,Offset-Ft,Intersection Analysis,Clear,Calculation_9640323132123359,Day Of Week,Deer Nodeer,Direction Of Travel Cd,Distracted Notdistracted,VSP,TOTAL CRASH,Document Nbr,Driverage,Drivergen,Driverinjurytype,Drivervehiclenumber,Driver Action Type Cd,Driver Airbag Deployment,Driver Alcohol Test Type Cd,Driver Condition Type Cd,Driver Distraction Type Cd,Driver Drinking Type Cd,Driver Drug Use Cd,Driver Ejected From Vehicle,Driver Ems Transport Ind,Driver Fled Scene Ind,Driver Safety Equip Used,Driver Vis Obscured Type Cd,Drowsy Notdrowsy,Drug Nodrug,EMP,End Node,End Node Dsc,End Offset,Facility,FAC,First Crash Event Cd,First Harmful Event,Fourth Crash Event Cd,Functionalclass,FUN,Govcondesc,Gr Nogr,Hitrun Not Hitrun,Initial Veh Impact Area Cd,Injury Crashes,Intersection Type,Int Doc,Jurtype,K_CRASH,K People,LAT (copy),LAT,Leftshoulderwidth,Length,Lgtruck Nonlgtruck,Light Condition,Located Unlocated,LON (copy),LON,MAINLINE (group),Mainline Yn,Medianleftshoulderwidth,Medianrightshoulderwidth,Mediantypedesc,Medianwidthmax,Medianwidthmin,Median Type,Most Harmful Crash Event Cd,Motor Nonmotor,Node,Node Info,Node Totaadt2011,Node Totaadt2012,Node Totaadt2013,Node Totaadt2014,Node Totaadt2015,Numberoflane,Number of Records,Offset,Ownership,Passage,Passgen,Passinjurytype,Passvehiclenumber,Pass Airbag Deployment,Pass Ejected From Vehicle,Pass Ems Transport Ind,Pass Safety Equip Used,Pavementconditionvalue,Pavementroughnessvalue,Pavementwidth,Pdo Crash,Total People Killed & Injured,Pedage,Pedestrians Injured,Pedestrians Killed,Pedgen,Pedinjurytype,Pednumber,Ped Action,Ped Al Test,Ped Cond,Ped Drink,Ped Drug,Ped Nonped,Ped Rflct,Persons Injured,Persons Killed,Physical Juris Nm,PJR,VSP_Used,Rd Type,Relation To Roadway,Rightshoulderwidth,RNS_MP (0.25 mi bin),Rns Mp,Roadway Alignment,Roadway Defect,Roadway Description,Roadway Surface Cond,Roadway Surface Type,Route Or Street Nm,Rte Category Cd,Rte Cat,Rte Nm,Ruralurbandesc,School Zone,Second Crash Event Cd,Segtotaadt2011,Segtotaadt2012,Segtotaadt2013,Segtotaadt2014,Segtotaadt2015,Senior Notsenior,Sidewalkdesc,Speed Before,Speed Max Safe,Speed Notspeed,Speed Posted,Start Node,Start Offset,Summons Issued Cd,Surfacedesc,Third Crash Event Cd,Time Slicing,Total Crashes including Property Damage Only,Total Crash,Traffic Control Type,Trfc Ctrl Status Type,Truckcommr,Vehiclenumber,Vehicle Body Type Cd,Vehicle Make Nm,Vehicle Maneuver Type Cd,Vehicle Model Nm,Vehicle Year Nbr,District,District_Used ,Weather Condition,Work Zone Location,Work Zone Related,Work Zone Type,Young Notyoung
No Access Control,Not ALCIHOL,Urban,0,0,"N/A, Unknown, or Unstabilized",JOHNSON ST(L)/,Not UNBELTED,27,Male,B,1,BIKE,1.94,1,1,,8. Non-Collision,"Not Provided,Not Provided","Not Provided,Not Provided",13408711,1.981,3,12/6/2015,12/6/2015,41. Non-Collision Unknown,1430,B.Visiible Injury,2015,Left and Right sides,0,0,Virginia Beach,Urban,41. Non-Collision Unknown,MAIN,12PM TO 3PM,134.Virginia Beach,364,Intersection,Reset Filters,VDOT_OTHER,Sunday,Not DEER,"West,West",DISTRACTED,5,1,153455321,,Not Provided,"B,PDO","1,2","1. No Improper Action,9. Other Improper Passing","3. Unavailable/Not Applicable,Not Provided","4. No Test,Not Applicable","1. No Defects,9. Unknown","14. No Driver Distraction,11. Other","1. Had Not Been Drinking,6. Unknown","2. No,3. Unknown","1. Not Ejected,Not Provided","No,NotProvided","Yes,Yes","8. No Restraint Used,Not Provided","1. Not Obscured,13. Other",,,2,541838,134-08733(R)/(8711-LYNNHAVEN RD/8733-PLAZA TR,0,0,"0.Two-way, non-divided","13,41",1. On Roadway,"0,0",I,I.Urban Collector,Other City or Town Streets (not state maintained),Not GUARDRAIL,HIT_RUN,"0,0",1,1. Not at Intersection,153455321,C,0,0,36.85504,36.85504,0,0.11,Not LRTRUCK,2. Daylight,LOCATED,-76.08867,-76.08867,MAINLINE,MAIN,0,0,0,0,0,Undivided Roadway,"13,41",Not MOTORCYCLE,541838,541838. 13408711      13408711      13408733,16508,15367,15509,14946,14746,4,1,0.069,SEC_URBAN,,,,,,,,,0,0,52,0,1,,0,0,,,,,,,,,Not PED,,1,0,Virginia Beach,134,5,RD-UNKNOWN,1. Main-Line Roadway,0,1.75,1.98,1. Straight - Level,1. No Defects,"1. Two-Way, Not Divided",1. Dry,"2. Blacktop, Asphalt, Bituminous",653 North Lynnhaven Road,URB,UR,R-VA134UR08711NB,"Urbanized (Population 200,000 and over)",3. No,"0,0",3861,3144,3173,3058,2614,Not SENIOR,Left and Right sides,"10,35","35,35",Not SPEED,"35,35",541837,0,"2. No,Not Provided",0,"0,0",12PM TO 3PM,1,1,6. Traffic Lanes Marked,1. Yes - Working,Not a Parkway - Trucks and Commercial Vehicles Allowed,"1,2","9. Bicycle,22. Truck - Sport Utility Vehicle (SUV)",,"1. Going Straight Ahead,1. Going Straight Ahead",BICYCLE,,5,5.Hampton Roads,1. No Adverse Condition (Clear/Cloudy),Not Provided,2. No,Not Provided,Not YOUNG
No Access Control,Not ALCIHOL,Urban,0,0,Dual Type,ALGONQUIN RD(B)/,Not UNBELTED,,0,C,1,BIKE,4.62,0,0,,2. Angle,"Not Provided,Not Provided","Not Provided,Not Provided",SR00143,5.092,4,5/3/2013,5/3/2013,20. Motor Vehicle In Transport,1640,C.Non-Visible Injury,2013,Left and Right sides,1,1,Hampton,Urban,20. Motor Vehicle In Transport,MAIN,3PM TO 6PM,114.Hampton,"2,365",Intersection,Reset Filters,VDOT_OTHER,Friday,Not DEER,"East,South",,5,1,132600020,42,Male,"C,PDO","1,2","10. Wrong Side Of Road - Not Overtaking,1. No Improper Action","3. Unavailable/Not Applicable,2. Not Deployed","Not Applicable,Not Applicable","1. No Defects,1. No Defects","Not Applicable,Not Applicable","1. Had Not Been Drinking,1. Had Not Been Drinking","2. No,2. No","1. Not Ejected,1. Not Ejected","Yes,No","No,No","9. Not Applicable,3. Lap and Shoulder Belt","1. Not Obscured,1. Not Obscured",,,6,253047,114-07059(B)/POWHATAN PKWY,0,1,"1.Divided, no control of access","20,22",1. On Roadway,"0,0",I,I.Urban Collector,Urban Extensions - Primary Routes,Not GUARDRAIL,Not HIT_RUN,"11,1",1,2. Two Approaches,132600020,C,0,0,37.01007533,37.01007533,0,0.92,Not LRTRUCK,2. Daylight,LOCATED,-76.37273618,-76.37273618,MAINLINE,MAIN,0,0,Curbed (solid raised),3,3,Divided Roadway,"20,22",Not MOTORCYCLE,253047,253047.  SR00143       SR00143      11407059      11407059,13510,13211,12366,11925,12167,4,1,0.448,PRI_URBAN,,,,,,,,,0,138,70,0,1,,0,0,,,,,,,,,Not PED,,1,0,Hampton,114,5,NOT-RD,9. Within Intersection,0,5,5.09,1. Straight - Level,1. No Defects,"3. Two-Way, Divided, Positive Median Barrier",1. Dry,"2. Blacktop, Asphalt, Bituminous",VICTORIA BLVD,STPRI,SR,R-VA   SR00143NB,"Urbanized (Population 200,000 and over)",3. No,"0,0",6351,6210,5798,5591,5705,Not SENIOR,Left and Right sides,"5,5","40,25",Not SPEED,"40,25",253046,0,"1. Yes,2. No",0,"0,0",3PM TO 6PM,1,1,4. Stop Sign,1. Yes - Working,Not a Parkway - Trucks and Commercial Vehicles Allowed,"1,2","9. Bicycle,1. Passenger car","HUFFY,HONDA","1. Going Straight Ahead,2. Making Right Turn","BICYCLE,CIVIC",2001,5,5.Hampton Roads,1. No Adverse Condition (Clear/Cloudy),Not Provided,2. No,Not Provided,Not YOUNG
No Access Control,Not ALCIHOL,Urban,0,0,"Stabilized with Selected Material (Soil,Gravel,Stone,etc.)",133-01313(B)/,Not UNBELTED,12,Female,B,2,BIKE,0.18,1,1,,2. Angle,"Not Provided,Not Provided","Not Provided,Not Provided",13301303,0.18,4,5/3/2013,5/3/2013,22. Bicycle,1655,B.Visiible Injury,2013,None,0,0,Suffolk,Urban,22. Bicycle,MAIN,3PM TO 6PM,133.Suffolk,0,Intersection,Reset Filters,VDOT_OTHER,Friday,Not DEER,"Not Provided,Not Provided",,5,1,131565049,23,0,"PDO,B","1,2","34. Hit and Run,1. No Improper Action","2. Not Deployed,3. Unavailable/Not Applicable","4. No Test,4. No Test","Not Applicable,Not Applicable","Not Applicable,Not Applicable","1. Had Not Been Drinking,1. Had Not Been Drinking","2. No,2. No","1. Not Ejected,2. Partially Ejected","No,No","Yes,No","3. Lap and Shoulder Belt,9. Not Applicable","1. Not Obscured,1. Not Obscured",,,0,468608,133-01314(B)/,0,0,"0.Two-way, non-divided","22,22",1. On Roadway,"0,0",J,J.Urban Local,Other City or Town Streets (not state maintained),Not GUARDRAIL,HIT_RUN,"0,0",1,4. Four Approaches,131565049,C,0,0,36.72774,36.72774,2,0.05,Not LRTRUCK,2. Daylight,LOCATED,-76.562462,-76.562462,MAINLINE,MAIN,0,0,0,0,0,Undivided Roadway,"22,22",Not MOTORCYCLE,468607,468607. 13301303      13301303      13301313      13301313,735,735,735,735,735,2,1,0,SEC_URBAN,,,,,,,,,0,0,0,0,1,,0,0,,,,,,,,,Not PED,,1,0,Suffolk,133,5,NOT-RD,1. Main-Line Roadway,2,0,0.18,1. Straight - Level,1. No Defects,"1. Two-Way, Not Divided",1. Dry,"2. Blacktop, Asphalt, Bituminous",FREENEY AVE,URB,UR,R-VA133UR01303EB,"Urbanized (Population 200,000 and over)",3. No,"0,0",498,498,498,498,498,Not SENIOR,None,"25,7","25,25",Not SPEED,"25,25",468607,0,"1. Yes,Not Provided",0,"0,0",3PM TO 6PM,1,1,4. Stop Sign,1. Yes - Working,Not a Parkway - Trucks and Commercial Vehicles Allowed,"1,2","1. Passenger car,9. Bicycle",FORD,"1. Going Straight Ahead,1. Going Straight Ahead",TAURUS,1998,5,5.Hampton Roads,1. No Adverse Condition (Clear/Cloudy),Not Provided,2. No,Not Provided,Not YOUNG
,Not ALCIHOL,Urban,0,0,,,Not UNBELTED,15,Female,B,2,BIKE,,1,1,,2. Angle,"Not Provided,Not Provided","Not Provided,Not Provided",,,,5/3/2013,5/3/2013,22. Bicycle,1559,B.Visiible Injury,2013,,0,0,Virginia Beach,Urban,22. Bicycle,MAIN,3PM TO 6PM,134.Virginia Beach,,Not Intersection,Reset Filters,VDOT_OTHER,Friday,Not DEER,"East,Not Provided",DISTRACTED,5,1,131285174,66,0,"PDO,B","1,2","1. No Improper Action,37. Other","2. Not Deployed,3. Unavailable/Not Applicable","4. No Test,Not Applicable","1. No Defects,1. No Defects","14. No Driver Distraction,11. Other","1. Had Not Been Drinking,Not Applicable","Not Applicable,Not Applicable","1. Not Ejected,3. Totally Ejected","NotProvided,Yes","No,No","3. Lap and Shoulder Belt,6. Other","1. Not Obscured,13. Other",,,,,,,,,"22,20",1. On Roadway,"0,0",,,,Not GUARDRAIL,Not HIT_RUN,"12,0",1,1. Not at Intersection,,C,0,0,36.852261,36.852261,,,Not LRTRUCK,2. Daylight,UNLOCATED,-75.992741,-75.992741,MAINLINE,,,,,,,,"22,20",Not MOTORCYCLE,,.,,,,,,,1,,SEC_URBAN,,,,,,,,,,,,0,1,,0,0,,,,,,,,,Not PED,,1,0,Virginia Beach,134,5,NOT-RD,8. Non-Intersection,,,,1. Straight - Level,1. No Defects,"1. Two-Way, Not Divided",1. Dry,"2. Blacktop, Asphalt, Bituminous",1000 24TH ST,UNKWN,SC,U-VA134SC99999UK,,3. No,"0,0",,,,,,SENIOR,,"15,5","25,25",Not SPEED,"25,25",,,"2. No,1. Yes",,"0,0",3PM TO 6PM,1,1,6. Traffic Lanes Marked,6. No Traffic Control Device Present,,"1,2","1. Passenger car,9. Bicycle",HYUNDAI,"1. Going Straight Ahead,15. Other","ELANTRA,BICYCLE",2002,5,5.Hampton Roads,1. No Adverse Condition (Clear/Cloudy),Not Provided,2. No,Not Provided,YOUNG
No Access Control,Not ALCIHOL,Rural,1,1,"Stabilized with Selected Material (Soil,Gravel,Stone,etc.)",65-01122(R)/,Not UNBELTED,54,Male,A,2,BIKE,4.41,0,0,55,1. Rear End,"Not Provided,Not Provided","Not Provided,Not Provided",SR00183,4.656,3,5/4/2013,5/4/2013,20. Motor Vehicle In Transport,1115,A.Ambulatory Injury,2013,None,0,0,Northampton,Rural,20. Motor Vehicle In Transport,MAIN,9AM TO 12PM,65.Northampton,"1,299",Intersection,Reset Filters,VDOT_OTHER,Saturday,Not DEER,"East,East",,5,1,131275267,91,0,"PDO,A","1,2","34. Hit and Run,1. No Improper Action","2. Not Deployed,3. Unavailable/Not Applicable","Not Applicable,Not Applicable","9. Unknown,1. No Defects","14. No Driver Distraction,14. No Driver Distraction","1. Had Not Been Drinking,1. Had Not Been Drinking","Not Applicable,Not Applicable","1. Not Ejected,3. Totally Ejected","No,Yes","Yes,No","6. Other,9. Not Applicable","1. Not Obscured,1. Not Obscured",,,5,488240,65-00654(L)/,0,0,"0.Two-way, non-divided","22,20",1. On Roadway,"0,0",4,4.Rural Major Collector,State Primary and Interstate,Not GUARDRAIL,HIT_RUN,"12,6",1,1. Not at Intersection,131275267,N,0,0,37.536083,37.536083,3,0.95,Not LRTRUCK,2. Daylight,LOCATED,-75.865217,-75.865217,MAINLINE,MAIN,0,0,0,0,0,Undivided Roadway,"22,20",Not MOTORCYCLE,727612,727612.  6501122       SR00183       SR00183,1926,1942,1581,1594,1607,2,1,0.246,VDOT_PRI,,,,,,,,,0,109,20,0,1,,0,0,,,,,,,,,Not PED,,1,0,Northampton,65,5,NOT-RD,8. Non-Intersection,3,4.25,4.41,1. Straight - Level,1. No Defects,"1. Two-Way, Not Divided",1. Dry,"2. Blacktop, Asphalt, Bituminous",RT 183,STPRI,SR,R-VA   SR00183EB,Rural,3. No,"0,14",1750,1766,1413,1426,1439,SENIOR,None,"20,2","2,2",Not SPEED,"55,55",727612,0,"1. Yes,2. No",0,"0,0",9AM TO 12PM,1,1,6. Traffic Lanes Marked,1. Yes - Working,Not a Parkway - Trucks and Commercial Vehicles Allowed,"1,2","2. Truck - Pick-up/Passenger Truck,9. Bicycle","CHEVROLET,HUFFY","1. Going Straight Ahead,1. Going Straight Ahead","C/K 2500,BICYCLE",1998,5,5.Hampton Roads,1. No Adverse Condition (Clear/Cloudy),Not Provided,2. No,Not Provided,Not YOUNG
,Not ALCIHOL,Urban,0,0,,,Not UNBELTED,12,Male,B,1,BIKE,,1,1,,3. Head On,"Not Provided,Not Provided","Not Provided,Not Provided",,,,9/13/2014,9/13/2014,20. Motor Vehicle In Transport,1234,B.Visiible Injury,2014,,0,0,Chesapeake,Urban,20. Motor Vehicle In Transport,MAIN,12PM TO 3PM,131.Chesapeake,,Not Intersection,Reset Filters,VDOT_OTHER,Saturday,Not DEER,"West,East",DISTRACTED,5,1,142575082,60,Female,"B,PDO","1,2","31. Avoiding Other Vehicle,1. No Improper Action","3. Unavailable/Not Applicable,2. Not Deployed","Not Applicable,Not Applicable","2. Eyesight Defective,1. No Defects","11. Other,14. No Driver Distraction","Not Applicable,Not Applicable","Not Applicable,Not Applicable","1. Not Ejected,1. Not Ejected","Yes,NotProvided","No,No","8. No Restraint Used,3. Lap and Shoulder Belt","13. Other,1. Not Obscured",,,,,,,,,"20,20",1. On Roadway,"0,0",,,,Not GUARDRAIL,Not HIT_RUN,"12,12",1,1. Not at Intersection,,C,0,0,36.78581,36.78581,,,Not LRTRUCK,2. Daylight,UNLOCATED,-76.34903,-76.34903,MAINLINE,,,,,,,,"20,20",Not MOTORCYCLE,,.,,,,,,,1,,SEC_URBAN,,,,,,,,,,,,0,1,,0,0,,,,,,,,,Not PED,,1,0,Chesapeake,131,5,RD-UNKNOWN,8. Non-Intersection,,,,1. Straight - Level,1. No Defects,"1. Two-Way, Not Divided",1. Dry,"2. Blacktop, Asphalt, Bituminous",KNIGHT RD,UNKWN,SC,U-VA131SC99999UK,,3. No,"0,0",,,,,,Not SENIOR,,"2,15","25,25",Not SPEED,"25,25",,,"Not Provided,Not Provided",,"0,0",12PM TO 3PM,1,1,1. No Traffic Control,6. No Traffic Control Device Present,,"1,2","9. Bicycle,1. Passenger car","BICYCLE,Mercury","1. Going Straight Ahead,1. Going Straight Ahead","UKNOWN,MONTEGO",20132006,5,5.Hampton Roads,1. No Adverse Condition (Clear/Cloudy),Not Provided,2. No,Not Provided,Not YOUNG
No Access Control,Not ALCIHOL,Urban,0,0,Bituminous Concrete (Black Base),134-08638(B)/WESLEYAN DR,Not UNBELTED,15,0,B,1,BIKE,0.44,1,1,,2. Angle,"Not Provided,Not Provided","Not Provided,Not Provided",13400008,0.448,4,5/6/2013,5/6/2013,20. Motor Vehicle In Transport,1605,B.Visiible Injury,2013,Left and Right sides,0,1,Virginia Beach,Urban,20. Motor Vehicle In Transport,MAIN,3PM TO 6PM,134.Virginia Beach,42,Intersection,Reset Filters,VDOT_OTHER,Monday,Not DEER,"West,South",,5,1,131295145,30,Male,"B,C","1,2","21. Disregarded Traffic Signal,1. No Improper Action","3. Unavailable/Not Applicable,2. Not Deployed","Not Applicable,Not Applicable","1. No Defects,1. No Defects","14. No Driver Distraction,14. No Driver Distraction","1. Had Not Been Drinking,1. Had Not Been Drinking","2. No,2. No","Not Provided,1. Not Ejected","Yes,No","No,No","9. Not Applicable,3. Lap and Shoulder Belt","1. Not Obscured,1. Not Obscured",,,1,724429,FALLBROOK BEND(R)/,0,1,"1.Divided, no control of access","20,22",1. On Roadway,"0,0",H,H.Urban Minor Arterial,Other City or Town Streets (not state maintained),Not GUARDRAIL,Not HIT_RUN,"12,10",1,4. Four Approaches,131295145,C,0,0,36.871458,36.871458,0,0.15,Not LRTRUCK,2. Daylight,LOCATED,-76.171959,-76.171959,MAINLINE,MAIN,0,0,Curbed Grass,22,4,Divided Roadway,"20,22",Not MOTORCYCLE,541365,541365. 13400008      13400008      13408638      13408638,38995,36861,37202,35852,37003,4,1,0.008,SEC_URBAN,,,,,,,,,0,0,54,0,2,,0,0,,,,,,,,,Not PED,,2,0,Virginia Beach,134,5,NOT-RD,9. Within Intersection,0,0.25,0.45,1. Straight - Level,1. No Defects,"2. Two-Way, Divided, Unprotected Median",1. Dry,"2. Blacktop, Asphalt, Bituminous",DIAMOND SPRINGS ROAD,URB,UR,R-VA134UR00008SB,"Urbanized (Population 200,000 and over)",3. No,"0,0",19971,20637,20828,20072,19349,Not SENIOR,Left and Right sides,"5,35",35,Not SPEED,35,541365,0,"1. Yes,2. No",0,"0,0",3PM TO 6PM,1,1,3. Traffic Signal,1. Yes - Working,Not a Parkway - Trucks and Commercial Vehicles Allowed,"1,2","9. Bicycle,1. Passenger car",NISSAN,"1. Going Straight Ahead,1. Going Straight Ahead",MAXIMA,2009,5,5.Hampton Roads,1. No Adverse Condition (Clear/Cloudy),Not Provided,2. No,Not Provided,YOUNG
No Access Control,Not ALCIHOL,Urban,0,0,Bituminous Concrete (Black Base),134-08733(B)/LITTLE NECK RD,Not UNBELTED,17,Not Provided,C,2,BIKE,502.79,0,0,55,16. Other,"Not Provided,Not Provided","Not Provided,Not Provided",US00058,502.869,4,5/6/2013,5/6/2013,22. Bicycle,1705,C.Non-Visible Injury,2013,Left and Right sides,1,1,Virginia Beach,Urban,22. Bicycle,MAIN,3PM TO 6PM,134.Virginia Beach,417,Intersection,Reset Filters,VDOT_OTHER,Monday,Not DEER,"Not Provided,West",,5,1,131315100,,0,"PDO,C","1,2","34. Hit and Run,Not Applicable","Not Provided,3. Unavailable/Not Applicable","Not Applicable,Not Applicable","Not Applicable,Not Applicable","Not Applicable,Not Applicable","Not Applicable,1. Had Not Been Drinking","Not Applicable,2. No","Not Provided,2. Partially Ejected","NotProvided,No","Yes,No","Not Provided,9. Not Applicable","Not Applicable,5. Trees, Crops, etc.",,,503,541076,KING'S GRANT RD,0,1,"1.Divided, no control of access","22,20",6. Separator,"0,0",E,E.Urban Other Principle Arterials; Connecting Links of Other Rural Principal Arterial,Urban Extensions - Primary Routes,Not GUARDRAIL,HIT_RUN,"12,10",1,1. Not at Intersection,131315100,C,0,0,36.841474,36.841474,0,0.69,Not LRTRUCK,2. Daylight,LOCATED,-76.089085,-76.089085,MAINLINE,MAIN,0,0,Curbed Grass,28,4,Divided Roadway,"22,20",Not MOTORCYCLE,541077,541077.  US00058       US00058      13408733      13408733,57557,57774,57854,56705,57707,8,1,0.079,PRI_URBAN,,,,,,,,,0,151,99,0,1,,0,0,,,,,,,,,Not PED,,1,0,Virginia Beach,134,5,NOT-RD,8. Non-Intersection,0,502.75,502.98,7. Dip - Straight,1. No Defects,"3. Two-Way, Divided, Positive Median Barrier",1. Dry,1. Concrete,3345 VIRGINIA BEACH BOULEVARD,USPRI,US,R-VA   US00058EB,"Urbanized (Population 200,000 and over)",3. No,"0,39",35920,40181,40552,39080,39870,Not SENIOR,Left and Right sides,"5,5","45,45",Not SPEED,"45,45",541077,0,"3. Pending,2. No",0,"0,0",3PM TO 6PM,1,1,4. Stop Sign,1. Yes - Working,Not a Parkway - Trucks and Commercial Vehicles Allowed,"1,2","22. Truck - Sport Utility Vehicle (SUV),9. Bicycle","HONDA,BICYCLE","2. Making Right Turn,1. Going Straight Ahead",HUFFY CIMARRON,20131990,5,5.Hampton Roads,1. No Adverse Condition (Clear/Cloudy),Not Provided,2. No,Not Provided,YOUNG
No Access Control,Not ALCIHOL,Urban,0,0,Bituminous Concrete (Black Base),SILVERLEAF DRIVE/,Not UNBELTED,17,0,B,1,BIKE,5.43,1,1,,2. Angle,"Not Provided,Not Provided","Not Provided,Not Provided",13408627,5.43,3,5/6/2013,5/6/2013,22. Bicycle,1323,B.Visiible Injury,2013,Left and Right sides,0,0,Virginia Beach,Urban,22. Bicycle,MAIN,12PM TO 3PM,134.Virginia Beach,581,Intersection,Reset Filters,VDOT_OTHER,Monday,Not DEER,"South,South",DISTRACTED,5,1,131275040,42,Male,"B,PDO","1,2","37. Other,1. No Improper Action","3. Unavailable/Not Applicable,2. Not Deployed","4. No Test,4. No Test","1. No Defects,1. No Defects","11. Other,14. No Driver Distraction","1. Had Not Been Drinking,1. Had Not Been Drinking","2. No,2. No","3. Totally Ejected,1. Not Ejected","Yes,No","Yes,No","9. Not Applicable,3. Lap and Shoulder Belt","13. Other,1. Not Obscured",,,6,541268,134-00011(L)/134-00012(R)/Gap Terminus/S INDE,0,1,"1.Divided, no control of access","20,22",1. On Roadway,"0,0",H,H.Urban Minor Arterial,Other City or Town Streets (not state maintained),Not GUARDRAIL,HIT_RUN,"12,2",1,1. Not at Intersection,131275040,C,0,0,36.821237,36.821237,0,0.11,Not LRTRUCK,2. Daylight,LOCATED,-76.126958,-76.126958,MAINLINE,MAIN,0,0,Curbed Grass,40,24,Divided Roadway,"20,22",Not MOTORCYCLE,541268,541268. 13400011      13400012      13408627,74653,73696,74377,71677,74035,4,1,0.11,SEC_URBAN,,,,,,,,,0,0,54,0,1,,0,0,,,,,,,,,Not PED,,1,0,Virginia Beach,134,5,NOT-RD,8. Non-Intersection,0,5.25,5.39,1. Straight - Level,1. No Defects,"2. Two-Way, Divided, Unprotected Median",1. Dry,"2. Blacktop, Asphalt, Bituminous",1400 SOUTH INDEPENDENCE BLVD,URB,UR,R-VA134UR08627SB,"Urbanized (Population 200,000 and over)",3. No,"0,0",35319,36178,36512,35187,35009,Not SENIOR,Left side,"5,35","45,45",Not SPEED,"45,45",541359,0,"1. Yes,2. No",0,"0,0",12PM TO 3PM,1,1,6. Traffic Lanes Marked,6. No Traffic Control Device Present,Not a Parkway - Trucks and Commercial Vehicles Allowed,"1,2","9. Bicycle,22. Truck - Sport Utility Vehicle (SUV)",Toyota,"15. Other,1. Going Straight Ahead",4Runner,2000,5,5.Hampton Roads,1. No Adverse Condition (Clear/Cloudy),Not Provided,2. No,Not Provided,YOUNG
,Not ALCIHOL,Urban,0,0,,,Not UNBELTED,50,Male,C,2,BIKE,,0,0,,2. Angle,"Not Provided,Not Provided","Not Provided,Not Provided",,,,5/7/2013,5/7/2013,20. Motor Vehicle In Transport,1200,C.Non-Visible Injury,2013,,1,1,Norfolk,Urban,20. Motor Vehicle In Transport,MAIN,9AM TO 12PM,122.Norfolk,,Not Intersection,Reset Filters,VDOT_OTHER,Tuesday,Not DEER,"East,Not Provided",,5,1,132480056,51,Male,"PDO,C","1,2","1. No Improper Action,1. No Improper Action","2. Not Deployed,3. Unavailable/Not Applicable","Not Applicable,Not Applicable","1. No Defects,1. No Defects","Not Applicable,Not Applicable","1. Had Not Been Drinking,1. Had Not Been Drinking","2. No,2. No","1. Not Ejected,1. Not Ejected","No,Yes","No,No","3. Lap and Shoulder Belt,8. No Restraint Used","1. Not Obscured,1. Not Obscured",,,,,,,,,"20,20",1. On Roadway,"0,0",,,,Not GUARDRAIL,Not HIT_RUN,"12,9",1,2. Two Approaches,,C,0,0,36.832055,36.832055,,,Not LRTRUCK,2. Daylight,UNLOCATED,-76.288662,-76.288662,MAINLINE,,,,,,,,"20,20",Not MOTORCYCLE,,.,,,,,,,1,,SEC_URBAN,,,,,,,,,,,,0,1,,0,0,,,,,,,,,Not PED,,1,0,Norfolk,122,5,NOT-RD,9. Within Intersection,,,,1. Straight - Level,1. No Defects,"1. Two-Way, Not Divided",1. Dry,"2. Blacktop, Asphalt, Bituminous",750 w berkley ave,UNKWN,SC,U-VA122SC99999UK,,3. No,"0,0",,,,,,Not SENIOR,,5,"25,0",Not SPEED,"25,0",,,"2. No,2. No",,"0,0",9AM TO 12PM,1,1,1. No Traffic Control,6. No Traffic Control Device Present,,"1,2","1. Passenger car,9. Bicycle","toyota,bicycle","2. Making Right Turn,1. Going Straight Ahead",avalon,2005,5,5.Hampton Roads,1. No Adverse Condition (Clear/Cloudy),Not Provided,2. No,Not Provided,Not YOUNG