Access Control,Alcohol Notalcohol,Area Type1,A Crash,A People,Basetypedesc,Begin Node Dsc,Belted Unbelted,Bikeage,Bikegen,Bikeinjurytype,Bikevehiclenumber,Bike Nonbike,BMP,B Crash,B People,Carspeedlimit,Collision Type,Comm Cargo Body Type Cd,Comm Vehicle Body Type Cd,Cotedrouteid,Coted Mp,Count App,CRASH_DT (copy),Crash Dt,Crash Event Type Dsc,Crash Military Tm,Crash Severity,Crash Year,Curbgutterdesc,C Crash,C People,Juris Name Used,Area Type Used,First Harmful Event of Entire Crash,MAINLINE,Time Slicing Used,Phy_Juris_Nm,Offset-Ft,Intersection Analysis,Clear,Calculation_9640323132123359,Day Of Week,Deer Nodeer,Direction Of Travel Cd,Distracted Notdistracted,VSP,TOTAL CRASH,Document Nbr,Driverage,Drivergen,Driverinjurytype,Drivervehiclenumber,Driver Action Type Cd,Driver Airbag Deployment,Driver Alcohol Test Type Cd,Driver Condition Type Cd,Driver Distraction Type Cd,Driver Drinking Type Cd,Driver Drug Use Cd,Driver Ejected From Vehicle,Driver Ems Transport Ind,Driver Fled Scene Ind,Driver Safety Equip Used,Driver Vis Obscured Type Cd,Drowsy Notdrowsy,Drug Nodrug,EMP,End Node,End Node Dsc,End Offset,Facility,FAC,First Crash Event Cd,First Harmful Event,Fourth Crash Event Cd,Functionalclass,FUN,Govcondesc,Gr Nogr,Hitrun Not Hitrun,Initial Veh Impact Area Cd,Injury Crashes,Intersection Type,Int Doc,Jurtype,K_CRASH,K People,LAT (copy),LAT,Leftshoulderwidth,Length,Lgtruck Nonlgtruck,Light Condition,Located Unlocated,LON (copy),LON,MAINLINE (group),Mainline Yn,Medianleftshoulderwidth,Medianrightshoulderwidth,Mediantypedesc,Medianwidthmax,Medianwidthmin,Median Type,Most Harmful Crash Event Cd,Motor Nonmotor,Node,Node Info,Node Totaadt2011,Node Totaadt2012,Node Totaadt2013,Node Totaadt2014,Node Totaadt2015,Numberoflane,Number of Records,Offset,Ownership,Passage,Passgen,Passinjurytype,Passvehiclenumber,Pass Airbag Deployment,Pass Ejected From Vehicle,Pass Ems Transport Ind,Pass Safety Equip Used,Pavementconditionvalue,Pavementroughnessvalue,Pavementwidth,Pdo Crash,Total People Killed & Injured,Pedage,Pedestrians Injured,Pedestrians Killed,Pedgen,Pedinjurytype,Pednumber,Ped Action,Ped Al Test,Ped Cond,Ped Drink,Ped Drug,Ped Nonped,Ped Rflct,Persons Injured,Persons Killed,Physical Juris Nm,PJR,VSP_Used,Rd Type,Relation To Roadway,Rightshoulderwidth,RNS_MP (0.25 mi bin),Rns Mp,Roadway Alignment,Roadway Defect,Roadway Description,Roadway Surface Cond,Roadway Surface Type,Route Or Street Nm,Rte Category Cd,Rte Cat,Rte Nm,Ruralurbandesc,School Zone,Second Crash Event Cd,Segtotaadt2011,Segtotaadt2012,Segtotaadt2013,Segtotaadt2014,Segtotaadt2015,Senior Notsenior,Sidewalkdesc,Speed Before,Speed Max Safe,Speed Notspeed,Speed Posted,Start Node,Start Offset,Summons Issued Cd,Surfacedesc,Third Crash Event Cd,Time Slicing,Total Crashes including Property Damage Only,Total Crash,Traffic Control Type,Trfc Ctrl Status Type,Truckcommr,Vehiclenumber,Vehicle Body Type Cd,Vehicle Make Nm,Vehicle Maneuver Type Cd,Vehicle Model Nm,Vehicle Year Nbr,District,District_Used ,Weather Condition,Work Zone Location,Work Zone Related,Work Zone Type,Young Notyoung
No Access Control,ALCOHOL,Urban,0,0,Portland Cement Concrete,121-07010(R)/,Not UNBELTED,63,0,C,1,BIKE,9.36,0,0,,2. Angle,"Not Provided,Not Provided","Not Provided,Not Provided",SR00143,9.504,3,5/21/2013,5/21/2013,22. Bicycle,1406,C.Non-Visible Injury,2013,Left and Right sides,1,1,Newport News,Urban,22. Bicycle,MAIN,12PM TO 3PM,121.Newport News,760,Intersection,Reset Filters,VDOT_OTHER,Tuesday,Not DEER,"South,West",,5,1,132490088,20,Female,"C,PDO","1,2","37. Other,1. No Improper Action","3. Unavailable/Not Applicable,2. Not Deployed","4. No Test,Not Applicable","1. No Defects,1. No Defects","Not Applicable,Not Applicable","4. Drinking - Ability Not Impaired,1. Had Not Been Drinking","2. No,2. No","3. Totally Ejected,1. Not Ejected","No,No","No,No","8. No Restraint Used,3. Lap and Shoulder Belt","1. Not Obscured,1. Not Obscured",,,10,646112,121-07012(R)/,0,1,"1.Divided, no control of access","20,20","8. Off Roadway, Location Unknown","0,0",E,E.Urban Other Principle Arterials; Connecting Links of Other Rural Principal Arterial,Urban Extensions - Primary Routes,Not GUARDRAIL,Not HIT_RUN,"9,12",1,1. Not at Intersection,132490088,C,0,0,36.99790552,36.99790552,0,0.8,Not LRTRUCK,2. Daylight,LOCATED,-76.43118587,-76.43118587,MAINLINE,MAIN,0,0,Curbed Grass,14,14,Divided Roadway,"20,20",Not MOTORCYCLE,646111,646111.  SR00143       SR00143      12107010,27301,28220,24442,24797,25673,6,1,0.144,PRI_URBAN,,,,,,,,,0,171,0,0,1,,0,0,,,,,,,,,Not PED,,1,0,Newport News,121,5,NOT-RD,8. Non-Intersection,0,9.5,9.52,1. Straight - Level,1. No Defects,"3. Two-Way, Divided, Positive Median Barrier",1. Dry,1. Concrete,5014 JEFFERSON AVE,STPRI,SR,R-VA   SR00143NB,"Urbanized (Population 200,000 and over)",3. No,"0,0",29480,30556,22435,22410,23296,Not SENIOR,Left and Right sides,"3,3","0,0",SPEED,"0,0",646111,0,"2. No,2. No",0,"0,0",12PM TO 3PM,1,1,1. No Traffic Control,6. No Traffic Control Device Present,Not a Parkway - Trucks and Commercial Vehicles Allowed,"1,2","9. Bicycle,1. Passenger car",mazda,"1. Going Straight Ahead,2. Making Right Turn","bicycle,protege",2002,5,5.Hampton Roads,1. No Adverse Condition (Clear/Cloudy),Not Provided,2. No,Not Provided,YOUNG
No Access Control,Not ALCIHOL,Urban,0,0,Bituminous Concrete (Black Base),16TH ST(B)/,Not UNBELTED,25,Male,B,1,BIKE,23.01,1,1,,2. Angle,"Not Provided,Not Provided","Not Provided,Not Provided",13408669,23.053,4,12/15/2015,12/15/2015,22. Bicycle,1915,B.Visiible Injury,2015,Left and Right sides,0,0,Virginia Beach,Urban,22. Bicycle,MAIN,6PM TO 9PM,134.Virginia Beach,143,Intersection,Reset Filters,VDOT_OTHER,Tuesday,Not DEER,"West,South",,5,1,153565385,18,Male,"B,PDO","1,2","40. Fail to Maintain Proper Control,1. No Improper Action","3. Unavailable/Not Applicable,2. Not Deployed","Not Applicable,Not Applicable","1. No Defects,1. No Defects","14. No Driver Distraction,14. No Driver Distraction","1. Had Not Been Drinking,1. Had Not Been Drinking","2. No,2. No","1. Not Ejected,1. Not Ejected","No,No","No,No","9. Not Applicable,3. Lap and Shoulder Belt","1. Not Obscured,1. Not Obscured",,,23,541089,US-00060(R)/C7US-00058(L)/Gap Terminus/PACIFI,0,0,"0.Two-way, non-divided","20,22",1. On Roadway,"0,0",H,H.Urban Minor Arterial,Other City or Town Streets (not state maintained),Not GUARDRAIL,Not HIT_RUN,"12,12",1,4. Four Approaches,153565385,C,0,0,36.84492,36.84492,0,0.07,Not LRTRUCK,4. Darkness - Road Lighted,LOCATED,-75.97548,-75.97548,MAINLINE,MAIN,0,0,0,0,0,Undivided Roadway,"20,22",Not MOTORCYCLE,541089,541089.  US00060       US00060      13408669     C7US00058,28916,25846,25964,25266,24156,4,1,0.027,SEC_URBAN,,,,,,,,,0,0,43,0,1,,0,0,,,,,,,,,Not PED,,1,0,Virginia Beach,134,5,NOT-RD,10. Intersection Related - Within 150 Feet,0,23,23.07,1. Straight - Level,1. No Defects,"1. Two-Way, Not Divided",1. Dry,"2. Blacktop, Asphalt, Bituminous",1699 PACIFIC AVE,URB,UR,R-VA134UR08669SB,"Urbanized (Population 200,000 and over)",3. No,"0,0",19418,17275,17434,16802,16426,Not SENIOR,Left and Right sides,"5,35","35,35",Not SPEED,"35,35",541499,0,"1. Yes,2. No",0,"0,0",6PM TO 9PM,1,1,3. Traffic Signal,1. Yes - Working,Not a Parkway - Trucks and Commercial Vehicles Allowed,"1,2","9. Bicycle,22. Truck - Sport Utility Vehicle (SUV)",CHEVROLET,"1. Going Straight Ahead,1. Going Straight Ahead","BICYCLE,SUBURBAN",2005,5,5.Hampton Roads,1. No Adverse Condition (Clear/Cloudy),Not Provided,2. No,Not Provided,YOUNG
No Access Control,Not ALCIHOL,Urban,0,0,"N/A, Unknown, or Unstabilized",EAGLE AVE.(L)/,Not UNBELTED,41,Male,B,2,BIKE,1.1,1,1,,1. Rear End,"Not Provided,Not Provided","Not Provided,Not Provided",13408739,1.101,4,12/15/2015,12/15/2015,20. Motor Vehicle In Transport,1600,B.Visiible Injury,2015,Left and Right sides,0,0,Virginia Beach,Urban,20. Motor Vehicle In Transport,MAIN,3PM TO 6PM,134.Virginia Beach,"1,790",Intersection,Reset Filters,VDOT_OTHER,Tuesday,Not DEER,"Not Provided,South",,5,1,153505190,,Not Provided,"PDO,B","1,2","12. Following Too Close,1. No Improper Action","Not Provided,3. Unavailable/Not Applicable","Not Applicable,4. No Test","1. No Defects,1. No Defects","Not Applicable,Not Applicable","6. Unknown,1. Had Not Been Drinking","3. Unknown,2. No","Not Provided,3. Totally Ejected","NotProvided,Yes","Yes,No","Not Provided,8. No Restraint Used","Not Applicable,1. Not Obscured",,,1,715455,PRIMROSE LN.(R)/,0,0,"0.Two-way, non-divided","22,20",1. On Roadway,"0,0",H,H.Urban Minor Arterial,Other City or Town Streets (not state maintained),Not GUARDRAIL,HIT_RUN,"12,6",1,3. Three Approaches,153505190,C,0,0,36.79057,36.79057,0,0.21,Not LRTRUCK,2. Daylight,LOCATED,-76.09901,-76.09901,MAINLINE,MAIN,0,0,0,0,0,Undivided Roadway,"22,20",Not MOTORCYCLE,541940,541940. 13408717      13408717      13408739      13408739,45140,46263,46690,44996,46353,2,1,0.339,SEC_URBAN,,,,,,,,,0,0,26,0,1,,0,0,,,,,,,,,Not PED,,1,0,Virginia Beach,134,5,NOT-RD,9. Within Intersection,0,1,1.1,1. Straight - Level,1. No Defects,"2. Two-Way, Divided, Unprotected Median",1. Dry,"2. Blacktop, Asphalt, Bituminous",1396 EAGLE AVE,URB,UR,R-VA134UR08739SB,"Urbanized (Population 200,000 and over)",3. No,"0,0",16677,16145,16294,15703,17379,Not SENIOR,Left side,2,35,Not SPEED,35,715457,0,"Not Provided,2. No",0,"0,0",3PM TO 6PM,1,1,1. No Traffic Control,6. No Traffic Control Device Present,Not a Parkway - Trucks and Commercial Vehicles Allowed,"1,2","1. Passenger car,9. Bicycle",SCHWINN,"2. Making Right Turn,1. Going Straight Ahead",APPROACH,2012,5,5.Hampton Roads,1. No Adverse Condition (Clear/Cloudy),Not Provided,2. No,Not Provided,Not YOUNG
No Access Control,Not ALCIHOL,Urban,0,0,Dual Type,134-08612(B)/,Not UNBELTED,22,Male,B,2,BIKE,0.63,1,1,,2. Angle,"Not Provided,Not Provided","Not Provided,Not Provided",SR00225,0.689,4,12/18/2015,12/18/2015,22. Bicycle,1906,B.Visiible Injury,2015,Left and Right sides,0,0,Virginia Beach,Urban,22. Bicycle,MAIN,6PM TO 9PM,134.Virginia Beach,312,Intersection,Reset Filters,VDOT_OTHER,Friday,Not DEER,"North,East",,5,1,153565276,33,Female,"PDO,B","1,2","1. No Improper Action,11. Did Not Have Right-of-Way","2. Not Deployed,3. Unavailable/Not Applicable","Not Applicable,Not Applicable","1. No Defects,1. No Defects","14. No Driver Distraction,14. No Driver Distraction","1. Had Not Been Drinking,1. Had Not Been Drinking","2. No,2. No","1. Not Ejected,1. Not Ejected","No,Yes","No,No","3. Lap and Shoulder Belt,8. No Restraint Used","1. Not Obscured,1. Not Obscured",,,1,541083,US-00058(B)/,0,1,"1.Divided, no control of access","22,20",1. On Roadway,"0,0",E,E.Urban Other Principle Arterials; Connecting Links of Other Rural Principal Arterial,Urban Extensions - Primary Routes,Not GUARDRAIL,Not HIT_RUN,"12,3",1,1. Not at Intersection,153565276,C,0,0,36.8421,36.8421,0,0.17,Not LRTRUCK,4. Darkness - Road Lighted,LOCATED,-76.13664,-76.13664,MAINLINE,MAIN,0,0,Curbed Grass,16,4,Divided Roadway,"22,20",Not MOTORCYCLE,541202,541202.  SR00225       SR00225      13408612      13408612,86949,79502,80236,77324,84803,6,1,0.059,PRI_URBAN,,,,,,,,,0,115,102,0,1,,0,0,,,,,,,,,Not PED,,1,0,Virginia Beach,134,5,NOT-RD,8. Non-Intersection,0,0.5,0.71,1. Straight - Level,1. No Defects,"2. Two-Way, Divided, Unprotected Median",1. Dry,"2. Blacktop, Asphalt, Bituminous",4599 VIRGINIA BEACH BLVD,STPRI,SR,R-VA   SR00225NB,"Urbanized (Population 200,000 and over)",3. No,"0,0",76365,70519,71170,68587,73128,Not SENIOR,Left and Right sides,"35,10","45,45",Not SPEED,"45,45",541202,0,"2. No,2. No",0,"0,0",6PM TO 9PM,1,1,6. Traffic Lanes Marked,6. No Traffic Control Device Present,Not a Parkway - Trucks and Commercial Vehicles Allowed,"1,2","1. Passenger car,9. Bicycle","TOYT,N/A","1. Going Straight Ahead,15. Other","PRIUS,MOUNTAIN BIKE",20132010,5,5.Hampton Roads,1. No Adverse Condition (Clear/Cloudy),Not Provided,2. No,Not Provided,Not YOUNG
No Access Control,Not ALCIHOL,Urban,1,1,"N/A, Unknown, or Unstabilized",114-07035(B)/LASALLE AV,Not UNBELTED,32,Male,A,2,BIKE,272.42,0,0,,13. Bicyclist,"Not Provided,Not Provided","Not Provided,Not Provided",US00060,272.521,3,9/26/2014,9/26/2014,22. Bicycle,1551,A.Ambulatory Injury,2014,Left and Right sides,0,0,Hampton,Urban,22. Bicycle,MAIN,3PM TO 6PM,114.Hampton,"2,318",Intersection,Reset Filters,VDOT_OTHER,Friday,Not DEER,"South,Not Provided",,5,1,142890023,,Not Provided,"PDO,A","1,2","34. Hit and Run,1. No Improper Action","Not Provided,2. Not Deployed","Not Applicable,4. No Test","9. Unknown,1. No Defects","Not Applicable,Not Applicable","6. Unknown,1. Had Not Been Drinking","3. Unknown,2. No","Not Provided,1. Not Ejected","NotProvided,No","Yes,No","Not Provided,9. Not Applicable","Not Applicable,1. Not Obscured",,,273,253011,SUNSET ROAD(R)/,0,0,"0.Two-way, non-divided","22,0",1. On Roadway,"0,0",H,H.Urban Minor Arterial,Urban Extensions - Primary Routes,Not GUARDRAIL,HIT_RUN,"11,0",1,1. Not at Intersection,142890023,C,0,0,37.01348,37.01348,0,0.3,Not LRTRUCK,2. Daylight,LOCATED,-76.35294,-76.35294,MAINLINE,MAIN,0,0,0,0,0,Undivided Roadway,"22,0",Not MOTORCYCLE,253010,253010.  SR00143       US00060       US00060,10909,10667,10329,9960,10161,4,1,0.439,PRI_URBAN,,,,,,,,,0,200,44,0,1,,0,0,,,,,,,,,Not PED,,1,0,Hampton,114,5,NOT-RD,8. Non-Intersection,0,272.5,272.52,1. Straight - Level,1. No Defects,"1. Two-Way, Not Divided",1. Dry,"2. Blacktop, Asphalt, Bituminous",KECOUGHTAN RD,USPRI,US,R-VA   US00060WB,"Urbanized (Population 200,000 and over)",3. No,"0,0",8069,7890,7787,7510,7662,Not SENIOR,Left and Right sides,15,"0,35",Not SPEED,"0,35",253012,0.5,"Not Provided,Not Provided",0,"0,0",3PM TO 6PM,1,1,1. No Traffic Control,6. No Traffic Control Device Present,Not a Parkway - Trucks and Commercial Vehicles Allowed,"1,2","1. Passenger car,9. Bicycle",MOUNT BIKE,"16. Entering Street From Parking Lot,1. Going Straight Ahead",2 WHEEL,,5,5.Hampton Roads,1. No Adverse Condition (Clear/Cloudy),Not Provided,2. No,Not Provided,Not YOUNG
No Access Control,Not ALCIHOL,Urban,0,0,"N/A, Unknown, or Unstabilized",134-00014(L)/IS-00264-W019B(U)/FROM ROUTE 264,Not UNBELTED,37,Male,B,2,BIKE,0,1,1,,2. Angle,"Not Provided,Not Provided","Not Provided,Not Provided",13408711,0.016,3,9/26/2014,9/26/2014,22. Bicycle,1836,B.Visiible Injury,2014,Left and Right sides,0,1,Virginia Beach,Urban,22. Bicycle,MAIN,6PM TO 9PM,134.Virginia Beach,84,Intersection,Reset Filters,VDOT_OTHER,Friday,Not DEER,"East,South",DISTRACTED,5,1,142835217,59,Female,"C,B","1,2","37. Other,1. No Improper Action","2. Not Deployed,3. Unavailable/Not Applicable","Not Applicable,Not Applicable","1. No Defects,1. No Defects","11. Other,Not Applicable","Not Applicable,Not Applicable","Not Applicable,Not Applicable","1. Not Ejected,3. Totally Ejected","No,No","No,No","3. Lap and Shoulder Belt,8. No Restraint Used","1. Not Obscured,1. Not Obscured",,,0,541816,GATOR RD(L)/,0,0,"0.Two-way, non-divided","22,20",1. On Roadway,"0,0",I,I.Urban Collector,Other City or Town Streets (not state maintained),Not GUARDRAIL,Not HIT_RUN,"12,12",1,4. Four Approaches,142835217,C,0,0,36.83744,36.83744,0,0.09,Not LRTRUCK,3. Dusk,LOCATED,-76.06566,-76.06566,MAINLINE,MAIN,0,0,0,0,0,Undivided Roadway,"22,20",Not MOTORCYCLE,541815,541815.  IS00264W019B 13400014      13408711,28140,25163,27193,26271,27163,2,1,0.016,SEC_URBAN,,,,,,,,,0,0,50,0,2,,0,0,,,,,,,,,Not PED,,2,0,Virginia Beach,134,5,NOT-RD,1. Main-Line Roadway,0,0,0.02,1. Straight - Level,1. No Defects,"2. Two-Way, Divided, Unprotected Median",1. Dry,"2. Blacktop, Asphalt, Bituminous",198 SOUTH LYNNHAVEN RD,URB,UR,R-VA134UR08711SB,"Urbanized (Population 200,000 and over)",3. No,"0,0",9584,8936,9019,8691,9371,Not SENIOR,Right side,"5,5","35,35",Not SPEED,"35,35",541815,0,"2. No,3. Pending",0,"0,0",6PM TO 9PM,1,1,3. Traffic Signal,1. Yes - Working,Not a Parkway - Trucks and Commercial Vehicles Allowed,"1,2","1. Passenger car,9. Bicycle","HYNDAI,OTH","2. Making Right Turn,1. Going Straight Ahead","ACCENT,BICYCLE",2014,5,5.Hampton Roads,1. No Adverse Condition (Clear/Cloudy),Not Provided,2. No,Not Provided,Not YOUNG
No Access Control,Not ALCIHOL,Urban,0,0,"N/A, Unknown, or Unstabilized",ARCTIC AVE(B)/,Not UNBELTED,56,Male,C,1,BIKE,1.01,0,0,,4. Sideswipe - Same Direction,"Not Provided,Not Provided","Not Provided,Not Provided",13408818,1.022,3,9/27/2014,9/27/2014,22. Bicycle,1430,C.Non-Visible Injury,2014,Left and Right sides,1,1,Virginia Beach,Urban,22. Bicycle,MAIN,12PM TO 3PM,134.Virginia Beach,465,Intersection,Reset Filters,VDOT_OTHER,Saturday,Not DEER,"West,Not Provided",,5,1,142725266,,Not Provided,"C,PDO","1,2","1. No Improper Action,34. Hit and Run","3. Unavailable/Not Applicable,Not Provided","4. No Test,4. No Test","1. No Defects,9. Unknown","14. No Driver Distraction,14. No Driver Distraction","6. Unknown,6. Unknown","2. No,3. Unknown","2. Partially Ejected,Not Provided","Yes,NotProvided","No,Yes","5. Helmet,Not Provided","1. Not Obscured,1. Not Obscured",,,1,542477,ARCTIC AVE(B)/,0.05,0,"0.Two-way, non-divided","22,22",1. On Roadway,"0,0",I,I.Urban Collector,Other City or Town Streets (not state maintained),Not GUARDRAIL,HIT_RUN,"3,0",1,1. Not at Intersection,142725266,C,0,0,36.84684,36.84684,0,0.05,Not LRTRUCK,2. Daylight,LOCATED,-75.9777,-75.9777,MAINLINE,MAIN,0,0,0,0,0,Undivided Roadway,"22,22",Not MOTORCYCLE,541106,541106.  US00060       US00060      13408818,20361,17737,17658,17505,16729,4,1,0.088,SEC_URBAN,,,,,,,,,0,0,62,0,1,,0,0,,,,,,,,,Not PED,,1,0,Virginia Beach,134,5,NOT-RD,8. Non-Intersection,0,1,1.02,1. Straight - Level,1. No Defects,"1. Two-Way, Not Divided",1. Dry,"2. Blacktop, Asphalt, Bituminous",300 19TH STREET,URB,UR,R-VA134UR08818WB,"Urbanized (Population 200,000 and over)",3. No,"0,0",5284,3405,3436,3312,4014,Not SENIOR,Left and Right sides,5,,Not SPEED,,542477,0,"2. No,Not Provided",0,"0,0",12PM TO 3PM,1,1,1. No Traffic Control,6. No Traffic Control Device Present,Not a Parkway - Trucks and Commercial Vehicles Allowed,"1,2","9. Bicycle,1. Passenger car",,"1. Going Straight Ahead,1. Going Straight Ahead",BICYCLE,,5,5.Hampton Roads,1. No Adverse Condition (Clear/Cloudy),Not Provided,2. No,Not Provided,Not YOUNG
,Not ALCIHOL,Urban,0,0,,,Not UNBELTED,49,Female,B,2,BIKE,,1,1,,16. Other,"Not Provided,Not Provided","Not Provided,Not Provided",,,,5/27/2013,5/27/2013,22. Bicycle,1550,B.Visiible Injury,2013,,0,0,Virginia Beach,Urban,22. Bicycle,MAIN,3PM TO 6PM,134.Virginia Beach,,Not Intersection,Reset Filters,VDOT_OTHER,Monday,Not DEER,"West,South",,5,1,131485179,38,0,"PDO,B","1,2","11. Did Not Have Right-of-Way,1. No Improper Action","2. Not Deployed,3. Unavailable/Not Applicable","Not Applicable,Not Applicable","1. No Defects,1. No Defects","Not Applicable,Not Applicable","1. Had Not Been Drinking,1. Had Not Been Drinking","2. No,2. No","1. Not Ejected,1. Not Ejected","No,Yes","No,No","3. Lap and Shoulder Belt,5. Helmet","1. Not Obscured,1. Not Obscured",,,,,,,,,"22,20",1. On Roadway,"0,0",,,,Not GUARDRAIL,Not HIT_RUN,"1,5",1,3. Three Approaches,,C,0,0,36.795674,36.795674,,,Not LRTRUCK,2. Daylight,UNLOCATED,-76.089409,-76.089409,MAINLINE,,,,,,,,"22,20",Not MOTORCYCLE,,.,,,,,,,1,,SEC_URBAN,,,,,,,,,,,,0,1,,0,0,,,,,,,,,Not PED,,1,0,Virginia Beach,134,5,NOT-RD,9. Within Intersection,,,,1. Straight - Level,1. No Defects,"3. Two-Way, Divided, Positive Median Barrier",1. Dry,"2. Blacktop, Asphalt, Bituminous",1399 PINE CONE CIRCLE,UNKWN,SC,U-VA134SC99999UK,,3. No,"0,0",,,,,,Not SENIOR,,"2,1","25,25",Not SPEED,"25,25",,,"2. No,2. No",,"0,0",3PM TO 6PM,1,1,6. Traffic Lanes Marked,6. No Traffic Control Device Present,,"1,2","1. Passenger car,9. Bicycle","SATURN,N/A","2. Making Right Turn,15. Other","SL,BICYCLE",20002000,5,5.Hampton Roads,1. No Adverse Condition (Clear/Cloudy),Not Provided,2. No,Not Provided,Not YOUNG
,Not ALCIHOL,Urban,0,0,,,Not UNBELTED,12,Male,C,1,BIKE,,0,0,,2. Angle,"Not Provided,Not Provided","Not Provided,Not Provided",,,,9/29/2014,9/29/2014,22. Bicycle,1719,C.Non-Visible Injury,2014,,1,1,Hampton,Urban,22. Bicycle,MAIN,3PM TO 6PM,114.Hampton,,Not Intersection,Reset Filters,VDOT_OTHER,Monday,Not DEER,"East,East",,5,1,142960104,50,Female,"C,PDO","1,2","11. Did Not Have Right-of-Way,1. No Improper Action","3. Unavailable/Not Applicable,2. Not Deployed","Not Applicable,Not Applicable","1. No Defects,1. No Defects","Not Applicable,Not Applicable","Not Applicable,Not Applicable","Not Applicable,Not Applicable","1. Not Ejected,1. Not Ejected","No,No","No,No","8. No Restraint Used,3. Lap and Shoulder Belt","1. Not Obscured,1. Not Obscured",,,,,,,,,"22,22",1. On Roadway,"0,0",,,,Not GUARDRAIL,Not HIT_RUN,"10,2",1,4. Four Approaches,,C,0,0,37.0607,37.0607,,,Not LRTRUCK,2. Daylight,UNLOCATED,-76.44119,-76.44119,MAINLINE,,,,,,,,"22,22",Not MOTORCYCLE,,.,,,,,,,1,,SEC_URBAN,,,,,,,,,,,,0,1,,0,0,,,,,,,,,Not PED,,1,0,Hampton,114,5,NOT-RD,8. Non-Intersection,,,,1. Straight - Level,1. No Defects,"1. Two-Way, Not Divided",1. Dry,"2. Blacktop, Asphalt, Bituminous",MANNING LN,UNKWN,SC,U-VA114SC99999UK,,3. No,"0,0",,,,,,Not SENIOR,,"5,10","5,10",Not SPEED,"25,25",,,"2. No,2. No",,"0,0",3PM TO 6PM,1,1,8. Yield Sign,1. Yes - Working,,"1,2","9. Bicycle,1. Passenger car","MONGOOSE,ACURA","1. Going Straight Ahead,1. Going Straight Ahead",OUTER LIMIT,2000,5,5.Hampton Roads,1. No Adverse Condition (Clear/Cloudy),Not Provided,2. No,Not Provided,Not YOUNG
No Access Control,Not ALCIHOL,Urban,0,0,Bituminous Concrete (Black Base),JUDY DRIVE(R)/,Not UNBELTED,14,Male,C,2,BIKE,252.41,0,0,,2. Angle,"Not Provided,Not Provided","Not Provided,Not Provided",US00060,252.468,2,9/29/2014,9/29/2014,22. Bicycle,1655,C.Non-Visible Injury,2014,Left and Right sides,1,1,Newport News,Urban,22. Bicycle,MAIN,3PM TO 6PM,121.Newport News,"3,738",Intersection,Reset Filters,VDOT_OTHER,Monday,Not DEER,"East,North",DISTRACTED,5,1,143290035,30,Male,"PDO,C","1,2","11. Did Not Have Right-of-Way,10. Wrong Side Of Road - Not Overtaking","2. Not Deployed,3. Unavailable/Not Applicable","4. No Test,4. No Test","1. No Defects,1. No Defects","11. Other,Not Applicable","1. Had Not Been Drinking,1. Had Not Been Drinking","2. No,2. No","1. Not Ejected,2. Partially Ejected","No,Yes","No,No","9. Not Applicable,8. No Restraint Used","1. Not Obscured,1. Not Obscured",,,253,646066,MERRY OAKS DRIVE(L)/WARWICK LANDING PKWY(R)/,0,1,"1.Divided, no control of access","22,20",7. In Parking Lane or Zone,"0,0",H,H.Urban Minor Arterial,Urban Extensions - Primary Routes,Not GUARDRAIL,Not HIT_RUN,"12,9",1,1. Not at Intersection,143290035,C,0,0,37.16173,37.16173,0,0.19,Not LRTRUCK,2. Daylight,LOCATED,-76.5569,-76.5569,MAINLINE,MAIN,0,0,Curbed Grass,38,38,Divided Roadway,"20,20",Not MOTORCYCLE,646070,646070.  US00060       US00060,20578,20123,21427,20664,21083,4,1,0.708,PRI_URBAN,,,,,,,,,0,138,52,0,1,,0,0,,,,,,,,,Not PED,,1,0,Newport News,121,5,NOT-RD,"13. Driveway, Alley-Access - Related",0,252.25,252.47,2. Curve - Level,1. No Defects,"3. Two-Way, Divided, Positive Median Barrier",2. Wet,1. Concrete,15615 WARWICK BLVD,USPRI,US,R-VA   US00060WB,"Urbanized (Population 200,000 and over)",3. No,"0,0",26392,25808,27875,26882,27427,Not SENIOR,Left and Right sides,3,"0,0",Not SPEED,"45,0",646067,0,"2. No,2. No",0,"0,0",3PM TO 6PM,1,1,1. No Traffic Control,6. No Traffic Control Device Present,Not a Parkway - Trucks and Commercial Vehicles Allowed,"1,2","1. Passenger car,9. Bicycle",TOYOTA,"2. Making Right Turn,1. Going Straight Ahead",COROLLA,1996,5,5.Hampton Roads,4. Mist,Not Provided,2. No,Not Provided,Not YOUNG
No Access Control,Not ALCIHOL,Urban,0,0,Bituminous Concrete (Black Base),WIGGINS ROAD(R)/,Not UNBELTED,60,Male,K,1,BIKE,0.14,0,0,45,4. Sideswipe - Same Direction,"Not Provided,Not Provided","Not Provided,Not Provided",C5US00058,0.14,3,9/30/2014,9/30/2014,20. Motor Vehicle In Transport,1257,K.Fatal Injury,2014,None,0,0,Suffolk,Urban,20. Motor Vehicle In Transport,MAIN,12PM TO 3PM,133.Suffolk,475,Intersection,Reset Filters,VDOT_OTHER,Tuesday,Not DEER,"East,East",,5,1,142735288,73,Male,"K,PDO","1,2","1. No Improper Action,41. Improper Passing","3. Unavailable/Not Applicable,2. Not Deployed","4. No Test,4. No Test","1. No Defects,1. No Defects","14. No Driver Distraction,14. No Driver Distraction","1. Had Not Been Drinking,1. Had Not Been Drinking","2. No,2. No","2. Partially Ejected,1. Not Ejected","Yes,No","No,No","8. No Restraint Used,3. Lap and Shoulder Belt","1. Not Obscured,1. Not Obscured",,,1,468868,133-01717(L)/PLOVER DRIVE,0,0,"0.Two-way, non-divided","20,22",1. On Roadway,"0,0",H,H.Urban Minor Arterial,Urban Extensions - Primary Routes,Not GUARDRAIL,Not HIT_RUN,"1,10",0,1. Not at Intersection,142735288,C,1,1,36.72797,36.72797,4,0.36,Not LRTRUCK,2. Daylight,LOCATED,-76.62727,-76.62727,MAINLINE,MAIN,0,0,0,0,0,Undivided Roadway,"20,22",Not MOTORCYCLE,468874,468874. 13301722     C5US00058     C5US00058,12158,11889,11956,11567,11797,2,1,0.09,PRI_URBAN,,,,,,,,,0,190,30,0,1,,0,0,,,,,,,,,Not PED,,0,1,Suffolk,133,5,NOT-RD,1. Main-Line Roadway,4,0,0.14,1. Straight - Level,1. No Defects,"1. Two-Way, Not Divided",1. Dry,"2. Blacktop, Asphalt, Bituminous",1419 HOLLAND RD,USPRI,US,R-VA   US00058EBBUS005,"Urbanized (Population 200,000 and over)",3. No,"0,0",9022,8822,8872,8497,8666,SENIOR,0,"8,45","45,45",Not SPEED,"45,45",469377,0,"3. Pending,3. Pending",0,"0,0",12PM TO 3PM,1,1,6. Traffic Lanes Marked,1. Yes - Working,Not a Parkway - Trucks and Commercial Vehicles Allowed,"1,2","9. Bicycle,2. Truck - Pick-up/Passenger Truck",FORD,"1. Going Straight Ahead,1. Going Straight Ahead",F150,2010,5,5.Hampton Roads,1. No Adverse Condition (Clear/Cloudy),Not Provided,2. No,Not Provided,Not YOUNG