Access Control,Alcohol Notalcohol,Area Type1,A Crash,A People,Basetypedesc,Begin Node Dsc,Belted Unbelted,Bikeage,Bikegen,Bikeinjurytype,Bikevehiclenumber,Bike Nonbike,BMP,B Crash,B People,Carspeedlimit,Collision Type,Comm Cargo Body Type Cd,Comm Vehicle Body Type Cd,Cotedrouteid,Coted Mp,Count App,CRASH_DT (copy),Crash Dt,Crash Event Type Dsc,Crash Military Tm,Crash Severity,Crash Year,Curbgutterdesc,C Crash,C People,Juris Name Used,Area Type Used,First Harmful Event of Entire Crash,MAINLINE,Time Slicing Used,Phy_Juris_Nm,Offset-Ft,Intersection Analysis,Clear,Calculation_9640323132123359,Day Of Week,Deer Nodeer,Direction Of Travel Cd,Distracted Notdistracted,VSP,TOTAL CRASH,Document Nbr,Driverage,Drivergen,Driverinjurytype,Drivervehiclenumber,Driver Action Type Cd,Driver Airbag Deployment,Driver Alcohol Test Type Cd,Driver Condition Type Cd,Driver Distraction Type Cd,Driver Drinking Type Cd,Driver Drug Use Cd,Driver Ejected From Vehicle,Driver Ems Transport Ind,Driver Fled Scene Ind,Driver Safety Equip Used,Driver Vis Obscured Type Cd,Drowsy Notdrowsy,Drug Nodrug,EMP,End Node,End Node Dsc,End Offset,Facility,FAC,First Crash Event Cd,First Harmful Event,Fourth Crash Event Cd,Functionalclass,FUN,Govcondesc,Gr Nogr,Hitrun Not Hitrun,Initial Veh Impact Area Cd,Injury Crashes,Intersection Type,Int Doc,Jurtype,K_CRASH,K People,LAT (copy),LAT,Leftshoulderwidth,Length,Lgtruck Nonlgtruck,Light Condition,Located Unlocated,LON (copy),LON,MAINLINE (group),Mainline Yn,Medianleftshoulderwidth,Medianrightshoulderwidth,Mediantypedesc,Medianwidthmax,Medianwidthmin,Median Type,Most Harmful Crash Event Cd,Motor Nonmotor,Node,Node Info,Node Totaadt2011,Node Totaadt2012,Node Totaadt2013,Node Totaadt2014,Node Totaadt2015,Numberoflane,Number of Records,Offset,Ownership,Passage,Passgen,Passinjurytype,Passvehiclenumber,Pass Airbag Deployment,Pass Ejected From Vehicle,Pass Ems Transport Ind,Pass Safety Equip Used,Pavementconditionvalue,Pavementroughnessvalue,Pavementwidth,Pdo Crash,Total People Killed & Injured,Pedage,Pedestrians Injured,Pedestrians Killed,Pedgen,Pedinjurytype,Pednumber,Ped Action,Ped Al Test,Ped Cond,Ped Drink,Ped Drug,Ped Nonped,Ped Rflct,Persons Injured,Persons Killed,Physical Juris Nm,PJR,VSP_Used,Rd Type,Relation To Roadway,Rightshoulderwidth,RNS_MP (0.25 mi bin),Rns Mp,Roadway Alignment,Roadway Defect,Roadway Description,Roadway Surface Cond,Roadway Surface Type,Route Or Street Nm,Rte Category Cd,Rte Cat,Rte Nm,Ruralurbandesc,School Zone,Second Crash Event Cd,Segtotaadt2011,Segtotaadt2012,Segtotaadt2013,Segtotaadt2014,Segtotaadt2015,Senior Notsenior,Sidewalkdesc,Speed Before,Speed Max Safe,Speed Notspeed,Speed Posted,Start Node,Start Offset,Summons Issued Cd,Surfacedesc,Third Crash Event Cd,Time Slicing,Total Crashes including Property Damage Only,Total Crash,Traffic Control Type,Trfc Ctrl Status Type,Truckcommr,Vehiclenumber,Vehicle Body Type Cd,Vehicle Make Nm,Vehicle Maneuver Type Cd,Vehicle Model Nm,Vehicle Year Nbr,District,District_Used ,Weather Condition,Work Zone Location,Work Zone Related,Work Zone Type,Young Notyoung
No Access Control,Not ALCIHOL,Urban,0,0,Bituminous Concrete (Black Base),PACA LN(L)/,Not UNBELTED,14,Male,B,1,BIKE,2.35,1,1,,2. Angle,"Not Provided,Not Provided","Not Provided,Not Provided",13408678,2.413,3,12/24/2015,12/24/2015,20. Motor Vehicle In Transport,1343,B.Visiible Injury,2015,Left and Right sides,0,0,Virginia Beach,Urban,20. Motor Vehicle In Transport,MAIN,12PM TO 3PM,134.Virginia Beach,37,Intersection,Reset Filters,VDOT_OTHER,Thursday,Not DEER,"East,South",,5,1,153595047,74,Male,"B,PDO","1,2","21. Disregarded Traffic Signal,1. No Improper Action","3. Unavailable/Not Applicable,2. Not Deployed","4. No Test,4. No Test","1. No Defects,1. No Defects","14. No Driver Distraction,14. No Driver Distraction","6. Unknown,6. Unknown","3. Unknown,3. Unknown","3. Totally Ejected,1. Not Ejected","Yes,NotProvided","No,No","8. No Restraint Used,3. Lap and Shoulder Belt","1. Not Obscured,1. Not Obscured",,,2,541392,134-08651(L)/BAKER ROAD,0,0,"0.Two-way, non-divided","20,20",1. On Roadway,"0,0",H,H.Urban Minor Arterial,Other City or Town Streets (not state maintained),Not GUARDRAIL,Not HIT_RUN,"11,12",1,4. Four Approaches,153595047,C,0,0,36.85965,36.85965,0,0.07,Not LRTRUCK,2. Daylight,LOCATED,-76.17526,-76.17526,MAINLINE,MAIN,0,0,0,0,0,Undivided Roadway,"20,20",Not MOTORCYCLE,541392,541392. 13408651      13408678      13408678,36149,34694,35015,33744,33342,4,1,0.007,SEC_URBAN,,,,,,,,,0,0,70,0,1,,0,0,,,,,,,,,Not PED,,1,0,Virginia Beach,134,5,NOT-RD,9. Within Intersection,0,2.25,2.41,1. Straight - Level,1. No Defects,"1. Two-Way, Not Divided",1. Dry,"2. Blacktop, Asphalt, Bituminous",601 BAKER RD,URB,UR,R-VA134UR08678WB,"Urbanized (Population 200,000 and over)",3. No,"1,0",24330,25770,26008,25064,25952,SENIOR,Left and Right sides,"10,10","0,35",Not SPEED,"35,35",541575,0,"2. No,2. No",0,"0,0",12PM TO 3PM,1,1,3. Traffic Signal,1. Yes - Working,Not a Parkway - Trucks and Commercial Vehicles Allowed,"1,2","9. Bicycle,1. Passenger car","HUFFY,ISUZU","1. Going Straight Ahead,3. Making Left Turn","BICYCLE,RODEO",20132002,5,5.Hampton Roads,1. No Adverse Condition (Clear/Cloudy),Not Provided,2. No,Not Provided,Not YOUNG
No Access Control,Not ALCIHOL,Urban,1,1,Bituminous Concrete (Black Base),SHURNEY LN(R)/,Not UNBELTED,61,Male,A,2,BIKE,1.93,0,0,,2. Angle,"Not Provided,Not Provided","Not Provided,Not Provided",13408678,1.944,3,10/1/2014,10/1/2014,22. Bicycle,831,A.Ambulatory Injury,2014,Left and Right sides,0,0,Virginia Beach,Urban,22. Bicycle,MAIN,6AM TO 9AM,134.Virginia Beach,84,Intersection,Reset Filters,VDOT_OTHER,Wednesday,Not DEER,"West,South",,5,1,142755041,32,Female,"PDO,A","1,2","11. Did Not Have Right-of-Way,1. No Improper Action","2. Not Deployed,3. Unavailable/Not Applicable","4. No Test,4. No Test","1. No Defects,1. No Defects","14. No Driver Distraction,14. No Driver Distraction","1. Had Not Been Drinking,1. Had Not Been Drinking","2. No,2. No","1. Not Ejected,3. Totally Ejected","No,Yes","No,No","3. Lap and Shoulder Belt,8. No Restraint Used","1. Not Obscured,1. Not Obscured",,,2,724415,134-00008(L)/DIAMOND SPRINGS,0,0,"0.Two-way, non-divided","22,20",1. On Roadway,"0,0",I,I.Urban Collector,Other City or Town Streets (not state maintained),Not GUARDRAIL,Not HIT_RUN,"1,12",1,3. Three Approaches,142755041,C,0,0,36.86514,36.86514,0,0.03,Not LRTRUCK,2. Daylight,LOCATED,-76.17016,-76.17016,MAINLINE,MAIN,0,0,0,0,0,Undivided Roadway,"22,20",Not MOTORCYCLE,724415,724415. 13400008      13408678      13408678,25431,26060,26301,25346,26883,2,1,0.016,SEC_URBAN,,,,,,,,,0,0,44,0,1,,0,0,,,,,,,,,Not PED,,1,0,Virginia Beach,134,5,NOT-RD,9. Within Intersection,0,1.75,1.94,1. Straight - Level,1. No Defects,"3. Two-Way, Divided, Positive Median Barrier",1. Dry,"2. Blacktop, Asphalt, Bituminous",800 NEWTOWN RD,URB,UR,R-VA134UR08678WB,"Urbanized (Population 200,000 and over)",3. No,"0,0",6560,5713,5766,5556,6213,Not SENIOR,Left and Right sides,"3,3","35,45",Not SPEED,"35,45",541579,0,"1. Yes,2. No",0,"0,0",6AM TO 9AM,1,1,3. Traffic Signal,1. Yes - Working,Not a Parkway - Trucks and Commercial Vehicles Allowed,"1,2","22. Truck - Sport Utility Vehicle (SUV),9. Bicycle","JEEP,RALEIGH","2. Making Right Turn,1. Going Straight Ahead","COMMANDER,SCZ",20072008,5,5.Hampton Roads,1. No Adverse Condition (Clear/Cloudy),Not Provided,2. No,Not Provided,Not YOUNG
No Access Control,Not ALCIHOL,Urban,0,0,"N/A, Unknown, or Unstabilized",SHIRLEY AVE(L)/,Not UNBELTED,23,Male,B,2,BIKE,0.76,1,1,,2. Angle,"Not Provided,Not Provided","Not Provided,Not Provided",12208563,0.76,4,10/1/2014,10/1/2014,22. Bicycle,1746,B.Visiible Injury,2014,Left and Right sides,0,0,Norfolk,Urban,22. Bicycle,MAIN,3PM TO 6PM,122.Norfolk,792,Intersection,Reset Filters,VDOT_OTHER,Wednesday,Not DEER,"South,South",,5,1,142930051,37,Female,"PDO,B","1,2","1. No Improper Action,41. Improper Passing","2. Not Deployed,3. Unavailable/Not Applicable","4. No Test,4. No Test","1. No Defects,1. No Defects","Not Applicable,Not Applicable","1. Had Not Been Drinking,1. Had Not Been Drinking","Not Applicable,Not Applicable","1. Not Ejected,Not Provided","NotProvided,Yes","No,No","3. Lap and Shoulder Belt,9. Not Applicable","1. Not Obscured,1. Not Obscured",,,1,485079,SHIRLEY AVE(R)/,0,0,"0.Two-way, non-divided","22,20",1. On Roadway,"0,0",H,H.Urban Minor Arterial,Other City or Town Streets (not state maintained),Not GUARDRAIL,Not HIT_RUN,"2,12",1,1. Not at Intersection,142930051,C,0,0,36.86774,36.86774,0,0.01,Not LRTRUCK,2. Daylight,LOCATED,-76.29801,-76.29801,MAINLINE,MAIN,0,0,0,0,0,Undivided Roadway,"22,20",Not MOTORCYCLE,485075,485075. 12208563      12208563      12208576      12208576,21260,21512,21711,20923,18719,2,1,0.15,SEC_URBAN,,,,,,,,,0,0,40,0,1,,0,0,,,,,,,,,Not PED,,1,0,Norfolk,122,5,NOT-RD,8. Non-Intersection,0,0.75,0.76,1. Straight - Level,1. No Defects,"1. Two-Way, Not Divided",1. Dry,"2. Blacktop, Asphalt, Bituminous",1400 BLK COLLEY AVENUE,URB,UR,R-VA122UR08563SB,"Urbanized (Population 200,000 and over)",3. No,"0,0",14868,14836,14973,14430,12692,Not SENIOR,Left and Right sides,25,25,Not SPEED,25,485078,0,"1. Yes,2. No",0,"0,0",3PM TO 6PM,1,1,6. Traffic Lanes Marked,6. No Traffic Control Device Present,Not a Parkway - Trucks and Commercial Vehicles Allowed,"1,2","1. Passenger car,9. Bicycle",CADILLAC,"15. Other,1. Going Straight Ahead",,1995,5,5.Hampton Roads,1. No Adverse Condition (Clear/Cloudy),Not Provided,2. No,Not Provided,Not YOUNG
,Not ALCIHOL,Urban,0,0,,,Not UNBELTED,8,Male,B,2,BIKE,,1,1,,16. Other,"Not Provided,Not Provided","Not Provided,Not Provided",,,,10/2/2014,10/2/2014,22. Bicycle,1859,B.Visiible Injury,2014,,0,1,Hampton,Urban,22. Bicycle,MAIN,6PM TO 9PM,114.Hampton,,Not Intersection,Reset Filters,VDOT_OTHER,Thursday,Not DEER,"East,South",,5,1,142865213,55,Female,"C,B","1,2","Not Applicable,1. No Improper Action","2. Not Deployed,3. Unavailable/Not Applicable","Not Applicable,Not Applicable","1. No Defects,1. No Defects","Not Applicable,Not Applicable","Not Applicable,Not Applicable","Not Applicable,2. No","1. Not Ejected,3. Totally Ejected","No,Yes","No,No","1. Lap Belt Only,8. No Restraint Used","Not Applicable,Not Applicable",,,,,,,,,"22,20",1. On Roadway,"0,0",,,,Not GUARDRAIL,Not HIT_RUN,"10,12",1,4. Four Approaches,,C,0,0,37.04967,37.04967,,,Not LRTRUCK,4. Darkness - Road Lighted,UNLOCATED,-76.31634,-76.31634,MAINLINE,,,,,,,,"22,20",Not MOTORCYCLE,,.,,,,,,,1,,SEC_URBAN,,,,,,,,,,,,0,2,,0,0,,,,,,,,,Not PED,,2,0,Hampton,114,5,NOT-RD,1. Main-Line Roadway,,,,1. Straight - Level,1. No Defects,"1. Two-Way, Not Divided",1. Dry,1. Concrete,SEWARD DR,UNKWN,SC,U-VA114SC99999UK,,3. No,"0,0",,,,,,Not SENIOR,,"20,0","25,25",Not SPEED,"25,25",,,"2. No,1. Yes",,"0,0",6PM TO 9PM,1,1,4. Stop Sign,1. Yes - Working,,"1,2","1. Passenger car,9. Bicycle",HOND,"1. Going Straight Ahead,1. Going Straight Ahead","CIVIC,BICYCLIST",,5,5.Hampton Roads,1. No Adverse Condition (Clear/Cloudy),Not Provided,2. No,Not Provided,Not YOUNG
No Access Control,Not ALCIHOL,Urban,0,0,Bituminous Concrete (Black Base),FLEMING CIRCLE(R)/,Not UNBELTED,28,Male,B,1,BIKE,3.73,1,1,,2. Angle,"Not Provided,Not Provided","Not Provided,Not Provided",13408723,3.73,3,10/2/2014,10/2/2014,20. Motor Vehicle In Transport,658,B.Visiible Injury,2014,Left and Right sides,0,0,Virginia Beach,Urban,20. Motor Vehicle In Transport,MAIN,6AM TO 9AM,134.Virginia Beach,"1,373",Intersection,Reset Filters,VDOT_OTHER,Thursday,Not DEER,"South,West",DISTRACTED,5,1,142835280,78,Female,"B,PDO","1,2","10. Wrong Side Of Road - Not Overtaking,Not Applicable","3. Unavailable/Not Applicable,2. Not Deployed","Not Applicable,Not Applicable","1. No Defects,1. No Defects","7. Eyes Not on Road,14. No Driver Distraction","1. Had Not Been Drinking,1. Had Not Been Drinking","2. No,2. No","1. Not Ejected,1. Not Ejected","Yes,NotProvided","No,No","8. No Restraint Used,3. Lap and Shoulder Belt","1. Not Obscured,1. Not Obscured",,,4,542033,BLUEBIRD DR(L)/,0,1,"1.Divided, no control of access","20,22",1. On Roadway,"0,0",H,H.Urban Minor Arterial,Other City or Town Streets (not state maintained),Not GUARDRAIL,Not HIT_RUN,"12,2",1,3. Three Approaches,142835280,C,0,0,36.85111,36.85111,0,0.07,Not LRTRUCK,1. Dawn,LOCATED,-75.99425,-75.99425,MAINLINE,MAIN,0,0,Grass/Unprotected,14,3,Divided Roadway,"20,22",Not MOTORCYCLE,541060,541060.  US00058       US00058      13408723,39186,38419,39236,38307,39694,4,1,0.26,SEC_URBAN,,,,,,,,,0,0,56,0,1,,0,0,,,,,,,,,Not PED,,1,0,Virginia Beach,134,5,NOT-RD,9. Within Intersection,0,3.5,3.73,1. Straight - Level,1. No Defects,"2. Two-Way, Divided, Unprotected Median",1. Dry,"2. Blacktop, Asphalt, Bituminous",1099 FLEMING CIR,URB,UR,R-VA134UR08723SB,"Urbanized (Population 200,000 and over)",3. No,"0,0",21852,21532,21731,20942,24609,SENIOR,Left and Right sides,"5,5","25,25",Not SPEED,"25,25",542032,0,"2. No,2. No",0,"0,0",6AM TO 9AM,1,1,4. Stop Sign,1. Yes - Working,Not a Parkway - Trucks and Commercial Vehicles Allowed,"1,2","9. Bicycle,1. Passenger car","RALEIGH,FORD","1. Going Straight Ahead,2. Making Right Turn","NEX4100,FREESTYLE",20122005,5,5.Hampton Roads,1. No Adverse Condition (Clear/Cloudy),Not Provided,2. No,Not Provided,Not YOUNG
,ALCOHOL,Urban,0,0,,,Not UNBELTED,21,Male,B,1,BIKE,,1,1,,2. Angle,"Not Provided,Not Provided","Not Provided,Not Provided",,,,10/2/2014,10/2/2014,22. Bicycle,210,B.Visiible Injury,2014,,0,0,Virginia Beach,Urban,22. Bicycle,MAIN,0AM TO 3AM,134.Virginia Beach,,Not Intersection,Reset Filters,VDOT_OTHER,Thursday,Not DEER,"West,Not Provided",,5,1,142805331,,Not Provided,"B,PDO","1,2","11. Did Not Have Right-of-Way,34. Hit and Run","3. Unavailable/Not Applicable,Not Provided","4. No Test,Not Applicable","1. No Defects,9. Unknown","14. No Driver Distraction,Not Applicable","4. Drinking - Ability Not Impaired,6. Unknown","2. No,3. Unknown","Not Provided,Not Provided","No,NotProvided","No,Yes","6. Other,Not Provided","1. Not Obscured,Not Applicable",,,,,,,,,"20,22",1. On Roadway,"0,0",,,,Not GUARDRAIL,HIT_RUN,"9,12",1,1. Not at Intersection,,C,0,0,36.78004,36.78004,,,Not LRTRUCK,4. Darkness - Road Lighted,UNLOCATED,-76.05241,-76.05241,MAINLINE,,,,,,,,"20,22",MOTORCYCLE,,.,,,,,,,1,,SEC_URBAN,,,,,,,,,,,,0,1,,0,0,,,,,,,,,Not PED,,1,0,Virginia Beach,134,5,NOT-RD,8. Non-Intersection,,,,1. Straight - Level,1. No Defects,"1. Two-Way, Not Divided",1. Dry,"2. Blacktop, Asphalt, Bituminous",1805 OLYMPIC DRIVE,UNKWN,SC,U-VA134SC99999UK,,3. No,"0,0",,,,,,Not SENIOR,,,"25,25",Not SPEED,"25,25",,,"2. No,Not Provided",,"0,0",0AM TO 3AM,1,1,1. No Traffic Control,6. No Traffic Control Device Present,,"1,2","9. Bicycle,11. Motorcycle","UNK,UNK","15. Other,1. Going Straight Ahead","BICYCLE,MOTORCYCLE",,5,5.Hampton Roads,1. No Adverse Condition (Clear/Cloudy),Not Provided,2. No,Not Provided,Not YOUNG
No Access Control,Not ALCIHOL,Urban,0,0,"N/A, Unknown, or Unstabilized",25TH STREET(R)/,Not UNBELTED,34,Female,B,1,BIKE,302.49,1,1,,2. Angle,"Not Provided,Not Provided","Not Provided,Not Provided",US00060,302.6,4,10/3/2014,10/3/2014,20. Motor Vehicle In Transport,1510,B.Visiible Injury,2014,Left and Right sides,0,0,Virginia Beach,Urban,20. Motor Vehicle In Transport,MAIN,3PM TO 6PM,134.Virginia Beach,422,Intersection,Reset Filters,VDOT_OTHER,Friday,Not DEER,"South,South",,5,1,142765315,26,Female,"B,PDO","1,2","8. Cutting In,1. No Improper Action","3. Unavailable/Not Applicable,2. Not Deployed","4. No Test,4. No Test","1. No Defects,1. No Defects","14. No Driver Distraction,14. No Driver Distraction","1. Had Not Been Drinking,1. Had Not Been Drinking","2. No,2. No","3. Totally Ejected,1. Not Ejected","Yes,No","No,No","8. No Restraint Used,3. Lap and Shoulder Belt","1. Not Obscured,1. Not Obscured",,,303,541108,134-08722(B)/22SD ST,0,1,"1.Divided, no control of access","20,20",1. On Roadway,"0,0",E,E.Urban Other Principle Arterials; Connecting Links of Other Rural Principal Arterial,Urban Extensions - Primary Routes,Not GUARDRAIL,Not HIT_RUN,"1,3",1,1. Not at Intersection,142765315,C,0,0,36.85135,36.85135,0,0.19,Not LRTRUCK,2. Daylight,LOCATED,-75.97723,-75.97723,MAINLINE,MAIN,0,0,Curbed (solid raised),2,2,Divided Roadway,"20,20",Not MOTORCYCLE,541108,541108.  US00060       US00060      13408722      13408722,25340,24166,24141,23764,24222,4,1,0.08,PRI_URBAN,,,,,,,,,0,235,44,0,1,,0,0,,,,,,,,,Not PED,,1,0,Virginia Beach,134,5,NOT-RD,1. Main-Line Roadway,0,302.5,302.58,1. Straight - Level,1. No Defects,"1. Two-Way, Not Divided",1. Dry,"2. Blacktop, Asphalt, Bituminous",2300 PACIFIC AVE,USPRI,US,R-VA   US00060WB,"Urbanized (Population 200,000 and over)",3. No,"0,0",16522,15296,15206,15119,15239,Not SENIOR,Left and Right sides,"10,30","35,35",Not SPEED,"35,35",541109,0.05,"2. No,2. No",0,"0,0",3PM TO 6PM,1,1,6. Traffic Lanes Marked,1. Yes - Working,Not a Parkway - Trucks and Commercial Vehicles Allowed,"1,2","9. Bicycle,1. Passenger car","UNK,FORD","1. Going Straight Ahead,1. Going Straight Ahead","UNK,FIESTA",2013,5,5.Hampton Roads,1. No Adverse Condition (Clear/Cloudy),3. Activity Area,1. Yes,1. Lane Closure,Not YOUNG
No Access Control,Not ALCIHOL,Urban,0,0,Bituminous Concrete (Black Base),SNIDOW BLVD(R)/,Not UNBELTED,17,Male,B,1,BIKE,253.44,1,1,,13. Bicyclist,"Not Provided,Not Provided","Not Provided,Not Provided",US00060,253.899,3,10/3/2014,10/3/2014,22. Bicycle,1433,B.Visiible Injury,2014,Left and Right sides,0,0,Newport News,Urban,22. Bicycle,MAIN,12PM TO 3PM,121.Newport News,"2,751",Intersection,Reset Filters,VDOT_OTHER,Friday,Not DEER,"North,East",,5,1,143210024,,Not Provided,"B,PDO","1,2","37. Other,34. Hit and Run","3. Unavailable/Not Applicable,5. Unknown","Not Applicable,Not Applicable","1. No Defects,9. Unknown","Not Applicable,Not Applicable","1. Had Not Been Drinking,6. Unknown","2. No,3. Unknown","1. Not Ejected,1. Not Ejected","No,No","No,Yes","8. No Restraint Used,9. Not Applicable","1. Not Obscured,1. Not Obscured",,,254,646063,CURTIS TIGNOR ROAD(B)/,0,1,"1.Divided, no control of access","20,22",1. On Roadway,"0,0",H,H.Urban Minor Arterial,Urban Extensions - Primary Routes,Not GUARDRAIL,HIT_RUN,"9,12",1,4. Four Approaches,143210024,C,0,0,37.14334,37.14334,0,0.46,Not LRTRUCK,2. Daylight,LOCATED,-76.54854,-76.54854,MAINLINE,MAIN,0,0,Curbed Grass,38,38,Divided Roadway,"20,22",Not MOTORCYCLE,646060,646060.  US00060       US00060      12100010,43015,42064,45515,43894,44783,4,1,0.521,PRI_URBAN,,,,,,,,,0,138,52,0,1,,0,0,,,,,,,,,Not PED,,1,0,Newport News,121,5,NOT-RD,9. Within Intersection,0,253.75,253.9,1. Straight - Level,1. No Defects,"3. Two-Way, Divided, Positive Median Barrier",1. Dry,"2. Blacktop, Asphalt, Bituminous",CURTIS TIGNOR RD,USPRI,US,R-VA   US00060EB,"Urbanized (Population 200,000 and over)",3. No,"0,0",38756,37899,41542,40062,40874,Not SENIOR,Left and Right sides,"5,3","45,45",Not SPEED,"45,45",646064,0,"2. No,2. No",0,"0,0",12PM TO 3PM,1,1,3. Traffic Signal,1. Yes - Working,Not a Parkway - Trucks and Commercial Vehicles Allowed,"1,2","9. Bicycle,22. Truck - Sport Utility Vehicle (SUV)",,"1. Going Straight Ahead,2. Making Right Turn",,,5,5.Hampton Roads,1. No Adverse Condition (Clear/Cloudy),Not Provided,2. No,Not Provided,YOUNG
,Not ALCIHOL,Urban,1,1,,,Not UNBELTED,7,Male,A,1,BIKE,,0,0,,2. Angle,"Not Provided,Not Provided","Not Provided,Not Provided",,,,12/26/2015,12/26/2015,22. Bicycle,1712,A.Ambulatory Injury,2015,,0,0,Norfolk,Urban,22. Bicycle,MAIN,3PM TO 6PM,122.Norfolk,,Not Intersection,Reset Filters,VDOT_OTHER,Saturday,Not DEER,"North,South",,5,1,160320160,18,Female,"A,PDO","1,2","11. Did Not Have Right-of-Way,1. No Improper Action","3. Unavailable/Not Applicable,2. Not Deployed","Not Applicable,Not Applicable","1. No Defects,1. No Defects","Not Applicable,Not Applicable","1. Had Not Been Drinking,1. Had Not Been Drinking","2. No,2. No","1. Not Ejected,1. Not Ejected","Yes,No","No,No","8. No Restraint Used,3. Lap and Shoulder Belt","5. Trees, Crops, etc.,1. Not Obscured",,,,,,,,,"20,22",1. On Roadway,"0,0",,,,Not GUARDRAIL,Not HIT_RUN,"11,1",1,4. Four Approaches,,C,0,0,36.93728,36.93728,,,Not LRTRUCK,4. Darkness - Road Lighted,UNLOCATED,-76.24155,-76.24155,MAINLINE,,,,,,,,"20,22",Not MOTORCYCLE,,.,,,,,,,1,,SEC_URBAN,,,,,,,,,,,,0,1,,0,0,,,,,,,,,Not PED,,1,0,Norfolk,122,5,NOT-RD,9. Within Intersection,,,,1. Straight - Level,1. No Defects,"1. Two-Way, Not Divided",1. Dry,"2. Blacktop, Asphalt, Bituminous",800 DEVON ST.,UNKWN,SC,U-VA122SC99999UK,,3. No,"0,0",,,,,,Not SENIOR,,"5,25","25,25",Not SPEED,"25,25",,,"2. No,2. No",,"0,0",3PM TO 6PM,1,1,4. Stop Sign,1. Yes - Working,,"1,2","9. Bicycle,1. Passenger car","HYPER,KIA","3. Making Left Turn,1. Going Straight Ahead","SPINNER PRO,FORTE",20152013,5,5.Hampton Roads,3. Fog,Not Provided,2. No,Not Provided,YOUNG
No Access Control,Not ALCIHOL,Urban,0,0,"N/A, Unknown, or Unstabilized",LANGILLE COURT(L)/,Not UNBELTED,30,Female,B,2,BIKE,0.88,1,1,,3. Head On,"Not Provided,Not Provided","Not Provided,Not Provided",11407051,0.956,4,10/4/2014,10/4/2014,22. Bicycle,2026,B.Visiible Injury,2014,None,0,0,Hampton,Urban,22. Bicycle,MAIN,6PM TO 9PM,114.Hampton,"2,872",Intersection,Reset Filters,VDOT_OTHER,Saturday,Not DEER,"Not Provided,Not Provided",,5,1,143170018,,Not Provided,"PDO,B","1,2","15. Improper Turn - Cut Corner on Left Turn,1. No Improper Action","Not Provided,2. Not Deployed","Not Applicable,Not Applicable","1. No Defects,1. No Defects","Not Applicable,Not Applicable","1. Had Not Been Drinking,1. Had Not Been Drinking","Not Applicable,Not Applicable","Not Provided,1. Not Ejected","NotProvided,No","No,No","Not Provided,8. No Restraint Used","1. Not Obscured,1. Not Obscured",,,1,253522,SHELTON ROAD(B)/,0,0,"0.Two-way, non-divided","22,20",1. On Roadway,"0,0",I,I.Urban Collector,Other City or Town Streets (not state maintained),Not GUARDRAIL,Not HIT_RUN,"0,0",1,4. Four Approaches,143170018,C,0,0,37.0341,37.0341,3,0.08,Not LRTRUCK,4. Darkness - Road Lighted,LOCATED,-76.31003,-76.31003,MAINLINE,MAIN,0,0,0,0,0,Undivided Roadway,"22,20",Not MOTORCYCLE,253106,253106.  SR00169       SR00351       SR00351      11407051,12841,12557,12183,11749,11987,2,1,0.544,SEC_URBAN,,,,,,,,,0,0,22,0,1,,0,0,,,,,,,,,Not PED,,1,0,Hampton,114,5,NOT-RD,10. Intersection Related - Within 150 Feet,3,0.75,0.96,1. Straight - Level,1. No Defects,"1. Two-Way, Not Divided",1. Dry,"2. Blacktop, Asphalt, Bituminous",SHELTON RD,URB,UR,R-VA114UR07051NB,"Urbanized (Population 200,000 and over)",3. No,"0,0",3522,3444,3134,3022,3084,Not SENIOR,None,,"0,0",Not SPEED,"25,0",731471,0,"Not Provided,2. No",0,"0,0",6PM TO 9PM,1,1,6. Traffic Lanes Marked,1. Yes - Working,Not a Parkway - Trucks and Commercial Vehicles Allowed,"1,2","1. Passenger car,9. Bicycle",LEXUS,"3. Making Left Turn,1. Going Straight Ahead",,,5,5.Hampton Roads,1. No Adverse Condition (Clear/Cloudy),Not Provided,2. No,Not Provided,Not YOUNG