Access Control,Alcohol Notalcohol,Area Type1,A Crash,A People,Basetypedesc,Begin Node Dsc,Belted Unbelted,Bikeage,Bikegen,Bikeinjurytype,Bikevehiclenumber,Bike Nonbike,BMP,B Crash,B People,Carspeedlimit,Collision Type,Comm Cargo Body Type Cd,Comm Vehicle Body Type Cd,Cotedrouteid,Coted Mp,Count App,CRASH_DT (copy),Crash Dt,Crash Event Type Dsc,Crash Military Tm,Crash Severity,Crash Year,Curbgutterdesc,C Crash,C People,Juris Name Used,Area Type Used,First Harmful Event of Entire Crash,MAINLINE,Time Slicing Used,Phy_Juris_Nm,Offset-Ft,Intersection Analysis,Clear,Calculation_9640323132123359,Day Of Week,Deer Nodeer,Direction Of Travel Cd,Distracted Notdistracted,VSP,TOTAL CRASH,Document Nbr,Driverage,Drivergen,Driverinjurytype,Drivervehiclenumber,Driver Action Type Cd,Driver Airbag Deployment,Driver Alcohol Test Type Cd,Driver Condition Type Cd,Driver Distraction Type Cd,Driver Drinking Type Cd,Driver Drug Use Cd,Driver Ejected From Vehicle,Driver Ems Transport Ind,Driver Fled Scene Ind,Driver Safety Equip Used,Driver Vis Obscured Type Cd,Drowsy Notdrowsy,Drug Nodrug,EMP,End Node,End Node Dsc,End Offset,Facility,FAC,First Crash Event Cd,First Harmful Event,Fourth Crash Event Cd,Functionalclass,FUN,Govcondesc,Gr Nogr,Hitrun Not Hitrun,Initial Veh Impact Area Cd,Injury Crashes,Intersection Type,Int Doc,Jurtype,K_CRASH,K People,LAT (copy),LAT,Leftshoulderwidth,Length,Lgtruck Nonlgtruck,Light Condition,Located Unlocated,LON (copy),LON,MAINLINE (group),Mainline Yn,Medianleftshoulderwidth,Medianrightshoulderwidth,Mediantypedesc,Medianwidthmax,Medianwidthmin,Median Type,Most Harmful Crash Event Cd,Motor Nonmotor,Node,Node Info,Node Totaadt2011,Node Totaadt2012,Node Totaadt2013,Node Totaadt2014,Node Totaadt2015,Numberoflane,Number of Records,Offset,Ownership,Passage,Passgen,Passinjurytype,Passvehiclenumber,Pass Airbag Deployment,Pass Ejected From Vehicle,Pass Ems Transport Ind,Pass Safety Equip Used,Pavementconditionvalue,Pavementroughnessvalue,Pavementwidth,Pdo Crash,Total People Killed & Injured,Pedage,Pedestrians Injured,Pedestrians Killed,Pedgen,Pedinjurytype,Pednumber,Ped Action,Ped Al Test,Ped Cond,Ped Drink,Ped Drug,Ped Nonped,Ped Rflct,Persons Injured,Persons Killed,Physical Juris Nm,PJR,VSP_Used,Rd Type,Relation To Roadway,Rightshoulderwidth,RNS_MP (0.25 mi bin),Rns Mp,Roadway Alignment,Roadway Defect,Roadway Description,Roadway Surface Cond,Roadway Surface Type,Route Or Street Nm,Rte Category Cd,Rte Cat,Rte Nm,Ruralurbandesc,School Zone,Second Crash Event Cd,Segtotaadt2011,Segtotaadt2012,Segtotaadt2013,Segtotaadt2014,Segtotaadt2015,Senior Notsenior,Sidewalkdesc,Speed Before,Speed Max Safe,Speed Notspeed,Speed Posted,Start Node,Start Offset,Summons Issued Cd,Surfacedesc,Third Crash Event Cd,Time Slicing,Total Crashes including Property Damage Only,Total Crash,Traffic Control Type,Trfc Ctrl Status Type,Truckcommr,Vehiclenumber,Vehicle Body Type Cd,Vehicle Make Nm,Vehicle Maneuver Type Cd,Vehicle Model Nm,Vehicle Year Nbr,District,District_Used ,Weather Condition,Work Zone Location,Work Zone Related,Work Zone Type,Young Notyoung
,Not ALCIHOL,Urban,0,0,,,Not UNBELTED,55,Male,B,2,BIKE,,1,1,,2. Angle,"Not Provided,Not Provided","Not Provided,Not Provided",,,,10/16/2014,10/16/2014,22. Bicycle,1330,B.Visiible Injury,2014,,0,0,Virginia Beach,Urban,22. Bicycle,MAIN,12PM TO 3PM,134.Virginia Beach,,Not Intersection,Reset Filters,VDOT_OTHER,Thursday,Not DEER,"Not Provided,North",,5,1,142915231,,Not Provided,"PDO,B","1,2","34. Hit and Run,1. No Improper Action","Not Provided,3. Unavailable/Not Applicable","Not Applicable,4. No Test","9. Unknown,1. No Defects","Not Applicable,14. No Driver Distraction","Not Applicable,6. Unknown","Not Applicable,3. Unknown","Not Provided,3. Totally Ejected","NotProvided,Yes","Yes,No","Not Provided,8. No Restraint Used","Not Applicable,1. Not Obscured",,,,,,,,,"22,20",1. On Roadway,"0,0",,,,Not GUARDRAIL,HIT_RUN,"12,8",1,2. Two Approaches,,C,0,0,36.85476,36.85476,,,Not LRTRUCK,2. Daylight,UNLOCATED,-75.97819,-75.97819,MAINLINE,,,,,,,,"22,20",Not MOTORCYCLE,,.,,,,,,,1,,SEC_URBAN,,,,,,,,,,,,0,1,,0,0,,,,,,,,,Not PED,,1,0,Virginia Beach,134,5,NOT-RD,1. Main-Line Roadway,,,,7. Dip - Straight,1. No Defects,"1. Two-Way, Not Divided",1. Dry,"2. Blacktop, Asphalt, Bituminous",299 26 1/2 STREET,UNKWN,SC,U-VA134SC99999UK,,3. No,"0,0",,,,,,Not SENIOR,,5,"25,25",Not SPEED,"25,25",,,"Not Provided,2. No",,"0,0",12PM TO 3PM,1,1,4. Stop Sign,1. Yes - Working,,"1,2","22. Truck - Sport Utility Vehicle (SUV),9. Bicycle","HONDA,BICYCLE","1. Going Straight Ahead,1. Going Straight Ahead",UNKNOWN,2009,5,5.Hampton Roads,1. No Adverse Condition (Clear/Cloudy),Not Provided,2. No,Not Provided,Not YOUNG
No Access Control,Not ALCIHOL,Urban,1,1,Bituminous Concrete (Black Base),HEMLOCK RD,Not UNBELTED,16,Male,A,2,BIKE,53.16,0,0,,2. Angle,"Not Provided,Not Provided","Not Provided,Not Provided",US00017,53.475,4,6/7/2013,6/7/2013,22. Bicycle,910,A.Ambulatory Injury,2013,Left and Right sides,0,0,Newport News,Urban,22. Bicycle,MAIN,9AM TO 12PM,121.Newport News,"3,458",Intersection,Reset Filters,VDOT_OTHER,Friday,Not DEER,"South,West",,5,1,132680124,28,0,"PDO,A","1,2","1. No Improper Action,37. Other","2. Not Deployed,3. Unavailable/Not Applicable","4. No Test,4. No Test","1. No Defects,1. No Defects","Not Applicable,Not Applicable","Not Applicable,1. Had Not Been Drinking","3. Unknown,3. Unknown","1. Not Ejected,1. Not Ejected","No,Yes","No,No","3. Lap and Shoulder Belt,9. Not Applicable","1. Not Obscured,1. Not Obscured",,,54,646006,SR-00306(L)/121-07027(R)/HARPERSVILLE RD,0,1,"1.Divided, no control of access","22,20",1. On Roadway,"0,0",E,E.Urban Other Principle Arterials; Connecting Links of Other Rural Principal Arterial,Urban Extensions - Primary Routes,Not GUARDRAIL,Not HIT_RUN,"10,2",1,4. Four Approaches,132680124,C,0,0,37.051546,37.051546,0,0.97,Not LRTRUCK,2. Daylight,LOCATED,-76.461061,-76.461061,MAINLINE,MAIN,0,0,Curbed Grass,14,4,Divided Roadway,"22,20",Not MOTORCYCLE,646006,646006.  SR00306       US00017       US00017      12107027,60649,61968,58803,58409,58883,6,1,0.655,PRI_URBAN,,,,,,,,,0,179,72,0,1,,0,0,,,,,,,,,Not PED,,1,0,Newport News,121,5,NOT-RD,1. Main-Line Roadway,0,53.25,53.48,1. Straight - Level,1. No Defects,"2. Two-Way, Divided, Unprotected Median",2. Wet,1. Concrete,IVY FARMS RD,USPRI,US,R-VA   US00017SB,"Urbanized (Population 200,000 and over)",3. No,"0,0",44461,46718,38625,38774,38924,Not SENIOR,Left and Right sides,"45,5","45,45",Not SPEED,"45,45",646007,0,"2. No,1. Yes",0,"0,0",9AM TO 12PM,1,1,3. Traffic Signal,1. Yes - Working,Designated Truck Route - D2,"1,2","1. Passenger car,9. Bicycle","NISSAN,BICYCLE","1. Going Straight Ahead,15. Other",ALTIMA,2011,5,5.Hampton Roads,5. Rain,Not Provided,2. No,Not Provided,YOUNG
No Access Control,Not ALCIHOL,Urban,0,0,Bituminous Concrete (Black Base),MERRY OAKS DRIVE(L)/WARWICK LANDING PKWY(R)/,Not UNBELTED,19,Female,C,1,BIKE,252.6,0,0,,2. Angle,"Not Provided,Not Provided","Not Provided,Not Provided",US00060,252.894,2,1/8/2016,1/8/2016,22. Bicycle,1057,C.Non-Visible Injury,2016,Left and Right sides,1,1,Newport News,Urban,22. Bicycle,MAIN,9AM TO 12PM,121.Newport News,"5,988",Intersection,Reset Filters,VDOT_OTHER,Friday,Not DEER,"West,South",,5,1,160950078,31,Female,"C,PDO","1,2","11. Did Not Have Right-of-Way,1. No Improper Action","3. Unavailable/Not Applicable,2. Not Deployed","Not Applicable,Not Applicable","1. No Defects,1. No Defects","Not Applicable,Not Applicable","Not Applicable,Not Applicable","Not Applicable,Not Applicable","1. Not Ejected,1. Not Ejected","Yes,No","No,No","9. Not Applicable,3. Lap and Shoulder Belt","1. Not Obscured,11. Moving Vehicle(s)",,,253,646065,HICKORY POINT BLVD(R)/,0,1,"1.Divided, no control of access","20,22",1. On Roadway,"0,0",H,H.Urban Minor Arterial,Urban Extensions - Primary Routes,Not GUARDRAIL,Not HIT_RUN,"3,10",1,4. Four Approaches,160950078,C,0,0,37.15638,37.15638,0,0.3,Not LRTRUCK,2. Daylight,LOCATED,-76.55616,-76.55616,MAINLINE,MAIN,0,0,Curbed Grass,38,38,Divided Roadway,"20,22",Not MOTORCYCLE,646070,646070.  US00060       US00060,20578,20123,21427,20664,21083,4,1,1.134,PRI_URBAN,,,,,,,,,0,138,52,0,1,,0,0,,,,,,,,,Not PED,,1,0,Newport News,121,5,NOT-RD,1. Main-Line Roadway,0,252.75,252.89,1. Straight - Level,1. No Defects,"3. Two-Way, Divided, Positive Median Barrier",1. Dry,"2. Blacktop, Asphalt, Bituminous",HICKORY POINT BLVD,USPRI,US,R-VA   US00060EB,"Urbanized (Population 200,000 and over)",3. No,"0,0",26392,25808,27875,26882,27427,Not SENIOR,Left and Right sides,"1,5","25,45",Not SPEED,"25,45",646066,0,"2. No,2. No",0,"0,0",9AM TO 12PM,1,1,3. Traffic Signal,1. Yes - Working,Not a Parkway - Trucks and Commercial Vehicles Allowed,"1,2","9. Bicycle,1. Passenger car",FORD,"15. Other,1. Going Straight Ahead",FOCUS,2004,5,5.Hampton Roads,1. No Adverse Condition (Clear/Cloudy),Not Provided,2. No,Not Provided,YOUNG
No Access Control,Not ALCIHOL,Urban,1,1,Dual Type,FOREST HAVEN LN(B)/,Not UNBELTED,43,Male,A,2,BIKE,33.06,0,0,,2. Angle,"Not Provided,Not Provided","Not Provided,Not Provided",US00017,33.09,3,1/9/2016,1/9/2016,22. Bicycle,1647,A.Ambulatory Injury,2016,Right side,0,0,Chesapeake,Urban,22. Bicycle,MAIN,3PM TO 6PM,131.Chesapeake,"1,003",Intersection,Reset Filters,VDOT_OTHER,Saturday,Not DEER,"South,East",,5,1,160095209,48,Female,"PDO,A","1,2","11. Did Not Have Right-of-Way,10. Wrong Side Of Road - Not Overtaking","2. Not Deployed,3. Unavailable/Not Applicable","Not Applicable,Not Applicable","1. No Defects,1. No Defects","14. No Driver Distraction,14. No Driver Distraction","1. Had Not Been Drinking,6. Unknown","2. No,3. Unknown","1. Not Ejected,1. Not Ejected","No,Yes","No,No","3. Lap and Shoulder Belt,8. No Restraint Used","1. Not Obscured,1. Not Obscured",,,33,483055,FOREST HAVEN LN(B)/,0.36,1,"1.Divided, no control of access","22,20",1. On Roadway,"0,0",E,E.Urban Other Principle Arterials; Connecting Links of Other Rural Principal Arterial,Urban Extensions - Primary Routes,Not GUARDRAIL,Not HIT_RUN,"12,7",1,1. Not at Intersection,160095209,C,0,0,36.8656,36.8656,8,0.32,Not LRTRUCK,2. Daylight,LOCATED,-76.41436,-76.41436,MAINLINE,MAIN,3,3,Grass/Unprotected,18,18,Divided Roadway,"22,20",Not MOTORCYCLE,483056,483056.  US00017       US00017      13108524,23993,24031,23757,23076,22935,4,1,0.19,PRI_URBAN,,,,,,,,,0,206,46,0,1,,0,0,,,,,,,,,Not PED,,1,0,Chesapeake,131,5,NOT-RD,"13. Driveway, Alley-Access - Related",0,33,33.09,1. Straight - Level,1. No Defects,"2. Two-Way, Divided, Unprotected Median",1. Dry,"2. Blacktop, Asphalt, Bituminous",3356 WESTERN BRANCH BL,USPRI,US,R-VA   US00017NB,"Urbanized (Population 200,000 and over)",3. No,"0,0",22596,22717,22398,22586,22361,Not SENIOR,None,"10,3","0,0",Not SPEED,"45,45",483055,0.04,"2. No,2. No",0,"0,0",3PM TO 6PM,1,1,6. Traffic Lanes Marked,1. Yes - Working,Truck Access System,"1,2","1. Passenger car,9. Bicycle","FORD,UNK","2. Making Right Turn,1. Going Straight Ahead","EXPLORER,UNK",2007,5,5.Hampton Roads,1. No Adverse Condition (Clear/Cloudy),Not Provided,2. No,Not Provided,Not YOUNG
No Access Control,Not ALCIHOL,Urban,0,0,"N/A, Unknown, or Unstabilized",45TH STREET(B)/,Not UNBELTED,32,Male,B,2,BIKE,1.98,1,1,,2. Angle,"Not Provided,Not Provided","Not Provided,Not Provided",12208563,1.981,3,1/9/2016,1/9/2016,20. Motor Vehicle In Transport,1510,B.Visiible Injury,2016,Left and Right sides,0,0,Norfolk,Urban,20. Motor Vehicle In Transport,MAIN,3PM TO 6PM,122.Norfolk,586,Intersection,Reset Filters,VDOT_OTHER,Saturday,Not DEER,"Not Provided,South",DISTRACTED,5,1,160980008,20,Female,"PDO,B","1,2","11. Did Not Have Right-of-Way,3. Exceeded Safe Speed But Not Speed Limit","2. Not Deployed,3. Unavailable/Not Applicable","4. No Test,4. No Test","1. No Defects,1. No Defects","1. Looking at Roadside Incident,Not Applicable","1. Had Not Been Drinking,1. Had Not Been Drinking","2. No,2. No","1. Not Ejected,2. Partially Ejected","No,No","No,No","3. Lap and Shoulder Belt,5. Helmet","1. Not Obscured,1. Not Obscured",,,2,485102,46TH STREET(B)/,0,0,"0.Two-way, non-divided","20,20",1. On Roadway,"0,0",H,H.Urban Minor Arterial,Other City or Town Streets (not state maintained),Not GUARDRAIL,Not HIT_RUN,"2,12",1,4. Four Approaches,160980008,C,0,0,36.8851,36.8851,0,0.05,Not LRTRUCK,2. Daylight,LOCATED,-76.29498,-76.29498,MAINLINE,MAIN,0,0,0,0,0,Undivided Roadway,"20,20",Not MOTORCYCLE,485066,485066. 12208562      12208563      12208563,19119,19491,19671,18957,19107,2,1,0.111,SEC_URBAN,,,,,,,,,0,0,36,0,1,,0,0,,,,,,,,,Not PED,,1,0,Norfolk,122,5,NOT-RD,9. Within Intersection,0,1.75,1.98,1. Straight - Level,1. No Defects,"1. Two-Way, Not Divided",1. Dry,1. Concrete,4500 COLLEY AVE,URB,UR,R-VA122UR08563SB,"Urbanized (Population 200,000 and over)",3. No,"0,0",13625,13908,14036,13527,13627,Not SENIOR,Left and Right sides,"10,25","35,35",Not SPEED,"35,35",485101,0,"2. No,2. No",0,"0,0",3PM TO 6PM,1,1,6. Traffic Lanes Marked,1. Yes - Working,Not a Parkway - Trucks and Commercial Vehicles Allowed,"1,2","1. Passenger car,9. Bicycle","NISSAN,ORIGIN-8","3. Making Left Turn,1. Going Straight Ahead","VERSA,FIX-8 BICYCLE",20132015,5,5.Hampton Roads,1. No Adverse Condition (Clear/Cloudy),Not Provided,2. No,Not Provided,YOUNG
,Not ALCIHOL,Urban,0,0,,,Not UNBELTED,13,Female,B,1,BIKE,,1,1,,2. Angle,"Not Provided,Not Provided","Not Provided,Not Provided",,,,1/12/2016,1/12/2016,22. Bicycle,1757,B.Visiible Injury,2016,,0,1,Virginia Beach,Urban,22. Bicycle,MAIN,3PM TO 6PM,134.Virginia Beach,,Not Intersection,Reset Filters,VDOT_OTHER,Tuesday,Not DEER,"East,North",,5,1,160135281,40,Female,"B,C","1,2","11. Did Not Have Right-of-Way,1. No Improper Action","3. Unavailable/Not Applicable,2. Not Deployed","4. No Test,4. No Test","1. No Defects,1. No Defects","14. No Driver Distraction,14. No Driver Distraction","1. Had Not Been Drinking,1. Had Not Been Drinking","2. No,2. No","1. Not Ejected,1. Not Ejected","Yes,No","No,No","8. No Restraint Used,2. Shoulder Belt Only","1. Not Obscured,1. Not Obscured",,,,,,,,,"20,22",1. On Roadway,"0,0",,,,Not GUARDRAIL,Not HIT_RUN,"5,1",1,4. Four Approaches,,C,0,0,36.75616,36.75616,,,Not LRTRUCK,4. Darkness - Road Lighted,UNLOCATED,-76.00685,-76.00685,MAINLINE,,,,,,,,"20,22",Not MOTORCYCLE,,.,,,,,,,1,,SEC_URBAN,,,,,,,,,,,,0,2,,0,0,,,,,,,,,Not PED,,2,0,Virginia Beach,134,5,NOT-RD,9. Within Intersection,,,,1. Straight - Level,1. No Defects,"2. Two-Way, Divided, Unprotected Median",1. Dry,"2. Blacktop, Asphalt, Bituminous",UPTON DRIVE,UNKWN,SC,U-VA134SC99999UK,,3. No,"0,0",,,,,,Not SENIOR,,"5,10",45,Not SPEED,45,,,"2. No,2. No",,"0,0",3PM TO 6PM,1,1,3. Traffic Signal,1. Yes - Working,,"1,2","9. Bicycle,22. Truck - Sport Utility Vehicle (SUV)",HONDA,"1. Going Straight Ahead,1. Going Straight Ahead",CR-V,2010,5,5.Hampton Roads,1. No Adverse Condition (Clear/Cloudy),Not Provided,2. No,Not Provided,Not YOUNG
No Access Control,Not ALCIHOL,Urban,1,1,Bituminous Concrete (Black Base),114-07028(R)/(7028-TIDE MILL LANE/7033-N ARMI,Not UNBELTED,19,Male,A,2,BIKE,0.72,0,0,,12. Ped,"Not Provided,Not Provided","Not Provided,Not Provided",11407033,0.722,3,1/13/2016,1/13/2016,22. Bicycle,1629,A.Ambulatory Injury,2016,Left and Right sides,0,0,Hampton,Urban,22. Bicycle,MAIN,3PM TO 6PM,114.Hampton,11,Intersection,Reset Filters,VDOT_OTHER,Wednesday,Not DEER,"West,North",,5,1,161125236,33,Male,"PDO,A","1,2","Not Applicable,21. Disregarded Traffic Signal","2. Not Deployed,3. Unavailable/Not Applicable","Not Applicable,Not Applicable","1. No Defects,1. No Defects","Not Applicable,Not Applicable","1. Had Not Been Drinking,1. Had Not Been Drinking","2. No,2. No","1. Not Ejected,2. Partially Ejected","No,Yes","No,No","3. Lap and Shoulder Belt,8. No Restraint Used","Not Applicable,1. Not Obscured",,,1,253393,DOWNEY FARM ROAD(L)/,0,1,"1.Divided, no control of access","22,20",1. On Roadway,"0,0",E,E.Urban Other Principle Arterials; Connecting Links of Other Rural Principal Arterial,Other City or Town Streets (not state maintained),Not GUARDRAIL,Not HIT_RUN,"12,2",1,4. Four Approaches,161125236,C,0,0,37.05415,37.05415,0,0.41,Not LRTRUCK,2. Daylight,LOCATED,-76.3793,-76.3793,MAINLINE,MAIN,0,0,Curbed Grass,16,4,Divided Roadway,"22,20",Not MOTORCYCLE,253383,253383. 11407028      11407033      11407033,26998,27101,24853,23616,23744,4,1,0.002,SEC_URBAN,,,,,,,,,0,126,52,0,1,,0,0,,,,,,,,,Not PED,,1,0,Hampton,114,5,NOT-RD,9. Within Intersection,0,0.5,0.72,1. Straight - Level,1. No Defects,"2. Two-Way, Divided, Unprotected Median",1. Dry,"2. Blacktop, Asphalt, Bituminous",N ARMISTEAD AVE,URB,UR,R-VA114UR07033NB,"Urbanized (Population 200,000 and over)",1. Yes,"0,0",23107,23290,23147,21962,22047,Not SENIOR,Left and Right sides,"10,0","30,30",Not SPEED,"30,30",253383,0,"2. No,2. No",0,"0,0",3PM TO 6PM,1,1,3. Traffic Signal,1. Yes - Working,Truck Access System,"1,2","2. Truck - Pick-up/Passenger Truck,9. Bicycle","NISS,OTH","2. Making Right Turn,1. Going Straight Ahead",FRONTIER,,5,5.Hampton Roads,1. No Adverse Condition (Clear/Cloudy),Not Provided,2. No,Not Provided,YOUNG
,Not ALCIHOL,Urban,0,0,,,Not UNBELTED,20,Male,C,2,BIKE,,0,0,,16. Other,"Not Provided,Not Provided","Not Provided,Not Provided",,,,1/16/2016,1/16/2016,22. Bicycle,1320,C.Non-Visible Injury,2016,,1,1,Portsmouth,Urban,22. Bicycle,MAIN,12PM TO 3PM,124.Portsmouth,,Not Intersection,Reset Filters,VDOT_OTHER,Saturday,Not DEER,"South,East",,5,1,160835256,48,Male,"PDO,C","1,2","11. Did Not Have Right-of-Way,1. No Improper Action","2. Not Deployed,3. Unavailable/Not Applicable","4. No Test,4. No Test","Not Applicable,1. No Defects","Not Applicable,Not Applicable","1. Had Not Been Drinking,1. Had Not Been Drinking","2. No,2. No","1. Not Ejected,3. Totally Ejected","No,No","No,No","3. Lap and Shoulder Belt,8. No Restraint Used","1. Not Obscured,1. Not Obscured",,,,,,,,,"22,22",1. On Roadway,"0,0",,,,Not GUARDRAIL,Not HIT_RUN,"1,12",1,4. Four Approaches,,C,0,0,36.81597,36.81597,,,Not LRTRUCK,2. Daylight,UNLOCATED,-76.33647,-76.33647,MAINLINE,,,,,,,,"22,22",Not MOTORCYCLE,,.,,,,,,,1,,SEC_URBAN,,,,,,,,,,,,0,1,,0,0,,,,,,,,,Not PED,,1,0,Portsmouth,124,5,NOT-RD,9. Within Intersection,,,,1. Straight - Level,1. No Defects,"1. Two-Way, Not Divided",1. Dry,"2. Blacktop, Asphalt, Bituminous",3000 PORTSMOUTH BLVD,UNKWN,SC,U-VA124SC99999UK,,3. No,"0,0",,,,,,Not SENIOR,,"10,4","25,25",Not SPEED,"25,25",,,"1. Yes,2. No",,"0,0",12PM TO 3PM,1,1,4. Stop Sign,1. Yes - Working,,"1,2","1. Passenger car,9. Bicycle",MERC,"2. Making Right Turn,1. Going Straight Ahead",COUGAR,1999,5,5.Hampton Roads,1. No Adverse Condition (Clear/Cloudy),Not Provided,2. No,Not Provided,YOUNG
No Access Control,Not ALCIHOL,Urban,0,0,"N/A, Unknown, or Unstabilized",122-00007(L)/CITY HALL @ MONTICELLO,Not UNBELTED,20,Male,B,2,BIKE,0.14,1,1,,3. Head On,"Not Provided,Not Provided","Not Provided,Not Provided",12208582,0.144,3,1/16/2016,1/16/2016,22. Bicycle,1950,B.Visiible Injury,2016,Left and Right sides,0,0,Norfolk,Urban,22. Bicycle,MAIN,6PM TO 9PM,122.Norfolk,21,Intersection,Reset Filters,VDOT_OTHER,Saturday,Not DEER,"West,North",,5,1,160620242,,Female,"PDO,B","1,2","34. Hit and Run,11. Did Not Have Right-of-Way","Not Provided,Not Provided","Not Applicable,4. No Test","Not Applicable,Not Applicable","Not Applicable,Not Applicable","6. Unknown,1. Had Not Been Drinking","3. Unknown,3. Unknown","Not Provided,Not Provided","NotProvided,Yes","Yes,No","Not Provided,Not Provided","11. Moving Vehicle(s),1. Not Obscured",,,0,727349,122-00002(R)/CITY HALL & BANK ST,0,0,"0.Two-way, non-divided","22,22",1. On Roadway,"0,0",H,H.Urban Minor Arterial,Other City or Town Streets (not state maintained),Not GUARDRAIL,HIT_RUN,"12,0",1,3. Three Approaches,160620242,C,0,0,36.84781,36.84781,0,0.07,Not LRTRUCK,4. Darkness - Road Lighted,LOCATED,-76.29042,-76.29042,MAINLINE,MAIN,0,0,0,0,0,Undivided Roadway,"22,22",Not MOTORCYCLE,483798,483798. 12200007      12208582,3104,1513,1527,1471,5479,4,1,0.004,SEC_URBAN,,,,,,,,,0,0,58,0,1,,0,0,,,,,,,,,Not PED,,1,0,Norfolk,122,5,NOT-RD,9. Within Intersection,0,0,0.14,1. Straight - Level,1. No Defects,"3. Two-Way, Divided, Positive Median Barrier",1. Dry,"2. Blacktop, Asphalt, Bituminous",E CITY HALL AVE,URB,UR,R-VA122UR08582WB,"Urbanized (Population 200,000 and over)",3. No,"0,0",,,,,8309,Not SENIOR,Left and Right sides,"20,5","25,25",Not SPEED,"25,25",483798,0,"3. Pending,2. No",0,"0,0",6PM TO 9PM,1,1,3. Traffic Signal,1. Yes - Working,Not a Parkway - Trucks and Commercial Vehicles Allowed,"1,2","2. Truck - Pick-up/Passenger Truck,9. Bicycle",BICYCLE,"1. Going Straight Ahead,3. Making Left Turn",SUV,,5,5.Hampton Roads,1. No Adverse Condition (Clear/Cloudy),Not Provided,2. No,Not Provided,YOUNG
,Not ALCIHOL,Urban,0,0,,,Not UNBELTED,44,Male,B,2,BIKE,,1,1,,16. Other,"Not Provided,Not Provided","Not Provided,Not Provided",,,,10/17/2014,10/17/2014,22. Bicycle,2025,B.Visiible Injury,2014,,0,1,Virginia Beach,Urban,22. Bicycle,MAIN,6PM TO 9PM,134.Virginia Beach,,Not Intersection,Reset Filters,VDOT_OTHER,Friday,Not DEER,"East,North",,5,1,142955221,42,Male,"C,B","1,2","11. Did Not Have Right-of-Way,1. No Improper Action","2. Not Deployed,3. Unavailable/Not Applicable","4. No Test,4. No Test","1. No Defects,1. No Defects","14. No Driver Distraction,14. No Driver Distraction","1. Had Not Been Drinking,1. Had Not Been Drinking","2. No,2. No","1. Not Ejected,1. Not Ejected","No,Yes","No,No","3. Lap and Shoulder Belt,9. Not Applicable","1. Not Obscured,1. Not Obscured",,,,,,,,,"22,20",4. Roadside,"0,0",,,,Not GUARDRAIL,Not HIT_RUN,"2,12",1,1. Not at Intersection,,C,0,0,36.78393,36.78393,,,Not LRTRUCK,4. Darkness - Road Lighted,UNLOCATED,-75.99358,-75.99358,MAINLINE,,,,,,,,"22,20",Not MOTORCYCLE,,.,,,,,,,1,,SEC_URBAN,,,,,,,,,,,,0,2,,0,0,,,,,,,,,Not PED,,2,0,Virginia Beach,134,5,NOT-RD,8. Non-Intersection,,,,1. Straight - Level,1. No Defects,"2. Two-Way, Divided, Unprotected Median",1. Dry,"2. Blacktop, Asphalt, Bituminous",1644 UPTON DR,UNKWN,SC,U-VA134SC99999UK,,3. No,"0,0",,,,,,Not SENIOR,,"10,1","25,25",Not SPEED,"25,25",,,"2. No,2. No",,"0,0",6PM TO 9PM,1,1,4. Stop Sign,1. Yes - Working,,"1,2","1. Passenger car,9. Bicycle","TOYOTA,BICYCLE","2. Making Right Turn,1. Going Straight Ahead","AVALON,BICYCLE",1998,5,5.Hampton Roads,1. No Adverse Condition (Clear/Cloudy),Not Provided,2. No,Not Provided,Not YOUNG
,Not ALCIHOL,Urban,0,0,,,Not UNBELTED,8,Male,B,1,BIKE,,1,1,,2. Angle,"Not Provided,Not Provided","Not Provided,Not Provided",,,,10/19/2014,10/19/2014,20. Motor Vehicle In Transport,1831,B.Visiible Injury,2014,,0,0,Virginia Beach,Urban,20. Motor Vehicle In Transport,MAIN,6PM TO 9PM,134.Virginia Beach,,Not Intersection,Reset Filters,VDOT_OTHER,Sunday,Not DEER,"West,South",,5,1,142965174,61,Female,"B,PDO","1,2","11. Did Not Have Right-of-Way,1. No Improper Action","3. Unavailable/Not Applicable,2. Not Deployed","4. No Test,4. No Test","1. No Defects,1. No Defects","Not Applicable,Not Applicable","1. Had Not Been Drinking,1. Had Not Been Drinking","2. No,2. No","Not Provided,1. Not Ejected","Yes,No","No,No","8. No Restraint Used,3. Lap and Shoulder Belt","1. Not Obscured,1. Not Obscured",,,,,,,,,"22,20",1. On Roadway,"0,0",,,,Not GUARDRAIL,Not HIT_RUN,"1,11",1,1. Not at Intersection,,C,0,0,36.83362,36.83362,,,Not LRTRUCK,2. Daylight,UNLOCATED,-76.18569,-76.18569,MAINLINE,,,,,,,,"22,20",Not MOTORCYCLE,,.,,,,,,,1,,SEC_URBAN,,,,,,,,,,,,0,1,,0,0,,,,,,,,,Not PED,,1,0,Virginia Beach,134,5,NOT-RD,8. Non-Intersection,,,,1. Straight - Level,1. No Defects,"1. Two-Way, Not Divided",1. Dry,1. Concrete,242 CHEYENNE ROAD,UNKWN,SC,U-VA134SC99999UK,,3. No,"0,0",,,,,,Not SENIOR,,"7,15","25,25",Not SPEED,"25,25",,,"2. No,3. Pending",,"0,0",6PM TO 9PM,1,1,4. Stop Sign,1. Yes - Working,,"1,2","9. Bicycle,2. Truck - Pick-up/Passenger Truck","HUFFY,Dodge","1. Going Straight Ahead,1. Going Straight Ahead","BICYCLE,Ram 1500",2006,5,5.Hampton Roads,1. No Adverse Condition (Clear/Cloudy),Not Provided,2. No,Not Provided,Not YOUNG