Access Control,Alcohol Notalcohol,Area Type1,A Crash,A People,Basetypedesc,Begin Node Dsc,Belted Unbelted,Bikeage,Bikegen,Bikeinjurytype,Bikevehiclenumber,Bike Nonbike,BMP,B Crash,B People,Carspeedlimit,Collision Type,Comm Cargo Body Type Cd,Comm Vehicle Body Type Cd,Cotedrouteid,Coted Mp,Count App,CRASH_DT (copy),Crash Dt,Crash Event Type Dsc,Crash Military Tm,Crash Severity,Crash Year,Curbgutterdesc,C Crash,C People,Juris Name Used,Area Type Used,First Harmful Event of Entire Crash,MAINLINE,Time Slicing Used,Phy_Juris_Nm,Offset-Ft,Intersection Analysis,Clear,Calculation_9640323132123359,Day Of Week,Deer Nodeer,Direction Of Travel Cd,Distracted Notdistracted,VSP,TOTAL CRASH,Document Nbr,Driverage,Drivergen,Driverinjurytype,Drivervehiclenumber,Driver Action Type Cd,Driver Airbag Deployment,Driver Alcohol Test Type Cd,Driver Condition Type Cd,Driver Distraction Type Cd,Driver Drinking Type Cd,Driver Drug Use Cd,Driver Ejected From Vehicle,Driver Ems Transport Ind,Driver Fled Scene Ind,Driver Safety Equip Used,Driver Vis Obscured Type Cd,Drowsy Notdrowsy,Drug Nodrug,EMP,End Node,End Node Dsc,End Offset,Facility,FAC,First Crash Event Cd,First Harmful Event,Fourth Crash Event Cd,Functionalclass,FUN,Govcondesc,Gr Nogr,Hitrun Not Hitrun,Initial Veh Impact Area Cd,Injury Crashes,Intersection Type,Int Doc,Jurtype,K_CRASH,K People,LAT (copy),LAT,Leftshoulderwidth,Length,Lgtruck Nonlgtruck,Light Condition,Located Unlocated,LON (copy),LON,MAINLINE (group),Mainline Yn,Medianleftshoulderwidth,Medianrightshoulderwidth,Mediantypedesc,Medianwidthmax,Medianwidthmin,Median Type,Most Harmful Crash Event Cd,Motor Nonmotor,Node,Node Info,Node Totaadt2011,Node Totaadt2012,Node Totaadt2013,Node Totaadt2014,Node Totaadt2015,Numberoflane,Number of Records,Offset,Ownership,Passage,Passgen,Passinjurytype,Passvehiclenumber,Pass Airbag Deployment,Pass Ejected From Vehicle,Pass Ems Transport Ind,Pass Safety Equip Used,Pavementconditionvalue,Pavementroughnessvalue,Pavementwidth,Pdo Crash,Total People Killed & Injured,Pedage,Pedestrians Injured,Pedestrians Killed,Pedgen,Pedinjurytype,Pednumber,Ped Action,Ped Al Test,Ped Cond,Ped Drink,Ped Drug,Ped Nonped,Ped Rflct,Persons Injured,Persons Killed,Physical Juris Nm,PJR,VSP_Used,Rd Type,Relation To Roadway,Rightshoulderwidth,RNS_MP (0.25 mi bin),Rns Mp,Roadway Alignment,Roadway Defect,Roadway Description,Roadway Surface Cond,Roadway Surface Type,Route Or Street Nm,Rte Category Cd,Rte Cat,Rte Nm,Ruralurbandesc,School Zone,Second Crash Event Cd,Segtotaadt2011,Segtotaadt2012,Segtotaadt2013,Segtotaadt2014,Segtotaadt2015,Senior Notsenior,Sidewalkdesc,Speed Before,Speed Max Safe,Speed Notspeed,Speed Posted,Start Node,Start Offset,Summons Issued Cd,Surfacedesc,Third Crash Event Cd,Time Slicing,Total Crashes including Property Damage Only,Total Crash,Traffic Control Type,Trfc Ctrl Status Type,Truckcommr,Vehiclenumber,Vehicle Body Type Cd,Vehicle Make Nm,Vehicle Maneuver Type Cd,Vehicle Model Nm,Vehicle Year Nbr,District,District_Used ,Weather Condition,Work Zone Location,Work Zone Related,Work Zone Type,Young Notyoung
No Access Control,Not ALCIHOL,Urban,0,0,"N/A, Unknown, or Unstabilized",134-00013(B)/BOW CK BLVD,Not UNBELTED,15,Male,B,1,BIKE,0,1,1,,2. Angle,"Not Provided,Not Provided","Not Provided,Not Provided",13408744,0.049,3,1/19/2016,1/19/2016,20. Motor Vehicle In Transport,1719,B.Visiible Injury,2016,Left and Right sides,0,0,Virginia Beach,Urban,20. Motor Vehicle In Transport,MAIN,3PM TO 6PM,134.Virginia Beach,259,Intersection,Reset Filters,VDOT_OTHER,Tuesday,Not DEER,"East,East",DISTRACTED,5,1,160225147,52,Male,"B,PDO","1,2","11. Did Not Have Right-of-Way,1. No Improper Action","3. Unavailable/Not Applicable,2. Not Deployed","4. No Test,4. No Test","1. No Defects,1. No Defects","5. Radio/CD, etc.,14. No Driver Distraction","1. Had Not Been Drinking,1. Had Not Been Drinking","3. Unknown,3. Unknown","1. Not Ejected,1. Not Ejected","Yes,NotProvided","No,No","9. Not Applicable,3. Lap and Shoulder Belt","1. Not Obscured,1. Not Obscured",,,0,542283,HANNIBAL ST(L)/,0,0,"0.Two-way, non-divided","20,22",1. On Roadway,"0,0",I,I.Urban Collector,Other City or Town Streets (not state maintained),Not GUARDRAIL,Not HIT_RUN,"12,1",1,3. Three Approaches,160225147,C,0,0,36.82041,36.82041,0,0.05,Not LRTRUCK,3. Dusk,LOCATED,-76.09671,-76.09671,MAINLINE,MAIN,0,0,0,0,0,Undivided Roadway,"20,22",Not MOTORCYCLE,541289,541289. 13400013      13400013      13408744,33035,31758,32051,30888,30266,2,1,0.049,SEC_URBAN,,,,,,,,,0,0,34,0,1,,0,0,,,,,,,,,Not PED,,1,0,Virginia Beach,134,5,NOT-RD,9. Within Intersection,0,0,0.05,1. Straight - Level,1. No Defects,"1. Two-Way, Not Divided",1. Dry,"2. Blacktop, Asphalt, Bituminous",3500 BOW CREEK BOULEVARD,URB,UR,R-VA134UR08744EB,"Urbanized (Population 200,000 and over)",3. No,"0,0",7118,5959,6014,5796,5479,Not SENIOR,Right side,"5,25","25,25",Not SPEED,"25,25",541289,0,"2. No,Not Provided",0,"0,0",3PM TO 6PM,1,1,6. Traffic Lanes Marked,1. Yes - Working,Not a Parkway - Trucks and Commercial Vehicles Allowed,"1,2","9. Bicycle,1. Passenger car","HUFFY,HONDA","3. Making Left Turn,1. Going Straight Ahead","BICYCLE,ACCORD",2001,5,5.Hampton Roads,1. No Adverse Condition (Clear/Cloudy),Not Provided,2. No,Not Provided,YOUNG
No Access Control,Not ALCIHOL,Urban,0,0,Bituminous Concrete (Black Base),35TH ST(R)/,Not UNBELTED,27,Not Provided,B,2,BIKE,1.28,1,1,,8. Non-Collision,"Not Provided,Not Provided","Not Provided,Not Provided",13408721,1.281,4,6/9/2013,6/9/2013,42. Other Non-Collision,1040,B.Visiible Injury,2013,None,0,0,Virginia Beach,Urban,42. Other Non-Collision,MAIN,9AM TO 12PM,134.Virginia Beach,"1,484",Intersection,Reset Filters,VDOT_OTHER,Sunday,Not DEER,"Not Provided,South",,5,1,131845190,,0,"PDO,B","1,2","34. Hit and Run,1. No Improper Action","Not Provided,3. Unavailable/Not Applicable","Not Applicable,4. No Test","9. Unknown,1. No Defects","Not Applicable,14. No Driver Distraction","6. Unknown,1. Had Not Been Drinking","3. Unknown,2. No","Not Provided,3. Totally Ejected","NotProvided,Yes","Yes,No","Not Provided,5. Helmet","Not Applicable,1. Not Obscured",,,1,541996,35TH ST(R)/,0.09,0,"0.Two-way, non-divided","42,42",1. On Roadway,"0,0",I,I.Urban Collector,Other City or Town Streets (not state maintained),Not GUARDRAIL,HIT_RUN,"0,0",1,4. Four Approaches,131845190,C,0,0,36.862516,36.862516,1,0.09,Not LRTRUCK,2. Daylight,LOCATED,-75.983167,-75.983167,MAINLINE,MAIN,0,0,0,0,0,Undivided Roadway,"42,42",Not MOTORCYCLE,541058,541058.  US00058       US00058      13408721      13408721,36599,34646,35409,34600,35262,2,1,0.281,SEC_URBAN,,,,,,,,,3.7,0,24,0,1,,0,0,,,,,,,,,Not PED,,1,0,Virginia Beach,134,5,NOT-RD,9. Within Intersection,1,1.25,1.28,1. Straight - Level,1. No Defects,"2. Two-Way, Divided, Unprotected Median",1. Dry,"2. Blacktop, Asphalt, Bituminous",3500 HOLLY RD,URB,UR,R-VA134UR08721SB,"Urbanized (Population 200,000 and over)",3. No,"0,0",8697,9687,9776,9422,9612,Not SENIOR,None,"25,10","25,25",Not SPEED,"25,25",541996,0,"Not Provided,2. No",0,"0,0",9AM TO 12PM,1,1,4. Stop Sign,1. Yes - Working,Not a Parkway - Trucks and Commercial Vehicles Allowed,"1,2","22. Truck - Sport Utility Vehicle (SUV),9. Bicycle",FUJI,"3. Making Left Turn,1. Going Straight Ahead",BICYCLE,2013,5,5.Hampton Roads,1. No Adverse Condition (Clear/Cloudy),Not Provided,2. No,Not Provided,Not YOUNG
No Access Control,Not ALCIHOL,Urban,0,0,"N/A, Unknown, or Unstabilized",MCLEMORE STREET(B)/,Not UNBELTED,28,0,C,1,BIKE,0.91,0,0,,2. Angle,"Not Provided,Not Provided","Not Provided,Not Provided",12208573,1.038,3,6/10/2013,6/10/2013,20. Motor Vehicle In Transport,2330,C.Non-Visible Injury,2013,Left and Right sides,1,1,Norfolk,Urban,20. Motor Vehicle In Transport,MAIN,9PM TO 12AM,122.Norfolk,11,Intersection,Reset Filters,VDOT_OTHER,Monday,Not DEER,"Not Provided,Not Provided",,5,1,132770092,54,Male,"C,PDO","1,2","11. Did Not Have Right-of-Way,1. No Improper Action","2. Not Deployed,2. Not Deployed","4. No Test,4. No Test","1. No Defects,1. No Defects","Not Applicable,Not Applicable","1. Had Not Been Drinking,1. Had Not Been Drinking","2. No,2. No","1. Not Ejected,1. Not Ejected","No,No","No,No","9. Not Applicable,3. Lap and Shoulder Belt","1. Not Obscured,1. Not Obscured",,,1,485299,122-08834(R)/TAIT TERRACE(L)/,0,0,"0.Two-way, non-divided","20,20",1. On Roadway,"0,0",H,H.Urban Minor Arterial,Other City or Town Streets (not state maintained),Not GUARDRAIL,Not HIT_RUN,"0,0",1,4. Four Approaches,132770092,C,0,0,36.867727,36.867727,0,0.13,Not LRTRUCK,4. Darkness - Road Lighted,LOCATED,-76.25152,-76.25152,MAINLINE,MAIN,0,0,0,0,0,Undivided Roadway,"20,20",Not MOTORCYCLE,485299,485299. 12208573      12208573      12208834,11024,10336,10431,10053,9723,2,1,0.002,SEC_URBAN,,,,,,,,,0,0,36,0,1,,0,0,,,,,,,,,Not PED,,1,0,Norfolk,122,5,NOT-RD,1. Main-Line Roadway,0,1,1.04,1. Straight - Level,1. No Defects,"1. Two-Way, Not Divided",2. Wet,"2. Blacktop, Asphalt, Bituminous",ballentine blvd/tait terrace,URB,UR,R-VA122UR08573SB,"Urbanized (Population 200,000 and over)",3. No,"0,0",10480,9802,9892,9533,9263,Not SENIOR,Left and Right sides,10,"0,30",Not SPEED,"0,30",485298,0,"1. Yes,2. No",0,"0,0",9PM TO 12AM,1,1,3. Traffic Signal,1. Yes - Working,Not a Parkway - Trucks and Commercial Vehicles Allowed,"1,2","9. Bicycle,22. Truck - Sport Utility Vehicle (SUV)","bicycle,toyota","1. Going Straight Ahead,3. Making Left Turn",4-runner,2001,5,5.Hampton Roads,5. Rain,Not Provided,2. No,Not Provided,Not YOUNG
No Access Control,Not ALCIHOL,Urban,0,0,Bituminous Concrete (Black Base),NEWSTEAD DRIVE(R)/,Not UNBELTED,18,0,B,1,BIKE,16.09,1,1,,2. Angle,"Not Provided,Not Provided","Not Provided,Not Provided",13408669,16.09,3,6/11/2013,6/11/2013,20. Motor Vehicle In Transport,1626,B.Visiible Injury,2013,None,0,0,Virginia Beach,Urban,20. Motor Vehicle In Transport,MAIN,3PM TO 6PM,134.Virginia Beach,"2,006",Intersection,Reset Filters,VDOT_OTHER,Tuesday,Not DEER,"East,East",,5,1,131635155,21,Female,"B,PDO","1,2","8. Cutting In,1. No Improper Action","3. Unavailable/Not Applicable,2. Not Deployed","4. No Test,4. No Test","1. No Defects,1. No Defects","14. No Driver Distraction,14. No Driver Distraction","1. Had Not Been Drinking,1. Had Not Been Drinking","2. No,2. No","3. Totally Ejected,1. Not Ejected","Yes,NotProvided","No,No","5. Helmet,3. Lap and Shoulder Belt","1. Not Obscured,1. Not Obscured",,,16,741950,NEWSTEAD DRIVE(R)/,0.07,0,"0.Two-way, non-divided","20,22",1. On Roadway,"0,0",H,H.Urban Minor Arterial,Other City or Town Streets (not state maintained),Not GUARDRAIL,Not HIT_RUN,"10,12",1,1. Not at Intersection,131635155,C,0,0,36.758335,36.758335,3,0.07,Not LRTRUCK,2. Daylight,LOCATED,-76.013455,-76.013455,MAINLINE,MAIN,0,0,0,0,0,Undivided Roadway,"20,22",Not MOTORCYCLE,541141,541141.  SR00149      13408669      13408669,44046,39106,39467,38035,31486,2,1,0.38,SEC_URBAN,,,,,,,,,0,0,36,0,1,,0,0,,,,,,,,,Not PED,,1,0,Virginia Beach,134,5,NOT-RD,8. Non-Intersection,3,16,16.12,2. Curve - Level,1. No Defects,"1. Two-Way, Not Divided",1. Dry,"2. Blacktop, Asphalt, Bituminous",2180 PRINCESS ANNE RD,URB,UR,R-VA134UR08669SB,"Urbanized (Population 200,000 and over)",3. No,"0,0",18169,16610,16763,16155,15400,Not SENIOR,None,"10,25","25,25",Not SPEED,"25,25",741950,0,"2. No,2. No",0,"0,0",3PM TO 6PM,1,1,6. Traffic Lanes Marked,1. Yes - Working,Not a Parkway - Trucks and Commercial Vehicles Allowed,"1,2","9. Bicycle,22. Truck - Sport Utility Vehicle (SUV)","SCHWINN,NISSAN","6. Merging Into Traffic Lane,1. Going Straight Ahead","MOUNTAIN BIKE,PATHFINDER",2004,5,5.Hampton Roads,1. No Adverse Condition (Clear/Cloudy),Not Provided,2. No,Not Provided,YOUNG
No Access Control,Not ALCIHOL,Urban,0,0,Bituminous Concrete (Black Base),HEMLOCK RD,Not UNBELTED,25,Female,C,2,BIKE,53.16,0,0,,2. Angle,"Not Provided,Not Provided","Not Provided,Not Provided",US00017,53.384,4,6/12/2013,6/12/2013,22. Bicycle,1530,C.Non-Visible Injury,2013,Left and Right sides,1,1,Newport News,Urban,22. Bicycle,MAIN,3PM TO 6PM,121.Newport News,"3,939",Intersection,Reset Filters,VDOT_OTHER,Wednesday,Not DEER,"West,South",,5,1,132820001,46,0,"PDO,C","1,2","1. No Improper Action,37. Other","2. Not Deployed,3. Unavailable/Not Applicable","4. No Test,4. No Test","1. No Defects,1. No Defects","Not Applicable,Not Applicable","1. Had Not Been Drinking,1. Had Not Been Drinking","2. No,2. No","1. Not Ejected,1. Not Ejected","No,Yes","No,No","3. Lap and Shoulder Belt,8. No Restraint Used","1. Not Obscured,1. Not Obscured",,,54,646006,SR-00306(L)/121-07027(R)/HARPERSVILLE RD,0,1,"1.Divided, no control of access","22,6",4. Roadside,"0,0",E,E.Urban Other Principle Arterials; Connecting Links of Other Rural Principal Arterial,Urban Extensions - Primary Routes,Not GUARDRAIL,Not HIT_RUN,"1,12",1,1. Not at Intersection,132820001,C,0,0,37.049799,37.049799,0,0.97,Not LRTRUCK,2. Daylight,LOCATED,-76.460134,-76.460134,MAINLINE,MAIN,0,0,Curbed Grass,14,4,Divided Roadway,"22,6",Not MOTORCYCLE,646006,646006.  SR00306       US00017       US00017      12107027,60649,61968,58803,58409,58883,6,1,0.746,PRI_URBAN,,,,,,,,,0,179,72,0,1,,0,0,,,,,,,,,Not PED,,1,0,Newport News,121,5,RD-UNKNOWN,8. Non-Intersection,0,53.25,53.38,1. Straight - Level,1. No Defects,"3. Two-Way, Divided, Positive Median Barrier",1. Dry,"2. Blacktop, Asphalt, Bituminous",JEFFERSON AVE,USPRI,US,R-VA   US00017NB,"Urbanized (Population 200,000 and over)",3. No,"0,0",44461,46718,38625,38774,38924,Not SENIOR,Left and Right sides,"0,10","45,45",Not SPEED,"45,45",646007,0,"2. No,2. No",0,"0,0",3PM TO 6PM,1,1,6. Traffic Lanes Marked,1. Yes - Working,Designated Truck Route - D2,"1,2","2. Truck - Pick-up/Passenger Truck,9. Bicycle",HONDA,"8. Stopped in Traffic Lane,1. Going Straight Ahead",PILOT,2007,5,5.Hampton Roads,1. No Adverse Condition (Clear/Cloudy),Not Provided,2. No,Not Provided,Not YOUNG
No Access Control,Not ALCIHOL,Urban,1,1,"N/A, Unknown, or Unstabilized",82ND STREET(R)/,Not UNBELTED,54,Male,A,2,BIKE,0.09,0,0,,2. Angle,"Not Provided,Not Provided","Not Provided,Not Provided",11407017,0.169,4,6/12/2013,6/12/2013,22. Bicycle,815,A.Ambulatory Injury,2013,Left and Right sides,0,0,Hampton,Urban,22. Bicycle,MAIN,6AM TO 9AM,114.Hampton,5,Intersection,Reset Filters,VDOT_OTHER,Wednesday,Not DEER,"East,West",DISTRACTED,5,1,132800118,39,0,"PDO,A","1,2","23. Driver Distraction,10. Wrong Side Of Road - Not Overtaking","2. Not Deployed,3. Unavailable/Not Applicable","Not Applicable,Not Applicable","1. No Defects,1. No Defects","6. Cell Phone,Not Applicable","Not Applicable,Not Applicable","2. No,2. No","1. Not Ejected,2. Partially Ejected","No,Yes","No,No","3. Lap and Shoulder Belt,8. No Restraint Used","1. Not Obscured,1. Not Obscured",,,0,253131,US-00258(B)/WHEALTON RD,0,0,"0.Two-way, non-divided","22,20",1. On Roadway,"0,0",I,I.Urban Collector,Other City or Town Streets (not state maintained),Not GUARDRAIL,Not HIT_RUN,"12,7",1,4. Four Approaches,132800118,C,0,0,37.024563,37.024563,0,0.08,Not LRTRUCK,2. Daylight,LOCATED,-76.433436,-76.433436,MAINLINE,MAIN,0,0,0,0,0,Undivided Roadway,"22,20",Not MOTORCYCLE,253131,253131.  US00258       US00258      11407017      11407017,52924,49231,46969,47301,48500,2,1,0.001,SEC_URBAN,,,,,,,,,0,0,44,0,1,,0,0,,,,,,,,,Not PED,,1,0,Hampton,114,5,NOT-RD,9. Within Intersection,0,0,0.17,1. Straight - Level,1. No Defects,"2. Two-Way, Divided, Unprotected Median",1. Dry,"2. Blacktop, Asphalt, Bituminous",ROANOKE AVE,URB,UR,R-VA114UR07017NB,"Urbanized (Population 200,000 and over)",3. No,"0,0",3846,3761,4012,3869,3948,Not SENIOR,None,"5,2","30,45",Not SPEED,"30,45",253300,0,"2. No,2. No",0,"0,0",6AM TO 9AM,1,1,3. Traffic Signal,1. Yes - Working,Not a Parkway - Trucks and Commercial Vehicles Allowed,"1,2","2. Truck - Pick-up/Passenger Truck,9. Bicycle","CHEVROLET,PEUGEOT","2. Making Right Turn,1. Going Straight Ahead","SILVERADO,BICYCLE",2012,5,5.Hampton Roads,1. No Adverse Condition (Clear/Cloudy),Not Provided,2. No,Not Provided,Not YOUNG
,Not ALCIHOL,Urban,0,0,,,Not UNBELTED,55,Male,B,2,BIKE,,1,1,,2. Angle,"Not Provided,Not Provided","Not Provided,Not Provided",,,,1/26/2016,1/26/2016,22. Bicycle,940,B.Visiible Injury,2016,,0,0,Virginia Beach,Urban,22. Bicycle,MAIN,9AM TO 12PM,134.Virginia Beach,,Not Intersection,Reset Filters,VDOT_OTHER,Tuesday,Not DEER,"West,North",,5,1,160275050,32,Female,"PDO,B","1,2","11. Did Not Have Right-of-Way,1. No Improper Action","2. Not Deployed,3. Unavailable/Not Applicable","4. No Test,4. No Test","1. No Defects,1. No Defects","14. No Driver Distraction,14. No Driver Distraction","1. Had Not Been Drinking,1. Had Not Been Drinking","2. No,2. No","1. Not Ejected,2. Partially Ejected","No,Yes","No,No","3. Lap and Shoulder Belt,8. No Restraint Used","1. Not Obscured,1. Not Obscured",,,,,,,,,"22,20",1. On Roadway,"0,0",,,,Not GUARDRAIL,Not HIT_RUN,"12,3",1,3. Three Approaches,,C,0,0,36.86498,36.86498,,,Not LRTRUCK,2. Daylight,UNLOCATED,-75.98074,-75.98074,MAINLINE,,,,,,,,"22,20",Not MOTORCYCLE,,.,,,,,,,1,,SEC_URBAN,,,,,,,,,,,,0,1,,0,0,,,,,,,,,Not PED,,1,0,Virginia Beach,134,5,NOT-RD,9. Within Intersection,,,,1. Straight - Level,1. No Defects,"1. Two-Way, Not Divided",1. Dry,"2. Blacktop, Asphalt, Bituminous",200 37TH ST,UNKWN,SC,U-VA134SC99999UK,,3. No,"0,0",,,,,,Not SENIOR,,"2,5","25,25",Not SPEED,"25,25",,,"2. No,2. No",,"0,0",9AM TO 12PM,1,1,4. Stop Sign,1. Yes - Working,,"1,2","1. Passenger car,9. Bicycle","FORD,FINISS","1. Going Straight Ahead,1. Going Straight Ahead",TAURUS,2001,5,5.Hampton Roads,1. No Adverse Condition (Clear/Cloudy),Not Provided,2. No,Not Provided,Not YOUNG
No Access Control,Not ALCIHOL,Urban,0,0,"N/A, Unknown, or Unstabilized",US-00460(B)/,Not UNBELTED,54,Male,B,2,BIKE,23.84,1,1,,2. Angle,"Not Provided,Not Provided","Not Provided,Not Provided",SR00337,24.304,4,10/20/2014,10/20/2014,22. Bicycle,1950,B.Visiible Injury,2014,Left and Right sides,0,1,Chesapeake,Urban,22. Bicycle,MAIN,6PM TO 9PM,131.Chesapeake,"2,450",Intersection,Reset Filters,VDOT_OTHER,Monday,Not DEER,"East,North",DISTRACTED,5,1,142935402,21,Male,"C,B","1,2","11. Did Not Have Right-of-Way,1. No Improper Action","2. Not Deployed,5. Unknown","Not Applicable,Not Applicable","1. No Defects,1. No Defects","11. Other,1. Looking at Roadside Incident","1. Had Not Been Drinking,1. Had Not Been Drinking","2. No,2. No","1. Not Ejected,1. Not Ejected","No,No","No,No","3. Lap and Shoulder Belt,6. Other","1. Not Obscured,1. Not Obscured",,,25,483677,JB-131/NCL CHESAPEAKE/,0,0,"0.Two-way, non-divided","20,22",1. On Roadway,"0,0",H,H.Urban Minor Arterial,Urban Extensions - Primary Routes,Not GUARDRAIL,Not HIT_RUN,"3,12",1,1. Not at Intersection,142935402,C,0,0,36.82186,36.82186,0,0.74,Not LRTRUCK,4. Darkness - Road Lighted,LOCATED,-76.2794,-76.2794,MAINLINE,MAIN,0,0,0,0,0,Undivided Roadway,"20,20",Not MOTORCYCLE,483678,483678.  SR00337       SR00337       US00460       US00460,14036,13747,13766,14443,14730,2,1,0.464,PRI_URBAN,,,,,,,,,0,160,0,0,2,,0,0,,,,,,,,,Not PED,,2,0,Chesapeake,131,5,NOT-RD,1. Main-Line Roadway,0,24.25,24.3,1. Straight - Level,1. No Defects,"1. Two-Way, Not Divided",1. Dry,"2. Blacktop, Asphalt, Bituminous",713 BAINBRIDGE BL,STPRI,SR,R-VA   SR00337WB,"Urbanized (Population 200,000 and over)",3. No,"0,0",1578,1543,1552,1982,2021,Not SENIOR,None,"20,10","35,35",Not SPEED,"35,35",483678,0,"1. Yes,2. No",0,"0,0",6PM TO 9PM,1,1,6. Traffic Lanes Marked,1. Yes - Working,Truck Access System,"1,2","1. Passenger car,9. Bicycle","Scion,BICYCLE","2. Making Right Turn,1. Going Straight Ahead","tC,UNKNOWN",20082013,5,5.Hampton Roads,1. No Adverse Condition (Clear/Cloudy),Not Provided,2. No,Not Provided,Not YOUNG
No Access Control,Not ALCIHOL,Urban,1,1,Bituminous Concrete (Black Base),122-08641(L)/AZALEA GARDEN RD,Not UNBELTED,71,Male,A,2,BIKE,495.05,0,0,,13. Bicyclist,"Not Provided,Not Provided","Not Provided,Not Provided",US00058,495.421,3,10/21/2014,10/21/2014,22. Bicycle,1730,A.Ambulatory Injury,2014,None,0,0,Norfolk,Urban,22. Bicycle,MAIN,3PM TO 6PM,122.Norfolk,48,Intersection,Reset Filters,VDOT_OTHER,Tuesday,Not DEER,"East,North",,5,1,143250022,36,Female,"PDO,A","1,2","1. No Improper Action,11. Did Not Have Right-of-Way","2. Not Deployed,Not Provided","Not Applicable,Not Applicable","1. No Defects,1. No Defects","Not Applicable,Not Applicable","1. Had Not Been Drinking,1. Had Not Been Drinking","2. No,2. No","1. Not Ejected,Not Provided","NotProvided,Yes","No,No","3. Lap and Shoulder Belt,8. No Restraint Used","1. Not Obscured,1. Not Obscured",,,495,483123,122-08642(L)/RABY RD,0,1,"1.Divided, no control of access","22,20",1. On Roadway,"0,0",E,E.Urban Other Principle Arterials; Connecting Links of Other Rural Principal Arterial,Urban Extensions - Primary Routes,Not GUARDRAIL,Not HIT_RUN,"2,0",1,4. Four Approaches,143250022,C,0,0,36.85601,36.85601,2,0.38,Not LRTRUCK,3. Dusk,LOCATED,-76.21891,-76.21891,MAINLINE,MAIN,0,0,Curbed Grass,14,4,Divided Roadway,"22,20",Not MOTORCYCLE,483123,483123.  US00058       US00058      12208642,34842,34522,34840,33576,34368,4,1,0.009,PRI_URBAN,,,,,,,,,0,211,44,0,1,,0,0,,,,,,,,,Not PED,,1,0,Norfolk,122,5,NOT-RD,"15. Other Crossing (Crossing for Bikes, School, etc.)",2,495.5,495.53,1. Straight - Level,1. No Defects,"2. Two-Way, Divided, Unprotected Median",1. Dry,"2. Blacktop, Asphalt, Bituminous",5500 E VIRGINIA BEACH BLVD,USPRI,US,R-VA   US00058EB,"Urbanized (Population 200,000 and over)",3. No,"0,0",29835,29279,29549,28477,28723,SENIOR,None,"15,3","35,25",Not SPEED,"35,25",483124,0.36,"2. No,2. No",0,"0,0",3PM TO 6PM,1,1,14. Ped Crosswalk,1. Yes - Working,Truck Access System,"1,2","22. Truck - Sport Utility Vehicle (SUV),9. Bicycle","FORD,SCHWIN","1. Going Straight Ahead,1. Going Straight Ahead","EXPLORER,BIKE",2000,5,5.Hampton Roads,1. No Adverse Condition (Clear/Cloudy),Not Provided,2. No,Not Provided,Not YOUNG
,Not ALCIHOL,Urban,0,0,,,Not UNBELTED,30,Male,C,1,BIKE,,0,0,,1. Rear End,"Not Provided,Not Provided","Not Provided,Not Provided",,,,10/22/2014,10/22/2014,22. Bicycle,935,C.Non-Visible Injury,2014,,1,1,Newport News,Urban,22. Bicycle,MAIN,9AM TO 12PM,121.Newport News,,Not Intersection,Reset Filters,VDOT_OTHER,Wednesday,Not DEER,"North,North",DISTRACTED,5,1,143290086,59,Female,"C,PDO","1,2","42. Improper or Unsafe Lane Change,1. No Improper Action","3. Unavailable/Not Applicable,2. Not Deployed","Not Applicable,Not Applicable","1. No Defects,1. No Defects","11. Other,Not Applicable","1. Had Not Been Drinking,1. Had Not Been Drinking","2. No,2. No","3. Totally Ejected,1. Not Ejected","No,No","No,No","5. Helmet,3. Lap and Shoulder Belt","1. Not Obscured,1. Not Obscured",,,,,,,,,"20,22",1. On Roadway,"0,0",,,,Not GUARDRAIL,Not HIT_RUN,"6,11",1,4. Four Approaches,,C,0,0,37.11798,37.11798,,,Not LRTRUCK,2. Daylight,UNLOCATED,-76.486,-76.486,MAINLINE,,,,,,,,"20,22",Not MOTORCYCLE,,.,,,,,,,1,,SEC_URBAN,,,,,,,,,,,,0,1,,0,0,,,,,,,,,Not PED,,1,0,Newport News,121,5,NOT-RD,11. Intersection Related - Outside 150 Feet,,,,1. Straight - Level,1. No Defects,"2. Two-Way, Divided, Unprotected Median",2. Wet,"2. Blacktop, Asphalt, Bituminous",KILN CREEK PKWY,UNKWN,SC,U-VA121SC99999UK,,3. No,"0,13",,,,,,Not SENIOR,,"10,30","35,35",Not SPEED,"35,35",,,"2. No,2. No",,"0,0",9AM TO 12PM,1,1,6. Traffic Lanes Marked,1. Yes - Working,,"1,2","9. Bicycle,1. Passenger car",CADILLAC,"14. Changing Lanes,1. Going Straight Ahead",DTS,2006,5,5.Hampton Roads,5. Rain,Not Provided,2. No,Not Provided,Not YOUNG