Access Control,Alcohol Notalcohol,Area Type1,A Crash,A People,Basetypedesc,Begin Node Dsc,Belted Unbelted,Bikeage,Bikegen,Bikeinjurytype,Bikevehiclenumber,Bike Nonbike,BMP,B Crash,B People,Carspeedlimit,Collision Type,Comm Cargo Body Type Cd,Comm Vehicle Body Type Cd,Cotedrouteid,Coted Mp,Count App,CRASH_DT (copy),Crash Dt,Crash Event Type Dsc,Crash Military Tm,Crash Severity,Crash Year,Curbgutterdesc,C Crash,C People,Juris Name Used,Area Type Used,First Harmful Event of Entire Crash,MAINLINE,Time Slicing Used,Phy_Juris_Nm,Offset-Ft,Intersection Analysis,Clear,Calculation_9640323132123359,Day Of Week,Deer Nodeer,Direction Of Travel Cd,Distracted Notdistracted,VSP,TOTAL CRASH,Document Nbr,Driverage,Drivergen,Driverinjurytype,Drivervehiclenumber,Driver Action Type Cd,Driver Airbag Deployment,Driver Alcohol Test Type Cd,Driver Condition Type Cd,Driver Distraction Type Cd,Driver Drinking Type Cd,Driver Drug Use Cd,Driver Ejected From Vehicle,Driver Ems Transport Ind,Driver Fled Scene Ind,Driver Safety Equip Used,Driver Vis Obscured Type Cd,Drowsy Notdrowsy,Drug Nodrug,EMP,End Node,End Node Dsc,End Offset,Facility,FAC,First Crash Event Cd,First Harmful Event,Fourth Crash Event Cd,Functionalclass,FUN,Govcondesc,Gr Nogr,Hitrun Not Hitrun,Initial Veh Impact Area Cd,Injury Crashes,Intersection Type,Int Doc,Jurtype,K_CRASH,K People,LAT (copy),LAT,Leftshoulderwidth,Length,Lgtruck Nonlgtruck,Light Condition,Located Unlocated,LON (copy),LON,MAINLINE (group),Mainline Yn,Medianleftshoulderwidth,Medianrightshoulderwidth,Mediantypedesc,Medianwidthmax,Medianwidthmin,Median Type,Most Harmful Crash Event Cd,Motor Nonmotor,Node,Node Info,Node Totaadt2011,Node Totaadt2012,Node Totaadt2013,Node Totaadt2014,Node Totaadt2015,Numberoflane,Number of Records,Offset,Ownership,Passage,Passgen,Passinjurytype,Passvehiclenumber,Pass Airbag Deployment,Pass Ejected From Vehicle,Pass Ems Transport Ind,Pass Safety Equip Used,Pavementconditionvalue,Pavementroughnessvalue,Pavementwidth,Pdo Crash,Total People Killed & Injured,Pedage,Pedestrians Injured,Pedestrians Killed,Pedgen,Pedinjurytype,Pednumber,Ped Action,Ped Al Test,Ped Cond,Ped Drink,Ped Drug,Ped Nonped,Ped Rflct,Persons Injured,Persons Killed,Physical Juris Nm,PJR,VSP_Used,Rd Type,Relation To Roadway,Rightshoulderwidth,RNS_MP (0.25 mi bin),Rns Mp,Roadway Alignment,Roadway Defect,Roadway Description,Roadway Surface Cond,Roadway Surface Type,Route Or Street Nm,Rte Category Cd,Rte Cat,Rte Nm,Ruralurbandesc,School Zone,Second Crash Event Cd,Segtotaadt2011,Segtotaadt2012,Segtotaadt2013,Segtotaadt2014,Segtotaadt2015,Senior Notsenior,Sidewalkdesc,Speed Before,Speed Max Safe,Speed Notspeed,Speed Posted,Start Node,Start Offset,Summons Issued Cd,Surfacedesc,Third Crash Event Cd,Time Slicing,Total Crashes including Property Damage Only,Total Crash,Traffic Control Type,Trfc Ctrl Status Type,Truckcommr,Vehiclenumber,Vehicle Body Type Cd,Vehicle Make Nm,Vehicle Maneuver Type Cd,Vehicle Model Nm,Vehicle Year Nbr,District,District_Used ,Weather Condition,Work Zone Location,Work Zone Related,Work Zone Type,Young Notyoung
No Access Control,Not ALCIHOL,Urban,0,0,"N/A, Unknown, or Unstabilized",BLUESTONE AVE(R)/,Not UNBELTED,18,Female,B,2,BIKE,0.38,1,1,,2. Angle,"Not Provided,Not Provided","Not Provided,Not Provided",12208562,0.381,4,6/19/2013,6/19/2013,20. Motor Vehicle In Transport,904,B.Visiible Injury,2013,Left side,0,0,Norfolk,Urban,20. Motor Vehicle In Transport,MAIN,9AM TO 12PM,122.Norfolk,998,Intersection,Reset Filters,VDOT_OTHER,Wednesday,Not DEER,"North,West",,5,1,132900174,26,0,"PDO,B","1,2","1. No Improper Action,31. Avoiding Other Vehicle","2. Not Deployed,3. Unavailable/Not Applicable","Not Applicable,Not Applicable","1. No Defects,1. No Defects","Not Applicable,Not Applicable","1. Had Not Been Drinking,1. Had Not Been Drinking","Not Applicable,Not Applicable","1. Not Ejected,2. Partially Ejected","No,No","No,No","3. Lap and Shoulder Belt,9. Not Applicable","1. Not Obscured,1. Not Obscured",,,0,485064,BOWDEN'S FERRY ROAD(R)/,0,0,"0.Two-way, non-divided","20,27",1. On Roadway,"0,0",I,I.Urban Collector,Other City or Town Streets (not state maintained),Not GUARDRAIL,Not HIT_RUN,"5,0",1,3. Three Approaches,132900174,C,0,0,36.883368,36.883368,0,0.04,Not LRTRUCK,2. Daylight,LOCATED,-76.305693,-76.305693,MAINLINE,MAIN,0,0,0,0,0,Undivided Roadway,"22,20",Not MOTORCYCLE,483654,483654.  SR00337       SR00337      12208562      12208562,44966,46931,46163,43701,37353,2,1,0.189,SEC_URBAN,,,,,,,,,0,0,26,0,1,,0,0,,,,,,,,,Not PED,,1,0,Norfolk,122,5,NOT-RD,9. Within Intersection,5,0.25,0.38,2. Curve - Level,1. No Defects,"1. Two-Way, Not Divided",1. Dry,"2. Blacktop, Asphalt, Bituminous",1200 block w 43rd st,URB,UR,R-VA122UR08562WB,"Urbanized (Population 200,000 and over)",3. No,"22,20",10987,11166,11269,10860,10960,Not SENIOR,Left side,15,"25,0",Not SPEED,"25,0",485063,0,"2. No,2. No",0,"0,0",9AM TO 12PM,1,1,4. Stop Sign,6. No Traffic Control Device Present,Not a Parkway - Trucks and Commercial Vehicles Allowed,"1,2","1. Passenger car,9. Bicycle","toyo,bicycle","1. Going Straight Ahead,1. Going Straight Ahead",4runner,1997,5,5.Hampton Roads,1. No Adverse Condition (Clear/Cloudy),Not Provided,2. No,Not Provided,YOUNG
No Access Control,ALCOHOL,Urban,0,0,Portland Cement Concrete,SR-00194(R)/,Not UNBELTED,46,Male,K,3,BIKE,282.61,0,0,,2. Angle,"Not Provided,Not Provided,Not Provided","Not Provided,Not Provided,Not Provided",US00060,282.845,3,6/19/2013,6/19/2013,22. Bicycle,2135,K.Fatal Injury,2013,Left and Right sides,0,0,Norfolk,Urban,22. Bicycle,MAIN,9PM TO 12AM,122.Norfolk,"1,241",Intersection,Reset Filters,VDOT_OTHER,Wednesday,Not DEER,"West,West,South",,5,1,132120000,26,0,"PDO,PDO,K","1,2,3","34. Hit and Run,34. Hit and Run,11. Did Not Have Right-of-Way","Not Provided,2. Not Deployed,3. Unavailable/Not Applicable","Not Applicable,Not Applicable,1. Blood","9. Unknown,9. Unknown,9. Unknown","Not Applicable,Not Applicable,Not Applicable","6. Unknown,6. Unknown,5. Drinking - Not Known Whether Impaired","3. Unknown,3. Unknown,3. Unknown","Not Provided,1. Not Ejected,3. Totally Ejected","NotProvided,No,Yes","Yes,Yes,No","Not Provided,9. Not Applicable,9. Not Applicable","1. Not Obscured,1. Not Obscured,1. Not Obscured",,,283,483170,122-08619(R)/BEACH VIEW ST,0,0,"0.Two-way, non-divided","22,19,20",1. On Roadway,"0,0,0",E,E.Urban Other Principle Arterials; Connecting Links of Other Rural Principal Arterial,Urban Extensions - Primary Routes,Not GUARDRAIL,HIT_RUN,"12,12,9",0,1. Not at Intersection,132120000,C,1,1,36.947027,36.947027,0,0.58,Not LRTRUCK,4. Darkness - Road Lighted,LOCATED,-76.240127,-76.240127,MAINLINE,MAIN,0,0,0,0,0,Undivided Roadway,"22,19,20",Not MOTORCYCLE,483171,483171.  SR00194       US00060       US00060,18532,18814,18988,18298,19737,4,1,0.235,PRI_URBAN,,,,,,,,,0,170,64,0,1,,0,0,,,,,,,,,Not PED,,0,1,Norfolk,122,5,NOT-RD,8. Non-Intersection,0,282.75,282.84,1. Straight - Level,1. No Defects,"2. Two-Way, Divided, Unprotected Median",1. Dry,"2. Blacktop, Asphalt, Bituminous",1000 e ocean view ave,USPRI,US,R-VA   US00060EB,"Urbanized (Population 200,000 and over)",3. No,"0,0,0",14094,13716,13843,13340,15276,Not SENIOR,Left and Right sides,,"35,35",Not SPEED,"35,35",483171,0,"Not Provided,3. Pending,2. No",0,"0,0,0",9PM TO 12AM,1,1,6. Traffic Lanes Marked,1. Yes - Working,Not a Parkway - Trucks and Commercial Vehicles Allowed,"1,2,3","1. Passenger car,3. Van,9. Bicycle","Chevrolet,Magna","1. Going Straight Ahead,1. Going Straight Ahead,16. Entering Street From Parking Lot","Venture,Fugitive",2008,5,5.Hampton Roads,1. No Adverse Condition (Clear/Cloudy),Not Provided,2. No,Not Provided,Not YOUNG
No Access Control,Not ALCIHOL,Urban,0,0,Portland Cement Concrete,30TH ST,Not UNBELTED,21,0,B,1,BIKE,302.1,1,1,,2. Angle,"Not Provided,Not Provided","Not Provided,Not Provided",US00060,302.1,4,6/21/2013,6/21/2013,20. Motor Vehicle In Transport,1425,B.Visiible Injury,2013,Left and Right sides,0,1,Virginia Beach,Urban,20. Motor Vehicle In Transport,MAIN,12PM TO 3PM,134.Virginia Beach,370,Intersection,Reset Filters,VDOT_OTHER,Friday,Not DEER,"South,West",,5,1,131775056,41,Female,"B,C","1,2","37. Other,1. No Improper Action","3. Unavailable/Not Applicable,2. Not Deployed","Not Applicable,Not Applicable","1. No Defects,1. No Defects","Not Applicable,Not Applicable","1. Had Not Been Drinking,1. Had Not Been Drinking","2. No,2. No","3. Totally Ejected,1. Not Ejected","Yes,No","No,No","9. Not Applicable,3. Lap and Shoulder Belt","1. Not Obscured,1. Not Obscured",,,302,541110,30TH ST,0.02,0,"0.Two-way, non-divided","20,22",2. Shoulder,"0,0",E,E.Urban Other Principle Arterials; Connecting Links of Other Rural Principal Arterial,Urban Extensions - Primary Routes,Not GUARDRAIL,Not HIT_RUN,"12,2",1,1. Not at Intersection,131775056,C,0,0,36.858687,36.858687,0,0.02,Not LRTRUCK,2. Daylight,LOCATED,-75.979086,-75.979086,MAINLINE,MAIN,0,0,0,0,0,Undivided Roadway,"20,22",Not MOTORCYCLE,541057,541057.  US00058       US00060       US00060      13408578,35003,33265,33529,33082,32581,4,1,0.07,PRI_URBAN,,,,,,,,,0,350,62,0,2,,0,0,,,,,,,,,Not PED,,2,0,Virginia Beach,134,5,NOT-RD,8. Non-Intersection,0,302,302.1,1. Straight - Level,1. No Defects,"2. Two-Way, Divided, Unprotected Median",7. Other,1. Concrete,PACIFIC AVE,USPRI,US,R-VA   US00060EB,"Urbanized (Population 200,000 and over)",3. No,"0,0",16522,15296,15206,15119,15239,Not SENIOR,Left and Right sides,"15,0","35,35",Not SPEED,"35,35",541110,0,"1. Yes,2. No",0,"0,0",12PM TO 3PM,1,1,4. Stop Sign,1. Yes - Working,Not a Parkway - Trucks and Commercial Vehicles Allowed,"1,2","9. Bicycle,22. Truck - Sport Utility Vehicle (SUV)","MGX,Lexus","1. Going Straight Ahead,8. Stopped in Traffic Lane","BICYCLE,RX 350",2007,5,5.Hampton Roads,4. Mist,Not Provided,2. No,Not Provided,Not YOUNG
No Access Control,Not ALCIHOL,Urban,0,0,"N/A, Unknown, or Unstabilized",SR-00168(B)/122-08576(U)/P ANNE RD,Not UNBELTED,10,Female,B,2,BIKE,0,1,1,,2. Angle,"Not Provided,Not Provided","Not Provided,Not Provided",SR00404,0.004,4,6/22/2013,6/22/2013,20. Motor Vehicle In Transport,2205,B.Visiible Injury,2013,Left and Right sides,0,0,Norfolk,Urban,20. Motor Vehicle In Transport,MAIN,9PM TO 12AM,122.Norfolk,21,Intersection,Reset Filters,VDOT_OTHER,Saturday,Not DEER,"West,South",,5,1,132970033,20,0,"PDO,B","1,2","1. No Improper Action,11. Did Not Have Right-of-Way","2. Not Deployed,3. Unavailable/Not Applicable","Not Applicable,Not Applicable","1. No Defects,1. No Defects","Not Applicable,Not Applicable","1. Had Not Been Drinking,1. Had Not Been Drinking","2. No,2. No","1. Not Ejected,1. Not Ejected","No,Yes","No,No","3. Lap and Shoulder Belt,9. Not Applicable","1. Not Obscured,1. Not Obscured",,,0,483416,SR-00168(B)/122-08576(U)/P ANNE RD,0.15,0,"0.Two-way, non-divided","22,20",1. On Roadway,"0,0",H,H.Urban Minor Arterial,Urban Extensions - Primary Routes,Not GUARDRAIL,Not HIT_RUN,"12,9",1,4. Four Approaches,132970033,C,0,0,36.856566,36.856566,0,0.15,Not LRTRUCK,4. Darkness - Road Lighted,LOCATED,-76.273369,-76.273369,MAINLINE,MAIN,0,0,0,0,0,Undivided Roadway,"22,20",Not MOTORCYCLE,483416,483416.  SR00168       SR00168       SR00404      12208576,48668,42459,43085,41932,44680,4,1,0.004,PRI_URBAN,,,,,,,,,0,0,54,0,1,,0,0,,,,,,,,,Not PED,,1,0,Norfolk,122,5,NOT-RD,9. Within Intersection,0,0,0,1. Straight - Level,1. No Defects,"1. Two-Way, Not Divided",1. Dry,"2. Blacktop, Asphalt, Bituminous",1000 e princess anne rd,STPRI,SR,R-VA   SR00404WB,"Urbanized (Population 200,000 and over)",3. No,"0,0",21033,15231,15372,14814,15113,Not SENIOR,Left and Right sides,"10,5","25,35",Not SPEED,"25,35",483416,0,"2. No,2. No",0,"0,0",9PM TO 12AM,1,1,3. Traffic Signal,1. Yes - Working,Not a Parkway - Trucks and Commercial Vehicles Allowed,"1,2","3. Van,9. Bicycle","ford,magna","1. Going Straight Ahead,1. Going Straight Ahead","windstar,leech",2000,5,5.Hampton Roads,1. No Adverse Condition (Clear/Cloudy),Not Provided,2. No,Not Provided,YOUNG
No Access Control,Not ALCIHOL,Urban,1,1,Bituminous Concrete (Black Base),US-00060(B)/121-00014(U)/,Not UNBELTED,19,Male,A,1,BIKE,0,0,0,,2. Angle,"Not Provided,Not Provided","Not Provided,Not Provided",12107104,0,4,10/25/2014,10/25/2014,22. Bicycle,2030,A.Ambulatory Injury,2014,Left and Right sides,0,0,Newport News,Urban,22. Bicycle,MAIN,6PM TO 9PM,121.Newport News,0,Intersection,Reset Filters,VDOT_OTHER,Saturday,Not DEER,"South,East",,5,1,143220014,63,Female,"A,PDO","1,2","1. No Improper Action,1. No Improper Action","3. Unavailable/Not Applicable,2. Not Deployed","4. No Test,4. No Test","1. No Defects,1. No Defects","Not Applicable,Not Applicable","1. Had Not Been Drinking,1. Had Not Been Drinking","2. No,2. No","3. Totally Ejected,1. Not Ejected","Yes,No","No,No","8. No Restraint Used,3. Lap and Shoulder Belt","1. Not Obscured,11. Moving Vehicle(s)",,,0,727303,CAMPBELL RD(B)/,0,1,"1.Divided, no control of access","20,22",1. On Roadway,"0,0",H,H.Urban Minor Arterial,Other City or Town Streets (not state maintained),Not GUARDRAIL,Not HIT_RUN,"3,12",1,4. Four Approaches,143220014,C,0,0,37.12057,37.12057,0,0.17,Not LRTRUCK,4. Darkness - Road Lighted,LOCATED,-76.52616,-76.52616,MAINLINE,MAIN,0,0,Curbed Grass,14,4,Divided Roadway,"20,22",Not MOTORCYCLE,716487,716487.  US00060       US00060      12100014      12107104,52093,50941,53018,51129,52166,4,1,0,SEC_URBAN,,,,,,,,,0,0,54,0,1,,0,0,,,,,,,,,Not PED,,1,0,Newport News,121,5,NOT-RD,10. Intersection Related - Within 150 Feet,0,0,0,7. Dip - Straight,1. No Defects,"3. Two-Way, Divided, Positive Median Barrier",1. Dry,"2. Blacktop, Asphalt, Bituminous",BLAND BLVD,URB,UR,R-VA121UR07104EB,"Urbanized (Population 200,000 and over)",3. No,"0,0",30985,30300,29532,28480,29057,Not SENIOR,Left and Right sides,"5,10","5,45",Not SPEED,"45,45",716487,0,"2. No,2. No",0,"0,0",6PM TO 9PM,1,1,3. Traffic Signal,1. Yes - Working,Not a Parkway - Trucks and Commercial Vehicles Allowed,"1,2","9. Bicycle,1. Passenger car",TOYOTA,"1. Going Straight Ahead,1. Going Straight Ahead",MATRIX,2004,5,5.Hampton Roads,1. No Adverse Condition (Clear/Cloudy),Not Provided,2. No,Not Provided,YOUNG
No Access Control,Not ALCIHOL,Urban,0,0,"N/A, Unknown, or Unstabilized",WEST GROVE RD(B)/,Not UNBELTED,22,Male,B,2,BIKE,0.58,1,1,,3. Head On,"Not Provided,Not Provided","Not Provided,Not Provided",13408707,0.613,3,10/26/2014,10/26/2014,22. Bicycle,1250,B.Visiible Injury,2014,None,0,1,Virginia Beach,Urban,22. Bicycle,MAIN,12PM TO 3PM,134.Virginia Beach,37,Intersection,Reset Filters,VDOT_OTHER,Sunday,Not DEER,"South,West",DISTRACTED,5,1,143005059,28,Male,"C,B","1,2","34. Hit and Run,1. No Improper Action","2. Not Deployed,3. Unavailable/Not Applicable","4. No Test,4. No Test","9. Unknown,1. No Defects","7. Eyes Not on Road,14. No Driver Distraction","6. Unknown,1. Had Not Been Drinking","3. Unknown,2. No","1. Not Ejected,3. Totally Ejected","No,Yes","Yes,No","3. Lap and Shoulder Belt,8. No Restraint Used","1. Not Obscured,1. Not Obscured",,,1,541370,134-08638(B)/FERRY PLANTATION RD,0,0,"0.Two-way, non-divided","22,20",1. On Roadway,"0,0",I,I.Urban Collector,Other City or Town Streets (not state maintained),Not GUARDRAIL,HIT_RUN,"12,9",1,4. Four Approaches,143005059,C,0,0,36.87356,36.87356,0,0.04,Not LRTRUCK,2. Daylight,LOCATED,-76.13873,-76.13873,MAINLINE,MAIN,0,0,0,0,0,Undivided Roadway,"22,20",Not MOTORCYCLE,541370,541370. 13408638      13408638      13408707,19391,18465,18636,17959,18072,2,1,0.007,SEC_URBAN,,,,,,,,,0,0,40,0,2,,0,0,,,,,,,,,Not PED,,2,0,Virginia Beach,134,5,NOT-RD,9. Within Intersection,0,0.5,0.62,1. Straight - Level,1. No Defects,"1. Two-Way, Not Divided",1. Dry,"2. Blacktop, Asphalt, Bituminous",4700 HAYGOOD RD,URB,UR,R-VA134UR08707NB,"Urbanized (Population 200,000 and over)",3. No,"0,0",4919,4480,4521,4357,4445,Not SENIOR,None,"5,2","25,25",Not SPEED,"25,25",541775,0.06,"2. No,2. No",0,"0,0",12PM TO 3PM,1,1,4. Stop Sign,1. Yes - Working,Not a Parkway - Trucks and Commercial Vehicles Allowed,"1,2","2. Truck - Pick-up/Passenger Truck,9. Bicycle",Ford,"2. Making Right Turn,1. Going Straight Ahead",F-150,2003,5,5.Hampton Roads,1. No Adverse Condition (Clear/Cloudy),Not Provided,2. No,Not Provided,Not YOUNG
No Access Control,Not ALCIHOL,Urban,0,0,Bituminous Concrete (Black Base),134-08826(L)/134-08832(R)/GREEN MEADOWS DRS,Not UNBELTED,45,Male,B,2,BIKE,26.16,1,1,,1. Rear End,"Not Provided,Not Provided","Not Provided,Not Provided",SR00165,26.16,4,10/27/2014,10/27/2014,20. Motor Vehicle In Transport,1830,B.Visiible Injury,2014,Left and Right sides,0,0,Virginia Beach,Urban,20. Motor Vehicle In Transport,MAIN,6PM TO 9PM,134.Virginia Beach,0,Intersection,Reset Filters,VDOT_OTHER,Monday,Not DEER,"North,East",,5,1,143315148,,Not Provided,"PDO,B","1,2","11. Did Not Have Right-of-Way,1. No Improper Action","Not Provided,2. Not Deployed","4. No Test,4. No Test","1. No Defects,1. No Defects","14. No Driver Distraction,14. No Driver Distraction","1. Had Not Been Drinking,1. Had Not Been Drinking","2. No,2. No","Not Provided,1. Not Ejected","NotProvided,Yes","Yes,No","9. Not Applicable,5. Helmet","1. Not Obscured,1. Not Obscured",,,27,541150,134-08737(B)/EDWIN DR,0,1,"1.Divided, no control of access","20,20",1. On Roadway,"0,0",H,H.Urban Minor Arterial,Urban Extensions - Primary Routes,Not GUARDRAIL,HIT_RUN,"12,6",1,4. Four Approaches,143315148,C,0,0,36.81084,36.81084,0,0.49,Not LRTRUCK,2. Daylight,LOCATED,-76.13865,-76.13865,MAINLINE,MAIN,0,0,Curbed Grass,16,4,Divided Roadway,"20,20",Not MOTORCYCLE,541151,541151.  SR00165       SR00165      13408826      13408832,30649,29786,30061,28969,28360,4,1,0,PRI_URBAN,,,,,,,,,0,175,52,0,1,,0,0,,,,,,,,,Not PED,,1,0,Virginia Beach,134,5,NOT-RD,9. Within Intersection,0,26,26.16,1. Straight - Level,1. No Defects,"2. Two-Way, Divided, Unprotected Median",1. Dry,"2. Blacktop, Asphalt, Bituminous",4672 PRINCESS ANNE RD,STPRI,SR,R-VA   SR00165SB,"Urbanized (Population 200,000 and over)",3. No,"0,0",27001,26377,26621,25654,25257,Not SENIOR,Left and Right sides,3,"35,35",Not SPEED,"35,35",541151,0,"Not Provided,2. No",0,"0,0",6PM TO 9PM,1,1,3. Traffic Signal,1. Yes - Working,Not a Parkway - Trucks and Commercial Vehicles Allowed,"1,2","1. Passenger car,9. Bicycle","UNK,MONGOOSE","3. Making Left Turn,1. Going Straight Ahead","UNK,MOUNTAIN BIKE",,5,5.Hampton Roads,1. No Adverse Condition (Clear/Cloudy),Not Provided,2. No,Not Provided,Not YOUNG
No Access Control,Not ALCIHOL,Urban,1,1,Bituminous Concrete (Black Base),ENFIELD DRIVE(R)/,Not UNBELTED,19,Female,A,2,BIKE,4.47,0,0,,4. Sideswipe - Same Direction,"Not Provided,Not Provided","Not Provided,Not Provided",SR00152,4.84,3,6/23/2013,6/23/2013,20. Motor Vehicle In Transport,908,A.Ambulatory Injury,2013,Left and Right sides,0,0,Hampton,Urban,20. Motor Vehicle In Transport,MAIN,9AM TO 12PM,114.Hampton,"1,795",Intersection,Reset Filters,VDOT_OTHER,Sunday,Not DEER,"Not Provided,Not Provided",,5,1,132970125,66,0,"PDO,A","1,2","37. Other,1. No Improper Action","2. Not Deployed,2. Not Deployed","4. No Test,4. No Test","1. No Defects,1. No Defects","Not Applicable,Not Applicable","1. Had Not Been Drinking,1. Had Not Been Drinking","2. No,2. No","1. Not Ejected,1. Not Ejected","No,Yes","No,No","3. Lap and Shoulder Belt,9. Not Applicable","1. Not Obscured,1. Not Obscured",,,5,746436,VON SCHILLING DRIVE(R)/,0,0,"0.Two-way, non-divided","20,20",1. On Roadway,"0,0",H,H.Urban Minor Arterial,Urban Extensions - Primary Routes,Not GUARDRAIL,Not HIT_RUN,"2,0",1,1. Not at Intersection,132970125,C,0,0,37.048099,37.048099,0,0.53,Not LRTRUCK,2. Daylight,LOCATED,-76.38324,-76.38324,MAINLINE,MAIN,0,0,0,0,0,Undivided Roadway,"20,20",Not MOTORCYCLE,253078,253078.  SR00152       US00258       US00258,51976,49943,51258,51573,52874,4,1,0.34,PRI_URBAN,,,,,,,,,0,0,60,0,1,,0,0,,,,,,,,,Not PED,,1,0,Hampton,114,5,NOT-RD,8. Non-Intersection,0,4.75,4.81,2. Curve - Level,1. No Defects,"1. Two-Way, Not Divided",1. Dry,"2. Blacktop, Asphalt, Bituminous",2100 CANNIBAS HAM DR,STPRI,SR,R-VA   SR00152WB,"Urbanized (Population 200,000 and over)",3. No,"0,0",9920,9701,10494,10120,10325,SENIOR,None,"30,5","35,35",Not SPEED,"35,35",253077,0,"1. Yes,2. No",0,"0,0",9AM TO 12PM,1,1,1. No Traffic Control,6. No Traffic Control Device Present,Not a Parkway - Trucks and Commercial Vehicles Allowed,"1,2","2. Truck - Pick-up/Passenger Truck,9. Bicycle",GMC,"1. Going Straight Ahead,1. Going Straight Ahead",TRUCK,2004,5,5.Hampton Roads,1. No Adverse Condition (Clear/Cloudy),Not Provided,2. No,Not Provided,YOUNG
No Access Control,Not ALCIHOL,Rural,0,0,Bituminous Concrete (Black Base),THORNTON ST.(L)/,Not UNBELTED,69,Male,B,3,BIKE,0.94,1,1,,16. Other,"Not Provided,Not Provided,Not Provided","Not Provided,Not Provided,Not Provided",19001622,0.976,3,6/26/2013,6/26/2013,22. Bicycle,1225,B.Visiible Injury,2013,Left side,0,0,Chincoteaque,Rural,22. Bicycle,MAIN,12PM TO 3PM,190.Chincoteaque,"1,088",Intersection,Reset Filters,VDOT_OTHER,Wednesday,Not DEER,"North,South,South",,5,1,131855145,6577,0,"PDO,PDO,B","1,2,3","42. Improper or Unsafe Lane Change,1. No Improper Action,1. No Improper Action","2. Not Deployed,2. Not Deployed,3. Unavailable/Not Applicable","4. No Test,4. No Test,4. No Test","1. No Defects,1. No Defects,1. No Defects","14. No Driver Distraction,14. No Driver Distraction,14. No Driver Distraction","1. Had Not Been Drinking,1. Had Not Been Drinking,1. Had Not Been Drinking","2. No,2. No,2. No","1. Not Ejected,1. Not Ejected,1. Not Ejected","No,No,No","No,No,No","3. Lap and Shoulder Belt,3. Lap and Shoulder Belt,5. Helmet","1. Not Obscured,1. Not Obscured,1. Not Obscured",,,1,702715,MARGARETS LANE(L)/,0,0,"0.Two-way, non-divided","41,36,20",1. On Roadway,"0,0,0",5,5.Rural Minor Collector,Other City or Town Streets (not state maintained),Not GUARDRAIL,Not HIT_RUN,"0,5,11",1,1. Not at Intersection,131855145,T,0,0,37.923695,37.923695,0,0.06,Not LRTRUCK,2. Daylight,LOCATED,-75.389832,-75.389832,MAINLINE,MAIN,0,0,0,0,0,Undivided Roadway,"41,22,20",Not MOTORCYCLE,106019,106019. 19000004      19001622      19001622,4690,4734,4777,4635,4678,2,1,0.206,VDOT_SEC,,,,,,,,,0,0,32,0,1,,0,0,,,,,,,,,Not PED,,1,0,Chincoteaque,190,5,NOT-RD,8. Non-Intersection,3,0.75,0.98,1. Straight - Level,1. No Defects,"1. Two-Way, Not Divided",1. Dry,"2. Blacktop, Asphalt, Bituminous",3481 MAIN STREET,URB,UR,R-VA190UR01622WB,Rural,3. No,"0,22,0",3013,3041,3069,2957,2984,SENIOR,Left side,"0,25","25,25",Not SPEED,"25,25",106319,0,"3. Pending,2. No,2. No",0,"0,0,0",12PM TO 3PM,1,1,6. Traffic Lanes Marked,1. Yes - Working,Not a Parkway - Trucks and Commercial Vehicles Allowed,"1,2,3","22. Truck - Sport Utility Vehicle (SUV),7. Motor Home, Recreational Vehicle,9. Bicycle","GMC,WINDSTAR","2. Making Right Turn,1. Going Straight Ahead,1. Going Straight Ahead","YUKON,MOTOR HOME",20052008,5,5.Hampton Roads,1. No Adverse Condition (Clear/Cloudy),Not Provided,2. No,Not Provided,Not YOUNG