Access Control,Alcohol Notalcohol,Area Type1,A Crash,A People,Basetypedesc,Begin Node Dsc,Belted Unbelted,Bikeage,Bikegen,Bikeinjurytype,Bikevehiclenumber,Bike Nonbike,BMP,B Crash,B People,Carspeedlimit,Collision Type,Comm Cargo Body Type Cd,Comm Vehicle Body Type Cd,Cotedrouteid,Coted Mp,Count App,CRASH_DT (copy),Crash Dt,Crash Event Type Dsc,Crash Military Tm,Crash Severity,Crash Year,Curbgutterdesc,C Crash,C People,Juris Name Used,Area Type Used,First Harmful Event of Entire Crash,MAINLINE,Time Slicing Used,Phy_Juris_Nm,Offset-Ft,Intersection Analysis,Clear,Calculation_9640323132123359,Day Of Week,Deer Nodeer,Direction Of Travel Cd,Distracted Notdistracted,VSP,TOTAL CRASH,Document Nbr,Driverage,Drivergen,Driverinjurytype,Drivervehiclenumber,Driver Action Type Cd,Driver Airbag Deployment,Driver Alcohol Test Type Cd,Driver Condition Type Cd,Driver Distraction Type Cd,Driver Drinking Type Cd,Driver Drug Use Cd,Driver Ejected From Vehicle,Driver Ems Transport Ind,Driver Fled Scene Ind,Driver Safety Equip Used,Driver Vis Obscured Type Cd,Drowsy Notdrowsy,Drug Nodrug,EMP,End Node,End Node Dsc,End Offset,Facility,FAC,First Crash Event Cd,First Harmful Event,Fourth Crash Event Cd,Functionalclass,FUN,Govcondesc,Gr Nogr,Hitrun Not Hitrun,Initial Veh Impact Area Cd,Injury Crashes,Intersection Type,Int Doc,Jurtype,K_CRASH,K People,LAT (copy),LAT,Leftshoulderwidth,Length,Lgtruck Nonlgtruck,Light Condition,Located Unlocated,LON (copy),LON,MAINLINE (group),Mainline Yn,Medianleftshoulderwidth,Medianrightshoulderwidth,Mediantypedesc,Medianwidthmax,Medianwidthmin,Median Type,Most Harmful Crash Event Cd,Motor Nonmotor,Node,Node Info,Node Totaadt2011,Node Totaadt2012,Node Totaadt2013,Node Totaadt2014,Node Totaadt2015,Numberoflane,Number of Records,Offset,Ownership,Passage,Passgen,Passinjurytype,Passvehiclenumber,Pass Airbag Deployment,Pass Ejected From Vehicle,Pass Ems Transport Ind,Pass Safety Equip Used,Pavementconditionvalue,Pavementroughnessvalue,Pavementwidth,Pdo Crash,Total People Killed & Injured,Pedage,Pedestrians Injured,Pedestrians Killed,Pedgen,Pedinjurytype,Pednumber,Ped Action,Ped Al Test,Ped Cond,Ped Drink,Ped Drug,Ped Nonped,Ped Rflct,Persons Injured,Persons Killed,Physical Juris Nm,PJR,VSP_Used,Rd Type,Relation To Roadway,Rightshoulderwidth,RNS_MP (0.25 mi bin),Rns Mp,Roadway Alignment,Roadway Defect,Roadway Description,Roadway Surface Cond,Roadway Surface Type,Route Or Street Nm,Rte Category Cd,Rte Cat,Rte Nm,Ruralurbandesc,School Zone,Second Crash Event Cd,Segtotaadt2011,Segtotaadt2012,Segtotaadt2013,Segtotaadt2014,Segtotaadt2015,Senior Notsenior,Sidewalkdesc,Speed Before,Speed Max Safe,Speed Notspeed,Speed Posted,Start Node,Start Offset,Summons Issued Cd,Surfacedesc,Third Crash Event Cd,Time Slicing,Total Crashes including Property Damage Only,Total Crash,Traffic Control Type,Trfc Ctrl Status Type,Truckcommr,Vehiclenumber,Vehicle Body Type Cd,Vehicle Make Nm,Vehicle Maneuver Type Cd,Vehicle Model Nm,Vehicle Year Nbr,District,District_Used ,Weather Condition,Work Zone Location,Work Zone Related,Work Zone Type,Young Notyoung
No Access Control,Not ALCIHOL,Urban,0,0,Bituminous Concrete (Black Base),134-08714(R)/WOLFSNARE ROAD(L)/WOLFSNARE RD,Not UNBELTED,24,Not Provided,B,2,BIKE,0.82,1,1,,16. Other,"Not Provided,Not Provided","Not Provided,Not Provided",SR00279,0.82,3,7/16/2013,7/16/2013,22. Bicycle,1711,B.Visiible Injury,2013,Left and Right sides,0,0,Virginia Beach,Urban,22. Bicycle,MAIN,3PM TO 6PM,134.Virginia Beach,0,Intersection,Reset Filters,VDOT_OTHER,Tuesday,Not DEER,"Not Provided,North",,5,1,132015104,,0,"PDO,B","1,2","34. Hit and Run,1. No Improper Action","Not Provided,3. Unavailable/Not Applicable","4. No Test,4. No Test","9. Unknown,1. No Defects","Not Applicable,14. No Driver Distraction","6. Unknown,1. Had Not Been Drinking","3. Unknown,3. Unknown","Not Provided,1. Not Ejected","NotProvided,No","Yes,No","Not Provided,5. Helmet","Not Applicable,Not Applicable",,,1,541225,134-08712(L)/N PLANTATION DRIVE(R)/S PLANTATI,0,1,"1.Divided, no control of access","22,20",1. On Roadway,"0,0",H,H.Urban Minor Arterial,Urban Extensions - Primary Routes,Not GUARDRAIL,HIT_RUN,"1,11",1,4. Four Approaches,132015104,C,0,0,36.853651,36.853651,0,0.21,Not LRTRUCK,2. Daylight,LOCATED,-76.048429,-76.048429,MAINLINE,MAIN,4,4,Grass/Unprotected,40,40,Divided Roadway,"22,20",Not MOTORCYCLE,541224,541224.  SR00279       SR00279      13408714,44857,41082,41461,39956,31035,4,1,0,PRI_URBAN,,,,,,,,,0,0,52,0,1,,0,0,,,,,,,,,Not PED,,1,0,Virginia Beach,134,5,NOT-RD,1. Main-Line Roadway,0,0.75,0.82,1. Straight - Level,1. No Defects,"2. Two-Way, Divided, Unprotected Median",1. Dry,"2. Blacktop, Asphalt, Bituminous",700 GREAT NECK RD,STPRI,SR,R-VA   SR00279NB,"Urbanized (Population 200,000 and over)",3. No,"0,0",42549,38938,39297,37871,29030,Not SENIOR,Left and Right sides,1,"25,25",Not SPEED,"25,25",541224,0,"3. Pending,2. No",0,"0,0",3PM TO 6PM,1,1,3. Traffic Signal,1. Yes - Working,Not a Parkway - Trucks and Commercial Vehicles Allowed,"1,2","2. Truck - Pick-up/Passenger Truck,9. Bicycle","FORD,OTH","2. Making Right Turn,15. Other","F150,BICYCLE",20122012,5,5.Hampton Roads,1. No Adverse Condition (Clear/Cloudy),Not Provided,2. No,Not Provided,Not YOUNG
No Access Control,Not ALCIHOL,Urban,0,0,"N/A, Unknown, or Unstabilized",SUNSET ROAD(R)/,Not UNBELTED,9,Male,B,2,BIKE,272.72,1,1,,5. Sideswipe - Opposite Direction,"Not Provided,Not Provided","Not Provided,Not Provided",US00060,272.839,3,7/17/2013,7/17/2013,22. Bicycle,1848,B.Visiible Injury,2013,Left and Right sides,0,0,Hampton,Urban,22. Bicycle,MAIN,6PM TO 9PM,114.Hampton,639,Intersection,Reset Filters,VDOT_OTHER,Wednesday,Not DEER,"West,South",,5,1,133250073,38,0,"PDO,B","1,2","1. No Improper Action,1. No Improper Action","2. Not Deployed,3. Unavailable/Not Applicable","Not Applicable,Not Applicable","1. No Defects,1. No Defects","Not Applicable,Not Applicable","1. Had Not Been Drinking,1. Had Not Been Drinking","2. No,2. No","1. Not Ejected,1. Not Ejected","No,Yes","No,No","3. Lap and Shoulder Belt,8. No Restraint Used","5. Trees, Crops, etc.,5. Trees, Crops, etc.",,,273,253010,SR-00143(L)/,0,0,"0.Two-way, non-divided","22,20","8. Off Roadway, Location Unknown","0,0",H,H.Urban Minor Arterial,Urban Extensions - Primary Routes,Not GUARDRAIL,Not HIT_RUN,"1,12",1,1. Not at Intersection,133250073,C,0,0,37.018171,37.018171,0,0.24,Not LRTRUCK,2. Daylight,LOCATED,-76.352802,-76.352802,MAINLINE,MAIN,0,0,0,0,0,Undivided Roadway,"22,20",Not MOTORCYCLE,253010,253010.  SR00143       US00060       US00060,10909,10667,10329,9960,10161,4,1,0.121,PRI_URBAN,,,,,,,,,0,200,44,0,1,,0,0,,,,,,,,,Not PED,,1,0,Hampton,114,5,NOT-RD,8. Non-Intersection,0,272.75,272.84,1. Straight - Level,1. No Defects,"1. Two-Way, Not Divided",1. Dry,1. Concrete,4330 KECOUGHTAN RD,USPRI,US,R-VA   US00060WB,"Urbanized (Population 200,000 and over)",3. No,"0,0",8069,7890,7787,7510,7662,Not SENIOR,Left and Right sides,5,"35,0",Not SPEED,"35,0",253011,0,"2. No,2. No",0,"0,0",6PM TO 9PM,1,1,1. No Traffic Control,6. No Traffic Control Device Present,Not a Parkway - Trucks and Commercial Vehicles Allowed,"1,2","1. Passenger car,9. Bicycle","ACURA,MONGOOSE","2. Making Right Turn,1. Going Straight Ahead","2 door,20""",2001,5,5.Hampton Roads,1. No Adverse Condition (Clear/Cloudy),Not Provided,2. No,Not Provided,Not YOUNG
No Access Control,ALCOHOL,Urban,0,0,Dual Type,122-08625(R)/SUBURBAN PKWY,Not UNBELTED,41,Male,B,1,BIKE,403.66,1,1,,2. Angle,"Not Provided,Not Provided","Not Provided,Not Provided",US00460,403.779,4,11/11/2014,11/11/2014,22. Bicycle,1254,B.Visiible Injury,2014,Left and Right sides,0,0,Norfolk,Urban,22. Bicycle,MAIN,12PM TO 3PM,122.Norfolk,5,Intersection,Reset Filters,VDOT_OTHER,Tuesday,Not DEER,"East,South",,5,1,143300023,30,Female,"B,PDO","1,2","11. Did Not Have Right-of-Way,1. No Improper Action","3. Unavailable/Not Applicable,2. Not Deployed","4. No Test,Not Applicable","1. No Defects,1. No Defects","Not Applicable,Not Applicable","4. Drinking - Ability Not Impaired,1. Had Not Been Drinking","2. No,2. No","3. Totally Ejected,1. Not Ejected","Yes,No","No,No","9. Not Applicable,3. Lap and Shoulder Belt","1. Not Obscured,1. Not Obscured",,,404,483306,SR-00165(B)/,0,1,"1.Divided, no control of access","20,22",1. On Roadway,"0,0",E,E.Urban Other Principle Arterials; Connecting Links of Other Rural Principal Arterial,Urban Extensions - Primary Routes,Not GUARDRAIL,Not HIT_RUN,"12,12",1,4. Four Approaches,143300023,C,0,0,36.91484,36.91484,0,0.12,Not LRTRUCK,2. Daylight,LOCATED,-76.27278,-76.27278,MAINLINE,MAIN,0,0,Curbed Grass,48,48,Divided Roadway,"20,22",Not MOTORCYCLE,483306,483306.  SR00165       SR00165       US00460       US00460,50530,48972,46238,44984,46782,6,1,0.001,PRI_URBAN,,,,,,,,,0,200,66,0,1,,0,0,,,,,,,,,Not PED,,1,0,Norfolk,122,5,NOT-RD,10. Intersection Related - Within 150 Feet,0,403.75,403.78,1. Straight - Level,1. No Defects,"2. Two-Way, Divided, Unprotected Median",2. Wet,"2. Blacktop, Asphalt, Bituminous",7500 GRANBY ST,USPRI,US,R-VA   US00460WB,"Urbanized (Population 200,000 and over)",3. No,"0,0",28543,31771,32064,30901,28425,Not SENIOR,None,"5,10","5,35",Not SPEED,"5,35",483746,0,"1. Yes,2. No",0,"0,0",12PM TO 3PM,1,1,3. Traffic Signal,1. Yes - Working,Not a Parkway - Trucks and Commercial Vehicles Allowed,"1,2","9. Bicycle,3. Van","ROYAL UNIO,CHRYSLER","1. Going Straight Ahead,3. Making Left Turn","2000 ALUM,TOWN/COUNTRY",2003,5,5.Hampton Roads,5. Rain,Not Provided,2. No,Not Provided,Not YOUNG
No Access Control,Not ALCIHOL,Urban,0,0,"N/A, Unknown, or Unstabilized",134-08705(R)/LOOKOUT RD/8681,Not UNBELTED,31,Female,B,2,BIKE,0.32,1,1,,1. Rear End,"Not Provided,Not Provided","Not Provided,Not Provided",13408681,0.329,3,7/18/2013,7/18/2013,22. Bicycle,1610,B.Visiible Injury,2013,Left and Right sides,0,0,Virginia Beach,Urban,22. Bicycle,MAIN,3PM TO 6PM,134.Virginia Beach,48,Intersection,Reset Filters,VDOT_OTHER,Thursday,Not DEER,"North,South",DISTRACTED,5,1,132005013,34,0,"PDO,B","1,2","11. Did Not Have Right-of-Way,1. No Improper Action","2. Not Deployed,3. Unavailable/Not Applicable","4. No Test,4. No Test","1. No Defects,1. No Defects","11. Other,14. No Driver Distraction","1. Had Not Been Drinking,1. Had Not Been Drinking","3. Unknown,3. Unknown","1. Not Ejected,3. Totally Ejected","NotProvided,Yes","No,No","3. Lap and Shoulder Belt,9. Not Applicable","1. Not Obscured,1. Not Obscured",,,0,541004,US-00013(B)/PLEASURE HOUSE RD,0,0,"0.Two-way, non-divided","22,20",1. On Roadway,"0,0",I,I.Urban Collector,Other City or Town Streets (not state maintained),Not GUARDRAIL,Not HIT_RUN,"12,7",1,3. Three Approaches,132005013,C,0,0,36.897778,36.897778,0,0.11,Not LRTRUCK,2. Daylight,LOCATED,-76.137988,-76.137988,MAINLINE,MAIN,0,0,0,0,0,Undivided Roadway,"22,20",Not MOTORCYCLE,541622,541622. 13408681      13408681      13408705,17123,16119,16268,15677,15739,4,1,0.009,SEC_URBAN,,,,,,,,,0,0,48,0,1,,0,0,,,,,,,,,Not PED,,1,0,Virginia Beach,134,5,NOT-RD,9. Within Intersection,0,0.25,0.33,1. Straight - Level,1. No Defects,"1. Two-Way, Not Divided",1. Dry,"2. Blacktop, Asphalt, Bituminous",PLEASURE HOUSE RD,URB,UR,R-VA134UR08681NB,"Urbanized (Population 200,000 and over)",3. No,"0,0",13233,12183,12295,11849,11962,Not SENIOR,Left and Right sides,"5,5","35,35",Not SPEED,"35,35",541622,0,"2. No,2. No",0,"0,0",3PM TO 6PM,1,1,3. Traffic Signal,1. Yes - Working,Not a Parkway - Trucks and Commercial Vehicles Allowed,"1,2","1. Passenger car,9. Bicycle",Lexus,"2. Making Right Turn,1. Going Straight Ahead","ES 300,BICYCLE",1995,5,5.Hampton Roads,1. No Adverse Condition (Clear/Cloudy),Not Provided,2. No,Not Provided,Not YOUNG
,Not ALCIHOL,Urban,0,0,,,Not UNBELTED,35,Female,B,2,BIKE,,1,1,,2. Angle,"Not Provided,Not Provided","Not Provided,Not Provided",,,,7/18/2013,7/18/2013,20. Motor Vehicle In Transport,1356,B.Visiible Injury,2013,,0,0,Norfolk,Urban,20. Motor Vehicle In Transport,MAIN,12PM TO 3PM,122.Norfolk,,Not Intersection,Reset Filters,VDOT_OTHER,Thursday,Not DEER,"Not Provided,Not Provided",DISTRACTED,5,1,133250097,19,Female,"PDO,B","1,2","1. No Improper Action,Not Applicable","2. Not Deployed,2. Not Deployed","4. No Test,Not Applicable","1. No Defects,Not Applicable","1. Looking at Roadside Incident,Not Applicable","1. Had Not Been Drinking,Not Applicable","2. No,Not Applicable","1. Not Ejected,1. Not Ejected","No,No","No,No","3. Lap and Shoulder Belt,9. Not Applicable","1. Not Obscured,Not Applicable",,,,,,,,,"0,0",1. On Roadway,"0,0",,,,Not GUARDRAIL,Not HIT_RUN,"0,0",1,4. Four Approaches,,C,0,0,36.867576,36.867576,,,Not LRTRUCK,2. Daylight,UNLOCATED,-76.288681,-76.288681,MAINLINE,,,,,,,,"0,0",Not MOTORCYCLE,,.,,,,,,,1,,SEC_URBAN,,,,,,,,,,,,0,1,,0,0,,,,,,,,,Not PED,,1,0,Norfolk,122,5,NOT-RD,9. Within Intersection,,,,1. Straight - Level,1. No Defects,"1. Two-Way, Not Divided",1. Dry,"2. Blacktop, Asphalt, Bituminous",300 west 20th st,UNKWN,SC,U-VA122SC99999UK,,3. No,"0,0",,,,,,Not SENIOR,,2,"25,0",Not SPEED,"25,0",,,"2. No,2. No",,"0,0",12PM TO 3PM,1,1,4. Stop Sign,1. Yes - Working,,"1,2","1. Passenger car,9. Bicycle","Chev,bicycle","2. Making Right Turn,Not Applicable",malibu,2004,5,5.Hampton Roads,1. No Adverse Condition (Clear/Cloudy),Not Provided,2. No,Not Provided,YOUNG
No Access Control,Not ALCIHOL,Urban,0,0,Bituminous Concrete (Black Base),SR-00190(B)/WHITEHURST LAND RD,Not UNBELTED,68,Male,B,2,BIKE,0,1,1,,2. Angle,"Not Provided,Not Provided","Not Provided,Not Provided",13408731,0.002,3,7/19/2013,7/19/2013,28. Ran Off Road,1029,B.Visiible Injury,2013,Left and Right sides,0,0,Virginia Beach,Urban,28. Ran Off Road,MAIN,9AM TO 12PM,134.Virginia Beach,11,Intersection,Reset Filters,VDOT_OTHER,Friday,Not DEER,"East,North",DISTRACTED,5,1,132035041,29,0,"PDO,B","1,2","37. Other,37. Other","2. Not Deployed,3. Unavailable/Not Applicable","Not Applicable,Not Applicable","1. No Defects,1. No Defects","11. Other,Not Applicable","1. Had Not Been Drinking,1. Had Not Been Drinking","2. No,2. No","1. Not Ejected,1. Not Ejected","No,Yes","No,No","3. Lap and Shoulder Belt,5. Helmet","13. Other,Not Applicable",,,0,541172,SR-00190(B)/WHITEHURST LAND RD,0.04,0,"0.Two-way, non-divided","22,20",1. On Roadway,"0,0",I,I.Urban Collector,Other City or Town Streets (not state maintained),Not GUARDRAIL,Not HIT_RUN,"1,7",1,3. Three Approaches,132035041,C,0,0,36.80419594,36.80419594,0,0.04,Not LRTRUCK,2. Daylight,LOCATED,-76.17354111,-76.17354111,MAINLINE,MAIN,0,0,0,0,0,Undivided Roadway,"22,20",Not MOTORCYCLE,541172,541172.  SR00190       SR00190      13408731,32109,30068,30345,29244,28013,2,1,0.002,SEC_URBAN,,,,,,,,,0,0,36,0,1,,0,0,,,,,,,,,Not PED,,1,0,Virginia Beach,134,5,NOT-RD,9. Within Intersection,0,0,0,1. Straight - Level,1. No Defects,"2. Two-Way, Divided, Unprotected Median",1. Dry,"2. Blacktop, Asphalt, Bituminous",WHITEHURST LANDING RD,URB,UR,R-VA134UR08731NB,"Urbanized (Population 200,000 and over)",3. No,"0,0",3517,3713,3747,3611,3431,SENIOR,Left and Right sides,"2,5","35,35",Not SPEED,"35,35",541172,0,"2. No,2. No",0,"0,0",9AM TO 12PM,1,1,1. No Traffic Control,6. No Traffic Control Device Present,Not a Parkway - Trucks and Commercial Vehicles Allowed,"1,2","1. Passenger car,9. Bicycle","Honda,OTH","15. Other,15. Other","Accord Sdn,BICYCLE",2007,5,5.Hampton Roads,1. No Adverse Condition (Clear/Cloudy),Not Provided,2. No,Not Provided,Not YOUNG
No Access Control,Not ALCIHOL,Urban,0,0,"N/A, Unknown, or Unstabilized",ALMA DRIVE(R)/,Not UNBELTED,58,Male,B,2,BIKE,0.32,1,1,,2. Angle,"Not Provided,Not Provided","Not Provided,Not Provided",12208621,0.32,4,7/20/2013,7/20/2013,22. Bicycle,1425,B.Visiible Injury,2013,Left and Right sides,0,0,Norfolk,Urban,22. Bicycle,MAIN,12PM TO 3PM,122.Norfolk,"1,690",Intersection,Reset Filters,VDOT_OTHER,Saturday,Not DEER,"South,South",DISTRACTED,5,1,133290048,33,0,"PDO,B","1,2","11. Did Not Have Right-of-Way,1. No Improper Action","2. Not Deployed,3. Unavailable/Not Applicable","Not Applicable,Not Applicable","1. No Defects,1. No Defects","7. Eyes Not on Road,Not Applicable","1. Had Not Been Drinking,1. Had Not Been Drinking","2. No,2. No","1. Not Ejected,1. Not Ejected","No,No","No,No","3. Lap and Shoulder Belt,8. No Restraint Used","1. Not Obscured,1. Not Obscured",,,0,485593,CARRENE DRIVE(L)/,0,0,"0.Two-way, non-divided","22,20",1. On Roadway,"0,0",I,I.Urban Collector,Other City or Town Streets (not state maintained),Not GUARDRAIL,Not HIT_RUN,"12,3",1,4. Four Approaches,133290048,C,0,0,36.920348,36.920348,0,0.14,Not LRTRUCK,2. Daylight,LOCATED,-76.24835,-76.24835,MAINLINE,MAIN,0,0,0,0,0,Undivided Roadway,"22,20",Not MOTORCYCLE,485568,485568. 12208620      12208620      12208621      12208621,4779,4694,4738,4565,3051,2,1,0.32,SEC_URBAN,,,,,,,,,0,0,30,0,1,,0,0,,,,,,,,,Not PED,,1,0,Norfolk,122,5,NOT-RD,9. Within Intersection,0,0.25,0.32,1. Straight - Level,1. No Defects,"1. Two-Way, Not Divided",1. Dry,"2. Blacktop, Asphalt, Bituminous",8100 BLK OLD OCEAN VIEW AVE,URB,UR,R-VA122UR08621NB,"Urbanized (Population 200,000 and over)",3. No,"0,0",3362,3496,3528,3400,2000,Not SENIOR,Left and Right sides,"10,5","25,25",Not SPEED,"25,25",485591,0,"1. Yes,2. No",0,"0,0",12PM TO 3PM,1,1,4. Stop Sign,1. Yes - Working,Not a Parkway - Trucks and Commercial Vehicles Allowed,"1,2","2. Truck - Pick-up/Passenger Truck,9. Bicycle","Ford,GMC","1. Going Straight Ahead,1. Going Straight Ahead","F-150,DENALI 21 SPEED",19962012,5,5.Hampton Roads,1. No Adverse Condition (Clear/Cloudy),Not Provided,2. No,Not Provided,Not YOUNG
No Access Control,Not ALCIHOL,Urban,1,1,"N/A, Unknown, or Unstabilized",DUKE STREET(B)/,Not UNBELTED,9,0,A,1,BIKE,0.56,0,0,,2. Angle,"Not Provided,16. Not Applicable/No Cargo Body","Not Provided,8. Truck Tractor (Bobtail)",12408558,0.561,4,7/23/2013,7/23/2013,22. Bicycle,1644,A.Ambulatory Injury,2013,Left and Right sides,0,0,Portsmouth,Urban,22. Bicycle,MAIN,3PM TO 6PM,124.Portsmouth,"1,114",Intersection,Reset Filters,VDOT_OTHER,Tuesday,Not DEER,"Not Provided,North",,5,1,132395201,46,Male,"A,PDO","1,2","Not Applicable,1. No Improper Action","3. Unavailable/Not Applicable,2. Not Deployed","4. No Test,4. No Test","1. No Defects,1. No Defects","Not Applicable,Not Applicable","1. Had Not Been Drinking,1. Had Not Been Drinking","2. No,2. No","3. Totally Ejected,1. Not Ejected","Yes,No","No,No","9. Not Applicable,3. Lap and Shoulder Belt","Not Applicable,1. Not Obscured",,,1,484366,RACE STREET(B)/,0,0,"0.Two-way, non-divided","0,22",1. On Roadway,"0,0",H,H.Urban Minor Arterial,Other City or Town Streets (not state maintained),Not GUARDRAIL,Not HIT_RUN,"0,11",1,4. Four Approaches,132395201,C,0,0,36.827476,36.827476,0,0.1,Not LRTRUCK,2. Daylight,LOCATED,-76.312522,-76.312522,MAINLINE,MAIN,0,0,0,0,0,Undivided Roadway,"0,22",Not MOTORCYCLE,484362,484362. 12408558      12408558      12408760      12408760,10735,10522,9122,8797,8976,2,1,0.211,SEC_URBAN,,,,,,,,,0,0,30,0,1,,0,0,,,,,,,,,Not PED,,1,0,Portsmouth,124,5,NOT-RD,1. Main-Line Roadway,0,0.5,0.56,1. Straight - Level,1. No Defects,"2. Two-Way, Divided, Unprotected Median",1. Dry,"2. Blacktop, Asphalt, Bituminous",1425 ELM AVE,URB,UR,R-VA124UR08558NB,"Urbanized (Population 200,000 and over)",3. No,"0,0",8053,7893,7473,7207,7353,Not SENIOR,Left and Right sides,"5,25","25,25",Not SPEED,"25,25",484365,0,"2. No,2. No",0,"0,0",3PM TO 6PM,1,1,3. Traffic Signal,1. Yes - Working,Not a Parkway - Trucks and Commercial Vehicles Allowed,"1,2","9. Bicycle,25. Truck - Truck Tractor (Bobtail-No Trailer)",INTR,"1. Going Straight Ahead,1. Going Straight Ahead",9200,1999,5,5.Hampton Roads,1. No Adverse Condition (Clear/Cloudy),Not Provided,2. No,Not Provided,Not YOUNG
No Access Control,Not ALCIHOL,Urban,0,0,Bituminous Concrete (Black Base),WESTOVER AVE(L)/,Not UNBELTED,39,0,B,1,BIKE,0.54,1,1,,2. Angle,"Not Provided,Not Provided","Not Provided,Not Provided",13707075,0.542,4,7/23/2013,7/23/2013,39. Fell/Jumped From Vehicle,1217,B.Visiible Injury,2013,Left and Right sides,0,0,Williamsburg,Urban,39. Fell/Jumped From Vehicle,MAIN,12PM TO 3PM,137.Williamsburg,908,Intersection,Reset Filters,VDOT_OTHER,Tuesday,Not DEER,"West,Not Provided",,5,1,133380003,59,Female,"B,PDO","1,2","11. Did Not Have Right-of-Way,1. No Improper Action","3. Unavailable/Not Applicable,2. Not Deployed","Not Applicable,Not Applicable","1. No Defects,1. No Defects","Not Applicable,Not Applicable","1. Had Not Been Drinking,1. Had Not Been Drinking","2. No,2. No","2. Partially Ejected,1. Not Ejected","Yes,No","No,No","9. Not Applicable,3. Lap and Shoulder Belt","1. Not Obscured,1. Not Obscured",,,1,398837,SHIRLEY AVE(L)/,0,0,"0.Two-way, non-divided","20,22",1. On Roadway,"0,0",H,H.Urban Minor Arterial,Other City or Town Streets (not state maintained),Not GUARDRAIL,Not HIT_RUN,"0,12",1,2. Two Approaches,133380003,C,0,0,37.280283,37.280283,0,0.05,Not LRTRUCK,2. Daylight,LOCATED,-76.718171,-76.718171,MAINLINE,MAIN,0,0,0,0,0,Undivided Roadway,"39,22",Not MOTORCYCLE,398813,398813. 13707075      13707075      13707077      13707083,27434,26827,25596,24685,25185,2,1,0.172,SEC_URBAN,,,,,,,,,0,0,40,0,1,,0,0,,,,,,,,,Not PED,,1,0,Williamsburg,137,5,NOT-RD,9. Within Intersection,0,0.5,0.54,1. Straight - Level,1. No Defects,"2. Two-Way, Divided, Unprotected Median",1. Dry,"2. Blacktop, Asphalt, Bituminous",richmond rd,URB,UR,R-VA137UR07075EB,"Urbanized (Population 200,000 and over)",3. No,"39,0",12956,12669,10055,9697,9893,Not SENIOR,Left and Right sides,"10,5","25,25",Not SPEED,"25,25",398836,0,"1. Yes,2. No",0,"0,0",12PM TO 3PM,1,1,4. Stop Sign,1. Yes - Working,Not a Parkway - Trucks and Commercial Vehicles Allowed,"1,2","9. Bicycle,1. Passenger car",toyo,"1. Going Straight Ahead,2. Making Right Turn",avalon,2000,5,5.Hampton Roads,1. No Adverse Condition (Clear/Cloudy),Not Provided,2. No,Not Provided,Not YOUNG
No Access Control,Not ALCIHOL,Urban,0,0,Bituminous Concrete (Black Base),US-00013(B)/134-00008(R)/,Not UNBELTED,54,Male,B,1,BIKE,14.15,1,1,,4. Sideswipe - Same Direction,"Not Provided,Not Provided","Not Provided,Not Provided",SR00166,14.169,4,11/15/2014,11/15/2014,20. Motor Vehicle In Transport,2030,B.Visiible Injury,2014,Left and Right sides,0,1,Virginia Beach,Urban,20. Motor Vehicle In Transport,MAIN,6PM TO 9PM,134.Virginia Beach,100,Intersection,Reset Filters,VDOT_OTHER,Saturday,Not DEER,"South,South",DISTRACTED,5,1,143205135,62,Male,"B,C","1,2","37. Other,1. No Improper Action","3. Unavailable/Not Applicable,2. Not Deployed","4. No Test,4. No Test","1. No Defects,1. No Defects","14. No Driver Distraction,7. Eyes Not on Road","1. Had Not Been Drinking,1. Had Not Been Drinking","3. Unknown,3. Unknown","1. Not Ejected,1. Not Ejected","No,No","No,No","6. Other,3. Lap and Shoulder Belt","1. Not Obscured,1. Not Obscured",,,14,541014,US-00013(B)/134-00008(R)/,0.16,1,"1.Divided, no control of access","20,20",1. On Roadway,"0,4",H,H.Urban Minor Arterial,Urban Extensions - Primary Routes,Not GUARDRAIL,Not HIT_RUN,"9,1",1,1. Not at Intersection,143205135,C,0,0,36.88799,36.88799,0,0.16,Not LRTRUCK,5. Darkness - Road Not Lighted,LOCATED,-76.1801,-76.1801,MAINLINE,MAIN,0,0,Curbed Grass,34,8,Divided Roadway,"20,20",Not MOTORCYCLE,541014,541014.  SR00166       US00013       US00013      13400008,73478,73114,73090,72209,68345,6,1,0.019,PRI_URBAN,,,,,,,,,0,148,78,0,2,,0,0,,,,,,,,,Not PED,,2,0,Virginia Beach,134,5,NOT-RD,8. Non-Intersection,0,14,14.17,1. Straight - Level,1. No Defects,"3. Two-Way, Divided, Positive Median Barrier",1. Dry,"2. Blacktop, Asphalt, Bituminous",1300 DIAMOND SPRINGS RD,STPRI,SR,R-VA   SR00166WB,"Urbanized (Population 200,000 and over)",3. No,"0,4",27966,26976,27225,26237,27090,Not SENIOR,Left and Right sides,"10,40","45,45",Not SPEED,"45,45",541014,0,"1. Yes,Not Provided",0,"0,4",6PM TO 9PM,1,1,6. Traffic Lanes Marked,1. Yes - Working,Truck Access System,"1,2","9. Bicycle,4. Truck - Single Unit Truck (2-Axles)","HUFFY,FORD","1. Going Straight Ahead,1. Going Straight Ahead","BICYCLE,F150",20122014,5,5.Hampton Roads,1. No Adverse Condition (Clear/Cloudy),Not Provided,2. No,Not Provided,Not YOUNG