Access Control,Alcohol Notalcohol,Area Type1,A Crash,A People,Basetypedesc,Begin Node Dsc,Belted Unbelted,Bikeage,Bikegen,Bikeinjurytype,Bikevehiclenumber,Bike Nonbike,BMP,B Crash,B People,Carspeedlimit,Collision Type,Comm Cargo Body Type Cd,Comm Vehicle Body Type Cd,Cotedrouteid,Coted Mp,Count App,CRASH_DT (copy),Crash Dt,Crash Event Type Dsc,Crash Military Tm,Crash Severity,Crash Year,Curbgutterdesc,C Crash,C People,Juris Name Used,Area Type Used,First Harmful Event of Entire Crash,MAINLINE,Time Slicing Used,Phy_Juris_Nm,Offset-Ft,Intersection Analysis,Clear,Calculation_9640323132123359,Day Of Week,Deer Nodeer,Direction Of Travel Cd,Distracted Notdistracted,VSP,TOTAL CRASH,Document Nbr,Driverage,Drivergen,Driverinjurytype,Drivervehiclenumber,Driver Action Type Cd,Driver Airbag Deployment,Driver Alcohol Test Type Cd,Driver Condition Type Cd,Driver Distraction Type Cd,Driver Drinking Type Cd,Driver Drug Use Cd,Driver Ejected From Vehicle,Driver Ems Transport Ind,Driver Fled Scene Ind,Driver Safety Equip Used,Driver Vis Obscured Type Cd,Drowsy Notdrowsy,Drug Nodrug,EMP,End Node,End Node Dsc,End Offset,Facility,FAC,First Crash Event Cd,First Harmful Event,Fourth Crash Event Cd,Functionalclass,FUN,Govcondesc,Gr Nogr,Hitrun Not Hitrun,Initial Veh Impact Area Cd,Injury Crashes,Intersection Type,Int Doc,Jurtype,K_CRASH,K People,LAT (copy),LAT,Leftshoulderwidth,Length,Lgtruck Nonlgtruck,Light Condition,Located Unlocated,LON (copy),LON,MAINLINE (group),Mainline Yn,Medianleftshoulderwidth,Medianrightshoulderwidth,Mediantypedesc,Medianwidthmax,Medianwidthmin,Median Type,Most Harmful Crash Event Cd,Motor Nonmotor,Node,Node Info,Node Totaadt2011,Node Totaadt2012,Node Totaadt2013,Node Totaadt2014,Node Totaadt2015,Numberoflane,Number of Records,Offset,Ownership,Passage,Passgen,Passinjurytype,Passvehiclenumber,Pass Airbag Deployment,Pass Ejected From Vehicle,Pass Ems Transport Ind,Pass Safety Equip Used,Pavementconditionvalue,Pavementroughnessvalue,Pavementwidth,Pdo Crash,Total People Killed & Injured,Pedage,Pedestrians Injured,Pedestrians Killed,Pedgen,Pedinjurytype,Pednumber,Ped Action,Ped Al Test,Ped Cond,Ped Drink,Ped Drug,Ped Nonped,Ped Rflct,Persons Injured,Persons Killed,Physical Juris Nm,PJR,VSP_Used,Rd Type,Relation To Roadway,Rightshoulderwidth,RNS_MP (0.25 mi bin),Rns Mp,Roadway Alignment,Roadway Defect,Roadway Description,Roadway Surface Cond,Roadway Surface Type,Route Or Street Nm,Rte Category Cd,Rte Cat,Rte Nm,Ruralurbandesc,School Zone,Second Crash Event Cd,Segtotaadt2011,Segtotaadt2012,Segtotaadt2013,Segtotaadt2014,Segtotaadt2015,Senior Notsenior,Sidewalkdesc,Speed Before,Speed Max Safe,Speed Notspeed,Speed Posted,Start Node,Start Offset,Summons Issued Cd,Surfacedesc,Third Crash Event Cd,Time Slicing,Total Crashes including Property Damage Only,Total Crash,Traffic Control Type,Trfc Ctrl Status Type,Truckcommr,Vehiclenumber,Vehicle Body Type Cd,Vehicle Make Nm,Vehicle Maneuver Type Cd,Vehicle Model Nm,Vehicle Year Nbr,District,District_Used ,Weather Condition,Work Zone Location,Work Zone Related,Work Zone Type,Young Notyoung
,Not ALCIHOL,Rural,0,0,,,Not UNBELTED,48,Male,B,2,BIKE,,1,1,,2. Angle,"Not Provided,Not Provided","Not Provided,Not Provided",,,3,9/5/2013,9/5/2013,22. Bicycle,1011,B.Visiible Injury,2013,,0,0,James City,Rural,22. Bicycle,MAIN,9AM TO 12PM,47.James City,0,Intersection,Reset Filters,VDOT_OTHER,Thursday,Not DEER,"North,West",,5,1,132665230,25,0,"PDO,B","1,2","11. Did Not Have Right-of-Way,1. No Improper Action","2. Not Deployed,3. Unavailable/Not Applicable","4. No Test,4. No Test","1. No Defects,1. No Defects","Not Applicable,Not Applicable","1. Had Not Been Drinking,1. Had Not Been Drinking","2. No,2. No","1. Not Ejected,1. Not Ejected","No,No","No,No","3. Lap and Shoulder Belt,5. Helmet","1. Not Obscured,1. Not Obscured",,,,,,,0,,"22,20",1. On Roadway,"0,0",5,,,Not GUARDRAIL,Not HIT_RUN,"3,12",1,3. Three Approaches,132665230,N,0,0,37.270745,37.270745,,,Not LRTRUCK,2. Daylight,UNLOCATED,-76.755406,-76.755406,MAINLINE,,,,,,,,"22,20",Not MOTORCYCLE,739590,739590.  4700742       4705000       4705000,2152,2164,2594,38050,38737,,1,0,VDOT_SEC,,,,,,,,,,,,0,1,,0,0,,,,,,,,,Not PED,,1,0,James City,47,5,NOT-RD,10. Intersection Related - Within 150 Feet,,0.5,0.68,1. Straight - Level,1. No Defects,"1. Two-Way, Not Divided",1. Dry,"2. Blacktop, Asphalt, Bituminous",4801 OLD NEWS RD,SEC,SC,R-VA047SC00742SB,,3. No,"0,0",,,,,,Not SENIOR,,"20,10","35,35",Not SPEED,"35,35",,,"2. No,2. No",,"0,0",9AM TO 12PM,1,1,6. Traffic Lanes Marked,1. Yes - Working,,"1,2","1. Passenger car,9. Bicycle",VOLK,"3. Making Left Turn,1. Going Straight Ahead",JETTA,,5,5.Hampton Roads,1. No Adverse Condition (Clear/Cloudy),Not Provided,2. No,Not Provided,Not YOUNG
,Not ALCIHOL,Urban,0,0,,,Not UNBELTED,7,Male,B,2,BIKE,,1,1,,2. Angle,"Not Provided,Not Provided","Not Provided,Not Provided",,,,9/5/2013,9/5/2013,22. Bicycle,1845,B.Visiible Injury,2013,,0,0,Norfolk,Urban,22. Bicycle,MAIN,6PM TO 9PM,122.Norfolk,,Not Intersection,Reset Filters,VDOT_OTHER,Thursday,Not DEER,"East,Not Provided",,5,1,140140081,22,Female,"PDO,B","1,2","1. No Improper Action,37. Other","2. Not Deployed,3. Unavailable/Not Applicable","Not Applicable,Not Applicable","1. No Defects,1. No Defects","Not Applicable,Not Applicable","1. Had Not Been Drinking,1. Had Not Been Drinking","2. No,2. No","1. Not Ejected,1. Not Ejected","No,No","No,No","3. Lap and Shoulder Belt,8. No Restraint Used","1. Not Obscured,10. Parked Vehicle(s)",,,,,,,,,"22,20",1. On Roadway,"0,0",,,,Not GUARDRAIL,Not HIT_RUN,"2,12",1,1. Not at Intersection,,C,0,0,36.918543,36.918543,,,Not LRTRUCK,7. Unknown,UNLOCATED,-76.259365,-76.259365,MAINLINE,,,,,,,,"22,20",Not MOTORCYCLE,,.,,,,,,,1,,SEC_URBAN,,,,,,,,,,,,0,1,,0,0,,,,,,,,,Not PED,,1,0,Norfolk,122,5,NOT-RD,8. Non-Intersection,,,,1. Straight - Level,1. No Defects,"1. Two-Way, Not Divided",1. Dry,"2. Blacktop, Asphalt, Bituminous",300 ASHLAWN DR,UNKWN,SC,U-VA122SC99999UK,,3. No,"0,0",,,,,,Not SENIOR,,25,"25,0",Not SPEED,"25,0",,,"2. No,2. No",,"0,0",6PM TO 9PM,1,1,1. No Traffic Control,1. Yes - Working,,"1,2","1. Passenger car,9. Bicycle","VOLKS,MONGOOS","1. Going Straight Ahead,16. Entering Street From Parking Lot","PASSAT,BIKE",2012,5,5.Hampton Roads,1. No Adverse Condition (Clear/Cloudy),Not Provided,2. No,Not Provided,Not YOUNG
,Not ALCIHOL,Urban,0,0,,,Not UNBELTED,15,Not Provided,B,2,BIKE,,1,1,,2. Angle,"Not Provided,Not Provided","Not Provided,Not Provided",,,,9/5/2013,9/5/2013,22. Bicycle,700,B.Visiible Injury,2013,,0,0,Virginia Beach,Urban,22. Bicycle,MAIN,6AM TO 9AM,134.Virginia Beach,,Not Intersection,Reset Filters,VDOT_OTHER,Thursday,Not DEER,"North,East",,5,1,132495032,,0,"PDO,B","1,2","34. Hit and Run,1. No Improper Action","Not Provided,Not Provided","Not Applicable,Not Applicable","Not Applicable,1. No Defects","Not Applicable,Not Applicable","Not Applicable,Not Applicable","Not Applicable,Not Applicable","Not Provided,Not Provided","NotProvided,No","Yes,No","Not Provided,Not Provided","1. Not Obscured,1. Not Obscured",,,,,,,,,"22,20",1. On Roadway,"0,0",,,,Not GUARDRAIL,HIT_RUN,"12,0",1,2. Two Approaches,,C,0,0,36.788951,36.788951,,,Not LRTRUCK,2. Daylight,UNLOCATED,-76.143599,-76.143599,MAINLINE,,,,,,,,"22,20",Not MOTORCYCLE,,.,,,,,,,1,,SEC_URBAN,,,,,,,,,,,,0,1,,0,0,,,,,,,,,Not PED,,1,0,Virginia Beach,134,5,NOT-RD,9. Within Intersection,,,,1. Straight - Level,1. No Defects,"1. Two-Way, Not Divided",1. Dry,"2. Blacktop, Asphalt, Bituminous",4899 BOXFORD RD,UNKWN,SC,U-VA134SC99999UK,,1. Yes,"0,0",,,,,,Not SENIOR,,"5,1",25,Not SPEED,25,,,"Not Provided,2. No",,"0,0",6AM TO 9AM,1,1,4. Stop Sign,1. Yes - Working,,"1,2","1. Passenger car,9. Bicycle",,"2. Making Right Turn,2. Making Right Turn",,,5,5.Hampton Roads,1. No Adverse Condition (Clear/Cloudy),Not Provided,2. No,Not Provided,YOUNG
No Access Control,Not ALCIHOL,Urban,0,0,Bituminous Concrete (Black Base),ROKEBY AVE(B)/,Not UNBELTED,40,Male,B,2,BIKE,1.97,1,1,,2. Angle,"Not Provided,Not Provided","Not Provided,Not Provided",13108640,1.974,4,9/5/2013,9/5/2013,22. Bicycle,1353,B.Visiible Injury,2013,Left and Right sides,0,0,Chesapeake,Urban,22. Bicycle,MAIN,12PM TO 3PM,131.Chesapeake,"1,193",Intersection,Reset Filters,VDOT_OTHER,Thursday,Not DEER,"West,South",DISTRACTED,5,1,132485172,20,0,"PDO,B","1,2","1. No Improper Action,21. Disregarded Traffic Signal","2. Not Deployed,3. Unavailable/Not Applicable","4. No Test,4. No Test","1. No Defects,1. No Defects","14. No Driver Distraction,7. Eyes Not on Road","1. Had Not Been Drinking,1. Had Not Been Drinking","2. No,2. No","1. Not Ejected,3. Totally Ejected","No,Yes","No,No","3. Lap and Shoulder Belt,8. No Restraint Used","1. Not Obscured,1. Not Obscured",,,2,484710,MCNEAL AVE(L)ENGLISH AVE(R)/,0,1,"1.Divided, no control of access","22,20",1. On Roadway,"0,0",H,H.Urban Minor Arterial,Other City or Town Streets (not state maintained),Not GUARDRAIL,Not HIT_RUN,"12,9",1,4. Four Approaches,132485172,C,0,0,36.806899,36.806899,0,0.09,Not LRTRUCK,2. Daylight,LOCATED,-76.228448,-76.228448,MAINLINE,MAIN,0,0,0,4,4,Divided Roadway,"22,20",Not MOTORCYCLE,484713,484713. 13108640      13108640      13108645      13108645,23308,22792,22921,20893,21310,4,1,0.226,SEC_URBAN,,,,,,,,,0,0,50,0,1,,0,0,,,,,,,,,Not PED,,1,0,Chesapeake,131,5,NOT-RD,9. Within Intersection,0,1.75,1.97,1. Straight - Level,1. No Defects,"3. Two-Way, Divided, Positive Median Barrier",1. Dry,"2. Blacktop, Asphalt, Bituminous",PROVIDENCE RD,URB,UR,R-VA131UR08640WB,"Urbanized (Population 200,000 and over)",3. No,"0,0",16435,16071,16162,14282,14566,Not SENIOR,Left and Right sides,"35,10","40,0",Not SPEED,"40,25",484709,0,"2. No,2. No",0,"0,0",12PM TO 3PM,1,1,3. Traffic Signal,1. Yes - Working,Not a Parkway - Trucks and Commercial Vehicles Allowed,"1,2","1. Passenger car,9. Bicycle","NISSAN,NEXT","1. Going Straight Ahead,1. Going Straight Ahead","VERSA,N/A",20132000,5,5.Hampton Roads,1. No Adverse Condition (Clear/Cloudy),Not Provided,2. No,Not Provided,YOUNG
No Access Control,Not ALCIHOL,Urban,0,0,Bituminous Concrete (Black Base),114-07017(R)/WHEALTON RD,Not UNBELTED,35,Male,B,2,BIKE,1.9,1,1,,2. Angle,"Not Provided,Not Provided","Not Provided,Not Provided",SR00152,1.903,3,9/6/2013,9/6/2013,22. Bicycle,1655,B.Visiible Injury,2013,Left and Right sides,0,0,Hampton,Urban,22. Bicycle,MAIN,3PM TO 6PM,114.Hampton,16,Intersection,Reset Filters,VDOT_OTHER,Friday,Not DEER,"North,West",,5,1,140140157,56,0,"PDO,B","1,2","11. Did Not Have Right-of-Way,1. No Improper Action","2. Not Deployed,3. Unavailable/Not Applicable","4. No Test,4. No Test","1. No Defects,1. No Defects","Not Applicable,Not Applicable","1. Had Not Been Drinking,1. Had Not Been Drinking","2. No,2. No","1. Not Ejected,3. Totally Ejected","No,Yes","No,No","3. Lap and Shoulder Belt,9. Not Applicable","1. Not Obscured,1. Not Obscured",,,2,253058,114-07017(R)/WHEALTON RD,0.14,0,"0.Two-way, non-divided","22,20",1. On Roadway,"0,0",H,H.Urban Minor Arterial,Urban Extensions - Primary Routes,Not GUARDRAIL,Not HIT_RUN,"12,0",1,3. Three Approaches,140140157,C,0,0,37.042785,37.042785,0,0.14,Not LRTRUCK,2. Daylight,LOCATED,-76.432999,-76.432999,MAINLINE,MAIN,0,0,0,0,0,Undivided Roadway,"22,20",Not MOTORCYCLE,253058,253058.  SR00152       SR00152      11407017,18978,18558,20628,19893,20296,4,1,0.003,PRI_URBAN,,,,,,,,,2.8,0,44,0,1,,0,0,,,,,,,,,Not PED,,1,0,Hampton,114,5,NOT-RD,9. Within Intersection,0,1.75,1.9,1. Straight - Level,1. No Defects,"2. Two-Way, Divided, Unprotected Median",1. Dry,"2. Blacktop, Asphalt, Bituminous",TODDS LN,STPRI,SR,R-VA   SR00152EB,"Urbanized (Population 200,000 and over)",3. No,"0,0",16967,16591,18765,18097,18463,Not SENIOR,Right side,"1,1","35,35",Not SPEED,"35,35",253058,0,"3. Pending,2. No",0,"0,0",3PM TO 6PM,1,1,3. Traffic Signal,1. Yes - Working,Not a Parkway - Trucks and Commercial Vehicles Allowed,"1,2","1. Passenger car,9. Bicycle","TOYOTA,MONGOOSE","2. Making Right Turn,1. Going Straight Ahead","PRIUS C,BICYCLE",20122013,5,5.Hampton Roads,1. No Adverse Condition (Clear/Cloudy),Not Provided,2. No,Not Provided,Not YOUNG
No Access Control,Not ALCIHOL,Urban,0,0,Bituminous Concrete (Black Base),KINGWOOD DRIVE(R)/,Not UNBELTED,45,Male,B,2,BIKE,2.76,1,1,,2. Angle,"Not Provided,Not Provided","Not Provided,Not Provided",12107034,2.778,3,9/6/2013,9/6/2013,20. Motor Vehicle In Transport,1817,B.Visiible Injury,2013,Right side,0,0,Hampton,Urban,20. Motor Vehicle In Transport,MAIN,6PM TO 9PM,114.Hampton,"4,002",Intersection,Reset Filters,VDOT_OTHER,Friday,Not DEER,"West,East",,5,1,140140154,47,0,"PDO,B","1,2","11. Did Not Have Right-of-Way,1. No Improper Action","2. Not Deployed,2. Not Deployed","Not Applicable,Not Applicable","1. No Defects,1. No Defects","Not Applicable,Not Applicable","1. Had Not Been Drinking,1. Had Not Been Drinking","2. No,2. No","1. Not Ejected,1. Not Ejected","No,Yes","No,No","3. Lap and Shoulder Belt,5. Helmet","1. Not Obscured,1. Not Obscured",,,3,831010,114-07034/JB-94-27-114-121/WARWICK - ELIZABET,0,0,"0.Two-way, non-divided","20,20",1. On Roadway,"0,0",I,I.Urban Collector,Other City or Town Streets (not state maintained),Not GUARDRAIL,Not HIT_RUN,"1,12",1,3. Three Approaches,140140154,C,0,0,37.090423,37.090423,2,0.02,Not LRTRUCK,2. Daylight,LOCATED,-76.437266,-76.437266,MAINLINE,MAIN,0,0,0,0,0,Undivided Roadway,"20,20",Not MOTORCYCLE,646380,646380. 12107027      12107034      12107034,13792,13488,13398,12921,13183,2,1,0.758,SEC_URBAN,,,,,,,,,0,0,44,0,1,,0,0,,,,,,,,,Not PED,,1,0,Hampton,114,5,NOT-RD,9. Within Intersection,0,2.75,2.78,1. Straight - Level,1. No Defects,"1. Two-Way, Not Divided",1. Dry,"2. Blacktop, Asphalt, Bituminous",SAUNDERS RD,URB,UR,R-VA121UR07034EB,"Urbanized (Population 200,000 and over)",3. No,"0,0",8389,8204,8041,7755,7912,Not SENIOR,Right side,"15,20","0,35",Not SPEED,"35,35",646409,0.07,"1. Yes,2. No",0,"0,0",6PM TO 9PM,1,1,6. Traffic Lanes Marked,1. Yes - Working,Not a Parkway - Trucks and Commercial Vehicles Allowed,"1,2","1. Passenger car,9. Bicycle","HONDA,LEMONS","3. Making Left Turn,1. Going Straight Ahead","ACCORD,BICYCLE",2002,5,5.Hampton Roads,1. No Adverse Condition (Clear/Cloudy),Not Provided,2. No,Not Provided,Not YOUNG
,Not ALCIHOL,Urban,0,0,,,Not UNBELTED,23,Female,B,2,BIKE,,1,1,,2. Angle,"Not Provided,Not Provided","Not Provided,Not Provided",,,,9/6/2013,9/6/2013,20. Motor Vehicle In Transport,1530,B.Visiible Injury,2013,,0,0,Virginia Beach,Urban,20. Motor Vehicle In Transport,MAIN,3PM TO 6PM,134.Virginia Beach,,Not Intersection,Reset Filters,VDOT_OTHER,Friday,Not DEER,"North,South",,5,1,132515095,22,0,"PDO,B","1,2","1. No Improper Action,1. No Improper Action","2. Not Deployed,5. Unknown","4. No Test,4. No Test","1. No Defects,1. No Defects","14. No Driver Distraction,14. No Driver Distraction","1. Had Not Been Drinking,1. Had Not Been Drinking","2. No,2. No","1. Not Ejected,1. Not Ejected","No,Yes","No,No","3. Lap and Shoulder Belt,9. Not Applicable","1. Not Obscured,1. Not Obscured",,,,,,,,,"22,20",1. On Roadway,"0,0",,,,Not GUARDRAIL,Not HIT_RUN,"3,12",1,4. Four Approaches,,C,0,0,36.861116,36.861116,,,Not LRTRUCK,2. Daylight,UNLOCATED,-75.979681,-75.979681,MAINLINE,,,,,,,,"22,20",Not MOTORCYCLE,,.,,,,,,,1,,SEC_URBAN,,,,,,,,,,,,0,1,,0,0,,,,,,,,,Not PED,,1,0,Virginia Beach,134,5,NOT-RD,9. Within Intersection,,,,1. Straight - Level,1. No Defects,"2. Two-Way, Divided, Unprotected Median",1. Dry,"2. Blacktop, Asphalt, Bituminous",3300 PACIFIC AVE,UNKWN,SC,U-VA134SC99999UK,,3. No,"0,0",,,,,,Not SENIOR,,"10,10","35,35",Not SPEED,"35,35",,,"2. No,2. No",,"0,0",3PM TO 6PM,1,1,14. Ped Crosswalk,1. Yes - Working,,"1,2","22. Truck - Sport Utility Vehicle (SUV),9. Bicycle","CHEVROLET,BICYCLE","2. Making Right Turn,1. Going Straight Ahead","SILVERADO,UNK",2013,5,5.Hampton Roads,1. No Adverse Condition (Clear/Cloudy),Not Provided,2. No,Not Provided,Not YOUNG
No Access Control,Not ALCIHOL,Urban,0,0,Bituminous Concrete (Black Base),134-08724(R)/SOUTHERN BLVD(L)/,Not UNBELTED,18,Female,B,2,BIKE,2.76,1,1,,2. Angle,"Not Provided,Not Provided","Not Provided,Not Provided",13408723,2.76,3,9/6/2013,9/6/2013,20. Motor Vehicle In Transport,1200,B.Visiible Injury,2013,Left and Right sides,0,1,Virginia Beach,Urban,20. Motor Vehicle In Transport,MAIN,9AM TO 12PM,134.Virginia Beach,0,Intersection,Reset Filters,VDOT_OTHER,Friday,Not DEER,"South,West",,5,1,132665048,52,0,"C,B","1,2","1. No Improper Action,11. Did Not Have Right-of-Way","2. Not Deployed,3. Unavailable/Not Applicable","4. No Test,4. No Test","1. No Defects,2. Eyesight Defective","14. No Driver Distraction,14. No Driver Distraction","1. Had Not Been Drinking,1. Had Not Been Drinking","2. No,2. No","1. Not Ejected,Not Provided","No,Yes","No,No","3. Lap and Shoulder Belt,9. Not Applicable","1. Not Obscured,1. Not Obscured",,,3,542020,KENYA LN(R)/,0,1,"1.Divided, no control of access","22,20",1. On Roadway,"0,0",H,H.Urban Minor Arterial,Other City or Town Streets (not state maintained),Not GUARDRAIL,Not HIT_RUN,"12,3",1,4. Four Approaches,132665048,C,0,0,36.838129,36.838129,0,0.06,Not LRTRUCK,2. Daylight,LOCATED,-75.998666,-75.998666,MAINLINE,MAIN,0,0,Grass/Unprotected,14,3,Divided Roadway,"22,20",Not MOTORCYCLE,542019,542019. 13408723      13408723      13408724,17300,19878,20062,19334,19644,4,1,0,SEC_URBAN,,,,,,,,,0,0,52,0,2,,0,0,,,,,,,,,Not PED,,2,0,Virginia Beach,134,5,NOT-RD,9. Within Intersection,0,2.75,2.77,1. Straight - Level,1. No Defects,"3. Two-Way, Divided, Positive Median Barrier",1. Dry,"2. Blacktop, Asphalt, Bituminous",100 BIRDNECK RD,URB,UR,R-VA134UR08723SB,"Urbanized (Population 200,000 and over)",3. No,"0,0",11644,13955,14084,13573,13770,Not SENIOR,Left and Right sides,"30,5","35,35",Not SPEED,"35,35",542019,0,"2. No,1. Yes",0,"0,0",9AM TO 12PM,1,1,3. Traffic Signal,1. Yes - Working,Not a Parkway - Trucks and Commercial Vehicles Allowed,"1,2","1. Passenger car,9. Bicycle","Chevrolet,MT. SPORT","1. Going Straight Ahead,1. Going Straight Ahead","Tahoe,ROADSTER",19992005,5,5.Hampton Roads,1. No Adverse Condition (Clear/Cloudy),Not Provided,2. No,Not Provided,YOUNG
,Not ALCIHOL,Urban,0,0,,,Not UNBELTED,14,Male,C,2,BIKE,,0,0,,2. Angle,"Not Provided,Not Provided","Not Provided,Not Provided",,,,9/7/2013,9/7/2013,22. Bicycle,1626,C.Non-Visible Injury,2013,,1,1,Norfolk,Urban,22. Bicycle,MAIN,3PM TO 6PM,122.Norfolk,,Not Intersection,Reset Filters,VDOT_OTHER,Saturday,Not DEER,"South,East",,5,1,140240007,55,Male,"PDO,C","1,2","1. No Improper Action,11. Did Not Have Right-of-Way","2. Not Deployed,Not Provided","Not Applicable,Not Applicable","1. No Defects,1. No Defects","Not Applicable,Not Applicable","1. Had Not Been Drinking,1. Had Not Been Drinking","2. No,2. No","1. Not Ejected,Not Provided","No,NotProvided","No,No","3. Lap and Shoulder Belt,Not Provided","1. Not Obscured,1. Not Obscured",,,,,,,,,"22,22",1. On Roadway,"0,0",,,,Not GUARDRAIL,Not HIT_RUN,"3,2",1,2. Two Approaches,,C,0,0,36.853521,36.853521,,,Not LRTRUCK,2. Daylight,UNLOCATED,-76.222296,-76.222296,MAINLINE,,,,,,,,"22,22",Not MOTORCYCLE,,.,,,,,,,1,,SEC_URBAN,,,,,,,,,,,,0,1,,0,0,,,,,,,,,Not PED,,1,0,Norfolk,122,5,NOT-RD,9. Within Intersection,,,,1. Straight - Level,1. No Defects,"1. Two-Way, Not Divided",1. Dry,"2. Blacktop, Asphalt, Bituminous",815 PECAN POINT RD,UNKWN,SC,U-VA122SC99999UK,,3. No,"0,0",,,,,,Not SENIOR,,"25,10","25,5",SPEED,"25,5",,,"2. No,2. No",,"0,0",3PM TO 6PM,1,1,1. No Traffic Control,6. No Traffic Control Device Present,,"1,2","3. Van,9. Bicycle","CHEV,FREESPR","1. Going Straight Ahead,1. Going Straight Ahead","VAN,Bicycle",1995,5,5.Hampton Roads,1. No Adverse Condition (Clear/Cloudy),Not Provided,2. No,Not Provided,Not YOUNG
No Access Control,Not ALCIHOL,Urban,0,0,Bituminous Concrete (Black Base),SR-00190(B)/,Not UNBELTED,19,Not Provided,B,2,BIKE,11.51,1,1,,2. Angle,"Not Provided,Not Provided","Not Provided,Not Provided",C1SR00168,11.521,4,9/7/2013,9/7/2013,22. Bicycle,1200,B.Visiible Injury,2013,None,0,0,Chesapeake,Urban,22. Bicycle,MAIN,9AM TO 12PM,131.Chesapeake,58,Intersection,Reset Filters,VDOT_OTHER,Saturday,Not DEER,"Not Provided,West",,5,1,132565230,,0,"PDO,B","1,2","34. Hit and Run,37. Other","Not Provided,3. Unavailable/Not Applicable","Not Applicable,Not Applicable","9. Unknown,1. No Defects","Not Applicable,14. No Driver Distraction","6. Unknown,6. Unknown","3. Unknown,2. No","Not Provided,3. Totally Ejected","NotProvided,No","Yes,No","Not Provided,9. Not Applicable","Not Applicable,1. Not Obscured",,,12,483451,C1SR-00168-N012A(R)/RAMP TO RTE. 168,0,1,"1.Divided, no control of access","22,20",1. On Roadway,"0,0",H,H.Urban Minor Arterial,Urban Extensions - Primary Routes,Not GUARDRAIL,HIT_RUN,"11,1",1,4. Four Approaches,132565230,C,0,0,36.734107,36.734107,0,0.07,Not LRTRUCK,2. Daylight,LOCATED,-76.240353,-76.240353,MAINLINE,MAIN,0,0,Curbed Grass,14,4,Divided Roadway,"22,20",Not MOTORCYCLE,483450,483450.  SR00190       SR00190     C1SR00168     C1SR00168,53800,52653,52829,55768,56876,4,1,0.011,PRI_URBAN,,,,,,,,,0,89,50,0,1,,0,0,,,,,,,,,Not PED,,1,0,Chesapeake,131,5,NOT-RD,9. Within Intersection,0,11.5,11.51,1. Straight - Level,1. No Defects,"3. Two-Way, Divided, Positive Median Barrier",1. Dry,"2. Blacktop, Asphalt, Bituminous",RT 168,STPRI,SR,R-VA   SR00168SBBUS001,"Urbanized (Population 200,000 and over)",3. No,"0,0",34130,33463,33410,36537,37263,Not SENIOR,None,,"40,35",Not SPEED,"40,35",483450,0,"Not Provided,Not Provided",0,"0,0",9AM TO 12PM,1,1,3. Traffic Signal,1. Yes - Working,Not a Parkway - Trucks and Commercial Vehicles Allowed,"1,2","1. Passenger car,9. Bicycle",MAGNA,"1. Going Straight Ahead,1. Going Straight Ahead",BICYCLE,2000,5,5.Hampton Roads,1. No Adverse Condition (Clear/Cloudy),Not Provided,2. No,Not Provided,YOUNG
No Access Control,Not ALCIHOL,Urban,0,0,Dual Type,133-01308(B)/,Not UNBELTED,13,0,C,1,BIKE,1.89,0,0,35,2. Angle,"Not Provided,Not Provided","Not Provided,Not Provided",SR00337,1.891,4,9/8/2013,9/8/2013,22. Bicycle,1520,C.Non-Visible Injury,2013,Left and Right sides,1,1,Suffolk,Urban,22. Bicycle,MAIN,3PM TO 6PM,133.Suffolk,5,Intersection,Reset Filters,VDOT_OTHER,Sunday,Not DEER,"West,Not Provided",,5,1,132705048,,Male,"C,PDO","1,2","Not Applicable,22. Disregarded Stop or Yield Sign","3. Unavailable/Not Applicable,Not Provided","4. No Test,4. No Test","1. No Defects,9. Unknown","Not Applicable,Not Applicable","1. Had Not Been Drinking,6. Unknown","2. No,3. Unknown","3. Totally Ejected,Not Provided","Yes,No","No,Yes","9. Not Applicable,Not Provided","1. Not Obscured,Not Applicable",,,2,468633,133-01309(B)/,0,0,"0.Two-way, non-divided","22,22",1. On Roadway,"0,0",H,H.Urban Minor Arterial,Urban Extensions - Primary Routes,Not GUARDRAIL,HIT_RUN,"3,12",1,4. Four Approaches,132705048,C,0,0,36.726159,36.726159,0,0.06,Not LRTRUCK,2. Daylight,LOCATED,-76.56693,-76.56693,MAINLINE,MAIN,0,0,0,0,0,Undivided Roadway,"22,22",Not MOTORCYCLE,468629,468629.  SR00337       SR00337      13301308      13301308,12002,11742,11807,10436,10638,2,1,0.001,PRI_URBAN,,,,,,,,,0,226,40,0,1,,0,0,,,,,,,,,Not PED,,1,0,Suffolk,133,5,NOT-RD,9. Within Intersection,0,1.75,1.89,1. Straight - Level,1. No Defects,"1. Two-Way, Not Divided",1. Dry,"2. Blacktop, Asphalt, Bituminous",E WASHINGTON ST,STPRI,SR,R-VA   SR00337WB,"Urbanized (Population 200,000 and over)",3. No,"0,0",11726,11466,11531,10160,10362,Not SENIOR,Left and Right sides,"5,0","25,25",Not SPEED,"25,25",468629,0,"2. No,Not Provided",0,"0,0",3PM TO 6PM,1,1,4. Stop Sign,1. Yes - Working,Not a Parkway - Trucks and Commercial Vehicles Allowed,"1,2","9. Bicycle,1. Passenger car",,"1. Going Straight Ahead,1. Going Straight Ahead",,,5,5.Hampton Roads,1. No Adverse Condition (Clear/Cloudy),Not Provided,2. No,Not Provided,Not YOUNG