Access Control,Alcohol Notalcohol,Area Type1,A Crash,A People,Basetypedesc,Begin Node Dsc,Belted Unbelted,Bikeage,Bikegen,Bikeinjurytype,Bikevehiclenumber,Bike Nonbike,BMP,B Crash,B People,Carspeedlimit,Collision Type,Comm Cargo Body Type Cd,Comm Vehicle Body Type Cd,Cotedrouteid,Coted Mp,Count App,CRASH_DT (copy),Crash Dt,Crash Event Type Dsc,Crash Military Tm,Crash Severity,Crash Year,Curbgutterdesc,C Crash,C People,Juris Name Used,Area Type Used,First Harmful Event of Entire Crash,MAINLINE,Time Slicing Used,Phy_Juris_Nm,Offset-Ft,Intersection Analysis,Clear,Calculation_9640323132123359,Day Of Week,Deer Nodeer,Direction Of Travel Cd,Distracted Notdistracted,VSP,TOTAL CRASH,Document Nbr,Driverage,Drivergen,Driverinjurytype,Drivervehiclenumber,Driver Action Type Cd,Driver Airbag Deployment,Driver Alcohol Test Type Cd,Driver Condition Type Cd,Driver Distraction Type Cd,Driver Drinking Type Cd,Driver Drug Use Cd,Driver Ejected From Vehicle,Driver Ems Transport Ind,Driver Fled Scene Ind,Driver Safety Equip Used,Driver Vis Obscured Type Cd,Drowsy Notdrowsy,Drug Nodrug,EMP,End Node,End Node Dsc,End Offset,Facility,FAC,First Crash Event Cd,First Harmful Event,Fourth Crash Event Cd,Functionalclass,FUN,Govcondesc,Gr Nogr,Hitrun Not Hitrun,Initial Veh Impact Area Cd,Injury Crashes,Intersection Type,Int Doc,Jurtype,K_CRASH,K People,LAT (copy),LAT,Leftshoulderwidth,Length,Lgtruck Nonlgtruck,Light Condition,Located Unlocated,LON (copy),LON,MAINLINE (group),Mainline Yn,Medianleftshoulderwidth,Medianrightshoulderwidth,Mediantypedesc,Medianwidthmax,Medianwidthmin,Median Type,Most Harmful Crash Event Cd,Motor Nonmotor,Node,Node Info,Node Totaadt2011,Node Totaadt2012,Node Totaadt2013,Node Totaadt2014,Node Totaadt2015,Numberoflane,Number of Records,Offset,Ownership,Passage,Passgen,Passinjurytype,Passvehiclenumber,Pass Airbag Deployment,Pass Ejected From Vehicle,Pass Ems Transport Ind,Pass Safety Equip Used,Pavementconditionvalue,Pavementroughnessvalue,Pavementwidth,Pdo Crash,Total People Killed & Injured,Pedage,Pedestrians Injured,Pedestrians Killed,Pedgen,Pedinjurytype,Pednumber,Ped Action,Ped Al Test,Ped Cond,Ped Drink,Ped Drug,Ped Nonped,Ped Rflct,Persons Injured,Persons Killed,Physical Juris Nm,PJR,VSP_Used,Rd Type,Relation To Roadway,Rightshoulderwidth,RNS_MP (0.25 mi bin),Rns Mp,Roadway Alignment,Roadway Defect,Roadway Description,Roadway Surface Cond,Roadway Surface Type,Route Or Street Nm,Rte Category Cd,Rte Cat,Rte Nm,Ruralurbandesc,School Zone,Second Crash Event Cd,Segtotaadt2011,Segtotaadt2012,Segtotaadt2013,Segtotaadt2014,Segtotaadt2015,Senior Notsenior,Sidewalkdesc,Speed Before,Speed Max Safe,Speed Notspeed,Speed Posted,Start Node,Start Offset,Summons Issued Cd,Surfacedesc,Third Crash Event Cd,Time Slicing,Total Crashes including Property Damage Only,Total Crash,Traffic Control Type,Trfc Ctrl Status Type,Truckcommr,Vehiclenumber,Vehicle Body Type Cd,Vehicle Make Nm,Vehicle Maneuver Type Cd,Vehicle Model Nm,Vehicle Year Nbr,District,District_Used ,Weather Condition,Work Zone Location,Work Zone Related,Work Zone Type,Young Notyoung
No Access Control,Not ALCIHOL,Urban,0,0,Bituminous Concrete (Black Base),114-07039- 001A(R)/RAMP FROM RTE. 278,Not UNBELTED,20,0,B,1,BIKE,65.36,1,1,,2. Angle,"Not Provided,Not Provided","Not Provided,Not Provided",US00258,65.491,3,9/14/2013,9/14/2013,22. Bicycle,1331,B.Visiible Injury,2013,None,0,0,Hampton,Urban,22. Bicycle,MAIN,12PM TO 3PM,114.Hampton,523,Intersection,Reset Filters,VDOT_OTHER,Saturday,Not DEER,"West,West",,5,1,140300062,25,Female,"B,PDO","1,2","42. Improper or Unsafe Lane Change,1. No Improper Action","2. Not Deployed,2. Not Deployed","Not Applicable,Not Applicable","Not Applicable,Not Applicable","Not Applicable,Not Applicable","Not Applicable,Not Applicable","Not Applicable,Not Applicable","1. Not Ejected,1. Not Ejected","No,No","No,No","3. Lap and Shoulder Belt,3. Lap and Shoulder Belt","1. Not Obscured,1. Not Obscured",,,66,253121,SR-00169(R)/FOX HILL RD(L)/,0,1,"1.Divided, no control of access","20,22",1. On Roadway,"0,0",H,H.Urban Minor Arterial,Urban Extensions - Primary Routes,Not GUARDRAIL,Not HIT_RUN,"11,11",1,1. Not at Intersection,140300062,C,0,0,37.043569,37.043569,10,0.23,Not LRTRUCK,2. Daylight,LOCATED,-76.344002,-76.344002,MAINLINE,MAIN,0,0,Curbed Grass,20,4,Divided Roadway,"20,22",Not MOTORCYCLE,253121,253121.  SR00169       US00258       US00258,41229,40318,39556,38147,38920,8,1,0.099,PRI_URBAN,,,,,,,,,0,222,74,0,1,,0,0,,,,,,,,,Not PED,,1,0,Hampton,114,5,NOT-RD,8. Non-Intersection,10,65.25,65.49,1. Straight - Level,1. No Defects,"2. Two-Way, Divided, Unprotected Median",1. Dry,1. Concrete,E MERCURY BLVD,USPRI,US,R-VA   US00258WB,"Urbanized (Population 200,000 and over)",3. No,"0,0",28760,28124,27017,26055,26583,Not SENIOR,None,40,"0,45",Not SPEED,"0,45",253147,0,"3. Pending,2. No",0,"0,0",12PM TO 3PM,1,1,1. No Traffic Control,6. No Traffic Control Device Present,Truck Access System,"1,2","9. Bicycle,1. Passenger car",NISSAN,"1. Going Straight Ahead,1. Going Straight Ahead",ALTIMA,2008,5,5.Hampton Roads,1. No Adverse Condition (Clear/Cloudy),Not Provided,2. No,Not Provided,YOUNG
No Access Control,Not ALCIHOL,Urban,0,0,"Stabilized with Selected Material (Soil,Gravel,Stone,etc.)",SR-00171(B)/YORKTOWN ROAD,Not UNBELTED,39,Male,B,2,BIKE,1.5,1,1,40,2. Angle,"Not Provided,Not Provided","Not Provided,Not Provided",9900782,1.56,4,9/15/2013,9/15/2013,20. Motor Vehicle In Transport,930,B.Visiible Injury,2013,None,0,0,York,Urban,20. Motor Vehicle In Transport,MAIN,9AM TO 12PM,99.York,317,Intersection,Reset Filters,VDOT_OTHER,Sunday,Not DEER,"South,North",,5,1,132605132,73,0,"PDO,B","1,2","11. Did Not Have Right-of-Way,1. No Improper Action","2. Not Deployed,3. Unavailable/Not Applicable","Not Applicable,Not Applicable","1. No Defects,1. No Defects","14. No Driver Distraction,14. No Driver Distraction","1. Had Not Been Drinking,1. Had Not Been Drinking","2. No,2. No","1. Not Ejected,3. Totally Ejected","No,Yes","No,No","3. Lap and Shoulder Belt,5. Helmet","1. Not Obscured,1. Not Obscured",,,2,671471,147-07052(U)/JB-99-147/Gap Terminus/WCL POQUO,0,0,"0.Two-way, non-divided","20,20",1. On Roadway,"0,0",I,I.Urban Collector,State Secondary,Not GUARDRAIL,Not HIT_RUN,"1,12",1,1. Not at Intersection,132605132,N,0,0,37.125634,37.125634,5,0.29,Not LRTRUCK,2. Daylight,LOCATED,-76.410012,-76.410012,MAINLINE,MAIN,0,0,0,0,0,Undivided Roadway,"20,20",Not MOTORCYCLE,671470,671470.  9900782       9900782       SR00171       SR00171,24600,24056,23484,22647,23106,2,1,0.06,VDOT_SEC,,,,,,,,,0,0,0,0,1,,0,0,,,,,,,,,Not PED,,1,0,York,99,5,NOT-RD,8. Non-Intersection,5,1.5,1.56,1. Straight - Level,1. No Defects,"1. Two-Way, Not Divided",1. Dry,"2. Blacktop, Asphalt, Bituminous",ROUTE 782,SEC,SC,R-VA099SC00782SB,"Urbanized (Population 200,000 and over)",3. No,"0,0",5081,4969,5452,5258,5364,SENIOR,None,"10,20","0,20",Not SPEED,"35,35",671470,0,"1. Yes,2. No",Paved (unofficial definition),"0,0",9AM TO 12PM,1,1,6. Traffic Lanes Marked,1. Yes - Working,Not a Parkway - Trucks and Commercial Vehicles Allowed,"1,2","1. Passenger car,9. Bicycle","MERCEDES BENZ,QUINTANA ROO","3. Making Left Turn,1. Going Straight Ahead","C30,BICYCLE",20112013,5,5.Hampton Roads,1. No Adverse Condition (Clear/Cloudy),Not Provided,2. No,Not Provided,Not YOUNG
No Access Control,Not ALCIHOL,Urban,1,1,"N/A, Unknown, or Unstabilized",122-08563(R)/COLLEY AV,Not UNBELTED,21,Female,A,2,BIKE,32.46,0,0,,2. Angle,"Not Provided,Not Provided","Not Provided,Not Provided",SR00337,32.669,3,9/16/2013,9/16/2013,20. Motor Vehicle In Transport,1214,A.Ambulatory Injury,2013,Left and Right sides,0,0,Norfolk,Urban,20. Motor Vehicle In Transport,MAIN,12PM TO 3PM,122.Norfolk,586,Intersection,Reset Filters,VDOT_OTHER,Monday,Not DEER,"East,North",DISTRACTED,5,1,140300376,70,Male,"PDO,A","1,2","11. Did Not Have Right-of-Way,1. No Improper Action","2. Not Deployed,3. Unavailable/Not Applicable","4. No Test,4. No Test","1. No Defects,1. No Defects","7. Eyes Not on Road,Not Applicable","1. Had Not Been Drinking,1. Had Not Been Drinking","3. Unknown,3. Unknown","1. Not Ejected,2. Partially Ejected","No,Yes","No,No","3. Lap and Shoulder Belt,8. No Restraint Used","1. Not Obscured,1. Not Obscured",,,33,483650,122-08609(L)/N SHORE RD,0,1,"1.Divided, no control of access","22,20",4. Roadside,"0,0",E,E.Urban Other Principle Arterials; Connecting Links of Other Rural Principal Arterial,Urban Extensions - Primary Routes,Not GUARDRAIL,Not HIT_RUN,"1,12",1,4. Four Approaches,140300376,C,0,0,36.910116,36.910116,0,0.32,Not LRTRUCK,2. Daylight,LOCATED,-76.305927,-76.305927,MAINLINE,MAIN,0,0,Curbed Grass,26,26,Divided Roadway,"22,20",Not MOTORCYCLE,483650,483650.  SR00337       SR00337      12208609,35935,34724,33890,31901,31279,6,1,0.111,PRI_URBAN,,,,,,,,,0,148,66,0,1,,0,0,,,,,,,,,Not PED,,1,0,Norfolk,122,5,NOT-RD,1. Main-Line Roadway,0,32.5,32.67,1. Straight - Level,1. No Defects,"3. Two-Way, Divided, Positive Median Barrier",1. Dry,1. Concrete,7300 HAMPTON RD,STPRI,SR,R-VA   SR00337WB,"Urbanized (Population 200,000 and over)",3. No,"0,0",35604,34368,33531,31555,30999,SENIOR,Left and Right sides,"10,5","35,35",Not SPEED,"35,35",483651,0.88,"1. Yes,2. No",0,"0,0",12PM TO 3PM,1,1,1. No Traffic Control,6. No Traffic Control Device Present,Not a Parkway - Trucks and Commercial Vehicles Allowed,"1,2","1. Passenger car,9. Bicycle","Toyota,ROADSTER","2. Making Right Turn,1. Going Straight Ahead","CAMRY,BICYCLE",2006,5,5.Hampton Roads,1. No Adverse Condition (Clear/Cloudy),Not Provided,2. No,Not Provided,Not YOUNG
No Access Control,Not ALCIHOL,Urban,0,0,Bituminous Concrete (Black Base),DRIFT TIDE DR.(L)/,Not UNBELTED,55,Male,B,2,BIKE,45.84,1,1,,2. Angle,"Not Provided,Not Provided","Not Provided,Not Provided",US00013,46.045,4,9/20/2013,9/20/2013,22. Bicycle,1445,B.Visiible Injury,2013,Left and Right sides,0,1,Virginia Beach,Urban,22. Bicycle,MAIN,12PM TO 3PM,134.Virginia Beach,"2,561",Intersection,Reset Filters,VDOT_OTHER,Friday,Not DEER,"South,West",,5,1,133275144,34,0,"C,B","1,2","11. Did Not Have Right-of-Way,1. No Improper Action","2. Not Deployed,3. Unavailable/Not Applicable","4. No Test,4. No Test","1. No Defects,1. No Defects","14. No Driver Distraction,14. No Driver Distraction","1. Had Not Been Drinking,1. Had Not Been Drinking","2. No,2. No","1. Not Ejected,3. Totally Ejected","No,Yes","No,No","3. Lap and Shoulder Belt,9. Not Applicable","11. Moving Vehicle(s),11. Moving Vehicle(s)",,,46,729226,DYER PLACE(L)/,0,1,"1.Divided, no control of access","22,20",1. On Roadway,"0,0",E,E.Urban Other Principle Arterials; Connecting Links of Other Rural Principal Arterial,Urban Extensions - Primary Routes,Not GUARDRAIL,Not HIT_RUN,"12,4",1,1. Not at Intersection,133275144,C,0,0,36.82377528,36.82377528,0,0.38,Not LRTRUCK,2. Daylight,LOCATED,-76.21071432,-76.21071432,MAINLINE,MAIN,0,0,Curbed Grass,16,4,Divided Roadway,"22,20",Not MOTORCYCLE,541017,541017.  US00013       US00013      13400007      13400007,65600,65700,66306,63901,65890,8,1,0.485,PRI_URBAN,,,,,,,,,0,126,102,0,2,,0,0,,,,,,,,,Not PED,,2,0,Virginia Beach,134,5,NOT-RD,9. Within Intersection,0,46,46.04,1. Straight - Level,1. No Defects,"3. Two-Way, Divided, Positive Median Barrier",1. Dry,"2. Blacktop, Asphalt, Bituminous",700 S MILITARY HWY,USPRI,US,R-VA   US00013NB,"Urbanized (Population 200,000 and over)",3. No,"0,0",44281,45423,45842,44179,46648,Not SENIOR,Left and Right sides,"35,5","45,45",Not SPEED,"45,45",729220,0,"2. No,2. No",0,"0,0",12PM TO 3PM,1,1,6. Traffic Lanes Marked,1. Yes - Working,Not a Parkway - Trucks and Commercial Vehicles Allowed,"1,2","3. Van,9. Bicycle",Ford,"1. Going Straight Ahead,3. Making Left Turn","Freestar Wagon,BICYCLE",2004,5,5.Hampton Roads,1. No Adverse Condition (Clear/Cloudy),Not Provided,2. No,Not Provided,Not YOUNG
,Not ALCIHOL,Urban,1,1,,,Not UNBELTED,36,Female,A,2,BIKE,,0,0,,2. Angle,"Not Provided,Not Provided","Not Provided,Not Provided",,,,9/20/2013,9/20/2013,22. Bicycle,1828,A.Ambulatory Injury,2013,,0,0,Hampton,Urban,22. Bicycle,MAIN,6PM TO 9PM,114.Hampton,,Not Intersection,Reset Filters,VDOT_OTHER,Friday,Not DEER,"East,North",,5,1,140310086,24,0,"PDO,A","1,2","40. Fail to Maintain Proper Control,Not Applicable","2. Not Deployed,3. Unavailable/Not Applicable","Not Applicable,Not Applicable","1. No Defects,1. No Defects","Not Applicable,Not Applicable","1. Had Not Been Drinking,1. Had Not Been Drinking","2. No,2. No","1. Not Ejected,1. Not Ejected","No,Yes","No,No","3. Lap and Shoulder Belt,9. Not Applicable","1. Not Obscured,1. Not Obscured",,,,,,,,,"22,20",1. On Roadway,"0,0",,,,Not GUARDRAIL,Not HIT_RUN,"11,7",1,3. Three Approaches,,C,0,0,37.035083,37.035083,,,Not LRTRUCK,2. Daylight,UNLOCATED,-76.406291,-76.406291,MAINLINE,,,,,,,,"22,20",Not MOTORCYCLE,,.,,,,,,,1,,SEC_URBAN,,,,,,,,,,,,0,1,,0,0,,,,,,,,,Not PED,,1,0,Hampton,114,5,NOT-RD,9. Within Intersection,,,,1. Straight - Level,1. No Defects,"2. Two-Way, Divided, Unprotected Median",1. Dry,"2. Blacktop, Asphalt, Bituminous",E WALKER RD,UNKWN,SC,U-VA114SC99999UK,,3. No,"0,0",,,,,,Not SENIOR,,40,"25,0",SPEED,"25,0",,,"1. Yes,2. No",,"0,0",6PM TO 9PM,1,1,1. No Traffic Control,6. No Traffic Control Device Present,,"1,2","1. Passenger car,9. Bicycle","NISSAN,BICYCLE","2. Making Right Turn,1. Going Straight Ahead","ALTIMA,10 SPEED",1999,5,5.Hampton Roads,1. No Adverse Condition (Clear/Cloudy),Not Provided,2. No,Not Provided,Not YOUNG
No Access Control,Not ALCIHOL,Urban,0,0,"Stabilized with Selected Material (Soil,Gravel,Stone,etc.)",NO NAME STREET,Not UNBELTED,27,Female,B,2,BIKE,1.69,1,1,45,2. Angle,"Not Provided,Not Provided","Not Provided,Not Provided",SR00321,1.69,4,9/21/2013,9/21/2013,22. Bicycle,1103,B.Visiible Injury,2013,None,0,0,Williamsburg,Urban,22. Bicycle,MAIN,9AM TO 12PM,137.Williamsburg,"4,066",Intersection,Reset Filters,VDOT_OTHER,Saturday,Not DEER,"West,North",,5,1,140310142,79,0,"PDO,B","1,2","11. Did Not Have Right-of-Way,1. No Improper Action","2. Not Deployed,Not Provided","4. No Test,4. No Test","1. No Defects,1. No Defects","Not Applicable,Not Applicable","1. Had Not Been Drinking,1. Had Not Been Drinking","2. No,2. No","1. Not Ejected,3. Totally Ejected","No,Yes","No,No","3. Lap and Shoulder Belt,5. Helmet","14. Blind Spot,1. Not Obscured",,,2,700862,NO NAME STREET,0.04,0,"0.Two-way, non-divided","22,20",1. On Roadway,"0,0",J,J.Urban Local,State Primary and Interstate,Not GUARDRAIL,Not HIT_RUN,"7,12",1,3. Three Approaches,140310142,N,0,0,37.279083,37.279083,0,0.04,Not LRTRUCK,2. Daylight,LOCATED,-76.726346,-76.726346,MAINLINE,MAIN,0,0,0,0,0,Undivided Roadway,"22,20",Not MOTORCYCLE,398073,398073.  4700615       4700615       SR00321       SR00321,30826,30144,30201,29125,29716,2,1,0.77,VDOT_PRI,,,,,,,,,0,157,0,0,1,,0,0,,,,,,,,,Not PED,,1,0,Williamsburg,137,5,NOT-RD,9. Within Intersection,0,1.5,1.69,3. Grade - Straight,1. No Defects,"1. Two-Way, Not Divided",1. Dry,"2. Blacktop, Asphalt, Bituminous",MONTICELLO AVE,INST,SR,R-VA   SR00321EB,"Urbanized (Population 200,000 and over)",3. No,"0,0",,,,,,SENIOR,None,20,"25,45",Not SPEED,"25,45",700862,0,"3. Pending,2. No",0,"0,0",9AM TO 12PM,1,1,4. Stop Sign,1. Yes - Working,Not a Parkway - Trucks and Commercial Vehicles Allowed,"1,2","1. Passenger car,9. Bicycle","CHRYSLER,TREK","15. Other,1. Going Straight Ahead","PT CRUISER,MADONE(BICYCLE)",2006,5,5.Hampton Roads,1. No Adverse Condition (Clear/Cloudy),Not Provided,2. No,Not Provided,Not YOUNG
No Access Control,Not ALCIHOL,Urban,0,0,"N/A, Unknown, or Unstabilized",PERSHING COURT(B)/,Not UNBELTED,37,Male,C,2,BIKE,0.75,0,0,,1. Rear End,"Not Provided,Not Provided","Not Provided,Not Provided",11407021,0.804,4,9/24/2013,9/24/2013,22. Bicycle,1135,C.Non-Visible Injury,2013,Left and Right sides,1,1,Hampton,Urban,22. Bicycle,MAIN,9AM TO 12PM,114.Hampton,"1,616",Intersection,Reset Filters,VDOT_OTHER,Tuesday,Not DEER,"South,South",DISTRACTED,5,1,140310293,72,0,"PDO,C","1,2","40. Fail to Maintain Proper Control,1. No Improper Action","2. Not Deployed,Not Provided","4. No Test,4. No Test","1. No Defects,1. No Defects","7. Eyes Not on Road,Not Applicable","1. Had Not Been Drinking,1. Had Not Been Drinking","2. No,2. No","1. Not Ejected,Not Provided","No,Yes","No,No","3. Lap and Shoulder Belt,9. Not Applicable","1. Not Obscured,1. Not Obscured",,,1,253328,WEAVER ROAD(B)/,0,1,"1.Divided, no control of access","22,20",1. On Roadway,"0,0",I,I.Urban Collector,Other City or Town Streets (not state maintained),Not GUARDRAIL,Not HIT_RUN,"12,6",1,4. Four Approaches,140310293,C,0,0,37.02699,37.02699,0,0.07,Not LRTRUCK,2. Daylight,LOCATED,-76.418675,-76.418675,MAINLINE,MAIN,0,0,Curbed Grass,18,4,Divided Roadway,"22,20",Not MOTORCYCLE,253133,253133.  US00258       US00258      11407021      11407021,62930,60554,56708,56896,58310,4,1,0.306,SEC_URBAN,,,,,,,,,0,0,48,0,1,,0,0,,,,,,,,,Not PED,,1,0,Hampton,114,5,NOT-RD,9. Within Intersection,0,0.75,0.82,1. Straight - Level,1. No Defects,"3. Two-Way, Divided, Positive Median Barrier",1. Dry,"2. Blacktop, Asphalt, Bituminous",BIG BETHEL,URB,UR,R-VA114UR07021SB,"Urbanized (Population 200,000 and over)",3. No,"0,0",9411,9203,7862,7582,7736,SENIOR,Left side,"15,5","40,40",Not SPEED,"40,40",253327,0,"1. Yes,2. No",0,"0,0",9AM TO 12PM,1,1,3. Traffic Signal,1. Yes - Working,Not a Parkway - Trucks and Commercial Vehicles Allowed,"1,2","2. Truck - Pick-up/Passenger Truck,9. Bicycle",CHVY,"3. Making Left Turn,1. Going Straight Ahead",SILVERADO,2009,5,5.Hampton Roads,1. No Adverse Condition (Clear/Cloudy),Not Provided,2. No,Not Provided,Not YOUNG
,Not ALCIHOL,Urban,0,0,,,Not UNBELTED,57,Male,B,2,BIKE,,1,1,,2. Angle,"Not Provided,Not Provided","Not Provided,Not Provided",,,,9/25/2013,9/25/2013,20. Motor Vehicle In Transport,818,B.Visiible Injury,2013,,0,0,Virginia Beach,Urban,20. Motor Vehicle In Transport,MAIN,6AM TO 9AM,134.Virginia Beach,,Not Intersection,Reset Filters,VDOT_OTHER,Wednesday,Not DEER,"South,East",,5,1,132705039,66,0,"PDO,B","1,2","1. No Improper Action,1. No Improper Action","2. Not Deployed,3. Unavailable/Not Applicable","4. No Test,4. No Test","1. No Defects,1. No Defects","14. No Driver Distraction,14. No Driver Distraction","1. Had Not Been Drinking,1. Had Not Been Drinking","2. No,2. No","1. Not Ejected,1. Not Ejected","No,No","No,No","3. Lap and Shoulder Belt,9. Not Applicable","1. Not Obscured,1. Not Obscured",,,,,,,,,"20,20",1. On Roadway,"0,0",,,,Not GUARDRAIL,Not HIT_RUN,"1,9",1,3. Three Approaches,,C,0,0,36.788114,36.788114,,,Not LRTRUCK,2. Daylight,UNLOCATED,-76.068205,-76.068205,MAINLINE,,,,,,,,"20,20",Not MOTORCYCLE,,.,,,,,,,1,,SEC_URBAN,,,,,,,,,,,,0,1,,0,0,,,,,,,,,Not PED,,1,0,Virginia Beach,134,5,NOT-RD,9. Within Intersection,,,,1. Straight - Level,1. No Defects,"2. Two-Way, Divided, Unprotected Median",1. Dry,"2. Blacktop, Asphalt, Bituminous",2800 DAM NECK RD,UNKWN,SC,U-VA134SC99999UK,,3. No,"0,0",,,,,,SENIOR,,"5,5","35,35",Not SPEED,"35,35",,,"2. No,2. No",,"0,0",6AM TO 9AM,1,1,3. Traffic Signal,1. Yes - Working,,"1,2","22. Truck - Sport Utility Vehicle (SUV),9. Bicycle","Honda,SPECIALIZED","2. Making Right Turn,1. Going Straight Ahead","Pilot,ROCK HOPPER",2004,5,5.Hampton Roads,1. No Adverse Condition (Clear/Cloudy),Not Provided,2. No,Not Provided,Not YOUNG
No Access Control,Not ALCIHOL,Urban,0,0,Bituminous Concrete (Black Base),RAWOOD DRIVE(L)/,Not UNBELTED,18,Not Provided,B,2,BIKE,0.81,1,1,,2. Angle,"Not Provided,Not Provided","Not Provided,Not Provided",11407008,0.81,4,9/25/2013,9/25/2013,22. Bicycle,1400,B.Visiible Injury,2013,Left and Right sides,0,0,Hampton,Urban,22. Bicycle,MAIN,12PM TO 3PM,114.Hampton,792,Intersection,Reset Filters,VDOT_OTHER,Wednesday,Not DEER,"Not Provided,East",,5,1,140340079,,0,"PDO,B","1,2","34. Hit and Run,1. No Improper Action","Not Provided,3. Unavailable/Not Applicable","Not Applicable,Not Applicable","9. Unknown,1. No Defects","Not Applicable,Not Applicable","6. Unknown,1. Had Not Been Drinking","3. Unknown,2. No","Not Provided,3. Totally Ejected","NotProvided,No","Yes,No","Not Provided,9. Not Applicable","Not Applicable,1. Not Obscured",,,1,731364,PRESTWICK WAY(R)/,0,1,"1.Divided, no control of access","22,20",1. On Roadway,"0,0",I,I.Urban Collector,Other City or Town Streets (not state maintained),Not GUARDRAIL,HIT_RUN,"0,7",1,3. Three Approaches,140340079,C,0,0,37.04602,37.04602,0,0.09,Not LRTRUCK,2. Daylight,LOCATED,-76.307038,-76.307038,MAINLINE,MAIN,0,0,Curbed Grass,16,3,Divided Roadway,"22,20",Not MOTORCYCLE,253252,253252. 11407008      11407008      11407053      11407053,9866,9658,8182,7890,8050,3,1,0.15,SEC_URBAN,,,,,,,,,3,0,48,0,1,,0,0,,,,,,,,,Not PED,,1,0,Hampton,114,5,NOT-RD,9. Within Intersection,0,0.75,0.81,1. Straight - Level,1. No Defects,"2. Two-Way, Divided, Unprotected Median",1. Dry,"2. Blacktop, Asphalt, Bituminous",NICKERSON BLVD,URB,UR,R-VA114UR07008WB,"Urbanized (Population 200,000 and over)",3. No,"0,0",4783,4687,3783,3648,3722,Not SENIOR,Left and Right sides,5,"0,35",Not SPEED,"0,35",253253,0,"Not Provided,2. No",0,"0,0",12PM TO 3PM,1,1,4. Stop Sign,1. Yes - Working,Not a Parkway - Trucks and Commercial Vehicles Allowed,"1,2","1. Passenger car,9. Bicycle",MONGOOSE,"2. Making Right Turn,14. Changing Lanes",BMX BICYCLE,,5,5.Hampton Roads,1. No Adverse Condition (Clear/Cloudy),Not Provided,2. No,Not Provided,YOUNG
No Access Control,Not ALCIHOL,Urban,1,1,Bituminous Concrete (Black Base),BRUIN DR(L)GREENWOOD ROAD(R)/,Not UNBELTED,19,0,A,1,BIKE,0.89,0,0,,2. Angle,"Not Provided,Not Provided","Not Provided,Not Provided",13108532,0.892,3,9/26/2013,9/26/2013,22. Bicycle,1937,A.Ambulatory Injury,2013,None,0,0,Chesapeake,Urban,22. Bicycle,MAIN,6PM TO 9PM,131.Chesapeake,"4,710",Intersection,Reset Filters,VDOT_OTHER,Thursday,Not DEER,"North,West",,5,1,132705172,47,Male,"A,PDO","1,2","21. Disregarded Traffic Signal,1. No Improper Action","3. Unavailable/Not Applicable,2. Not Deployed","4. No Test,4. No Test","9. Unknown,1. No Defects","14. No Driver Distraction,14. No Driver Distraction","1. Had Not Been Drinking,1. Had Not Been Drinking","2. No,2. No","Not Provided,1. Not Ejected","Yes,No","No,No","9. Not Applicable,3. Lap and Shoulder Belt","1. Not Obscured,1. Not Obscured",,,1,484570,PRINCE OF WALES DRIVE(L)/,0,0,"0.Two-way, non-divided","20,22",1. On Roadway,"0,0",I,I.Urban Collector,Other City or Town Streets (not state maintained),Not GUARDRAIL,Not HIT_RUN,"3,12",1,4. Four Approaches,132705172,C,0,0,36.844015,36.844015,3,0.26,Not LRTRUCK,4. Darkness - Road Lighted,LOCATED,-76.409422,-76.409422,MAINLINE,MAIN,0,0,0,0,0,Undivided Roadway,"20,22",Not MOTORCYCLE,484544,484544. 13108530      13108530      13108532,27939,27320,27475,26561,27089,2,1,0.892,SEC_URBAN,,,,,,,,,0,0,20,0,1,,0,0,,,,,,,,,Not PED,,1,0,Chesapeake,131,5,NOT-RD,9. Within Intersection,8,0.75,0.89,1. Straight - Level,1. No Defects,"2. Two-Way, Divided, Unprotected Median",1. Dry,"2. Blacktop, Asphalt, Bituminous",BRUCE RD,URB,UR,R-VA131UR08532WB,"Urbanized (Population 200,000 and over)",3. No,"0,0",11117,10871,10932,10764,10978,Not SENIOR,None,,"25,35",Not SPEED,"25,35",484569,0,"2. No,2. No",0,"0,0",6PM TO 9PM,1,1,3. Traffic Signal,1. Yes - Working,Not a Parkway - Trucks and Commercial Vehicles Allowed,"1,2","9. Bicycle,2. Truck - Pick-up/Passenger Truck","UNK,Ford","1. Going Straight Ahead,1. Going Straight Ahead","BICYCLE,F-150",1999,5,5.Hampton Roads,1. No Adverse Condition (Clear/Cloudy),Not Provided,2. No,Not Provided,YOUNG