Access Control,Alcohol Notalcohol,Area Type1,A Crash,A People,Basetypedesc,Begin Node Dsc,Belted Unbelted,Bikeage,Bikegen,Bikeinjurytype,Bikevehiclenumber,Bike Nonbike,BMP,B Crash,B People,Carspeedlimit,Collision Type,Comm Cargo Body Type Cd,Comm Vehicle Body Type Cd,Cotedrouteid,Coted Mp,Count App,CRASH_DT (copy),Crash Dt,Crash Event Type Dsc,Crash Military Tm,Crash Severity,Crash Year,Curbgutterdesc,C Crash,C People,Juris Name Used,Area Type Used,First Harmful Event of Entire Crash,MAINLINE,Time Slicing Used,Phy_Juris_Nm,Offset-Ft,Intersection Analysis,Clear,Calculation_9640323132123359,Day Of Week,Deer Nodeer,Direction Of Travel Cd,Distracted Notdistracted,VSP,TOTAL CRASH,Document Nbr,Driverage,Drivergen,Driverinjurytype,Drivervehiclenumber,Driver Action Type Cd,Driver Airbag Deployment,Driver Alcohol Test Type Cd,Driver Condition Type Cd,Driver Distraction Type Cd,Driver Drinking Type Cd,Driver Drug Use Cd,Driver Ejected From Vehicle,Driver Ems Transport Ind,Driver Fled Scene Ind,Driver Safety Equip Used,Driver Vis Obscured Type Cd,Drowsy Notdrowsy,Drug Nodrug,EMP,End Node,End Node Dsc,End Offset,Facility,FAC,First Crash Event Cd,First Harmful Event,Fourth Crash Event Cd,Functionalclass,FUN,Govcondesc,Gr Nogr,Hitrun Not Hitrun,Initial Veh Impact Area Cd,Injury Crashes,Intersection Type,Int Doc,Jurtype,K_CRASH,K People,LAT (copy),LAT,Leftshoulderwidth,Length,Lgtruck Nonlgtruck,Light Condition,Located Unlocated,LON (copy),LON,MAINLINE (group),Mainline Yn,Medianleftshoulderwidth,Medianrightshoulderwidth,Mediantypedesc,Medianwidthmax,Medianwidthmin,Median Type,Most Harmful Crash Event Cd,Motor Nonmotor,Node,Node Info,Node Totaadt2011,Node Totaadt2012,Node Totaadt2013,Node Totaadt2014,Node Totaadt2015,Numberoflane,Number of Records,Offset,Ownership,Passage,Passgen,Passinjurytype,Passvehiclenumber,Pass Airbag Deployment,Pass Ejected From Vehicle,Pass Ems Transport Ind,Pass Safety Equip Used,Pavementconditionvalue,Pavementroughnessvalue,Pavementwidth,Pdo Crash,Total People Killed & Injured,Pedage,Pedestrians Injured,Pedestrians Killed,Pedgen,Pedinjurytype,Pednumber,Ped Action,Ped Al Test,Ped Cond,Ped Drink,Ped Drug,Ped Nonped,Ped Rflct,Persons Injured,Persons Killed,Physical Juris Nm,PJR,VSP_Used,Rd Type,Relation To Roadway,Rightshoulderwidth,RNS_MP (0.25 mi bin),Rns Mp,Roadway Alignment,Roadway Defect,Roadway Description,Roadway Surface Cond,Roadway Surface Type,Route Or Street Nm,Rte Category Cd,Rte Cat,Rte Nm,Ruralurbandesc,School Zone,Second Crash Event Cd,Segtotaadt2011,Segtotaadt2012,Segtotaadt2013,Segtotaadt2014,Segtotaadt2015,Senior Notsenior,Sidewalkdesc,Speed Before,Speed Max Safe,Speed Notspeed,Speed Posted,Start Node,Start Offset,Summons Issued Cd,Surfacedesc,Third Crash Event Cd,Time Slicing,Total Crashes including Property Damage Only,Total Crash,Traffic Control Type,Trfc Ctrl Status Type,Truckcommr,Vehiclenumber,Vehicle Body Type Cd,Vehicle Make Nm,Vehicle Maneuver Type Cd,Vehicle Model Nm,Vehicle Year Nbr,District,District_Used ,Weather Condition,Work Zone Location,Work Zone Related,Work Zone Type,Young Notyoung
No Access Control,Not ALCIHOL,Urban,0,0,Dual Type,FOREST HAVEN LN(B)/,Not UNBELTED,,Male,B,2,BIKE,33.02,1,2,,2. Angle,"Not Provided,Not Provided","Not Provided,Not Provided",US00017,33.02,3,9/26/2013,9/26/2013,22. Bicycle,955,B.Visiible Injury,2013,Right side,0,0,Chesapeake,Urban,22. Bicycle,MAIN,9AM TO 12PM,131.Chesapeake,634,Intersection,Reset Filters,VDOT_OTHER,Thursday,Not DEER,"East,Not Provided",,5,1,132695129,86,0,"PDO,B","1,2","1. No Improper Action,11. Did Not Have Right-of-Way","2. Not Deployed,2. Not Deployed","Not Applicable,Not Applicable","1. No Defects,1. No Defects","Not Applicable,Not Applicable","1. Had Not Been Drinking,1. Had Not Been Drinking","2. No,2. No","1. Not Ejected,1. Not Ejected","NotProvided,NotProvided","No,No","3. Lap and Shoulder Belt,9. Not Applicable","1. Not Obscured,1. Not Obscured",,,33,483055,FOREST HAVEN LN(B)/,0.04,1,"1.Divided, no control of access","22,20",1. On Roadway,"0,0",E,E.Urban Other Principle Arterials; Connecting Links of Other Rural Principal Arterial,Urban Extensions - Primary Routes,Not GUARDRAIL,Not HIT_RUN,"12,0",1,4. Four Approaches,132695129,C,0,0,36.86543676,36.86543676,8,0.04,Not LRTRUCK,2. Daylight,LOCATED,-76.41304905,-76.41304905,MAINLINE,MAIN,3,3,Grass/Unprotected,18,18,Divided Roadway,"22,20",Not MOTORCYCLE,483056,483056.  US00017       US00017      13108524,23993,24031,23757,23076,22935,4,1,0.12,PRI_URBAN,,,,,,,,,0,194,48,0,2,21,1,0,Male,B,1,2. Crossing At Intersection Against Signal,Not Applicable,1. No Defects,1. Had Not Been Drinking,2. No,PED,2. No,2,0,Chesapeake,131,5,NOT-RD,9. Within Intersection,0,33,33.02,1. Straight - Level,1. No Defects,"1. Two-Way, Not Divided",1. Dry,"2. Blacktop, Asphalt, Bituminous",RT 17 WESTERN BRANCH BL,USPRI,US,R-VA   US00017SB,"Urbanized (Population 200,000 and over)",3. No,"0,0",22596,22717,22398,22586,22361,SENIOR,None,"30,5","45,45",Not SPEED,"45,45",483055,0,"2. No,2. No",0,"0,0",9AM TO 12PM,1,1,3. Traffic Signal,1. Yes - Working,Truck Access System,"1,2","2. Truck - Pick-up/Passenger Truck,9. Bicycle","NISSAN,NA","1. Going Straight Ahead,1. Going Straight Ahead","FRONTIER PU,NA",20022012,5,5.Hampton Roads,1. No Adverse Condition (Clear/Cloudy),Not Provided,2. No,Not Provided,Not YOUNG
,Not ALCIHOL,Urban,0,0,,,Not UNBELTED,20,Female,B,2,BIKE,,1,1,,2. Angle,"Not Provided,Not Provided","Not Provided,Not Provided",,,,9/27/2013,9/27/2013,20. Motor Vehicle In Transport,1653,B.Visiible Injury,2013,,0,0,Hampton,Urban,20. Motor Vehicle In Transport,MAIN,3PM TO 6PM,114.Hampton,,Not Intersection,Reset Filters,VDOT_OTHER,Friday,Not DEER,"North,West",,5,1,140340140,29,0,"PDO,B","1,2","11. Did Not Have Right-of-Way,1. No Improper Action","2. Not Deployed,3. Unavailable/Not Applicable","4. No Test,4. No Test","1. No Defects,Not Applicable","Not Applicable,Not Applicable","1. Had Not Been Drinking,1. Had Not Been Drinking","3. Unknown,3. Unknown","1. Not Ejected,1. Not Ejected","No,No","No,No","3. Lap and Shoulder Belt,9. Not Applicable","1. Not Obscured,Not Applicable",,,,,,,,,"22,20",1. On Roadway,"0,0",,,,Not GUARDRAIL,Not HIT_RUN,"12,9",1,2. Two Approaches,,C,0,0,37.034765,37.034765,,,Not LRTRUCK,2. Daylight,UNLOCATED,-76.413211,-76.413211,MAINLINE,,,,,,,,"22,20",Not MOTORCYCLE,,.,,,,,,,1,,SEC_URBAN,,,,,,,,,,,,0,1,,0,0,,,,,,,,,Not PED,,1,0,Hampton,114,5,NOT-RD,9. Within Intersection,,,,1. Straight - Level,1. No Defects,"1. Two-Way, Not Divided",1. Dry,"2. Blacktop, Asphalt, Bituminous",TWIN OAKS,UNKWN,SC,U-VA114SC99999UK,,3. No,"0,0",,,,,,Not SENIOR,,"1,1","25,45",Not SPEED,"25,45",,,"1. Yes,2. No",,"0,0",3PM TO 6PM,1,1,4. Stop Sign,1. Yes - Working,,"1,2","1. Passenger car,9. Bicycle","INFINITI,BICYCLE","2. Making Right Turn,1. Going Straight Ahead",Q45,2002,5,5.Hampton Roads,1. No Adverse Condition (Clear/Cloudy),Not Provided,2. No,Not Provided,YOUNG
No Access Control,ALCOHOL,Urban,0,0,Dual Type,FOREST HAVEN LN(B)/,Not UNBELTED,36,0,B,1,BIKE,33.06,1,1,,2. Angle,"Not Provided,Not Provided","Not Provided,Not Provided",US00017,33.147,3,9/27/2013,9/27/2013,22. Bicycle,2300,B.Visiible Injury,2013,Right side,0,0,Chesapeake,Urban,22. Bicycle,MAIN,9PM TO 12AM,131.Chesapeake,"1,304",Intersection,Reset Filters,VDOT_OTHER,Friday,Not DEER,"West,East",,5,1,132765034,49,Male,"B,PDO","1,2","40. Fail to Maintain Proper Control,1. No Improper Action","3. Unavailable/Not Applicable,2. Not Deployed","4. No Test,Not Applicable","1. No Defects,1. No Defects","14. No Driver Distraction,14. No Driver Distraction","5. Drinking - Not Known Whether Impaired,1. Had Not Been Drinking","Not Applicable,Not Applicable","3. Totally Ejected,1. Not Ejected","No,No","No,No","9. Not Applicable,3. Lap and Shoulder Belt","1. Not Obscured,1. Not Obscured",,,33,483055,FOREST HAVEN LN(B)/,0.36,1,"1.Divided, no control of access","20,22",1. On Roadway,"0,0",E,E.Urban Other Principle Arterials; Connecting Links of Other Rural Principal Arterial,Urban Extensions - Primary Routes,Not GUARDRAIL,Not HIT_RUN,"0,12",1,4. Four Approaches,132765034,C,0,0,36.86537,36.86537,8,0.32,Not LRTRUCK,4. Darkness - Road Lighted,LOCATED,-76.41543,-76.41543,MAINLINE,MAIN,3,3,Grass/Unprotected,18,18,Divided Roadway,"20,22",Not MOTORCYCLE,483056,483056.  US00017       US00017      13108524,23993,24031,23757,23076,22935,4,1,0.247,PRI_URBAN,,,,,,,,,0,206,46,0,1,,0,0,,,,,,,,,Not PED,,1,0,Chesapeake,131,5,NOT-RD,9. Within Intersection,0,33,33.02,1. Straight - Level,1. No Defects,"3. Two-Way, Divided, Positive Median Barrier",1. Dry,"2. Blacktop, Asphalt, Bituminous",3369 WESTERN BRANCH BL,USPRI,US,R-VA   US00017SB,"Urbanized (Population 200,000 and over)",3. No,"0,0",22596,22717,22398,22586,22361,Not SENIOR,None,"2,10","40,40",Not SPEED,"40,40",483055,0.04,"2. No,2. No",0,"0,0",9PM TO 12AM,1,1,3. Traffic Signal,1. Yes - Working,Truck Access System,"1,2","9. Bicycle,22. Truck - Sport Utility Vehicle (SUV)","SCHWINN,Chrysler","1. Going Straight Ahead,2. Making Right Turn","SKYLINER,PT Cruiser",20002003,5,5.Hampton Roads,1. No Adverse Condition (Clear/Cloudy),Not Provided,2. No,Not Provided,Not YOUNG
No Access Control,Not ALCIHOL,Urban,0,0,Bituminous Concrete (Black Base),COLISEUM DRIVE(R)/CORRECT LOC,Not UNBELTED,28,Male,B,2,BIKE,63,1,1,,2. Angle,"Not Provided,Not Provided","Not Provided,Not Provided",US00258,63.104,3,9/28/2013,9/28/2013,22. Bicycle,1945,B.Visiible Injury,2013,Left and Right sides,0,0,Hampton,Urban,22. Bicycle,MAIN,6PM TO 9PM,114.Hampton,"1,658",Intersection,Reset Filters,VDOT_OTHER,Saturday,Not DEER,"North,West",,5,1,140340274,24,0,"PDO,B","1,2","11. Did Not Have Right-of-Way,1. No Improper Action","2. Not Deployed,Not Provided","Not Applicable,Not Applicable","1. No Defects,1. No Defects","Not Applicable,Not Applicable","1. Had Not Been Drinking,1. Had Not Been Drinking","2. No,2. No","1. Not Ejected,Not Provided","No,Yes","No,No","3. Lap and Shoulder Belt,8. No Restraint Used","1. Not Obscured,1. Not Obscured",,,63,754226,RIVERDALE COURT(L)/CORRECT LOC,0,1,"1.Divided, no control of access","22,20",1. On Roadway,"0,0",E,E.Urban Other Principle Arterials; Connecting Links of Other Rural Principal Arterial,Urban Extensions - Primary Routes,Not GUARDRAIL,Not HIT_RUN,"12,11",1,1. Not at Intersection,140340274,C,0,0,37.041874,37.041874,0,0.17,Not LRTRUCK,4. Darkness - Road Lighted,LOCATED,-76.386632,-76.386632,MAINLINE,MAIN,0,0,Curbed Grass,16,4,Divided Roadway,"22,20",Not MOTORCYCLE,754221,754221.  IS00064W263B  US00258       US00258,53990,50257,61632,62269,63789,8,1,0.314,PRI_URBAN,,,,,,,,,0,136,120,0,1,,0,0,,,,,,,,,Not PED,,1,0,Hampton,114,5,NOT-RD,8. Non-Intersection,0,63,63.1,1. Straight - Level,1. No Defects,"2. Two-Way, Divided, Unprotected Median",1. Dry,"2. Blacktop, Asphalt, Bituminous",1123 W MERCURY BLVD,USPRI,US,R-VA   US00258EB,"Urbanized (Population 200,000 and over)",3. No,"0,0",45608,42251,42075,42534,43630,Not SENIOR,None,5,"45,0",Not SPEED,"45,0",754224,0,"1. Yes,2. No",0,"0,0",6PM TO 9PM,1,1,6. Traffic Lanes Marked,6. No Traffic Control Device Present,Not a Parkway - Trucks and Commercial Vehicles Allowed,"1,2","1. Passenger car,9. Bicycle","HONDA,BICYCLE","2. Making Right Turn,1. Going Straight Ahead",ACCORD,2002,5,5.Hampton Roads,1. No Adverse Condition (Clear/Cloudy),Not Provided,2. No,Not Provided,Not YOUNG
No Access Control,Not ALCIHOL,Urban,0,0,"N/A, Unknown, or Unstabilized",US-00060(B)/MAIN ST,Not UNBELTED,34,Male,B,1,BIKE,0,1,1,,2. Angle,"Not Provided,Not Provided","Not Provided,Not Provided",SR00152,0.034,3,1/10/2015,1/10/2015,20. Motor Vehicle In Transport,1900,B.Visiible Injury,2015,Left and Right sides,0,0,Newport News,Urban,20. Motor Vehicle In Transport,MAIN,6PM TO 9PM,121.Newport News,180,Intersection,Reset Filters,VDOT_OTHER,Saturday,Not DEER,"North,East",DISTRACTED,5,1,150440005,22,Female,"B,PDO","1,2","40. Fail to Maintain Proper Control,1. No Improper Action","3. Unavailable/Not Applicable,2. Not Deployed","4. No Test,4. No Test","1. No Defects,1. No Defects","11. Other,Not Applicable","1. Had Not Been Drinking,1. Had Not Been Drinking","3. Unknown,3. Unknown","1. Not Ejected,1. Not Ejected","No,No","No,No","6. Other,3. Lap and Shoulder Belt","1. Not Obscured,1. Not Obscured",,,0,646131,HAMMAND STREET(L)/,0,0,"0.Two-way, non-divided","20,22",1. On Roadway,"0,0",H,H.Urban Minor Arterial,Urban Extensions - Primary Routes,Not GUARDRAIL,Not HIT_RUN,"12,2",1,1. Not at Intersection,150440005,C,0,0,37.03283,37.03283,0,0.06,Not LRTRUCK,4. Darkness - Road Lighted,LOCATED,-76.46017,-76.46017,MAINLINE,MAIN,0,0,0,0,0,Undivided Roadway,"20,22",Not MOTORCYCLE,646041,646041.  SR00152       US00060       US00060,28661,28027,31145,30036,30645,4,1,0.034,PRI_URBAN,,,,,,,,,0,0,44,0,1,,0,0,,,,,,,,,Not PED,,1,0,Newport News,121,5,NOT-RD,1. Main-Line Roadway,0,0,0.03,1. Straight - Level,1. No Defects,"1. Two-Way, Not Divided",1. Dry,1. Concrete,MAIN ST,STPRI,SR,R-VA   SR00152WB,"Urbanized (Population 200,000 and over)",3. No,"0,0",10674,10438,11700,11283,11512,Not SENIOR,Left and Right sides,"0,25","0,25",Not SPEED,"0,25",646041,0,"2. No,2. No",0,"0,0",6PM TO 9PM,1,1,6. Traffic Lanes Marked,1. Yes - Working,Not a Parkway - Trucks and Commercial Vehicles Allowed,"1,2","9. Bicycle,1. Passenger car",MAZDA,"15. Other,1. Going Straight Ahead",6,2004,5,5.Hampton Roads,1. No Adverse Condition (Clear/Cloudy),Not Provided,2. No,Not Provided,Not YOUNG
No Access Control,Not ALCIHOL,Urban,1,1,Dual Type,US-00017- 035A(R)/RAMP TO SR-164,Not UNBELTED,22,Male,A,1,BIKE,34.39,0,0,45,1. Rear End,"Not Provided,Not Provided","Not Provided,Not Provided",US00017,34.441,2,1/13/2015,1/13/2015,22. Bicycle,710,A.Ambulatory Injury,2015,None,0,1,Suffolk,Urban,22. Bicycle,MAIN,6AM TO 9AM,133.Suffolk,269,Intersection,Reset Filters,VDOT_OTHER,Tuesday,Not DEER,"North,North",,5,1,150775072,44,Male,"A,PDO","1,2","37. Other,1. No Improper Action","3. Unavailable/Not Applicable,2. Not Deployed","Not Applicable,Not Applicable","9. Unknown,1. No Defects","14. No Driver Distraction,14. No Driver Distraction","1. Had Not Been Drinking,1. Had Not Been Drinking","2. No,2. No","1. Not Ejected,1. Not Ejected","Yes,No","No,No","8. No Restraint Used,3. Lap and Shoulder Belt","Not Applicable,1. Not Obscured",,,34,756159,US-00017- 035A(R)/RAMP TO SR-164,0.1,1,"1.Divided, no control of access","22,22",1. On Roadway,"0,0",E,E.Urban Other Principle Arterials; Connecting Links of Other Rural Principal Arterial,Urban Extensions - Primary Routes,Not GUARDRAIL,Not HIT_RUN,"6,12",1,1. Not at Intersection,150775072,C,0,0,36.86352,36.86352,8,0.1,Not LRTRUCK,1. Dawn,LOCATED,-76.44032,-76.44032,MAINLINE,MAIN,0,0,Curbed Grass,24,4,Divided Roadway,"22,22",Not MOTORCYCLE,756159,756159.  US00017       US00017,32272,32809,33346,34173,35099,3,1,0.051,PRI_URBAN,6,Female,C,2,3. Unavailable/Not Applicable,1. Not Ejected,No,7. Booster Seat,0,122,36,0,2,,0,0,,,,,,,,,Not PED,,2,0,Suffolk,133,5,NOT-RD,1. Main-Line Roadway,8,34.25,34.44,3. Grade - Straight,1. No Defects,"2. Two-Way, Divided, Unprotected Median",2. Wet,"2. Blacktop, Asphalt, Bituminous",BRIDGE RD,USPRI,US,R-VA   US00017SB,"Urbanized (Population 200,000 and over)",3. No,"0,0",32272,32809,33346,34173,35099,Not SENIOR,None,"10,38","45,45",Not SPEED,"45,45",756159,0,"3. Pending,3. Pending",0,"0,0",6AM TO 9AM,1,1,6. Traffic Lanes Marked,1. Yes - Working,Designated Truck Route - D2,"1,2","9. Bicycle,1. Passenger car",TOYT,"14. Changing Lanes,1. Going Straight Ahead",4 DR SDN,2001,5,5.Hampton Roads,1. No Adverse Condition (Clear/Cloudy),Not Provided,2. No,Not Provided,Not YOUNG
No Access Control,Not ALCIHOL,Urban,0,0,Portland Cement Concrete,134-00009(L)/134-08726(R)/Gap Terminus/1ST CO,Not UNBELTED,48,Male,B,2,BIKE,1.5,1,1,,2. Angle,"6. Dump,Not Provided","6. Single Unit Truck (3 or More Axles),Not Provided",C7US00058,1.783,3,1/14/2015,1/14/2015,22. Bicycle,1057,B.Visiible Injury,2015,Left and Right sides,0,0,Virginia Beach,Urban,22. Bicycle,MAIN,9AM TO 12PM,134.Virginia Beach,301,Intersection,Reset Filters,VDOT_OTHER,Wednesday,Not DEER,"East,West",,5,1,150505241,24,Male,"PDO,B","1,2","31. Avoiding Other Vehicle,1. No Improper Action","2. Not Deployed,2. Not Deployed","4. No Test,Not Applicable","1. No Defects,Not Applicable","14. No Driver Distraction,Not Applicable","1. Had Not Been Drinking,1. Had Not Been Drinking","3. Unknown,3. Unknown","1. Not Ejected,3. Totally Ejected","NotProvided,Yes","No,No","3. Lap and Shoulder Belt,6. Other","1. Not Obscured,1. Not Obscured",,,2,541094,134-08729(R)/OCEANA BLVD(L)/OCEANA BLVD,0,0,"0.Two-way, non-divided","22,20",1. On Roadway,"0,0",H,H.Urban Minor Arterial,Urban Extensions - Primary Routes,Not GUARDRAIL,Not HIT_RUN,"12,1",1,4. Four Approaches,150505241,C,0,0,36.84276,36.84276,0,0.34,LRTRUCK,2. Daylight,LOCATED,-76.01419,-76.01419,MAINLINE,MAIN,0,0,0,0,0,Undivided Roadway,"22,20",Not MOTORCYCLE,541094,541094. 13408729     C7US00058     C7US00058,33080,30456,30785,30063,31110,4,1,0.057,PRI_URBAN,,,,,,,,,0,211,44,0,1,,0,0,,,,,,,,,Not PED,,1,0,Virginia Beach,134,5,NOT-RD,9. Within Intersection,0,1.75,1.78,1. Straight - Level,7. Slick Pavement,"1. Two-Way, Not Divided",2. Wet,"2. Blacktop, Asphalt, Bituminous",1500 VIRGINIA BEACH BLVD,USPRI,US,R-VA   US00058EBBUS007,"Urbanized (Population 200,000 and over)",3. No,"0,0",19559,17660,17823,17176,18006,Not SENIOR,Right side,"35,1","35,35",Not SPEED,"35,35",541095,0.1,"1. Yes,2. No",0,"0,0",9AM TO 12PM,1,1,6. Traffic Lanes Marked,1. Yes - Working,Truck Access System,"1,2","23. Truck - Single Unit Truck (3 Axles or More),9. Bicycle",MACK,"1. Going Straight Ahead,1. Going Straight Ahead","DUMP TRUCK,2 WHEEL BIKE",2000,5,5.Hampton Roads,5. Rain,Not Provided,2. No,Not Provided,Not YOUNG
No Access Control,Not ALCIHOL,Urban,1,1,Bituminous Concrete (Black Base),99-01379(L)/,Not UNBELTED,53,Male,A,3,BIKE,64.13,0,0,50,2. Angle,"Not Provided,Not Provided,Not Provided","Not Provided,Not Provided,Not Provided",US00017,64.142,3,4/15/2016,4/15/2016,22. Bicycle,1559,A.Ambulatory Injury,2016,None,0,0,York,Urban,22. Bicycle,MAIN,3PM TO 6PM,99.York,63,Intersection,Reset Filters,VDOT_OTHER,Friday,Not DEER,"North,North,East",,5,1,161125504,6057,Female,"PDO,PDO,A","1,2,3","1. No Improper Action,1. No Improper Action,11. Did Not Have Right-of-Way","2. Not Deployed,2. Not Deployed,3. Unavailable/Not Applicable","Not Applicable,Not Applicable,Not Applicable","1. No Defects,1. No Defects,1. No Defects","14. No Driver Distraction,14. No Driver Distraction,14. No Driver Distraction","1. Had Not Been Drinking,1. Had Not Been Drinking,1. Had Not Been Drinking","2. No,2. No,2. No","1. Not Ejected,1. Not Ejected,1. Not Ejected","NotProvided,No,Yes","No,No,No","3. Lap and Shoulder Belt,3. Lap and Shoulder Belt,8. No Restraint Used","1. Not Obscured,1. Not Obscured,16. Stopped Vehicle(s)",,,64,672167,SR-00105(L)/99-01050(R)/FT EUSTES BLVD,0,1,"1.Divided, no control of access","22,22,35",1. On Roadway,"0,0,0",E,E.Urban Other Principle Arterials; Connecting Links of Other Rural Principal Arterial,State Primary and Interstate,Not GUARDRAIL,Not HIT_RUN,"12,3,3",1,1. Not at Intersection,161125504,N,0,0,37.18862,37.18862,8,0.12,Not LRTRUCK,2. Daylight,LOCATED,-76.48659,-76.48659,MAINLINE,MAIN,3,3,Grass/Unprotected,38,14,Divided Roadway,"22,22,20",Not MOTORCYCLE,752141,752141.  9901379       US00017       US00017,35437,35573,33088,33215,33342,4,1,0.012,VDOT_PRI,,,,,,,,,0,80,48,0,1,,0,0,,,,,,,,,Not PED,,1,0,York,99,5,NOT-RD,8. Non-Intersection,8,64,64.14,1. Straight - Level,1. No Defects,"2. Two-Way, Divided, Unprotected Median",1. Dry,"2. Blacktop, Asphalt, Bituminous",ROUTE 17 NORTH,USPRI,US,R-VA   US00017NB,"Urbanized (Population 200,000 and over)",3. No,"0,0,20",35437,35573,32798,32925,33052,Not SENIOR,None,"35,0,3","35,0,0",Not SPEED,"55,55,55",752141,0,"2. No,Not Provided,1. Yes",0,"0,0,0",3PM TO 6PM,1,1,6. Traffic Lanes Marked,1. Yes - Working,Designated Truck Route - D2,"1,2,3","22. Truck - Sport Utility Vehicle (SUV),22. Truck - Sport Utility Vehicle (SUV),9. Bicycle","HONDA,CHEVROLET,GENESIS","1. Going Straight Ahead,8. Stopped in Traffic Lane,15. Other","CR-V,HHR,V2100",2.0102E+11,5,5.Hampton Roads,1. No Adverse Condition (Clear/Cloudy),Not Provided,2. No,Not Provided,Not YOUNG
No Access Control,Not ALCIHOL,Urban,0,0,"N/A, Unknown, or Unstabilized",134-00014(B)/KINGS ARM DR,Not UNBELTED,18,Male,B,1,BIKE,0,1,1,,2. Angle,"Not Provided,Not Provided","Not Provided,Not Provided",13408725,0.007,3,4/16/2016,4/16/2016,22. Bicycle,1135,B.Visiible Injury,2016,Left and Right sides,0,1,Virginia Beach,Urban,22. Bicycle,MAIN,9AM TO 12PM,134.Virginia Beach,37,Intersection,Reset Filters,VDOT_OTHER,Saturday,Not DEER,"West,East",,5,1,161095460,50,Female,"B,C","1,2","37. Other,1. No Improper Action","3. Unavailable/Not Applicable,2. Not Deployed","Not Applicable,Not Applicable","1. No Defects,1. No Defects","14. No Driver Distraction,14. No Driver Distraction","Not Applicable,Not Applicable","Not Applicable,Not Applicable","3. Totally Ejected,1. Not Ejected","Yes,No","No,No","8. No Restraint Used,3. Lap and Shoulder Belt","1. Not Obscured,1. Not Obscured",,,0,542048,CARRIAGE HILL RD(R)/,0,0,"0.Two-way, non-divided","22,20",1. On Roadway,"0,0",I,I.Urban Collector,Other City or Town Streets (not state maintained),Not GUARDRAIL,Not HIT_RUN,"1,12",1,2. Two Approaches,161095460,C,0,0,36.80794,36.80794,0,0.05,Not LRTRUCK,2. Daylight,LOCATED,-76.0768,-76.0768,MAINLINE,MAIN,0,0,0,0,0,Undivided Roadway,"22,20",Not MOTORCYCLE,541300,541300. 13400014      13400014      13408725,36197,32324,32622,31438,33754,2,1,0.007,SEC_URBAN,,,,,,,,,4.5,0,0,0,2,,0,0,,,,,,,,,Not PED,,2,0,Virginia Beach,134,5,NOT-RD,9. Within Intersection,0,0,0.01,1. Straight - Level,1. No Defects,"2. Two-Way, Divided, Unprotected Median",1. Dry,"2. Blacktop, Asphalt, Bituminous",900 BLK KINGS ARMS DRIVE,URB,UR,R-VA134UR08725SB,"Urbanized (Population 200,000 and over)",3. No,"0,0",640,709,716,690,837,Not SENIOR,None,"6,4",45,Not SPEED,45,541300,0,"2. No,2. No",0,"0,0",9AM TO 12PM,1,1,4. Stop Sign,1. Yes - Working,Not a Parkway - Trucks and Commercial Vehicles Allowed,"1,2","9. Bicycle,1. Passenger car",MAZDA,"1. Going Straight Ahead,2. Making Right Turn",TRIBUTE,2008,5,5.Hampton Roads,1. No Adverse Condition (Clear/Cloudy),Not Provided,2. No,Not Provided,YOUNG
,ALCOHOL,Urban,0,0,,,Not UNBELTED,56,Male,C,1,BIKE,,0,0,,3. Head On,"Not Provided,Not Provided","Not Provided,Not Provided",,,,4/17/2016,4/17/2016,20. Motor Vehicle In Transport,1030,C.Non-Visible Injury,2016,,1,1,Norfolk,Urban,20. Motor Vehicle In Transport,MAIN,9AM TO 12PM,122.Norfolk,,Not Intersection,Reset Filters,VDOT_OTHER,Sunday,Not DEER,"Not Provided,West",,5,1,161960021,30,Female,"C,PDO","1,2","10. Wrong Side Of Road - Not Overtaking,1. No Improper Action","3. Unavailable/Not Applicable,2. Not Deployed","4. No Test,Not Applicable","1. No Defects,1. No Defects","Not Applicable,Not Applicable","5. Drinking - Not Known Whether Impaired,1. Had Not Been Drinking","2. No,2. No","2. Partially Ejected,1. Not Ejected","Yes,No","No,No","9. Not Applicable,3. Lap and Shoulder Belt","1. Not Obscured,1. Not Obscured",,,,,,,,,"20,22",1. On Roadway,"0,0",,,,Not GUARDRAIL,Not HIT_RUN,"0,12",1,3. Three Approaches,,C,0,0,36.93941,36.93941,,,Not LRTRUCK,2. Daylight,UNLOCATED,-76.24511,-76.24511,MAINLINE,,,,,,,,"20,22",Not MOTORCYCLE,,.,,,,,,,1,,SEC_URBAN,,,,,,,,,,,,0,1,,0,0,,,,,,,,,Not PED,,1,0,Norfolk,122,5,RD-UNKNOWN,1. Main-Line Roadway,,,,1. Straight - Level,1. No Defects,"1. Two-Way, Not Divided",1. Dry,"2. Blacktop, Asphalt, Bituminous",8900 CHESAPEAKE BLVD,UNKWN,SC,U-VA122SC99999UK,,3. No,"0,0",,,,,,Not SENIOR,,"5,2","5,25",Not SPEED,"5,25",,,"1. Yes,2. No",,"0,0",9AM TO 12PM,1,1,4. Stop Sign,6. No Traffic Control Device Present,,"1,2","9. Bicycle,1. Passenger car","UNKNOWN,TOYT","1. Going Straight Ahead,1. Going Straight Ahead","BICYCLE,CAMRY",2015,5,5.Hampton Roads,1. No Adverse Condition (Clear/Cloudy),Not Provided,2. No,Not Provided,Not YOUNG