Access Control,Alcohol Notalcohol,Area Type1,A Crash,A People,Basetypedesc,Begin Node Dsc,Belted Unbelted,Bikeage,Bikegen,Bikeinjurytype,Bikevehiclenumber,Bike Nonbike,BMP,B Crash,B People,Carspeedlimit,Collision Type,Comm Cargo Body Type Cd,Comm Vehicle Body Type Cd,Cotedrouteid,Coted Mp,Count App,CRASH_DT (copy),Crash Dt,Crash Event Type Dsc,Crash Military Tm,Crash Severity,Crash Year,Curbgutterdesc,C Crash,C People,Juris Name Used,Area Type Used,First Harmful Event of Entire Crash,MAINLINE,Time Slicing Used,Phy_Juris_Nm,Offset-Ft,Intersection Analysis,Clear,Calculation_9640323132123359,Day Of Week,Deer Nodeer,Direction Of Travel Cd,Distracted Notdistracted,VSP,TOTAL CRASH,Document Nbr,Driverage,Drivergen,Driverinjurytype,Drivervehiclenumber,Driver Action Type Cd,Driver Airbag Deployment,Driver Alcohol Test Type Cd,Driver Condition Type Cd,Driver Distraction Type Cd,Driver Drinking Type Cd,Driver Drug Use Cd,Driver Ejected From Vehicle,Driver Ems Transport Ind,Driver Fled Scene Ind,Driver Safety Equip Used,Driver Vis Obscured Type Cd,Drowsy Notdrowsy,Drug Nodrug,EMP,End Node,End Node Dsc,End Offset,Facility,FAC,First Crash Event Cd,First Harmful Event,Fourth Crash Event Cd,Functionalclass,FUN,Govcondesc,Gr Nogr,Hitrun Not Hitrun,Initial Veh Impact Area Cd,Injury Crashes,Intersection Type,Int Doc,Jurtype,K_CRASH,K People,LAT (copy),LAT,Leftshoulderwidth,Length,Lgtruck Nonlgtruck,Light Condition,Located Unlocated,LON (copy),LON,MAINLINE (group),Mainline Yn,Medianleftshoulderwidth,Medianrightshoulderwidth,Mediantypedesc,Medianwidthmax,Medianwidthmin,Median Type,Most Harmful Crash Event Cd,Motor Nonmotor,Node,Node Info,Node Totaadt2011,Node Totaadt2012,Node Totaadt2013,Node Totaadt2014,Node Totaadt2015,Numberoflane,Number of Records,Offset,Ownership,Passage,Passgen,Passinjurytype,Passvehiclenumber,Pass Airbag Deployment,Pass Ejected From Vehicle,Pass Ems Transport Ind,Pass Safety Equip Used,Pavementconditionvalue,Pavementroughnessvalue,Pavementwidth,Pdo Crash,Total People Killed & Injured,Pedage,Pedestrians Injured,Pedestrians Killed,Pedgen,Pedinjurytype,Pednumber,Ped Action,Ped Al Test,Ped Cond,Ped Drink,Ped Drug,Ped Nonped,Ped Rflct,Persons Injured,Persons Killed,Physical Juris Nm,PJR,VSP_Used,Rd Type,Relation To Roadway,Rightshoulderwidth,RNS_MP (0.25 mi bin),Rns Mp,Roadway Alignment,Roadway Defect,Roadway Description,Roadway Surface Cond,Roadway Surface Type,Route Or Street Nm,Rte Category Cd,Rte Cat,Rte Nm,Ruralurbandesc,School Zone,Second Crash Event Cd,Segtotaadt2011,Segtotaadt2012,Segtotaadt2013,Segtotaadt2014,Segtotaadt2015,Senior Notsenior,Sidewalkdesc,Speed Before,Speed Max Safe,Speed Notspeed,Speed Posted,Start Node,Start Offset,Summons Issued Cd,Surfacedesc,Third Crash Event Cd,Time Slicing,Total Crashes including Property Damage Only,Total Crash,Traffic Control Type,Trfc Ctrl Status Type,Truckcommr,Vehiclenumber,Vehicle Body Type Cd,Vehicle Make Nm,Vehicle Maneuver Type Cd,Vehicle Model Nm,Vehicle Year Nbr,District,District_Used ,Weather Condition,Work Zone Location,Work Zone Related,Work Zone Type,Young Notyoung
No Access Control,ALCOHOL,Urban,0,0,"N/A, Unknown, or Unstabilized",PHILLIPS AVE(L)/,Not UNBELTED,41,Male,B,1,BIKE,1.06,1,1,,2. Angle,"Not Provided,Not Provided","Not Provided,Not Provided",C7US00058,1.131,4,1/17/2015,1/17/2015,42. Other Non-Collision,1205,B.Visiible Injury,2015,Left and Right sides,0,1,Virginia Beach,Urban,42. Other Non-Collision,MAIN,12PM TO 3PM,134.Virginia Beach,"1,420",Intersection,Reset Filters,VDOT_OTHER,Saturday,Not DEER,"North,West",DISTRACTED,5,1,150385089,74,Male,"B,C","1,2","11. Did Not Have Right-of-Way,1. No Improper Action","2. Not Deployed,2. Not Deployed","4. No Test,Not Applicable","1. No Defects,1. No Defects","11. Other,14. No Driver Distraction","2. Drinking - Obviously Drunk,Not Applicable","Not Applicable,Not Applicable","3. Totally Ejected,1. Not Ejected","Yes,No","No,No","8. No Restraint Used,3. Lap and Shoulder Belt","1. Not Obscured,11. Moving Vehicle(s)",,,1,541096,PHILLIPS AVE(L)/,0.61,0,"0.Two-way, non-divided","42,22",1. On Roadway,"0,0",H,H.Urban Minor Arterial,Urban Extensions - Primary Routes,Not GUARDRAIL,Not HIT_RUN,"3,12",1,1. Not at Intersection,150385089,C,0,0,36.84315,36.84315,0,0.15,Not LRTRUCK,2. Daylight,LOCATED,-76.02592,-76.02592,MAINLINE,MAIN,0,0,0,0,0,Undivided Roadway,"20,22",Not MOTORCYCLE,541095,541095. 13400009      13408726     C7US00058     C7US00058,42867,39753,40120,38664,39701,4,1,0.269,PRI_URBAN,,,,,,,,,0,239,42,0,2,,0,0,,,,,,,,,Not PED,,2,0,Virginia Beach,134,5,NOT-RD,1. Main-Line Roadway,0,1,1.13,1. Straight - Level,1. No Defects,"1. Two-Way, Not Divided",1. Dry,"2. Blacktop, Asphalt, Bituminous",1772 VIRGINIA BEACH BL,USPRI,US,R-VA   US00058WBBUS007,"Urbanized (Population 200,000 and over)",3. No,"20,0",32705,28512,28775,27731,29732,SENIOR,Right side,"5,30",,Not SPEED,35,541096,0.46,"1. Yes,2. No",0,"0,0",12PM TO 3PM,1,1,6. Traffic Lanes Marked,1. Yes - Working,Truck Access System,"1,2","9. Bicycle,1. Passenger car","FUJI,NISSAN","16. Entering Street From Parking Lot,1. Going Straight Ahead","UNK,Z",1985,5,5.Hampton Roads,1. No Adverse Condition (Clear/Cloudy),Not Provided,2. No,Not Provided,Not YOUNG
No Access Control,Not ALCIHOL,Urban,0,0,Bituminous Concrete (Black Base),134-08717(B)/ROSEMONT RD,Not UNBELTED,48,Male,B,1,BIKE,1.44,1,1,,16. Other,"Not Provided,Not Provided","Not Provided,Not Provided",13408739,1.449,4,4/22/2016,4/22/2016,20. Motor Vehicle In Transport,1724,B.Visiible Injury,2016,Left and Right sides,0,0,Virginia Beach,Urban,20. Motor Vehicle In Transport,MAIN,3PM TO 6PM,134.Virginia Beach,48,Intersection,Reset Filters,VDOT_OTHER,Friday,Not DEER,"North,East",,5,1,161205222,29,Male,"B,PDO","1,2","21. Disregarded Traffic Signal,1. No Improper Action","3. Unavailable/Not Applicable,2. Not Deployed","4. No Test,4. No Test","1. No Defects,1. No Defects","14. No Driver Distraction,14. No Driver Distraction","1. Had Not Been Drinking,1. Had Not Been Drinking","2. No,2. No","3. Totally Ejected,1. Not Ejected","Yes,No","No,No","8. No Restraint Used,3. Lap and Shoulder Belt","1. Not Obscured,1. Not Obscured",,,2,542252,MOUNTAIN DR(B)/,0,0,"0.Two-way, non-divided","8,22",1. On Roadway,"0,0",H,H.Urban Minor Arterial,Other City or Town Streets (not state maintained),Not GUARDRAIL,Not HIT_RUN,"12,1",1,4. Four Approaches,161205222,C,0,0,36.79553,36.79553,0,0.12,Not LRTRUCK,2. Daylight,LOCATED,-76.09885,-76.09885,MAINLINE,MAIN,0,0,0,0,0,Undivided Roadway,"20,22",Not MOTORCYCLE,541940,541940. 13408717      13408717      13408739      13408739,45140,46263,46690,44996,46353,2,1,0.009,SEC_URBAN,,,,,,,,,0,0,54,0,1,,0,0,,,,,,,,,Not PED,,1,0,Virginia Beach,134,5,NOT-RD,9. Within Intersection,0,1.25,1.45,1. Straight - Level,7. Slick Pavement,"3. Two-Way, Divided, Positive Median Barrier",2. Wet,"2. Blacktop, Asphalt, Bituminous",1300 SOUTH ROSEMONT ROAD,URB,UR,R-VA134UR08739NB,"Urbanized (Population 200,000 and over)",3. No,"20,0",20822,19218,19395,18691,19298,Not SENIOR,Left and Right sides,"7,10",35,Not SPEED,35,541940,0,"1. Yes,2. No",0,"0,0",3PM TO 6PM,1,1,3. Traffic Signal,1. Yes - Working,Not a Parkway - Trucks and Commercial Vehicles Allowed,"1,2","9. Bicycle,1. Passenger car","BIKE,VOLKSWAGEN","1. Going Straight Ahead,3. Making Left Turn","BEACH,JETTA",20002015,5,5.Hampton Roads,5. Rain,Not Provided,2. No,Not Provided,Not YOUNG
,Not ALCIHOL,Urban,0,0,,,Not UNBELTED,14,Female,B,2,BIKE,,1,1,,2. Angle,"Not Provided,Not Provided","Not Provided,Not Provided",,,,4/23/2016,4/23/2016,20. Motor Vehicle In Transport,1245,B.Visiible Injury,2016,,0,0,Virginia Beach,Urban,20. Motor Vehicle In Transport,MAIN,12PM TO 3PM,134.Virginia Beach,,Not Intersection,Reset Filters,VDOT_OTHER,Saturday,Not DEER,"Not Provided,South",DISTRACTED,5,1,161155050,,Not Provided,"PDO,B","1,2","34. Hit and Run,1. No Improper Action","Not Provided,3. Unavailable/Not Applicable","Not Applicable,Not Applicable","9. Unknown,1. No Defects","6. Cell Phone,Not Applicable","6. Unknown,1. Had Not Been Drinking","3. Unknown,2. No","Not Provided,1. Not Ejected","NotProvided,No","Yes,No","Not Provided,8. No Restraint Used","1. Not Obscured,1. Not Obscured",,,,,,,,,"20,22",1. On Roadway,"0,0",,,,Not GUARDRAIL,HIT_RUN,"12,9",1,3. Three Approaches,,C,0,0,36.86623,36.86623,,,Not LRTRUCK,2. Daylight,UNLOCATED,-76.0859,-76.0859,MAINLINE,,,,,,,,"20,22",Not MOTORCYCLE,,.,,,,,,,1,,SEC_URBAN,,,,,,,,,,,,0,1,,0,0,,,,,,,,,Not PED,,1,0,Virginia Beach,134,5,NOT-RD,9. Within Intersection,,,,1. Straight - Level,1. No Defects,"1. Two-Way, Not Divided",1. Dry,"2. Blacktop, Asphalt, Bituminous",3100 LITTLE HAVEN RD,UNKWN,SC,U-VA134SC99999UK,,3. No,"0,0",,,,,,Not SENIOR,,3,25,Not SPEED,25,,,"Not Provided,2. No",,"0,0",12PM TO 3PM,1,1,4. Stop Sign,1. Yes - Working,,"1,2","2. Truck - Pick-up/Passenger Truck,9. Bicycle",,"1. Going Straight Ahead,15. Other",BICYCLE,,5,5.Hampton Roads,1. No Adverse Condition (Clear/Cloudy),Not Provided,2. No,Not Provided,Not YOUNG
,Not ALCIHOL,Urban,0,0,,,Not UNBELTED,11,Male,B,1,BIKE,,1,1,,2. Angle,"Not Provided,Not Provided","Not Provided,Not Provided",,,,4/24/2016,4/24/2016,20. Motor Vehicle In Transport,1745,B.Visiible Injury,2016,,0,1,Virginia Beach,Urban,20. Motor Vehicle In Transport,MAIN,3PM TO 6PM,134.Virginia Beach,,Not Intersection,Reset Filters,VDOT_OTHER,Sunday,Not DEER,"East,North",,5,1,161585313,56,Male,"B,C","1,2","37. Other,1. No Improper Action","3. Unavailable/Not Applicable,2. Not Deployed","4. No Test,4. No Test","1. No Defects,1. No Defects","14. No Driver Distraction,14. No Driver Distraction","1. Had Not Been Drinking,1. Had Not Been Drinking","2. No,2. No","1. Not Ejected,1. Not Ejected","Yes,No","No,No","5. Helmet,3. Lap and Shoulder Belt","10. Parked Vehicle(s),1. Not Obscured",,,,,,,,,"20,22",1. On Roadway,"0,0",,,,Not GUARDRAIL,Not HIT_RUN,"2,12",1,1. Not at Intersection,,C,0,0,36.83721,36.83721,,,Not LRTRUCK,2. Daylight,UNLOCATED,-76.09092,-76.09092,MAINLINE,,,,,,,,"20,22",Not MOTORCYCLE,,.,,,,,,,1,,SEC_URBAN,,,,,,,,,,,,0,2,,0,0,,,,,,,,,Not PED,,2,0,Virginia Beach,134,5,NOT-RD,8. Non-Intersection,,,,1. Straight - Level,1. No Defects,"1. Two-Way, Not Divided",1. Dry,"2. Blacktop, Asphalt, Bituminous",3505 HILBER ST,UNKWN,SC,U-VA134SC99999UK,,3. No,"0,0",,,,,,Not SENIOR,,"1,25","25,25",Not SPEED,"25,25",,,"2. No,2. No",,"0,0",3PM TO 6PM,1,1,6. Traffic Lanes Marked,1. Yes - Working,,"1,2","9. Bicycle,1. Passenger car",CHEVROLET,"15. Other,1. Going Straight Ahead",MALIBU,2010,5,5.Hampton Roads,1. No Adverse Condition (Clear/Cloudy),Not Provided,2. No,Not Provided,Not YOUNG
No Access Control,Not ALCIHOL,Urban,1,1,Portland Cement Concrete,114-07025(B)/,Not UNBELTED,30,Male,A,2,BIKE,2.23,0,0,,1. Rear End,"Not Provided,Not Provided","Not Provided,Not Provided",SR00351,2.762,4,4/24/2016,4/24/2016,22. Bicycle,2111,A.Ambulatory Injury,2016,None,0,0,Hampton,Urban,22. Bicycle,MAIN,9PM TO 12AM,114.Hampton,"1,468",Intersection,Reset Filters,VDOT_OTHER,Sunday,Not DEER,"West,West",,5,1,161235196,,Not Provided,"PDO,A","1,2","34. Hit and Run,1. No Improper Action","Not Provided,3. Unavailable/Not Applicable","Not Applicable,Not Applicable","9. Unknown,1. No Defects","Not Applicable,Not Applicable","6. Unknown,1. Had Not Been Drinking","3. Unknown,2. No","Not Provided,3. Totally Ejected","No,Yes","Yes,No","Not Provided,8. No Restraint Used","Not Applicable,1. Not Obscured",,,3,253177,114-07059(B)/POWHATAN PKWY,0,0,"0.Two-way, non-divided","22,20",1. On Roadway,"0,0",H,H.Urban Minor Arterial,Urban Extensions - Primary Routes,Not GUARDRAIL,HIT_RUN,"1,6",1,1. Not at Intersection,161235196,C,0,0,37.0103,37.0103,6,0.81,Not LRTRUCK,4. Darkness - Road Lighted,LOCATED,-76.38905,-76.38905,MAINLINE,MAIN,0,0,0,0,0,Undivided Roadway,"22,20",Not MOTORCYCLE,253177,253177.  SR00351       SR00351      11407059      11407059,25524,24959,24886,23999,24487,4,1,0.278,PRI_URBAN,,,,,,,,,0,188,44,0,1,,0,0,,,,,,,,,Not PED,,1,0,Hampton,114,5,NOT-RD,1. Main-Line Roadway,6,2.75,2.76,1. Straight - Level,1. No Defects,"2. Two-Way, Divided, Unprotected Median",1. Dry,"2. Blacktop, Asphalt, Bituminous",1889 W PEMBROKE AVE,STPRI,SR,R-VA   SR00351EB,"Urbanized (Population 200,000 and over)",3. No,"0,0",9159,8956,9226,8897,9078,Not SENIOR,None,"0,0","45,45",Not SPEED,"45,45",253178,0.36,"2. No,2. No",0,"0,0",9PM TO 12AM,1,1,1. No Traffic Control,6. No Traffic Control Device Present,Not a Parkway - Trucks and Commercial Vehicles Allowed,"1,2","1. Passenger car,9. Bicycle","UNK,UNK","1. Going Straight Ahead,1. Going Straight Ahead","UNKNOWN,UNKNOWN",0,5,5.Hampton Roads,1. No Adverse Condition (Clear/Cloudy),Not Provided,2. No,Not Provided,Not YOUNG
No Access Control,Not ALCIHOL,Urban,0,0,Bituminous Concrete (Black Base),SR-00225(B)/,Not UNBELTED,51,Male,C,1,BIKE,500.2,0,0,55,2. Angle,"Not Provided,Not Provided","Not Provided,Not Provided",US00058,500.203,4,4/26/2016,4/26/2016,20. Motor Vehicle In Transport,1249,C.Non-Visible Injury,2016,Left and Right sides,1,1,Virginia Beach,Urban,20. Motor Vehicle In Transport,MAIN,12PM TO 3PM,134.Virginia Beach,16,Intersection,Reset Filters,VDOT_OTHER,Tuesday,Not DEER,"West,North",,5,1,161185074,23,Female,"C,PDO","1,2","37. Other,1. No Improper Action","Not Provided,2. Not Deployed","4. No Test,4. No Test","1. No Defects,1. No Defects","14. No Driver Distraction,14. No Driver Distraction","1. Had Not Been Drinking,1. Had Not Been Drinking","2. No,2. No","Not Provided,1. Not Ejected","Yes,No","No,No","5. Helmet,3. Lap and Shoulder Belt","1. Not Obscured,1. Not Obscured",,,500,541082,134-08740(B)/CONSTITUTION DR,0,1,"1.Divided, no control of access","20,22","8. Off Roadway, Location Unknown","0,0",E,E.Urban Other Principle Arterials; Connecting Links of Other Rural Principal Arterial,Urban Extensions - Primary Routes,Not GUARDRAIL,Not HIT_RUN,"7,1",1,1. Not at Intersection,161185074,C,0,0,36.84337,36.84337,0,0.17,Not LRTRUCK,2. Daylight,LOCATED,-76.13592,-76.13592,MAINLINE,MAIN,0,0,Curbed Grass,28,4,Divided Roadway,"20,22",Not MOTORCYCLE,541083,541083.  SR00225       SR00225       US00058       US00058,108365,104810,101014,97685,97889,8,1,0.003,PRI_URBAN,,,,,,,,,0,151,99,0,1,,0,0,,,,,,,,,Not PED,,1,0,Virginia Beach,134,5,NOT-RD,"7. Other location not listed above within an interchange area (median, shoulder , roadside)",0,500,500.2,1. Straight - Level,1. No Defects,"1. Two-Way, Not Divided",1. Dry,"2. Blacktop, Asphalt, Bituminous",4599 VIRGINIA BEACH BLVD,USPRI,US,R-VA   US00058EB,"Urbanized (Population 200,000 and over)",3. No,"0,0",47515,47865,48307,46554,41500,Not SENIOR,Left and Right sides,"3,2",15,Not SPEED,15,541083,0,"1. Yes,2. No",0,"0,0",12PM TO 3PM,1,1,1. No Traffic Control,6. No Traffic Control Device Present,Not a Parkway - Trucks and Commercial Vehicles Allowed,"1,2","9. Bicycle,2. Truck - Pick-up/Passenger Truck",DODGE,"1. Going Straight Ahead,2. Making Right Turn","BICYCLE,RAM 1500",2002,5,5.Hampton Roads,1. No Adverse Condition (Clear/Cloudy),Not Provided,2. No,Not Provided,Not YOUNG
No Access Control,Not ALCIHOL,Urban,0,0,Bituminous Concrete (Black Base),IS-00264-E017A(R)/,Not UNBELTED,55,Male,B,2,BIKE,0.14,1,1,,2. Angle,"Not Provided,Not Provided","Not Provided,Not Provided",13400011,0.197,3,1/22/2015,1/22/2015,20. Motor Vehicle In Transport,1400,B.Visiible Injury,2015,Left and Right sides,0,1,Virginia Beach,Urban,20. Motor Vehicle In Transport,MAIN,12PM TO 3PM,134.Virginia Beach,776,Intersection,Reset Filters,VDOT_OTHER,Thursday,Not DEER,"North,West",,5,1,150235048,60,Female,"C,B","1,2","37. Other,1. No Improper Action","2. Not Deployed,3. Unavailable/Not Applicable","4. No Test,4. No Test","1. No Defects,1. No Defects","14. No Driver Distraction,14. No Driver Distraction","6. Unknown,6. Unknown","3. Unknown,3. Unknown","1. Not Ejected,1. Not Ejected","No,Yes","No,No","3. Lap and Shoulder Belt,8. No Restraint Used","1. Not Obscured,1. Not Obscured",,,0,737252,IS-00264-E017A(R)/,0.23,1,"1.Divided, no control of access","20,20",1. On Roadway,"0,0",H,H.Urban Minor Arterial,Other City or Town Streets (not state maintained),Not GUARDRAIL,Not HIT_RUN,"12,0",1,2. Two Approaches,150235048,C,0,0,36.82836,36.82836,0,0.14,Not LRTRUCK,2. Daylight,LOCATED,-76.13386,-76.13386,MAINLINE,MAIN,0,0,Curbed Grass,12,4,Divided Roadway,"20,20",Not MOTORCYCLE,737252,737252.  IS00264E017A 13400011      13400011,76338,73976,84948,82238,87317,8,1,0.147,SEC_URBAN,,,,,,,,,0,0,102,0,2,,0,0,,,,,,,,,Not PED,,2,0,Virginia Beach,134,5,NOT-RD,9. Within Intersection,0,0,0.2,1. Straight - Level,1. No Defects,"3. Two-Way, Divided, Positive Median Barrier",1. Dry,"2. Blacktop, Asphalt, Bituminous",400 BLK INDEPENDENCE BLVD,URB,UR,R-VA134UR00011WB,"Urbanized (Population 200,000 and over)",3. No,"0,0",76338,73976,74659,71949,77028,Not SENIOR,Right side,"5,5","25,25",Not SPEED,"25,25",737252,0.09,"1. Yes,3. Pending",0,"0,0",12PM TO 3PM,1,1,4. Stop Sign,1. Yes - Working,Not a Parkway - Trucks and Commercial Vehicles Allowed,"1,2","1. Passenger car,9. Bicycle","Honda,MONGOOSE","2. Making Right Turn,1. Going Straight Ahead","Accord Sdn,LEDGE",2002,5,5.Hampton Roads,1. No Adverse Condition (Clear/Cloudy),Not Provided,2. No,Not Provided,Not YOUNG
No Access Control,Not ALCIHOL,Urban,1,1,Portland Cement Concrete,BISON AVE(L)/,Not UNBELTED,17,Male,A,2,BIKE,0.46,0,0,,2. Angle,"Not Provided,Not Provided","Not Provided,Not Provided",SR00170,0.471,3,5/3/2016,5/3/2016,20. Motor Vehicle In Transport,830,A.Ambulatory Injury,2016,Left side,0,0,Norfolk,Urban,20. Motor Vehicle In Transport,MAIN,6AM TO 9AM,122.Norfolk,470,Intersection,Reset Filters,VDOT_OTHER,Tuesday,Not DEER,"North,West",,5,1,161740045,32,Male,"PDO,A","1,2","1. No Improper Action,11. Did Not Have Right-of-Way","2. Not Deployed,3. Unavailable/Not Applicable","4. No Test,4. No Test","1. No Defects,8. Other","Not Applicable,Not Applicable","1. Had Not Been Drinking,1. Had Not Been Drinking","2. No,2. No","1. Not Ejected,1. Not Ejected","No,Yes","No,No","3. Lap and Shoulder Belt,9. Not Applicable","1. Not Obscured,1. Not Obscured",,,0,483461,BISON AVE(L)/,0.02,0,"0.Two-way, non-divided","20,22",1. On Roadway,"0,0",E,E.Urban Other Principle Arterials; Connecting Links of Other Rural Principal Arterial,Urban Extensions - Primary Routes,Not GUARDRAIL,Not HIT_RUN,"12,10",1,1. Not at Intersection,161740045,C,0,0,36.9169,36.9169,0,0.02,Not LRTRUCK,2. Daylight,LOCATED,-76.23123,-76.23123,MAINLINE,MAIN,0,0,0,0,0,Undivided Roadway,"20,22",Not MOTORCYCLE,483460,483460.  SR00170       SR00170      12208629,26905,25385,25817,25227,24688,4,1,0.089,PRI_URBAN,,,,,,,,,0,142,58,0,1,,0,0,,,,,,,,,Not PED,,1,0,Norfolk,122,5,NOT-RD,8. Non-Intersection,10,0.25,0.47,1. Straight - Level,1. No Defects,"2. Two-Way, Divided, Unprotected Median",1. Dry,"2. Blacktop, Asphalt, Bituminous",1600 E LITTLE CREEK RD,STPRI,SR,R-VA   SR00170WB,"Urbanized (Population 200,000 and over)",3. No,"0,0",25669,24296,24718,24168,23603,Not SENIOR,None,35,"35,35",Not SPEED,"35,35",483461,0,"2. No,2. No",0,"0,0",6AM TO 9AM,1,1,6. Traffic Lanes Marked,1. Yes - Working,Not a Parkway - Trucks and Commercial Vehicles Allowed,"1,2","2. Truck - Pick-up/Passenger Truck,9. Bicycle","DODGE,MONGOOSE","1. Going Straight Ahead,16. Entering Street From Parking Lot","RAM,XR200 BICYCLE",20162013,5,5.Hampton Roads,1. No Adverse Condition (Clear/Cloudy),Not Provided,2. No,Not Provided,YOUNG
No Access Control,Not ALCIHOL,Urban,0,0,Dual Type,122-08639(B)/INGLESIDE AV,Not UNBELTED,30,Male,C,2,BIKE,10.24,0,0,,2. Angle,"Not Provided,Not Provided","Not Provided,Not Provided",SR00166,10.379,4,5/3/2016,5/3/2016,22. Bicycle,1730,C.Non-Visible Injury,2016,None,1,1,Norfolk,Urban,22. Bicycle,MAIN,3PM TO 6PM,122.Norfolk,"1,484",Intersection,Reset Filters,VDOT_OTHER,Tuesday,Not DEER,"North,East",DISTRACTED,5,1,161960028,36,Female,"PDO,C","1,2","1. No Improper Action,10. Wrong Side Of Road - Not Overtaking","2. Not Deployed,3. Unavailable/Not Applicable","Not Applicable,Not Applicable","1. No Defects,1. No Defects","11. Other,Not Applicable","1. Had Not Been Drinking,1. Had Not Been Drinking","2. No,2. No","1. Not Ejected,1. Not Ejected","No,Yes","No,No","3. Lap and Shoulder Belt,9. Not Applicable","1. Not Obscured,1. Not Obscured",,,11,483354,122-08641(B)/AZALEA GAR RD,0,1,"1.Divided, no control of access","22,20",1. On Roadway,"0,0",E,E.Urban Other Principle Arterials; Connecting Links of Other Rural Principal Arterial,Urban Extensions - Primary Routes,Not GUARDRAIL,Not HIT_RUN,"12,9",1,3. Three Approaches,161960028,C,0,0,36.86542,36.86542,5,0.42,Not LRTRUCK,2. Daylight,LOCATED,-76.2392,-76.2392,MAINLINE,MAIN,3,3,Grass/Unprotected,22,4,Divided Roadway,"22,20",Not MOTORCYCLE,483354,483354.  SR00166       SR00166      12208641      12208641,33762,31697,31660,31308,32992,4,1,0.281,PRI_URBAN,,,,,,,,,0,240,46,0,1,,0,0,,,,,,,,,Not PED,,1,0,Norfolk,122,5,NOT-RD,9. Within Intersection,5,10.25,10.38,1. Straight - Level,1. No Defects,"3. Two-Way, Divided, Positive Median Barrier",1. Dry,1. Concrete,E PRINCESS ANNE RD,STPRI,SR,R-VA   SR00166WB,"Urbanized (Population 200,000 and over)",3. No,"0,0",20315,20428,20285,20351,21108,Not SENIOR,None,"5,5","25,25",Not SPEED,"25,25",483355,0.17,"2. No,2. No",0,"0,0",3PM TO 6PM,1,1,4. Stop Sign,1. Yes - Working,Not a Parkway - Trucks and Commercial Vehicles Allowed,"1,2","22. Truck - Sport Utility Vehicle (SUV),9. Bicycle","JEEP,HUFFY","3. Making Left Turn,1. Going Straight Ahead","Wrangler,Bicycle",1999,5,5.Hampton Roads,1. No Adverse Condition (Clear/Cloudy),Not Provided,2. No,Not Provided,Not YOUNG
No Access Control,Not ALCIHOL,Urban,0,0,Dual Type,SR-00165(B)/,Not UNBELTED,48,Female,C,1,BIKE,403.78,0,0,,2. Angle,"Not Provided,Not Provided","Not Provided,Not Provided",US00460,403.962,3,5/5/2016,5/5/2016,20. Motor Vehicle In Transport,1039,C.Non-Visible Injury,2016,Left and Right sides,1,1,Norfolk,Urban,20. Motor Vehicle In Transport,MAIN,9AM TO 12PM,122.Norfolk,306,Intersection,Reset Filters,VDOT_OTHER,Thursday,Not DEER,"East,North",,5,1,161610012,31,Male,"C,PDO","1,2","11. Did Not Have Right-of-Way,1. No Improper Action","3. Unavailable/Not Applicable,2. Not Deployed","Not Applicable,Not Applicable","1. No Defects,1. No Defects","Not Applicable,Not Applicable","1. Had Not Been Drinking,1. Had Not Been Drinking","2. No,2. No","2. Partially Ejected,1. Not Ejected","No,No","No,No","9. Not Applicable,3. Lap and Shoulder Belt","16. Stopped Vehicle(s),16. Stopped Vehicle(s)",,,404,483745,IS-00564-S000B(L)/Gap Terminus/FROM RT 564 &,0,1,"1.Divided, no control of access","20,20",1. On Roadway,"0,0",E,E.Urban Other Principle Arterials; Connecting Links of Other Rural Principal Arterial,Urban Extensions - Primary Routes,Not GUARDRAIL,Not HIT_RUN,"2,12",1,1. Not at Intersection,161610012,C,0,0,36.91698,36.91698,0,0.24,Not LRTRUCK,2. Daylight,LOCATED,-76.27214,-76.27214,MAINLINE,MAIN,0,0,Curbed Grass,48,48,Divided Roadway,"20,20",Not MOTORCYCLE,483745,483745.  IS00564S000B  US00460       US00460,25362,22486,22694,21870,24414,6,1,0.058,PRI_URBAN,,,,,,,,,0,200,66,0,1,,0,0,,,,,,,,,Not PED,,1,0,Norfolk,122,5,NOT-RD,1. Main-Line Roadway,0,403.75,403.96,1. Straight - Level,1. No Defects,"3. Two-Way, Divided, Positive Median Barrier",1. Dry,"2. Blacktop, Asphalt, Bituminous",7718 GRANBY ST,USPRI,US,R-VA   US00460EB,"Urbanized (Population 200,000 and over)",3. No,"0,0",25362,22486,22694,21870,24414,Not SENIOR,None,45,"0,45",Not SPEED,"0,45",483306,0,"1. Yes,2. No",0,"0,0",9AM TO 12PM,1,1,6. Traffic Lanes Marked,1. Yes - Working,Not a Parkway - Trucks and Commercial Vehicles Allowed,"1,2","9. Bicycle,1. Passenger car","BICYCLE,FORD","1. Going Straight Ahead,1. Going Straight Ahead",,2003,5,5.Hampton Roads,1. No Adverse Condition (Clear/Cloudy),Not Provided,2. No,Not Provided,Not YOUNG
No Access Control,Not ALCIHOL,Urban,0,0,"Stabilized with Selected Material (Soil,Gravel,Stone,etc.)",47-00681(L)/,Not UNBELTED,54,Female,B,2,BIKE,0.45,1,1,25,2. Angle,"Not Provided,Not Provided","Not Provided,Not Provided",4700615,0.451,3,5/7/2016,5/7/2016,22. Bicycle,1644,B.Visiible Injury,2016,None,0,0,James City,Urban,22. Bicycle,MAIN,3PM TO 6PM,47.James City,5,Intersection,Reset Filters,VDOT_OTHER,Saturday,Not DEER,"South,South",,5,1,161315059,31,Female,"PDO,B","1,2","1. No Improper Action,11. Did Not Have Right-of-Way","2. Not Deployed,3. Unavailable/Not Applicable","4. No Test,4. No Test","1. No Defects,1. No Defects","Not Applicable,Not Applicable","1. Had Not Been Drinking,1. Had Not Been Drinking","2. No,2. No","1. Not Ejected,1. Not Ejected","No,No","No,No","3. Lap and Shoulder Belt,5. Helmet","1. Not Obscured,1. Not Obscured",,,1,398082,47-00629(R)/47-01650(L)/,0,0,"0.Two-way, non-divided","22,20",1. On Roadway,"0,0",I,I.Urban Collector,State Secondary,Not GUARDRAIL,Not HIT_RUN,"1,6",1,3. Three Approaches,161315059,N,0,0,37.24313,37.24313,1,0.08,Not LRTRUCK,2. Daylight,LOCATED,-76.76187,-76.76187,MAINLINE,MAIN,0,0,0,0,0,Undivided Roadway,"22,20",Not MOTORCYCLE,398083,398083.  4700615       4700615       4700681,6714,6578,6269,6067,6178,2,1,0.001,VDOT_SEC,,,,,,,,,0,0,0,0,1,,0,0,,,,,,,,,Not PED,,1,0,James City,47,5,NOT-RD,9. Within Intersection,1,0.25,0.45,8. Dip - Curve,1. No Defects,"1. Two-Way, Not Divided",1. Dry,"2. Blacktop, Asphalt, Bituminous",IRONBOUND,SEC,SC,R-VA047SC00615NB,"Urbanized (Population 200,000 and over)",3. No,"0,0",7171,7012,6693,6455,6585,Not SENIOR,None,"40,10","45,45",Not SPEED,"45,45",398083,0,"2. No,2. No",Paved (unofficial definition),"0,0",3PM TO 6PM,1,1,6. Traffic Lanes Marked,1. Yes - Working,Not a Parkway - Trucks and Commercial Vehicles Allowed,"1,2","1. Passenger car,9. Bicycle",HOND,"1. Going Straight Ahead,3. Making Left Turn",4DR,,5,5.Hampton Roads,1. No Adverse Condition (Clear/Cloudy),Not Provided,2. No,Not Provided,Not YOUNG